Timestamp,Seq,Movement,Phase,Rep,EMG1,EMG2,EMG3,EMG4,EMG5,EMG6
0.0000,0,Rest,HAREKET,1,2002,1975,2028,1973,2023,2046
0.0010,1,Rest,HAREKET,1,2011,1985,2029,1992,2036,2061
0.0020,2,Rest,HAREKET,1,1987,2003,2022,1986,2047,2011
0.0030,3,Rest,HAREKET,1,2003,1967,2029,1987,2040,2036
0.0040,4,Rest,HAREKET,1,2017,1983,2023,1993,2037,2032
0.0050,5,Rest,HAREKET,1,1990,1982,2033,1992,2047,2025
0.0060,6,Rest,HAREKET,1,1968,1977,2026,1985,2041,2040
0.0070,7,Rest,HAREKET,1,1979,1982,2045,1981,2072,2033
0.0080,8,Rest,HAREKET,1,1982,1984,2027,1978,2030,2035
0.0090,9,Rest,HAREKET,1,1999,1979,2035,1988,2069,2035
0.0100,10,Rest,HAREKET,1,1995,1972,2021,1980,2038,2024
0.0110,11,Rest,HAREKET,1,1990,1972,2032,2006,2045,2042
0.0120,12,Rest,HAREKET,1,2012,1969,2040,1964,2056,2024
0.0130,13,Rest,HAREKET,1,2008,1988,2027,1973,2033,2035
0.0140,14,Rest,HAREKET,1,1995,1980,2026,1956,2055,2032
0.0150,15,Rest,HAREKET,1,1998,1985,2019,1977,2052,2047
0.0160,16,Rest,HAREKET,1,1994,1973,2023,1992,2027,2050
0.0170,17,Rest,HAREKET,1,1987,1972,2029,1973,2055,2037
0.0180,18,Rest,HAREKET,1,2013,1972,2033,1976,2048,2027
0.0190,19,Rest,HAREKET,1,1996,1985,2022,1987,2059,2053
0.0200,20,Rest,HAREKET,1,1995,1992,2035,1980,2042,2034
0.0210,21,Rest,HAREKET,1,2016,1984,2033,1971,2047,2034
0.0220,22,Rest,HAREKET,1,1996,1988,2025,1972,2047,2045
0.0230,23,Rest,HAREKET,1,1997,1999,2038,1992,2026,2030
0.0240,24,Rest,HAREKET,1,1988,1995,2037,1976,2037,2024
0.0250,25,Rest,HAREKET,1,1993,1973,2029,1997,2045,2041
0.0260,26,Rest,HAREKET,1,1993,1966,2040,1983,2053,2028
0.0270,27,Rest,HAREKET,1,1982,1993,2017,1974,2043,2031
0.0280,28,Rest,HAREKET,1,1986,1997,2038,1978,2042,2013
0.0290,29,Rest,HAREKET,1,1983,1986,2063,1974,2044,2047
0.0300,30,Rest,HAREKET,1,1991,1993,2034,1973,2053,2051
0.0310,31,Rest,HAREKET,1,1982,1995,2025,1991,2036,2053
0.0320,32,Rest,HAREKET,1,1978,1979,2039,1978,2040,2018
0.0330,33,Rest,HAREKET,1,1991,2007,2034,1975,2029,2031
0.0340,34,Rest,HAREKET,1,1989,1988,2027,1997,2076,2040
0.0350,35,Rest,HAREKET,1,1984,1993,2041,1974,2034,2043
0.0360,36,Rest,HAREKET,1,1985,1998,2044,1967,2046,2031
0.0370,37,Rest,HAREKET,1,1978,2008,2009,1968,2060,2042
0.0380,38,Rest,HAREKET,1,1972,1971,2012,1993,2052,2049
0.0390,39,Rest,HAREKET,1,2005,2011,2043,1987,2048,2051
0.0400,40,Rest,HAREKET,1,1980,1987,2044,1984,2042,2041
0.0410,41,Rest,HAREKET,1,1986,1999,2019,1973,2054,2030
0.0420,42,Rest,HAREKET,1,1974,2002,2040,1980,2066,2036
0.0430,43,Rest,HAREKET,1,1983,2021,2040,1969,2053,2038
0.0440,44,Rest,HAREKET,1,1979,1987,2010,1983,2062,2046
0.0450,45,Rest,HAREKET,1,1986,2009,2040,1989,2069,2036
0.0460,46,Rest,HAREKET,1,1975,1993,2036,1975,2047,2036
0.0470,47,Rest,HAREKET,1,1987,2006,2020,1973,2071,2053
0.0480,48,Rest,HAREKET,1,1986,1991,2018,1981,2035,2045
0.0490,49,Rest,HAREKET,1,1984,1994,2015,1973,2043,2036
0.0500,50,Rest,HAREKET,1,1979,2005,2034,1966,2052,2030
0.0510,51,Rest,HAREKET,1,1995,2019,2036,1982,2056,2021
0.0520,52,Rest,HAREKET,1,1973,1981,2013,1979,2039,2036
0.0530,53,Rest,HAREKET,1,1967,2000,2025,1976,2057,2052
0.0540,54,Rest,HAREKET,1,1977,2005,2034,1977,2047,2038
0.0550,55,Rest,HAREKET,1,1959,2015,2017,1973,2042,2050
0.0560,56,Rest,HAREKET,1,1969,1992,2022,1964,2046,2030
0.0570,57,Rest,HAREKET,1,1983,2001,2031,1963,2044,2030
0.0580,58,Rest,HAREKET,1,1975,1983,2034,1967,2042,2052
0.0590,59,Rest,HAREKET,1,1961,2002,2033,1984,2038,2033
0.0600,60,Rest,HAREKET,1,1976,1993,2024,1975,2065,2046
0.0610,61,Rest,HAREKET,1,1959,2011,2034,1976,2038,2053
0.0620,62,Rest,HAREKET,1,1974,1986,2018,1973,2038,2048
0.0630,63,Rest,HAREKET,1,1968,2004,2025,1959,2059,2044
0.0640,64,Rest,HAREKET,1,1984,2012,2028,1975,2051,2024
0.0650,65,Rest,HAREKET,1,1992,1990,2030,1978,2054,2045
0.0660,66,Rest,HAREKET,1,1982,2016,2018,1980,2041,2039
0.0670,67,Rest,HAREKET,1,1974,2018,2037,1977,2047,2041
0.0680,68,Rest,HAREKET,1,1991,2007,2019,1980,2048,2058
0.0690,69,Rest,HAREKET,1,1957,2002,2015,1969,2028,2046
0.0700,70,Rest,HAREKET,1,1980,1980,2043,1976,2038,2049
0.0710,71,Rest,HAREKET,1,1967,2010,2019,1982,2041,2039
0.0720,72,Rest,HAREKET,1,1964,1995,2012,1968,2052,2048
0.0730,73,Rest,HAREKET,1,1970,1997,2021,1949,2028,2058
0.0740,74,Rest,HAREKET,1,1980,1999,1996,1985,2026,2046
0.0750,75,Rest,HAREKET,1,1955,2021,2024,1966,2038,2056
0.0760,76,Rest,HAREKET,1,1965,2023,2027,1973,2051,2053
0.0770,77,Rest,HAREKET,1,1956,2003,2037,1980,2041,2064
0.0780,78,Rest,HAREKET,1,1966,2027,2027,1970,2032,2045
0.0790,79,Rest,HAREKET,1,1963,2026,2013,1975,2033,2046
0.0800,80,Rest,HAREKET,1,1986,2014,2031,1977,2035,2033
0.0810,81,Rest,HAREKET,1,1977,2028,2019,1973,2041,2030
0.0820,82,Rest,HAREKET,1,1983,1998,2034,1962,2056,2026
0.0830,83,Rest,HAREKET,1,1981,2002,2015,1977,2041,2057
0.0840,84,Rest,HAREKET,1,1970,2025,2003,1972,2025,2050
0.0850,85,Rest,HAREKET,1,1966,2022,2004,1974,2021,2056
0.0860,86,Rest,HAREKET,1,1980,2018,2034,1978,2051,2042
0.0870,87,Rest,HAREKET,1,1967,1984,2046,2002,2039,2040
0.0880,88,Rest,HAREKET,1,1968,2011,2027,1971,2052,2031
0.0890,89,Rest,HAREKET,1,1962,2021,2038,1966,2006,2054
0.0900,90,Rest,HAREKET,1,1983,1995,2025,1979,2030,2015
0.0910,91,Rest,HAREKET,1,1954,2017,2016,1987,2025,2040
0.0920,92,Rest,HAREKET,1,1981,2026,2029,1970,2025,2035
0.0930,93,Rest,HAREKET,1,1974,2027,2031,1972,2033,2062
0.0940,94,Rest,HAREKET,1,1972,2031,2047,1961,2035,2039
0.0950,95,Rest,HAREKET,1,1986,2009,2034,1973,2027,2035
0.0960,96,Rest,HAREKET,1,1965,2020,2026,1977,2031,2043
0.0970,97,Rest,HAREKET,1,1963,1998,2030,1983,2030,2042
0.0980,98,Rest,HAREKET,1,1968,2009,2028,1980,2049,2056
0.0990,99,Rest,HAREKET,1,1981,2030,2026,1951,2037,2047
0.1000,100,Rest,HAREKET,1,1970,2012,2021,1965,2042,2063
0.1010,101,Rest,HAREKET,1,1955,2025,2013,1968,2032,2051
0.1020,102,Rest,HAREKET,1,1943,2014,2019,1947,2043,2041
0.1030,103,Rest,HAREKET,1,1942,2029,2021,1973,2036,2037
0.1040,104,Rest,HAREKET,1,1953,2018,2032,1958,2037,2048
0.1050,105,Rest,HAREKET,1,1976,2049,2028,1976,2038,2053
0.1060,106,Rest,HAREKET,1,1962,2007,2031,1986,2030,2045
0.1070,107,Rest,HAREKET,1,1961,2027,2037,1972,2026,2050
0.1080,108,Rest,HAREKET,1,1957,2013,2026,1972,2038,2048
0.1090,109,Rest,HAREKET,1,1960,2026,2052,1962,2033,2025
0.1100,110,Rest,HAREKET,1,1955,2029,2040,1970,2042,2028
0.1110,111,Rest,HAREKET,1,1969,2033,2053,1980,2036,2053
0.1120,112,Rest,HAREKET,1,1951,2015,2029,1978,2032,2022
0.1130,113,Rest,HAREKET,1,1971,2022,2018,1972,2036,2046
0.1140,114,Rest,HAREKET,1,1951,2050,2037,1972,2052,2045
0.1150,115,Rest,HAREKET,1,1942,2033,2042,1975,2032,2027
0.1160,116,Rest,HAREKET,1,1970,2027,2031,1979,2037,2036
0.1170,117,Rest,HAREKET,1,1998,2038,2016,1971,2044,2047
0.1180,118,Rest,HAREKET,1,1975,2021,2047,1969,2029,2025
0.1190,119,Rest,HAREKET,1,1971,2026,2030,1969,2035,2026
0.1200,120,Rest,HAREKET,1,1968,2007,2038,1969,2025,2030
0.1210,121,Rest,HAREKET,1,1964,2023,2052,1944,2024,2029
0.1220,122,Rest,HAREKET,1,1969,2042,2029,1958,2031,2046
0.1230,123,Rest,HAREKET,1,1970,2033,2024,1962,2040,2025
0.1240,124,Rest,HAREKET,1,1953,2057,2050,1980,2043,2022
0.1250,125,Rest,HAREKET,1,1968,2039,2026,1971,2029,2046
0.1260,126,Rest,HAREKET,1,1973,2032,2017,1945,2013,2041
0.1270,127,Rest,HAREKET,1,1990,2038,2058,1979,2031,2034
0.1280,128,Rest,HAREKET,1,1962,2041,2041,1960,2040,2028
0.1290,129,Rest,HAREKET,1,1960,2022,2033,1960,2015,2016
0.1300,130,Rest,HAREKET,1,1977,2011,2053,1983,2018,2022
0.1310,131,Rest,HAREKET,1,1983,2024,2027,1957,2019,2006
0.1320,132,Rest,HAREKET,1,1971,2027,2037,1968,2033,2035
0.1330,133,Rest,HAREKET,1,1950,2041,2036,1961,2048,2007
0.1340,134,Rest,HAREKET,1,1953,2036,2032,1972,2037,2022
0.1350,135,Rest,HAREKET,1,1957,2028,2057,1975,2021,2020
0.1360,136,Rest,HAREKET,1,1970,2033,2031,1984,2042,2018
0.1370,137,Rest,HAREKET,1,1945,2038,2030,1975,2039,2022
0.1380,138,Rest,HAREKET,1,1956,2063,2059,1989,2021,2034
0.1390,139,Rest,HAREKET,1,1961,2037,2044,1967,2027,2038
0.1400,140,Rest,HAREKET,1,1959,2039,2042,1954,2039,2008
0.1410,141,Rest,HAREKET,1,1978,2046,2040,1983,2048,2020
0.1420,142,Rest,HAREKET,1,1972,2055,2057,1971,2043,2020
0.1430,143,Rest,HAREKET,1,1969,2031,2041,1982,2039,2031
0.1440,144,Rest,HAREKET,1,1973,2055,2030,1968,2021,2014
0.1450,145,Rest,HAREKET,1,1972,2041,2036,1974,2045,2029
0.1460,146,Rest,HAREKET,1,1977,2044,2017,1977,2017,2029
0.1470,147,Rest,HAREKET,1,1940,2040,2032,1987,2038,2005
0.1480,148,Rest,HAREKET,1,1969,2042,2033,1984,2012,2016
0.1490,149,Rest,HAREKET,1,1976,2059,2047,1993,2036,2033
0.1500,150,Rest,HAREKET,1,1973,2029,2019,1982,2049,2018
0.1510,151,Rest,HAREKET,1,1965,2055,2034,1986,2036,2015
0.1520,152,Rest,HAREKET,1,1953,2048,2037,1989,2038,2010
0.1530,153,Rest,HAREKET,1,1961,2049,2039,1994,2047,2031
0.1540,154,Rest,HAREKET,1,1962,2054,2036,2002,2037,2028
0.1550,155,Rest,HAREKET,1,1963,2021,2024,1984,2039,2021
0.1560,156,Rest,HAREKET,1,1957,2042,2025,1972,2057,2026
0.1570,157,Rest,HAREKET,1,1963,2057,2038,1978,2030,2023
0.1580,158,Rest,HAREKET,1,1979,2034,2027,1974,2049,2028
0.1590,159,Rest,HAREKET,1,1952,2031,2033,1985,2030,2011
0.1600,160,Rest,HAREKET,1,1998,2030,2034,1954,2036,2009
0.1610,161,Rest,HAREKET,1,1953,2030,2026,1989,2040,2042
0.1620,162,Rest,HAREKET,1,1975,2036,2034,1984,2041,2007
0.1630,163,Rest,HAREKET,1,1967,2038,2042,1996,2046,2020
0.1640,164,Rest,HAREKET,1,1947,2031,2034,1970,2043,2008
0.1650,165,Rest,HAREKET,1,1975,2042,2038,1995,2038,2015
0.1660,166,Rest,HAREKET,1,1969,2056,2027,1962,2033,2026
0.1670,167,Rest,HAREKET,1,1950,2039,2051,1975,2044,1999
0.1680,168,Rest,HAREKET,1,1973,2036,2010,1981,2036,2010
0.1690,169,Rest,HAREKET,1,1973,2018,2040,1992,2027,2015
0.1700,170,Rest,HAREKET,1,1975,2012,2030,1986,2033,2015
0.1710,171,Rest,HAREKET,1,1966,2022,2015,1967,2019,2014
0.1720,172,Rest,HAREKET,1,1968,2030,2039,1977,2045,2018
0.1730,173,Rest,HAREKET,1,1991,2029,2023,1976,2023,2021
0.1740,174,Rest,HAREKET,1,1953,2022,2025,1984,2035,2024
0.1750,175,Rest,HAREKET,1,1966,2024,2033,1999,2025,2014
0.1760,176,Rest,HAREKET,1,1950,2008,2041,1981,2034,2028
0.1770,177,Rest,HAREKET,1,1959,2015,2027,1984,2033,2018
0.1780,178,Rest,HAREKET,1,1972,2016,2031,1986,2034,2023
0.1790,179,Rest,HAREKET,1,1962,2029,2031,1999,2047,2009
0.1800,180,Rest,HAREKET,1,1961,2036,2029,1964,2033,2013
0.1810,181,Rest,HAREKET,1,1970,2018,2023,1993,2038,2015
0.1820,182,Rest,HAREKET,1,1972,2024,2042,1954,2033,2007
0.1830,183,Rest,HAREKET,1,1961,2022,2025,1990,2027,2020
0.1840,184,Rest,HAREKET,1,1978,2025,2024,1961,2023,2022
0.1850,185,Rest,HAREKET,1,1974,2027,2032,1970,2028,2021
0.1860,186,Rest,HAREKET,1,1976,2042,2019,1971,2015,2019
0.1870,187,Rest,HAREKET,1,1973,1980,2028,1981,2027,2009
0.1880,188,Rest,HAREKET,1,1962,2018,2036,1977,2040,1990
0.1890,189,Rest,HAREKET,1,1955,1996,2039,1950,2029,2001
0.1900,190,Rest,HAREKET,1,1976,2048,2027,1983,2026,2006
0.1910,191,Rest,HAREKET,1,1983,2046,2021,1972,2029,2022
0.1920,192,Rest,HAREKET,1,1991,2031,2034,1981,2009,2018
0.1930,193,Rest,HAREKET,1,1981,2032,2035,1980,2025,2030
0.1940,194,Rest,HAREKET,1,1965,2003,2033,1970,2014,2016
0.1950,195,Rest,HAREKET,1,1984,2007,2037,1945,2038,1998
0.1960,196,Rest,HAREKET,1,1976,2033,2043,1983,2033,2019
0.1970,197,Rest,HAREKET,1,1960,2024,2033,1978,2011,2024
0.1980,198,Rest,HAREKET,1,1988,2037,2046,1958,2027,2030
0.1990,199,Rest,HAREKET,1,1976,2028,2034,1991,2023,2011
0.2000,200,Rest,HAREKET,1,1967,2016,2028,1972,2014,2019
0.2010,201,Rest,HAREKET,1,1978,2034,2043,1968,2031,2010
0.2020,202,Rest,HAREKET,1,1984,2034,2018,1974,2024,2029
0.2030,203,Rest,HAREKET,1,1992,2001,2048,1972,2015,2021
0.2040,204,Rest,HAREKET,1,1984,2039,2046,1961,2044,2019
0.2050,205,Rest,HAREKET,1,1993,2024,2046,1966,2007,2010
0.2060,206,Rest,HAREKET,1,2005,2046,2068,1966,2006,2020
0.2070,207,Rest,HAREKET,1,2006,2044,2034,1940,2017,1998
0.2080,208,Rest,HAREKET,1,1978,2036,2042,1976,2038,2018
0.2090,209,Rest,HAREKET,1,1972,2030,2029,1976,2010,2010
0.2100,210,Rest,HAREKET,1,1983,2026,2038,1954,2023,2021
0.2110,211,Rest,HAREKET,1,1978,2022,2016,1975,2016,1997
0.2120,212,Rest,HAREKET,1,1989,2010,2053,1959,2002,2015
0.2130,213,Rest,HAREKET,1,1992,2036,2015,1959,2008,2005
0.2140,214,Rest,HAREKET,1,2003,2041,2032,1970,2030,2026
0.2150,215,Rest,HAREKET,1,1981,2024,2042,1967,2001,1992
0.2160,216,Rest,HAREKET,1,1992,2033,2052,1986,2017,2011
0.2170,217,Rest,HAREKET,1,1994,2001,2041,1956,2036,1994
0.2180,218,Rest,HAREKET,1,1996,2029,2040,1963,2002,2015
0.2190,219,Rest,HAREKET,1,1988,2028,2041,1974,2006,2014
0.2200,220,Rest,HAREKET,1,1999,2032,2032,1976,2014,2008
0.2210,221,Rest,HAREKET,1,1990,2031,2033,1961,2014,2017
0.2220,222,Rest,HAREKET,1,1991,2038,2049,1979,2026,2008
0.2230,223,Rest,HAREKET,1,1990,2019,2038,1943,2004,2003
0.2240,224,Rest,HAREKET,1,1998,2044,2023,1971,2030,2016
0.2250,225,Rest,HAREKET,1,1969,2046,2022,1955,2033,2003
0.2260,226,Rest,HAREKET,1,1975,2034,2023,1975,2000,1998
0.2270,227,Rest,HAREKET,1,1988,2029,2019,1961,2021,2004
0.2280,228,Rest,HAREKET,1,1991,2055,2034,1984,2002,2023
0.2290,229,Rest,HAREKET,1,1981,2031,2033,1983,1999,2017
0.2300,230,Rest,HAREKET,1,1989,2038,2010,1984,2020,1993
0.2310,231,Rest,HAREKET,1,2008,2033,2025,1970,2006,2017
0.2320,232,Rest,HAREKET,1,1982,2066,2003,1960,2041,2012
0.2330,233,Rest,HAREKET,1,1997,2018,2021,1983,2003,2006
0.2340,234,Rest,HAREKET,1,1997,2032,2007,1974,2014,2003
0.2350,235,Rest,HAREKET,1,1994,2042,2021,1984,2015,2006
0.2360,236,Rest,HAREKET,1,1979,2001,2028,1968,2005,2009
0.2370,237,Rest,HAREKET,1,1996,2026,2031,1970,2027,2000
0.2380,238,Rest,HAREKET,1,1990,2031,2033,1961,2012,2017
0.2390,239,Rest,HAREKET,1,1995,2052,2008,1986,2011,2013
0.2400,240,Rest,HAREKET,1,1985,2055,2036,1971,2007,2012
0.2410,241,Rest,HAREKET,1,2007,2058,2028,1987,2008,2014
0.2420,242,Rest,HAREKET,1,1995,2033,2022,1984,1995,1988
0.2430,243,Rest,HAREKET,1,1994,2023,2009,1985,2024,1994
0.2440,244,Rest,HAREKET,1,1980,2064,2005,1968,2015,1998
0.2450,245,Rest,HAREKET,1,2009,2008,2006,1984,2001,2005
0.2460,246,Rest,HAREKET,1,1995,2035,2036,1977,2023,2004
0.2470,247,Rest,HAREKET,1,1995,2041,2002,1995,1993,2003
0.2480,248,Rest,HAREKET,1,1998,2056,2014,1974,2032,2011
0.2490,249,Rest,HAREKET,1,2006,2038,2001,1959,1995,1998
0.2500,250,Rest,HAREKET,1,1991,2041,2021,1975,2005,2021
0.2510,251,Rest,HAREKET,1,1979,2058,2021,1980,2030,1989
0.2520,252,Rest,HAREKET,1,1981,2051,1992,1978,2004,2013
0.2530,253,Rest,HAREKET,1,1991,2043,2018,1988,2011,2023
0.2540,254,Rest,HAREKET,1,1976,2041,1997,1978,2003,1983
0.2550,255,Rest,HAREKET,1,1991,2023,2001,1990,1999,1994
0.2560,256,Rest,HAREKET,1,2010,2047,2018,1977,2023,2010
0.2570,257,Rest,HAREKET,1,1990,2042,2003,1977,2009,1999
0.2580,258,Rest,HAREKET,1,1994,2049,1995,1978,1997,2017
0.2590,259,Rest,HAREKET,1,1990,2048,2017,1999,2020,2006
0.2600,260,Rest,HAREKET,1,1965,2026,2000,1982,1989,2002
0.2610,261,Rest,HAREKET,1,1997,2038,1998,1985,1994,1992
0.2620,262,Rest,HAREKET,1,1997,2053,1990,1995,2006,2014
0.2630,263,Rest,HAREKET,1,1979,2043,2005,1987,2022,1998
0.2640,264,Rest,HAREKET,1,1989,2049,2002,1985,1986,2001
0.2650,265,Rest,HAREKET,1,2006,2057,2004,1977,2005,2006
0.2660,266,Rest,HAREKET,1,1989,2046,2000,1991,2012,1995
0.2670,267,Rest,HAREKET,1,1986,2032,2009,1977,1993,2004
0.2680,268,Rest,HAREKET,1,1985,2057,1999,1988,2002,2016
0.2690,269,Rest,HAREKET,1,2004,2037,2008,1997,2002,1996
0.2700,270,Rest,HAREKET,1,1990,2045,1986,1993,2001,2006
0.2710,271,Rest,HAREKET,1,1991,2023,1992,1997,1998,1989
0.2720,272,Rest,HAREKET,1,1965,2063,1988,1978,1996,2008
0.2730,273,Rest,HAREKET,1,1979,2037,1999,1986,2023,1994
0.2740,274,Rest,HAREKET,1,1976,2041,1995,1984,1996,1999
0.2750,275,Rest,HAREKET,1,1988,2060,2015,1975,1994,1999
0.2760,276,Rest,HAREKET,1,1988,2057,1997,1994,1979,2023
0.2770,277,Rest,HAREKET,1,1988,2016,1968,1984,1991,2004
0.2780,278,Rest,HAREKET,1,1992,2035,2017,1998,1988,1999
0.2790,279,Rest,HAREKET,1,1982,2028,2003,1983,2020,2025
0.2800,280,Rest,HAREKET,1,1984,2029,1989,1998,1968,2020
0.2810,281,Rest,HAREKET,1,1986,2035,1984,1993,2009,2018
0.2820,282,Rest,HAREKET,1,1988,2040,2010,1995,1999,2014
0.2830,283,Rest,HAREKET,1,1981,2035,2001,1991,1968,1983
0.2840,284,Rest,HAREKET,1,1977,2048,2005,1977,1993,1990
0.2850,285,Rest,HAREKET,1,1981,2047,2003,1978,1994,2013
0.2860,286,Rest,HAREKET,1,2001,2049,1984,1961,1977,2003
0.2870,287,Rest,HAREKET,1,1978,2036,2004,1993,1996,1995
0.2880,288,Rest,HAREKET,1,1981,2027,2003,1998,1979,2003
0.2890,289,Rest,HAREKET,1,1981,2049,2015,2009,1993,1991
0.2900,290,Rest,HAREKET,1,1984,2030,2001,1991,1976,1984
0.2910,291,Rest,HAREKET,1,1991,2042,1986,1998,1975,1991
0.2920,292,Rest,HAREKET,1,1996,2052,1966,1994,1986,2002
0.2930,293,Rest,HAREKET,1,2005,2038,2009,1988,1989,1990
0.2940,294,Rest,HAREKET,1,1990,2052,1988,1990,1980,1992
0.2950,295,Rest,HAREKET,1,1969,2042,2004,1988,1991,1983
0.2960,296,Rest,HAREKET,1,2001,2031,2016,2003,1979,2001
0.2970,297,Rest,HAREKET,1,2006,2040,1997,2004,1968,2007
0.2980,298,Rest,HAREKET,1,1995,2047,1994,1975,1984,2007
0.2990,299,Rest,HAREKET,1,1996,2044,2004,1988,1992,1986
0.3000,300,Rest,HAREKET,1,1989,2030,1972,2002,2010,1993
0.3010,301,Rest,HAREKET,1,1991,2021,1980,1999,1968,1994
0.3020,302,Rest,HAREKET,1,2004,2056,2016,1978,1974,1998
0.3030,303,Rest,HAREKET,1,1994,2038,1984,1997,1967,1989
0.3040,304,Rest,HAREKET,1,1986,2027,2006,1996,1978,1979
0.3050,305,Rest,HAREKET,1,1986,2062,1984,2006,2000,1987
0.3060,306,Rest,HAREKET,1,1999,2040,2001,2000,1982,1985
0.3070,307,Rest,HAREKET,1,1992,2023,1995,1999,1976,1982
0.3080,308,Rest,HAREKET,1,2008,2033,1979,1994,1970,1993
0.3090,309,Rest,HAREKET,1,2001,2023,1995,1991,1993,1995
0.3100,310,Rest,HAREKET,1,2014,2035,1990,1989,2000,1982
0.3110,311,Rest,HAREKET,1,2001,2046,1988,1989,1974,1988
0.3120,312,Rest,HAREKET,1,1985,2033,2003,1997,2003,1980
0.3130,313,Rest,HAREKET,1,1993,2029,2001,1985,1996,1988
0.3140,314,Rest,HAREKET,1,1987,2045,1993,2001,1975,1977
0.3150,315,Rest,HAREKET,1,2008,2026,2017,1988,1998,1997
0.3160,316,Rest,HAREKET,1,1994,2024,2005,2002,1981,1978
0.3170,317,Rest,HAREKET,1,2010,2028,2004,1995,1975,1977
0.3180,318,Rest,HAREKET,1,2008,2046,1987,2009,1973,1989
0.3190,319,Rest,HAREKET,1,2027,2060,2000,2012,1992,1998
0.3200,320,Rest,HAREKET,1,2006,2042,1993,2006,1989,2002
0.3210,321,Rest,HAREKET,1,1999,2023,2014,2013,1977,2010
0.3220,322,Rest,HAREKET,1,2014,2038,2002,2002,1978,1985
0.3230,323,Rest,HAREKET,1,1998,2043,2006,2013,1978,2001
0.3240,324,Rest,HAREKET,1,2020,2026,1990,2007,1999,1977
0.3250,325,Rest,HAREKET,1,2005,2041,2007,2009,1981,1974
0.3260,326,Rest,HAREKET,1,2008,2028,1993,1994,1983,1993
0.3270,327,Rest,HAREKET,1,1998,2040,1986,2019,1980,1973
0.3280,328,Rest,HAREKET,1,2024,2025,1981,2020,1971,1978
0.3290,329,Rest,HAREKET,1,1998,2041,1992,2013,1993,1975
0.3300,330,Rest,HAREKET,1,2008,2020,1989,2010,1974,1983
0.3310,331,Rest,HAREKET,1,2013,2062,2022,2006,1992,1997
0.3320,332,Rest,HAREKET,1,2007,2028,1972,2005,1988,1962
0.3330,333,Rest,HAREKET,1,1985,2033,1987,2025,1998,1991
0.3340,334,Rest,HAREKET,1,2013,2030,2007,2016,1994,1954
0.3350,335,Rest,HAREKET,1,2018,2036,1986,2025,1983,1960
0.3360,336,Rest,HAREKET,1,2005,2029,1978,2006,2011,1975
0.3370,337,Rest,HAREKET,1,2005,2040,1995,2007,1998,1973
0.3380,338,Rest,HAREKET,1,2027,2050,1977,1996,1989,1988
0.3390,339,Rest,HAREKET,1,2011,2035,1963,2023,1994,1955
0.3400,340,Rest,HAREKET,1,2004,2040,2009,2034,1990,1982
0.3410,341,Rest,HAREKET,1,2022,2032,1980,2018,1986,1979
0.3420,342,Rest,HAREKET,1,2004,2059,1985,2004,1983,1970
0.3430,343,Rest,HAREKET,1,2011,2038,1994,2018,1984,1971
0.3440,344,Rest,HAREKET,1,1995,2040,1979,2045,2004,1983
0.3450,345,Rest,HAREKET,1,2001,2036,1979,2006,1976,1971
0.3460,346,Rest,HAREKET,1,2002,2042,1989,2028,2002,1974
0.3470,347,Rest,HAREKET,1,1996,2037,1984,2020,2010,1957
0.3480,348,Rest,HAREKET,1,1988,2025,1993,2021,1973,1953
0.3490,349,Rest,HAREKET,1,2017,2033,1981,2021,1984,1979
0.3500,350,Rest,HAREKET,1,1998,2029,1991,2014,1996,1973
0.3510,351,Rest,HAREKET,1,2006,2025,1999,2032,2004,1968
0.3520,352,Rest,HAREKET,1,2011,2016,1991,2027,1978,1962
0.3530,353,Rest,HAREKET,1,2017,2019,1978,2014,2015,1966
0.3540,354,Rest,HAREKET,1,2011,2044,1983,2027,1982,1977
0.3550,355,Rest,HAREKET,1,1999,2033,1982,2014,2007,1974
0.3560,356,Rest,HAREKET,1,2000,2018,1977,2025,1982,1960
0.3570,357,Rest,HAREKET,1,2003,2026,1987,2014,1992,1962
0.3580,358,Rest,HAREKET,1,2018,2051,2004,2030,2004,1985
0.3590,359,Rest,HAREKET,1,2020,2029,1973,2020,1996,1975
0.3600,360,Rest,HAREKET,1,2006,2026,1970,2022,1978,1977
0.3610,361,Rest,HAREKET,1,2032,2033,1988,2018,1987,1983
0.3620,362,Rest,HAREKET,1,1988,2029,1973,2015,1999,1963
0.3630,363,Rest,HAREKET,1,2006,2026,1990,2025,1967,1980
0.3640,364,Rest,HAREKET,1,2022,2025,1972,2027,1998,1974
0.3650,365,Rest,HAREKET,1,2020,2025,1981,2024,2008,1974
0.3660,366,Rest,HAREKET,1,2045,2036,1992,2018,1981,1974
0.3670,367,Rest,HAREKET,1,2022,2011,1990,2023,1985,1972
0.3680,368,Rest,HAREKET,1,1991,2017,1986,2017,1972,1980
0.3690,369,Rest,HAREKET,1,2019,2031,1974,2043,1982,1992
0.3700,370,Rest,HAREKET,1,2024,2018,1989,2010,1974,1983
0.3710,371,Rest,HAREKET,1,2021,2015,1980,2005,1993,1979
0.3720,372,Rest,HAREKET,1,2009,2024,1974,2025,2011,1979
0.3730,373,Rest,HAREKET,1,2005,2025,1986,2014,1979,1976
0.3740,374,Rest,HAREKET,1,2012,2015,1970,2032,2004,1969
0.3750,375,Rest,HAREKET,1,2008,2015,1990,2025,1986,1984
0.3760,376,Rest,HAREKET,1,2014,2032,1979,2036,1972,1980
0.3770,377,Rest,HAREKET,1,2015,2024,1988,2025,2011,1977
0.3780,378,Rest,HAREKET,1,2011,2010,1991,2012,1997,1986
0.3790,379,Rest,HAREKET,1,2019,2014,1969,2038,1983,1991
0.3800,380,Rest,HAREKET,1,2015,2010,1987,2033,1991,1982
0.3810,381,Rest,HAREKET,1,2003,2019,1996,2027,1993,1973
0.3820,382,Rest,HAREKET,1,2028,2008,1997,2006,2001,1979
0.3830,383,Rest,HAREKET,1,2013,2015,1972,2021,2005,1981
0.3840,384,Rest,HAREKET,1,2009,2015,1984,2020,1986,1982
0.3850,385,Rest,HAREKET,1,2016,2008,1989,2032,1993,1973
0.3860,386,Rest,HAREKET,1,2037,1993,1987,2004,1986,1978
0.3870,387,Rest,HAREKET,1,2020,2019,1987,2015,2022,1982
0.3880,388,Rest,HAREKET,1,2025,2000,2001,2028,2002,1995
0.3890,389,Rest,HAREKET,1,2043,2006,1998,2027,1981,1994
0.3900,390,Rest,HAREKET,1,2017,2010,2001,2022,1994,1977
0.3910,391,Rest,HAREKET,1,2022,2006,1988,2018,1983,1954
0.3920,392,Rest,HAREKET,1,2019,2016,1965,2023,1982,1976
0.3930,393,Rest,HAREKET,1,2032,1999,1977,2006,1985,1974
0.3940,394,Rest,HAREKET,1,2017,1989,1999,2019,1971,1984
0.3950,395,Rest,HAREKET,1,2023,2001,1971,2005,1961,1978
0.3960,396,Rest,HAREKET,1,2032,2011,2008,2018,1985,2000
0.3970,397,Rest,HAREKET,1,2025,1994,1988,2028,1992,2004
0.3980,398,Rest,HAREKET,1,2015,2004,1983,2024,1966,1969
0.3990,399,Rest,HAREKET,1,2005,2000,1991,2023,1971,1988
0.4000,400,Rest,HAREKET,1,2040,2012,1983,2017,1975,1970
0.4010,401,Rest,HAREKET,1,2040,2010,1999,2025,1985,1987
0.4020,402,Rest,HAREKET,1,2018,2016,1980,2024,1988,1974
0.4030,403,Rest,HAREKET,1,2044,1997,1975,2016,1989,1987
0.4040,404,Rest,HAREKET,1,2031,2002,1966,2018,1984,1988
0.4050,405,Rest,HAREKET,1,2035,2004,1977,2011,1984,1955
0.4060,406,Rest,HAREKET,1,2036,2012,1999,2028,1971,1995
0.4070,407,Rest,HAREKET,1,2030,1995,1981,1998,1965,1972
0.4080,408,Rest,HAREKET,1,2028,2011,2010,2019,2000,1969
0.4090,409,Rest,HAREKET,1,2025,2001,1985,2014,1993,1986
0.4100,410,Rest,HAREKET,1,2046,1993,1981,2021,1982,1987
0.4110,411,Rest,HAREKET,1,2042,1982,1987,2014,1989,1966
0.4120,412,Rest,HAREKET,1,2051,1980,2001,2016,1989,1962
0.4130,413,Rest,HAREKET,1,2038,2008,1985,2021,1985,1984
0.4140,414,Rest,HAREKET,1,2035,2007,1993,2028,1989,1980
0.4150,415,Rest,HAREKET,1,2041,2017,1955,2015,1969,1982
0.4160,416,Rest,HAREKET,1,2035,2010,1993,1997,1979,1979
0.4170,417,Rest,HAREKET,1,2034,1997,1983,2028,1998,1971
0.4180,418,Rest,HAREKET,1,2029,1995,1967,2019,1987,1977
0.4190,419,Rest,HAREKET,1,2044,2013,1972,2023,1981,1998
0.4200,420,Rest,HAREKET,1,2039,2012,1974,2025,2011,1967
0.4210,421,Rest,HAREKET,1,2044,2036,1990,2018,2014,1976
0.4220,422,Rest,HAREKET,1,2032,1992,1976,2007,1973,1959
0.4230,423,Rest,HAREKET,1,2046,2004,1990,2013,1988,1983
0.4240,424,Rest,HAREKET,1,2043,1996,1988,2040,1985,1983
0.4250,425,Rest,HAREKET,1,2030,2000,1969,2026,1984,1979
0.4260,426,Rest,HAREKET,1,2031,2004,1981,2019,1990,1972
0.4270,427,Rest,HAREKET,1,2032,1981,1983,2009,1974,1998
0.4280,428,Rest,HAREKET,1,2036,1986,1982,2021,1983,1980
0.4290,429,Rest,HAREKET,1,2035,2000,1970,2006,2008,1982
0.4300,430,Rest,HAREKET,1,2038,2004,1979,2016,2010,1998
0.4310,431,Rest,HAREKET,1,2023,2007,1999,2026,1993,1977
0.4320,432,Rest,HAREKET,1,2035,2019,1999,2004,1998,1986
0.4330,433,Rest,HAREKET,1,2042,2006,1986,2014,2008,1999
0.4340,434,Rest,HAREKET,1,2052,2011,1966,2046,1984,1996
0.4350,435,Rest,HAREKET,1,2048,2005,1978,2026,2001,1963
0.4360,436,Rest,HAREKET,1,2026,1995,1981,2015,2005,1983
0.4370,437,Rest,HAREKET,1,2029,1998,1995,2024,1995,1985
0.4380,438,Rest,HAREKET,1,2038,1997,1988,2011,2008,1996
0.4390,439,Rest,HAREKET,1,2047,1999,1975,2025,1987,1992
0.4400,440,Rest,HAREKET,1,2047,1996,1988,2035,1965,1978
0.4410,441,Rest,HAREKET,1,2037,1976,1982,2028,1977,1982
0.4420,442,Rest,HAREKET,1,2026,2011,1966,2024,1987,1980
0.4430,443,Rest,HAREKET,1,2022,2020,1966,2023,1985,1984
0.4440,444,Rest,HAREKET,1,2048,1990,1963,2032,1984,1971
0.4450,445,Rest,HAREKET,1,2038,2015,1983,2039,1979,2000
0.4460,446,Rest,HAREKET,1,2027,1983,1972,2041,1985,1986
0.4470,447,Rest,HAREKET,1,2042,2001,1982,2037,1995,1994
0.4480,448,Rest,HAREKET,1,2034,1990,1957,2026,1978,1978
0.4490,449,Rest,HAREKET,1,2015,2012,1980,2001,1994,1989
0.4500,450,Rest,HAREKET,1,2015,1993,1969,2012,1982,1988
0.4510,451,Rest,HAREKET,1,2042,1962,1962,2023,1991,1999
0.4520,452,Rest,HAREKET,1,2042,2013,1956,2045,1999,2001
0.4530,453,Rest,HAREKET,1,2042,1995,1959,2024,1969,1988
0.4540,454,Rest,HAREKET,1,2019,1990,1963,2041,1980,1985
0.4550,455,Rest,HAREKET,1,2023,2000,1984,2036,1984,1997
0.4560,456,Rest,HAREKET,1,2039,1991,1962,2026,1983,1987
0.4570,457,Rest,HAREKET,1,2026,2004,1971,2025,1992,1968
0.4580,458,Rest,HAREKET,1,2030,2008,1971,2032,1994,1994
0.4590,459,Rest,HAREKET,1,2024,1984,1973,2014,2003,1990
0.4600,460,Rest,HAREKET,1,2037,1990,1963,2019,2005,1992
0.4610,461,Rest,HAREKET,1,2021,1979,1967,2018,1989,1989
0.4620,462,Rest,HAREKET,1,2049,2017,1951,2009,2012,1998
0.4630,463,Rest,HAREKET,1,2029,1986,1965,2034,2005,1984
0.4640,464,Rest,HAREKET,1,2014,2008,1957,2016,1999,1993
0.4650,465,Rest,HAREKET,1,2031,1985,1965,2034,1988,2013
0.4660,466,Rest,HAREKET,1,2018,2014,1965,2020,2009,1998
0.4670,467,Rest,HAREKET,1,2024,1965,1979,2031,1980,1998
0.4680,468,Rest,HAREKET,1,2031,1999,1954,2023,1995,2007
0.4690,469,Rest,HAREKET,1,2025,2010,1956,2045,1981,1982
0.4700,470,Rest,HAREKET,1,2019,2001,1956,2024,1997,1992
0.4710,471,Rest,HAREKET,1,2024,1988,1982,2028,1987,1998
0.4720,472,Rest,HAREKET,1,2030,2014,1973,2023,1999,1991
0.4730,473,Rest,HAREKET,1,2032,1992,1971,2032,1990,1985
0.4740,474,Rest,HAREKET,1,2023,2008,1949,2021,1992,1996
0.4750,475,Rest,HAREKET,1,2020,2005,1964,2031,1968,1998
0.4760,476,Rest,HAREKET,1,2012,2010,1980,2037,1994,2018
0.4770,477,Rest,HAREKET,1,2027,1999,1963,2039,1994,2002
0.4780,478,Rest,HAREKET,1,2031,1976,1968,2039,1973,1999
0.4790,479,Rest,HAREKET,1,2030,1983,1971,2028,1997,2013
0.4800,480,Rest,HAREKET,1,2008,2000,1945,2026,1998,2006
0.4810,481,Rest,HAREKET,1,2039,1986,1962,2022,1984,2002
0.4820,482,Rest,HAREKET,1,2045,1985,1969,2038,1992,1999
0.4830,483,Rest,HAREKET,1,2013,1993,1954,2023,1989,2019
0.4840,484,Rest,HAREKET,1,2028,2017,1955,2024,1982,1992
0.4850,485,Rest,HAREKET,1,2019,1984,1944,2022,1981,1994
0.4860,486,Rest,HAREKET,1,2003,1964,1969,2034,2006,1994
0.4870,487,Rest,HAREKET,1,2036,1983,1971,2037,1990,2003
0.4880,488,Rest,HAREKET,1,2012,1982,1959,2027,1997,2002
0.4890,489,Rest,HAREKET,1,2018,1986,1981,2025,1971,2018
0.4900,490,Rest,HAREKET,1,2024,2024,1964,2032,1986,1999
0.4910,491,Rest,HAREKET,1,2019,1979,1960,2026,1969,2005
0.4920,492,Rest,HAREKET,1,2017,1985,1978,2013,1967,2010
0.4930,493,Rest,HAREKET,1,2014,1981,1974,2015,1994,1990
0.4940,494,Rest,HAREKET,1,2018,1997,1974,2026,1993,2002
0.4950,495,Rest,HAREKET,1,2029,2006,1962,2021,1972,2003
0.4960,496,Rest,HAREKET,1,2009,1995,1980,2020,2013,1994
0.4970,497,Rest,HAREKET,1,2016,1971,1964,2017,2003,2011
0.4980,498,Rest,HAREKET,1,2018,1985,1952,2020,1984,1995
0.4990,499,Rest,HAREKET,1,2039,1997,1964,2004,1990,2031
0.5000,500,Rest,HAREKET,1,2039,1987,1980,2016,1999,1986
0.5010,501,Rest,HAREKET,1,2017,2001,1992,2028,2006,2006
0.5020,502,Rest,HAREKET,1,2037,1973,1983,2016,1990,1996
0.5030,503,Rest,HAREKET,1,2029,1984,1975,2010,1999,1995
0.5040,504,Rest,HAREKET,1,2024,1991,1997,2022,2000,2012
0.5050,505,Rest,HAREKET,1,2026,1987,1967,2025,1990,1999
0.5060,506,Rest,HAREKET,1,2014,1986,1964,2024,1985,1992
0.5070,507,Rest,HAREKET,1,2026,1968,1979,2026,1972,2010
0.5080,508,Rest,HAREKET,1,2023,1976,1973,2037,1991,1995
0.5090,509,Rest,HAREKET,1,2005,1950,1953,2044,1985,1992
0.5100,510,Rest,HAREKET,1,2028,2000,1962,2034,1990,1999
0.5110,511,Rest,HAREKET,1,2016,1992,1986,2039,1983,1999
0.5120,512,Rest,HAREKET,1,2035,2006,1967,2029,1991,2002
0.5130,513,Rest,HAREKET,1,2025,1974,1992,2013,2027,2011
0.5140,514,Rest,HAREKET,1,2022,1984,1981,2024,1995,2015
0.5150,515,Rest,HAREKET,1,2012,1987,1976,2018,2010,1978
0.5160,516,Rest,HAREKET,1,2004,1973,2000,2025,1996,2005
0.5170,517,Rest,HAREKET,1,2008,1978,1978,2030,1995,2009
0.5180,518,Rest,HAREKET,1,2019,1991,1964,2028,2004,1998
0.5190,519,Rest,HAREKET,1,2030,1998,1984,2024,2008,2009
0.5200,520,Rest,HAREKET,1,2024,1986,1985,2013,1999,1997
0.5210,521,Rest,HAREKET,1,2042,1979,1985,2026,1981,2000
0.5220,522,Rest,HAREKET,1,2034,1964,1978,2041,1976,1986
0.5230,523,Rest,HAREKET,1,2002,1979,1992,2036,1992,1983
0.5240,524,Rest,HAREKET,1,2036,1974,1976,2028,1995,1977
0.5250,525,Rest,HAREKET,1,2022,1975,1993,2041,2015,1983
0.5260,526,Rest,HAREKET,1,2020,1985,1989,2031,1998,2007
0.5270,527,Rest,HAREKET,1,2032,1976,1994,2026,2018,1989
0.5280,528,Rest,HAREKET,1,2029,1972,1991,2013,2008,1994
0.5290,529,Rest,HAREKET,1,2035,1987,1990,2018,2004,1980
0.5300,530,Rest,HAREKET,1,2015,1988,1997,2037,2006,2013
0.5310,531,Rest,HAREKET,1,2035,1979,1964,2032,2007,1995
0.5320,532,Rest,HAREKET,1,2037,1997,1977,2021,2020,1999
0.5330,533,Rest,HAREKET,1,2023,1996,1975,2032,2013,2000
0.5340,534,Rest,HAREKET,1,2026,2000,1978,2019,1999,2012
0.5350,535,Rest,HAREKET,1,2014,1978,1967,2029,1991,1995
0.5360,536,Rest,HAREKET,1,2015,2010,1983,2023,1999,1980
0.5370,537,Rest,HAREKET,1,2014,2010,1984,2026,2016,2012
0.5380,538,Rest,HAREKET,1,2016,1986,1999,2029,2031,2004
0.5390,539,Rest,HAREKET,1,2017,1997,1974,2045,2024,1983
0.5400,540,Rest,HAREKET,1,2009,1982,1985,2027,2035,2019
0.5410,541,Rest,HAREKET,1,2010,1987,1999,2030,2009,1999
0.5420,542,Rest,HAREKET,1,2031,1983,1994,2033,2053,2003
0.5430,543,Rest,HAREKET,1,2012,1991,1995,2038,2012,1998
0.5440,544,Rest,HAREKET,1,2014,2015,1972,2023,2007,1988
0.5450,545,Rest,HAREKET,1,2017,1995,2014,2040,2024,1995
0.5460,546,Rest,HAREKET,1,2028,1978,1996,2017,2013,2008
0.5470,547,Rest,HAREKET,1,2047,1993,2012,2030,2020,1996
0.5480,548,Rest,HAREKET,1,2034,1971,1981,2028,2024,1996
0.5490,549,Rest,HAREKET,1,2000,1985,2005,2020,2028,2005
0.5500,550,Rest,HAREKET,1,2026,1999,1978,2043,2031,2001
0.5510,551,Rest,HAREKET,1,2015,1965,1998,2047,2024,2015
0.5520,552,Rest,HAREKET,1,2016,1993,1976,2021,2004,1990
0.5530,553,Rest,HAREKET,1,2010,1999,1987,2019,2015,2020
0.5540,554,Rest,HAREKET,1,2006,1983,1994,2041,2033,2013
0.5550,555,Rest,HAREKET,1,2018,1980,2000,2021,2025,2005
0.5560,556,Rest,HAREKET,1,2012,2013,1984,2017,2015,2009
0.5570,557,Rest,HAREKET,1,2020,1987,1988,2025,2026,1985
0.5580,558,Rest,HAREKET,1,2030,1978,1986,2027,2009,2000
0.5590,559,Rest,HAREKET,1,2006,1981,2002,2037,2016,2015
0.5600,560,Rest,HAREKET,1,2017,1975,1987,2013,2013,1998
0.5610,561,Rest,HAREKET,1,2014,1979,2001,2026,1995,2000
0.5620,562,Rest,HAREKET,1,2019,1982,1980,2043,2039,2006
0.5630,563,Rest,HAREKET,1,1999,1965,2013,2019,2018,2008
0.5640,564,Rest,HAREKET,1,2004,1989,1996,2034,2037,1999
0.5650,565,Rest,HAREKET,1,2012,1999,1996,2029,2023,2008
0.5660,566,Rest,HAREKET,1,2010,1995,1975,2041,2007,2010
0.5670,567,Rest,HAREKET,1,2015,1973,1995,2025,2026,2014
0.5680,568,Rest,HAREKET,1,2013,1976,1994,2052,2027,2000
0.5690,569,Rest,HAREKET,1,2008,1982,1975,2029,2027,2024
0.5700,570,Rest,HAREKET,1,2020,1988,1985,2032,2032,1996
0.5710,571,Rest,HAREKET,1,2009,1963,2003,2033,2014,2009
0.5720,572,Rest,HAREKET,1,2007,1999,1988,2027,2031,2010
0.5730,573,Rest,HAREKET,1,2004,2007,1996,2043,2023,2003
0.5740,574,Rest,HAREKET,1,2016,1982,2004,2040,2027,2022
0.5750,575,Rest,HAREKET,1,2023,1989,1998,2037,2026,2013
0.5760,576,Rest,HAREKET,1,2019,1973,1989,2009,2025,2005
0.5770,577,Rest,HAREKET,1,2012,1960,1998,2012,2035,2019
0.5780,578,Rest,HAREKET,1,2016,1979,1982,2035,2020,2027
0.5790,579,Rest,HAREKET,1,2005,1963,1991,2023,2019,2011
0.5800,580,Rest,HAREKET,1,2024,1953,2002,2036,2032,1988
0.5810,581,Rest,HAREKET,1,2015,1987,2006,2018,2022,2028
0.5820,582,Rest,HAREKET,1,2008,1979,1992,2033,2029,2037
0.5830,583,Rest,HAREKET,1,1996,1966,2003,2038,2010,2019
0.5840,584,Rest,HAREKET,1,2015,1948,2005,2014,2043,2035
0.5850,585,Rest,HAREKET,1,2020,1963,1988,2033,2029,2026
0.5860,586,Rest,HAREKET,1,2009,1981,2001,2005,2020,2025
0.5870,587,Rest,HAREKET,1,2009,1954,1992,2015,2030,2016
0.5880,588,Rest,HAREKET,1,2020,1966,2003,2024,2045,2017
0.5890,589,Rest,HAREKET,1,2029,1962,1994,2007,2025,2002
0.5900,590,Rest,HAREKET,1,2001,1981,2007,2001,2037,2001
0.5910,591,Rest,HAREKET,1,2008,1963,2003,2009,2007,2020
0.5920,592,Rest,HAREKET,1,2016,1974,2008,1999,2027,2012
0.5930,593,Rest,HAREKET,1,2016,1974,2013,2019,2024,2034
0.5940,594,Rest,HAREKET,1,2012,1960,2001,2015,2035,2004
0.5950,595,Rest,HAREKET,1,2007,1975,2001,2004,2010,2020
0.5960,596,Rest,HAREKET,1,2006,1957,2008,2000,2036,2032
0.5970,597,Rest,HAREKET,1,2017,1971,2018,2004,2022,2026
0.5980,598,Rest,HAREKET,1,2010,1995,2003,2008,2024,2007
0.5990,599,Rest,HAREKET,1,2025,1960,2015,2023,2035,2013
0.6000,600,Rest,HAREKET,1,2026,1972,2016,2006,2024,2024
0.6010,601,Rest,HAREKET,1,2009,1971,2009,2000,2032,2033
0.6020,602,Rest,HAREKET,1,2018,1976,2010,2021,2034,2021
0.6030,603,Rest,HAREKET,1,2026,1972,2020,2006,2022,2029
0.6040,604,Rest,HAREKET,1,2020,1945,2007,2014,2034,2021
0.6050,605,Rest,HAREKET,1,2001,1956,1999,2000,2036,2030
0.6060,606,Rest,HAREKET,1,2027,1976,2026,2009,2014,2026
0.6070,607,Rest,HAREKET,1,2013,1974,2025,2019,2018,2015
0.6080,608,Rest,HAREKET,1,2010,1988,2015,1991,2034,2022
0.6090,609,Rest,HAREKET,1,2021,1959,2005,2021,2029,2032
0.6100,610,Rest,HAREKET,1,2030,1958,2016,1981,2027,2032
0.6110,611,Rest,HAREKET,1,2024,1960,2022,2001,2040,2035
0.6120,612,Rest,HAREKET,1,2014,1968,2016,2002,2024,2021
0.6130,613,Rest,HAREKET,1,2016,1962,2033,2001,2023,2021
0.6140,614,Rest,HAREKET,1,2014,1987,2030,2011,2034,2034
0.6150,615,Rest,HAREKET,1,2010,1973,2004,2005,2023,2015
0.6160,616,Rest,HAREKET,1,2034,1980,2020,2007,2036,2034
0.6170,617,Rest,HAREKET,1,2011,1970,2017,2009,2023,2015
0.6180,618,Rest,HAREKET,1,2000,1981,2000,1989,2019,2029
0.6190,619,Rest,HAREKET,1,2013,1976,2012,2002,2016,2041
0.6200,620,Rest,HAREKET,1,1994,1970,1997,2000,2038,2025
0.6210,621,Rest,HAREKET,1,2003,1982,2015,2007,2035,2025
0.6220,622,Rest,HAREKET,1,2005,1957,2028,2004,2024,2035
0.6230,623,Rest,HAREKET,1,2014,1968,1998,2000,2035,2035
0.6240,624,Rest,HAREKET,1,2023,1968,2004,1995,2053,2041
0.6250,625,Rest,HAREKET,1,2022,1970,2038,1985,2027,2052
0.6260,626,Rest,HAREKET,1,2010,1968,2014,1987,2019,2037
0.6270,627,Rest,HAREKET,1,2024,1988,2020,1992,2032,2029
0.6280,628,Rest,HAREKET,1,2011,1980,2020,1993,2037,2031
0.6290,629,Rest,HAREKET,1,2014,1987,2014,2023,2030,2031
0.6300,630,Rest,HAREKET,1,2007,1996,2016,1992,2014,2037
0.6310,631,Rest,HAREKET,1,2015,2012,2041,1985,2034,2027
0.6320,632,Rest,HAREKET,1,1997,1980,2009,2000,2062,2058
0.6330,633,Rest,HAREKET,1,2002,1964,2004,2005,2038,2010
0.6340,634,Rest,HAREKET,1,2004,1959,2023,1990,2060,2032
0.6350,635,Rest,HAREKET,1,2000,1999,2008,1990,2033,2019
0.6360,636,Rest,HAREKET,1,2014,1994,2020,2001,2024,2048
0.6370,637,Rest,HAREKET,1,2001,1986,2028,1992,2045,2024
0.6380,638,Rest,HAREKET,1,1999,1966,2015,1999,2022,2004
0.6390,639,Rest,HAREKET,1,2004,1983,2021,1999,2041,2031
0.6400,640,Rest,HAREKET,1,1990,1967,2024,2000,2059,2026
0.6410,641,Rest,HAREKET,1,2005,1987,2017,2011,2043,2026
0.6420,642,Rest,HAREKET,1,2014,1981,2026,1999,2030,2046
0.6430,643,Rest,HAREKET,1,1988,1965,2007,2021,2051,2022
0.6440,644,Rest,HAREKET,1,2017,1987,2014,2005,2054,2040
0.6450,645,Rest,HAREKET,1,2003,2005,2013,1997,2040,2040
0.6460,646,Rest,HAREKET,1,1989,1981,2020,2007,2020,2033
0.6470,647,Rest,HAREKET,1,1992,1984,2021,2005,2038,2018
0.6480,648,Rest,HAREKET,1,1993,1979,2029,1982,2037,2029
0.6490,649,Rest,HAREKET,1,1997,1989,2013,2003,2050,2008
0.6500,650,Rest,HAREKET,1,1996,1977,2014,1996,2033,2026
0.6510,651,Rest,HAREKET,1,1999,1999,2009,2003,2047,2043
0.6520,652,Rest,HAREKET,1,1993,1987,2010,1999,2062,2034
0.6530,653,Rest,HAREKET,1,1998,1996,2017,2007,2035,2028
0.6540,654,Rest,HAREKET,1,1999,1993,2009,1994,2040,2027
0.6550,655,Rest,HAREKET,1,1993,1978,1992,1991,2051,2036
0.6560,656,Rest,HAREKET,1,1999,1980,2016,2001,2042,2016
0.6570,657,Rest,HAREKET,1,1991,1991,2021,1985,2049,2046
0.6580,658,Rest,HAREKET,1,1978,1972,2006,2005,2041,2027
0.6590,659,Rest,HAREKET,1,1986,1952,2013,1973,2002,2058
0.6600,660,Rest,HAREKET,1,1989,1991,1999,1999,2049,2049
0.6610,661,Rest,HAREKET,1,2010,1991,2023,1997,2043,2028
0.6620,662,Rest,HAREKET,1,1988,1996,2015,1988,2040,2046
0.6630,663,Rest,HAREKET,1,2001,1998,2026,1989,2032,2055
0.6640,664,Rest,HAREKET,1,1991,1970,1995,2001,2028,2044
0.6650,665,Rest,HAREKET,1,1964,1997,2001,1988,2041,2043
0.6660,666,Rest,HAREKET,1,1976,1990,2018,1990,2016,2052
0.6670,667,Rest,HAREKET,1,1993,1992,2014,1985,2038,2056
0.6680,668,Rest,HAREKET,1,1998,1972,2023,2004,2031,2061
0.6690,669,Rest,HAREKET,1,1994,1970,1989,1982,2037,2049
0.6700,670,Rest,HAREKET,1,1977,1997,2000,1994,2042,2052
0.6710,671,Rest,HAREKET,1,1984,2014,2028,1994,2047,2030
0.6720,672,Rest,HAREKET,1,1971,1990,2000,1999,2035,2036
0.6730,673,Rest,HAREKET,1,1980,1988,2013,1995,2048,2040
0.6740,674,Rest,HAREKET,1,1976,1976,2014,1991,2038,2054
0.6750,675,Rest,HAREKET,1,1976,1990,2004,1968,2041,2040
0.6760,676,Rest,HAREKET,1,1988,1986,2000,1994,2043,2033
0.6770,677,Rest,HAREKET,1,1976,1979,2018,2008,2052,2041
0.6780,678,Rest,HAREKET,1,1984,1996,2022,1998,2035,2061
0.6790,679,Rest,HAREKET,1,1974,1987,2009,2012,2029,2044
0.6800,680,Rest,HAREKET,1,1980,1989,2010,1984,2047,2045
0.6810,681,Rest,HAREKET,1,1987,2019,2019,1972,2021,2049
0.6820,682,Rest,HAREKET,1,1965,1991,2007,1957,2043,2054
0.6830,683,Rest,HAREKET,1,1985,1996,2010,1975,2031,2045
0.6840,684,Rest,HAREKET,1,1971,1993,2014,1984,2038,2047
0.6850,685,Rest,HAREKET,1,1972,2012,2013,1989,2037,2050
0.6860,686,Rest,HAREKET,1,1989,1981,2005,1979,2042,2049
0.6870,687,Rest,HAREKET,1,1977,1994,2020,1986,2015,2056
0.6880,688,Rest,HAREKET,1,1978,1988,2017,1994,2023,2059
0.6890,689,Rest,HAREKET,1,1982,2003,2014,1981,2035,2049
0.6900,690,Rest,HAREKET,1,1978,1992,2016,1978,2046,2072
0.6910,691,Rest,HAREKET,1,1986,2013,2002,2003,2041,2059
0.6920,692,Rest,HAREKET,1,1975,2005,2015,1984,2021,2050
0.6930,693,Rest,HAREKET,1,1964,1988,2010,1980,2063,2045
0.6940,694,Rest,HAREKET,1,1982,2000,2030,1967,2024,2054
0.6950,695,Rest,HAREKET,1,1976,1983,2013,1976,2038,2043
0.6960,696,Rest,HAREKET,1,1967,1998,2026,1983,2044,2057
0.6970,697,Rest,HAREKET,1,1963,2018,2014,1956,2018,2046
0.6980,698,Rest,HAREKET,1,1969,1996,2022,1985,2012,2047
0.6990,699,Rest,HAREKET,1,1978,1995,2017,1988,2010,2059
0.7000,700,Rest,HAREKET,1,1982,2003,2012,1994,2025,2038
0.7010,701,Rest,HAREKET,1,1971,1999,2014,1992,2032,2026
0.7020,702,Rest,HAREKET,1,1968,1990,2013,1998,2042,2049
0.7030,703,Rest,HAREKET,1,1960,2007,2021,1971,2028,2039
0.7040,704,Rest,HAREKET,1,1973,1992,2021,1982,2015,2051
0.7050,705,Rest,HAREKET,1,1982,1998,2038,1980,2041,2040
0.7060,706,Rest,HAREKET,1,1960,2015,2004,1983,2033,2030
0.7070,707,Rest,HAREKET,1,1977,2032,2017,1969,2049,2045
0.7080,708,Rest,HAREKET,1,1997,2016,2032,1972,2038,2043
0.7090,709,Rest,HAREKET,1,1953,1994,2036,1982,2046,2058
0.7100,710,Rest,HAREKET,1,1982,2011,2052,1975,2050,2029
0.7110,711,Rest,HAREKET,1,1946,2000,2023,1975,2045,2047
0.7120,712,Rest,HAREKET,1,1977,2003,2043,1988,2024,2045
0.7130,713,Rest,HAREKET,1,1972,1997,2034,1976,2045,2049
0.7140,714,Rest,HAREKET,1,1968,2018,2027,1969,2038,2048
0.7150,715,Rest,HAREKET,1,1973,2007,2036,1994,2041,2044
0.7160,716,Rest,HAREKET,1,1970,2001,2030,1995,2038,2047
0.7170,717,Rest,HAREKET,1,1976,2030,2045,1968,2044,2032
0.7180,718,Rest,HAREKET,1,1980,2006,2030,1996,2048,2042
0.7190,719,Rest,HAREKET,1,1966,1987,2021,1981,2044,2035
0.7200,720,Rest,HAREKET,1,1977,1997,2020,1980,2037,2030
0.7210,721,Rest,HAREKET,1,1979,1998,2034,1991,2027,2055
0.7220,722,Rest,HAREKET,1,1973,1998,2034,1973,2053,2030
0.7230,723,Rest,HAREKET,1,1959,2036,2053,1979,2038,2022
0.7240,724,Rest,HAREKET,1,1975,2014,2023,1991,2059,2038
0.7250,725,Rest,HAREKET,1,1974,2016,2053,1974,2034,2025
0.7260,726,Rest,HAREKET,1,1973,2024,2028,1979,2046,2029
0.7270,727,Rest,HAREKET,1,1969,2004,2037,1967,2042,2060
0.7280,728,Rest,HAREKET,1,1959,2027,2039,1969,2043,2036
0.7290,729,Rest,HAREKET,1,1962,2017,2030,1969,2038,2030
0.7300,730,Rest,HAREKET,1,1975,2021,2031,1975,2056,2041
0.7310,731,Rest,HAREKET,1,1966,2027,2033,1973,2057,2049
0.7320,732,Rest,HAREKET,1,1990,2016,2021,1991,2058,2028
0.7330,733,Rest,HAREKET,1,1984,2036,2009,1983,2057,2019
0.7340,734,Rest,HAREKET,1,1976,2015,2037,1982,2032,2019
0.7350,735,Rest,HAREKET,1,1991,1988,2042,1978,2043,2017
0.7360,736,Rest,HAREKET,1,1983,1985,2042,1974,2053,2023
0.7370,737,Rest,HAREKET,1,1958,2025,2041,1980,2048,2032
0.7380,738,Rest,HAREKET,1,1967,2014,2036,1994,2061,2041
0.7390,739,Rest,HAREKET,1,1967,2009,2043,1948,2035,2025
0.7400,740,Rest,HAREKET,1,1964,2022,2026,1982,2059,2013
0.7410,741,Rest,HAREKET,1,1952,2005,2019,1964,2047,2031
0.7420,742,Rest,HAREKET,1,1984,2033,2037,1973,2051,2031
0.7430,743,Rest,HAREKET,1,1974,2037,2025,2006,2059,2009
0.7440,744,Rest,HAREKET,1,1974,2007,2014,1984,2070,2043
0.7450,745,Rest,HAREKET,1,1952,2028,2041,1984,2078,2058
0.7460,746,Rest,HAREKET,1,1968,2017,2025,1961,2040,2025
0.7470,747,Rest,HAREKET,1,1971,2019,2044,1964,2042,2035
0.7480,748,Rest,HAREKET,1,1953,2014,2055,1975,2036,2023
0.7490,749,Rest,HAREKET,1,1974,2042,2050,1994,2053,2025
0.7500,750,Rest,HAREKET,1,1972,1999,2038,1979,2035,2021
0.7510,751,Rest,HAREKET,1,1950,2004,2043,1995,2038,2017
0.7520,752,Rest,HAREKET,1,1978,2023,2032,1997,2056,2017
0.7530,753,Rest,HAREKET,1,1966,2043,2048,1980,2041,2012
0.7540,754,Rest,HAREKET,1,1959,1990,2036,1977,2045,2027
0.7550,755,Rest,HAREKET,1,1973,2014,2015,1967,2041,2036
0.7560,756,Rest,HAREKET,1,1963,2020,2025,1971,2054,2027
0.7570,757,Rest,HAREKET,1,1954,2012,2041,1976,2016,2036
0.7580,758,Rest,HAREKET,1,1965,2019,2055,1970,2045,2029
0.7590,759,Rest,HAREKET,1,1964,2000,2038,1971,2059,2038
0.7600,760,Rest,HAREKET,1,1943,2016,2015,1975,2058,2029
0.7610,761,Rest,HAREKET,1,1965,2036,2041,1969,2018,2035
0.7620,762,Rest,HAREKET,1,1960,2009,2019,1987,2067,2025
0.7630,763,Rest,HAREKET,1,1979,2018,2030,1989,2062,2018
0.7640,764,Rest,HAREKET,1,1970,2008,2036,1985,2092,2022
0.7650,765,Rest,HAREKET,1,1960,2011,2040,2003,2052,2040
0.7660,766,Rest,HAREKET,1,1987,2025,2012,1988,2046,2045
0.7670,767,Rest,HAREKET,1,1975,2011,2033,1994,2028,2029
0.7680,768,Rest,HAREKET,1,1959,2020,2022,1971,2035,2020
0.7690,769,Rest,HAREKET,1,1989,2008,2060,1979,2076,2018
0.7700,770,Rest,HAREKET,1,1977,2011,2059,1977,2032,2025
0.7710,771,Rest,HAREKET,1,1987,2025,2053,1979,2057,2045
0.7720,772,Rest,HAREKET,1,1974,2017,2021,1978,2023,2035
0.7730,773,Rest,HAREKET,1,1948,2009,2026,1979,2075,2042
0.7740,774,Rest,HAREKET,1,1965,2048,2032,1979,2052,2037
0.7750,775,Rest,HAREKET,1,1962,2017,2031,1983,2026,2027
0.7760,776,Rest,HAREKET,1,1982,2007,2022,1954,2030,2041
0.7770,777,Rest,HAREKET,1,1962,2017,2019,1959,2059,2032
0.7780,778,Rest,HAREKET,1,1970,2008,2042,1971,2042,1999
0.7790,779,Rest,HAREKET,1,1965,2008,2035,1992,2054,2028
0.7800,780,Rest,HAREKET,1,1988,2009,2045,1974,2017,2026
0.7810,781,Rest,HAREKET,1,1961,2018,2048,1969,2042,2030
0.7820,782,Rest,HAREKET,1,1972,2002,2044,1977,2049,2035
0.7830,783,Rest,HAREKET,1,1976,2000,2018,1959,2027,2042
0.7840,784,Rest,HAREKET,1,1962,1987,2043,1963,2049,2049
0.7850,785,Rest,HAREKET,1,1964,1971,2025,1982,2037,2048
0.7860,786,Rest,HAREKET,1,1965,2015,2051,1984,2025,2053
0.7870,787,Rest,HAREKET,1,1969,2004,2033,1956,2019,2043
0.7880,788,Rest,HAREKET,1,1972,2002,2050,1980,2043,2033
0.7890,789,Rest,HAREKET,1,1971,2012,2035,1985,2057,2042
0.7900,790,Rest,HAREKET,1,1985,2009,2048,1954,2036,2031
0.7910,791,Rest,HAREKET,1,1983,2008,2049,1986,2058,2039
0.7920,792,Rest,HAREKET,1,1975,2014,2057,1970,2047,2024
0.7930,793,Rest,HAREKET,1,1969,2021,2057,1947,2052,2034
0.7940,794,Rest,HAREKET,1,1965,1997,2054,1970,2044,2027
0.7950,795,Rest,HAREKET,1,1971,2014,2051,1983,2042,2009
0.7960,796,Rest,HAREKET,1,1977,2017,2033,2003,2024,2051
0.7970,797,Rest,HAREKET,1,1975,2007,2037,1979,2037,2027
0.7980,798,Rest,HAREKET,1,1988,2000,2027,1974,2020,2021
0.7990,799,Rest,HAREKET,1,1990,2021,2051,1964,2036,2025
0.8000,800,Rest,HAREKET,1,1978,2023,2042,1982,2041,2059
0.8010,801,Rest,HAREKET,1,1972,2018,2060,1970,2031,2050
0.8020,802,Rest,HAREKET,1,1982,2022,2039,1959,2027,2035
0.8030,803,Rest,HAREKET,1,1990,2014,2035,1953,2037,2025
0.8040,804,Rest,HAREKET,1,1975,1986,2060,1956,2061,2028
0.8050,805,Rest,HAREKET,1,1979,2018,2056,1970,2031,2015
0.8060,806,Rest,HAREKET,1,1984,2007,2034,1990,2043,2019
0.8070,807,Rest,HAREKET,1,1973,2023,2047,1969,2047,2031
0.8080,808,Rest,HAREKET,1,1962,2013,2036,1948,2034,2011
0.8090,809,Rest,HAREKET,1,1986,2038,2033,1963,2032,2019
0.8100,810,Rest,HAREKET,1,1982,1989,2037,1953,2033,2027
0.8110,811,Rest,HAREKET,1,1988,2024,2040,1974,2037,2021
0.8120,812,Rest,HAREKET,1,1983,2026,2048,1945,2032,2029
0.8130,813,Rest,HAREKET,1,1982,2034,2019,1967,2040,2034
0.8140,814,Rest,HAREKET,1,1969,2021,2042,1956,2022,2012
0.8150,815,Rest,HAREKET,1,1983,2001,2043,1968,2040,2031
0.8160,816,Rest,HAREKET,1,1979,2029,2021,1966,2053,2037
0.8170,817,Rest,HAREKET,1,1971,2007,2062,1960,2017,2017
0.8180,818,Rest,HAREKET,1,1972,2027,2035,1977,2022,2016
0.8190,819,Rest,HAREKET,1,1983,2036,2043,1954,2029,2022
0.8200,820,Rest,HAREKET,1,1977,2029,2029,1979,2024,2031
0.8210,821,Rest,HAREKET,1,1990,2035,2032,1946,2016,2018
0.8220,822,Rest,HAREKET,1,1968,2050,2056,1971,2035,2029
0.8230,823,Rest,HAREKET,1,1973,2032,2046,1972,2044,2006
0.8240,824,Rest,HAREKET,1,1994,2013,2033,1972,2037,2025
0.8250,825,Rest,HAREKET,1,1974,2026,2043,1975,2018,2022
0.8260,826,Rest,HAREKET,1,1986,2019,2032,1961,2031,2000
0.8270,827,Rest,HAREKET,1,1996,2040,2026,1955,2042,2045
0.8280,828,Rest,HAREKET,1,1986,1996,2047,1978,2048,2011
0.8290,829,Rest,HAREKET,1,1982,2020,2034,1961,2051,2031
0.8300,830,Rest,HAREKET,1,1990,2031,2037,1964,2032,2018
0.8310,831,Rest,HAREKET,1,1975,2038,2050,1978,2027,2032
0.8320,832,Rest,HAREKET,1,1966,2024,2050,1952,2032,2031
0.8330,833,Rest,HAREKET,1,1976,2014,2029,1963,2029,2009
0.8340,834,Rest,HAREKET,1,1986,2021,2024,1967,2022,2037
0.8350,835,Rest,HAREKET,1,1977,2024,2046,1968,2041,2006
0.8360,836,Rest,HAREKET,1,1969,2031,2033,1956,2040,2046
0.8370,837,Rest,HAREKET,1,2007,2037,2043,1965,2044,2015
0.8380,838,Rest,HAREKET,1,1972,2025,2054,1985,2034,2023
0.8390,839,Rest,HAREKET,1,1992,2057,2043,1975,2035,2012
0.8400,840,Rest,HAREKET,1,1959,1997,2045,1962,2024,2016
0.8410,841,Rest,HAREKET,1,1991,2007,2024,1970,2036,2037
0.8420,842,Rest,HAREKET,1,1973,2013,2036,1961,2046,2017
0.8430,843,Rest,HAREKET,1,1987,2023,2027,1962,2026,2024
0.8440,844,Rest,HAREKET,1,1981,2039,2026,1968,2038,2020
0.8450,845,Rest,HAREKET,1,1970,2043,2055,1980,2028,2022
0.8460,846,Rest,HAREKET,1,1970,2034,2033,1976,2016,2023
0.8470,847,Rest,HAREKET,1,1994,2020,2023,1958,2033,1990
0.8480,848,Rest,HAREKET,1,1973,2031,2022,1976,2032,2037
0.8490,849,Rest,HAREKET,1,1958,2020,2029,1959,2041,2030
0.8500,850,Rest,HAREKET,1,1982,2040,2034,1958,2030,2019
0.8510,851,Rest,HAREKET,1,1976,2067,2007,1979,2030,2038
0.8520,852,Rest,HAREKET,1,1978,2041,2040,1978,2031,2036
0.8530,853,Rest,HAREKET,1,1980,2047,2043,1966,2031,2035
0.8540,854,Rest,HAREKET,1,1969,2019,2033,1958,2034,2031
0.8550,855,Rest,HAREKET,1,1959,2038,2013,1965,2006,2011
0.8560,856,Rest,HAREKET,1,1986,2036,2042,1973,2033,2012
0.8570,857,Rest,HAREKET,1,1978,2018,2020,1966,2014,2018
0.8580,858,Rest,HAREKET,1,1989,2028,2033,1947,2012,2027
0.8590,859,Rest,HAREKET,1,1977,2046,2006,1959,2019,2004
0.8600,860,Rest,HAREKET,1,1960,2028,2009,1968,2001,2029
0.8610,861,Rest,HAREKET,1,1978,2020,2018,1953,2025,2012
0.8620,862,Rest,HAREKET,1,1965,2032,2019,1968,2008,2033
0.8630,863,Rest,HAREKET,1,1960,2033,2034,1954,2023,2029
0.8640,864,Rest,HAREKET,1,1984,2027,2011,1974,2026,2014
0.8650,865,Rest,HAREKET,1,1971,2033,2008,1990,2031,2016
0.8660,866,Rest,HAREKET,1,1984,2062,2012,1976,2007,2006
0.8670,867,Rest,HAREKET,1,1966,2029,2025,1983,2021,2010
0.8680,868,Rest,HAREKET,1,1972,2041,2008,1975,2028,2037
0.8690,869,Rest,HAREKET,1,1973,2045,2021,1963,2005,2028
0.8700,870,Rest,HAREKET,1,1972,2025,2021,1978,2003,2020
0.8710,871,Rest,HAREKET,1,1967,2055,2002,1973,2023,2025
0.8720,872,Rest,HAREKET,1,1975,2053,2025,1959,2016,2036
0.8730,873,Rest,HAREKET,1,1969,2037,2003,1969,2028,2018
0.8740,874,Rest,HAREKET,1,1967,2042,2002,1970,2010,2013
0.8750,875,Rest,HAREKET,1,1962,2027,2017,1982,2027,2043
0.8760,876,Rest,HAREKET,1,1972,2026,2012,1976,2010,2024
0.8770,877,Rest,HAREKET,1,1983,2047,2001,1981,2012,2015
0.8780,878,Rest,HAREKET,1,1967,2028,2025,1994,2013,2001
0.8790,879,Rest,HAREKET,1,1961,2052,1996,1963,2022,2002
0.8800,880,Rest,HAREKET,1,1978,2040,2016,1967,2002,2015
0.8810,881,Rest,HAREKET,1,1968,2025,2018,1982,2007,2025
0.8820,882,Rest,HAREKET,1,1982,2041,2020,1965,2006,2028
0.8830,883,Rest,HAREKET,1,1963,2027,2003,1971,2016,2020
0.8840,884,Rest,HAREKET,1,1976,2016,2010,1978,2019,2024
0.8850,885,Rest,HAREKET,1,1992,2047,2004,1987,1998,2018
0.8860,886,Rest,HAREKET,1,1973,2070,2018,1975,2009,2045
0.8870,887,Rest,HAREKET,1,1989,2012,2014,1969,1991,2020
0.8880,888,Rest,HAREKET,1,1958,2045,2033,1973,1995,2008
0.8890,889,Rest,HAREKET,1,1977,2015,2019,1989,2010,2020
0.8900,890,Rest,HAREKET,1,1961,2046,2006,1992,1999,2027
0.8910,891,Rest,HAREKET,1,1967,2048,2020,1976,1994,2028
0.8920,892,Rest,HAREKET,1,1994,2034,2009,1989,1988,2021
0.8930,893,Rest,HAREKET,1,1986,2029,2021,1986,1975,2014
0.8940,894,Rest,HAREKET,1,1990,2039,2026,1974,1996,2012
0.8950,895,Rest,HAREKET,1,1965,2055,2000,1984,2002,2000
0.8960,896,Rest,HAREKET,1,1970,2048,2024,1964,2007,1990
0.8970,897,Rest,HAREKET,1,1974,2021,2018,1963,2000,2027
0.8980,898,Rest,HAREKET,1,1992,2035,2024,1978,2018,1998
0.8990,899,Rest,HAREKET,1,1963,2053,2024,1964,2004,1993
0.9000,900,Rest,HAREKET,1,1976,2056,2002,1992,2001,2015
0.9010,901,Rest,HAREKET,1,1985,2059,2010,1979,1989,2018
0.9020,902,Rest,HAREKET,1,1983,2049,2009,1985,1995,2026
0.9030,903,Rest,HAREKET,1,1975,2047,2011,1966,1998,2007
0.9040,904,Rest,HAREKET,1,1972,2042,2032,1977,1996,2007
0.9050,905,Rest,HAREKET,1,1970,2040,2027,1982,1996,1986
0.9060,906,Rest,HAREKET,1,1972,2031,2020,1970,2021,2006
0.9070,907,Rest,HAREKET,1,1983,2029,2006,1977,1993,2015
0.9080,908,Rest,HAREKET,1,1965,2027,1998,1995,1986,2011
0.9090,909,Rest,HAREKET,1,1981,2045,2000,1975,1989,1993
0.9100,910,Rest,HAREKET,1,1972,2015,2020,1988,1992,2028
0.9110,911,Rest,HAREKET,1,1975,2047,2020,1985,1989,2013
0.9120,912,Rest,HAREKET,1,1982,2031,2003,1962,2008,2014
0.9130,913,Rest,HAREKET,1,1994,2031,2003,1980,2004,2005
0.9140,914,Rest,HAREKET,1,1986,2039,2023,1981,1999,1982
0.9150,915,Rest,HAREKET,1,1968,2050,2023,1989,1993,2002
0.9160,916,Rest,HAREKET,1,1997,2079,2014,1986,1992,2003
0.9170,917,Rest,HAREKET,1,2000,2041,2020,1994,2006,1999
0.9180,918,Rest,HAREKET,1,1987,2016,2027,1968,2015,1983
0.9190,919,Rest,HAREKET,1,1986,2021,2036,1979,2008,1985
0.9200,920,Rest,HAREKET,1,1969,2043,2029,1982,1998,1992
0.9210,921,Rest,HAREKET,1,1978,2046,2010,1995,2001,1992
0.9220,922,Rest,HAREKET,1,1992,2049,2000,1971,1995,1985
0.9230,923,Rest,HAREKET,1,1987,2065,2022,1992,1991,1999
0.9240,924,Rest,HAREKET,1,1972,2052,2038,1979,2020,1977
0.9250,925,Rest,HAREKET,1,1978,2039,2019,1994,2025,1994
0.9260,926,Rest,HAREKET,1,2006,2036,2001,2004,1997,2005
0.9270,927,Rest,HAREKET,1,1994,2064,2002,1978,2002,1995
0.9280,928,Rest,HAREKET,1,1996,2068,1995,1985,2013,1986
0.9290,929,Rest,HAREKET,1,1988,2042,1988,1969,2013,1990
0.9300,930,Rest,HAREKET,1,2001,2033,1998,1990,2017,1979
0.9310,931,Rest,HAREKET,1,1983,2034,1986,1977,1998,1993
0.9320,932,Rest,HAREKET,1,1986,2064,2000,1982,2036,2007
0.9330,933,Rest,HAREKET,1,2003,2044,2011,1993,2034,1996
0.9340,934,Rest,HAREKET,1,1979,2033,2014,1987,1997,1999
0.9350,935,Rest,HAREKET,1,1997,2050,2022,1988,1992,1974
0.9360,936,Rest,HAREKET,1,1996,2054,2024,1991,2002,1991
0.9370,937,Rest,HAREKET,1,1987,2051,2011,1976,2022,1978
0.9380,938,Rest,HAREKET,1,1994,2043,2001,2003,2016,1987
0.9390,939,Rest,HAREKET,1,1999,2045,2012,1984,2017,1966
0.9400,940,Rest,HAREKET,1,1982,2052,2002,2008,2004,1993
0.9410,941,Rest,HAREKET,1,2001,2044,1989,1979,2023,2001
0.9420,942,Rest,HAREKET,1,1977,2056,1994,2008,1987,2001
0.9430,943,Rest,HAREKET,1,1993,2060,2001,1982,2017,1991
0.9440,944,Rest,HAREKET,1,2005,2051,1995,1989,2016,1982
0.9450,945,Rest,HAREKET,1,2008,2048,2008,2009,2020,1986
0.9460,946,Rest,HAREKET,1,1982,2028,2026,2004,2004,1975
0.9470,947,Rest,HAREKET,1,1995,2063,2010,2011,2003,2000
0.9480,948,Rest,HAREKET,1,2006,2043,2002,2001,2004,1973
0.9490,949,Rest,HAREKET,1,2006,2030,2008,2012,2023,1975
0.9500,950,Rest,HAREKET,1,1973,2059,1990,2013,1996,1972
0.9510,951,Rest,HAREKET,1,2013,2051,1988,2007,2007,1973
0.9520,952,Rest,HAREKET,1,1984,2044,2007,2001,2004,1976
0.9530,953,Rest,HAREKET,1,1989,2056,1990,2013,2007,1979
0.9540,954,Rest,HAREKET,1,1985,2063,1990,2010,1995,1963
0.9550,955,Rest,HAREKET,1,1997,2056,2010,2007,2000,1986
0.9560,956,Rest,HAREKET,1,1989,2050,2002,2013,1995,1967
0.9570,957,Rest,HAREKET,1,1993,2039,1989,1999,2017,1976
0.9580,958,Rest,HAREKET,1,1980,2024,2020,2019,2002,1989
0.9590,959,Rest,HAREKET,1,1969,2039,2003,2000,1997,1967
0.9600,960,Rest,HAREKET,1,2003,2050,1980,2015,1999,1998
0.9610,961,Rest,HAREKET,1,2006,2034,1994,2011,2018,1973
0.9620,962,Rest,HAREKET,1,1994,2040,1998,2005,1989,1978
0.9630,963,Rest,HAREKET,1,1997,2056,2012,1987,1998,1977
0.9640,964,Rest,HAREKET,1,1982,2050,2012,1995,1990,1976
0.9650,965,Rest,HAREKET,1,1998,2030,2002,2008,1992,1970
0.9660,966,Rest,HAREKET,1,1991,2021,1982,2009,2010,1994
0.9670,967,Rest,HAREKET,1,1984,2034,1972,2001,1987,2000
0.9680,968,Rest,HAREKET,1,1986,2018,1979,1992,2011,1987
0.9690,969,Rest,HAREKET,1,1987,2039,2009,2018,2025,1977
0.9700,970,Rest,HAREKET,1,1988,2030,1997,2015,2013,1977
0.9710,971,Rest,HAREKET,1,1989,2032,1990,2007,2005,1986
0.9720,972,Rest,HAREKET,1,2014,2048,2009,1998,1994,1998
0.9730,973,Rest,HAREKET,1,1996,2023,2001,1998,1997,1970
0.9740,974,Rest,HAREKET,1,1988,2008,2006,2008,1995,1981
0.9750,975,Rest,HAREKET,1,2017,2019,2009,2006,1986,1999
0.9760,976,Rest,HAREKET,1,1989,2031,2001,2008,1987,1975
0.9770,977,Rest,HAREKET,1,1996,2041,2002,2006,2000,1985
0.9780,978,Rest,HAREKET,1,2005,2044,1994,2000,1993,1989
0.9790,979,Rest,HAREKET,1,2024,2034,2002,2004,2021,1970
0.9800,980,Rest,HAREKET,1,2015,2032,2002,2017,1983,1975
0.9810,981,Rest,HAREKET,1,2006,2012,1983,2002,2007,1988
0.9820,982,Rest,HAREKET,1,1995,2016,1993,2014,1998,1971
0.9830,983,Rest,HAREKET,1,1988,2027,1986,1993,1991,1985
0.9840,984,Rest,HAREKET,1,1985,2024,1994,2016,1994,1977
0.9850,985,Rest,HAREKET,1,2012,2047,2006,2023,1989,1999
0.9860,986,Rest,HAREKET,1,2001,2037,1994,2006,1987,1986
0.9870,987,Rest,HAREKET,1,1992,2019,1990,1999,2003,1974
0.9880,988,Rest,HAREKET,1,2003,2020,1992,2027,1990,1971
0.9890,989,Rest,HAREKET,1,2017,2027,2006,2000,1984,1973
0.9900,990,Rest,HAREKET,1,2010,2022,1995,1994,1994,1989
0.9910,991,Rest,HAREKET,1,2019,1999,2007,2012,2011,1997
0.9920,992,Rest,HAREKET,1,1996,2030,1987,2000,1982,1985
0.9930,993,Rest,HAREKET,1,1989,2011,1998,2000,2003,1985
0.9940,994,Rest,HAREKET,1,2022,1997,2008,2008,1987,1977
0.9950,995,Rest,HAREKET,1,2002,2021,1999,2000,2016,1984
0.9960,996,Rest,HAREKET,1,2007,2017,1992,1994,1981,1982
0.9970,997,Rest,HAREKET,1,2033,2026,2001,1998,1983,1978
0.9980,998,Rest,HAREKET,1,2017,2036,2001,1989,1980,1974
0.9990,999,Rest,HAREKET,1,2021,2008,2003,1983,1986,1981
1.0000,1000,Fist,HAREKET,1,2835,2854,2814,2868,2795,2845
1.0010,1001,Fist,HAREKET,1,2840,3005,2788,2844,2715,2921
1.0020,1002,Fist,HAREKET,1,2735,2902,2767,2766,2847,2807
1.0030,1003,Fist,HAREKET,1,2770,2909,2831,2743,2953,2757
1.0040,1004,Fist,HAREKET,1,2948,2960,2841,2736,2857,2990
1.0050,1005,Fist,HAREKET,1,2932,2778,2817,2825,2865,2834
1.0060,1006,Fist,HAREKET,1,2649,2907,2878,2814,3039,2799
1.0070,1007,Fist,HAREKET,1,2723,2834,2883,2790,2926,2970
1.0080,1008,Fist,HAREKET,1,2787,2821,2762,2895,2901,2801
1.0090,1009,Fist,HAREKET,1,2778,2884,2754,2851,2859,3064
1.0100,1010,Fist,HAREKET,1,2779,2870,2732,2872,2971,2899
1.0110,1011,Fist,HAREKET,1,2700,2813,2739,2788,2949,2871
1.0120,1012,Fist,HAREKET,1,2668,2809,2863,2802,2793,2948
1.0130,1013,Fist,HAREKET,1,2810,2741,2679,2903,3018,2839
1.0140,1014,Fist,HAREKET,1,2766,2990,2825,2868,2707,2845
1.0150,1015,Fist,HAREKET,1,2781,2990,2733,2938,2857,2722
1.0160,1016,Fist,HAREKET,1,2847,3052,2827,2839,2815,2854
1.0170,1017,Fist,HAREKET,1,2824,2918,2849,2876,2854,2851
1.0180,1018,Fist,HAREKET,1,2909,2903,2942,2847,2919,2903
1.0190,1019,Fist,HAREKET,1,2768,3072,2776,2645,2824,2881
1.0200,1020,Fist,HAREKET,1,2729,3078,2849,2782,2624,2670
1.0210,1021,Fist,HAREKET,1,2684,3068,2774,2759,2773,2885
1.0220,1022,Fist,HAREKET,1,2774,3002,2835,2781,2878,2830
1.0230,1023,Fist,HAREKET,1,2966,2944,2980,2694,2775,3000
1.0240,1024,Fist,HAREKET,1,2763,2847,2911,2775,2882,2883
1.0250,1025,Fist,HAREKET,1,2831,2843,2827,2771,2937,2967
1.0260,1026,Fist,HAREKET,1,2827,2848,2668,2791,2863,2883
1.0270,1027,Fist,HAREKET,1,2823,3010,2874,2772,2816,3001
1.0280,1028,Fist,HAREKET,1,2796,2808,2760,2822,2957,2919
1.0290,1029,Fist,HAREKET,1,2761,2944,2913,2826,3145,2984
1.0300,1030,Fist,HAREKET,1,2677,2779,2733,2784,2922,2945
1.0310,1031,Fist,HAREKET,1,2682,2839,2685,2773,2883,2958
1.0320,1032,Fist,HAREKET,1,2620,2675,2670,2930,2819,2917
1.0330,1033,Fist,HAREKET,1,2596,2794,2747,2956,2761,2962
1.0340,1034,Fist,HAREKET,1,2693,2818,2801,2726,2733,2856
1.0350,1035,Fist,HAREKET,1,2817,2694,2827,2974,2741,2884
1.0360,1036,Fist,HAREKET,1,2571,2789,2842,2969,2776,2898
1.0370,1037,Fist,HAREKET,1,2733,2866,2872,2906,3022,2890
1.0380,1038,Fist,HAREKET,1,2667,2925,2807,2996,2817,2775
1.0390,1039,Fist,HAREKET,1,2734,3062,2844,2843,2851,2927
1.0400,1040,Fist,HAREKET,1,2819,3140,2752,2716,2753,2983
1.0410,1041,Fist,HAREKET,1,2734,3078,2865,2652,2674,2815
1.0420,1042,Fist,HAREKET,1,2746,3031,2739,2790,2992,2798
1.0430,1043,Fist,HAREKET,1,2733,3095,2857,2680,2740,2845
1.0440,1044,Fist,HAREKET,1,2834,2984,2843,2860,2796,2892
1.0450,1045,Fist,HAREKET,1,2814,2875,2987,2695,2804,2988
1.0460,1046,Fist,HAREKET,1,2686,2909,2898,2770,2770,2724
1.0470,1047,Fist,HAREKET,1,2891,2954,2908,2784,2888,3005
1.0480,1048,Fist,HAREKET,1,2868,2941,2867,2781,2884,3009
1.0490,1049,Fist,HAREKET,1,2627,2814,2849,2769,3018,2995
1.0500,1050,Fist,HAREKET,1,2767,2880,2779,2806,2928,2956
1.0510,1051,Fist,HAREKET,1,2755,2924,2816,2854,3002,2929
1.0520,1052,Fist,HAREKET,1,2798,2855,2742,2835,2970,2928
1.0530,1053,Fist,HAREKET,1,2744,2828,2644,2817,3013,2920
1.0540,1054,Fist,HAREKET,1,2749,2691,2824,2717,2845,2866
1.0550,1055,Fist,HAREKET,1,2787,2828,2774,2842,2914,2860
1.0560,1056,Fist,HAREKET,1,2732,2958,2725,2765,2974,2956
1.0570,1057,Fist,HAREKET,1,2761,2826,2867,2822,2830,2815
1.0580,1058,Fist,HAREKET,1,2770,2854,2790,2862,2721,2852
1.0590,1059,Fist,HAREKET,1,2775,2871,2812,2788,2832,2829
1.0600,1060,Fist,HAREKET,1,2847,2964,2887,2834,2816,2924
1.0610,1061,Fist,HAREKET,1,2773,2941,2734,2859,2961,2899
1.0620,1062,Fist,HAREKET,1,2742,3108,2920,2768,2811,2755
1.0630,1063,Fist,HAREKET,1,2691,2951,2810,2727,2913,2964
1.0640,1064,Fist,HAREKET,1,2683,2998,2775,2846,2850,2931
1.0650,1065,Fist,HAREKET,1,2836,3077,2800,2639,2838,2882
1.0660,1066,Fist,HAREKET,1,2829,2984,2910,2785,2782,2846
1.0670,1067,Fist,HAREKET,1,2887,2880,2728,2821,2786,2828
1.0680,1068,Fist,HAREKET,1,2815,2861,2846,2823,2875,2862
1.0690,1069,Fist,HAREKET,1,2810,2991,2778,2722,2914,2844
1.0700,1070,Fist,HAREKET,1,2660,2901,2762,2731,2889,2861
1.0710,1071,Fist,HAREKET,1,2893,3055,2900,2769,2897,2750
1.0720,1072,Fist,HAREKET,1,2868,2872,2727,2802,2981,2912
1.0730,1073,Fist,HAREKET,1,2708,2929,2821,2654,3041,2897
1.0740,1074,Fist,HAREKET,1,2737,2963,2725,2767,2951,3006
1.0750,1075,Fist,HAREKET,1,2663,2780,2711,2802,2876,3031
1.0760,1076,Fist,HAREKET,1,2644,2882,2777,2814,2897,2877
1.0770,1077,Fist,HAREKET,1,2694,2867,2774,2894,2867,2985
1.0780,1078,Fist,HAREKET,1,2718,2897,2782,2943,2958,2888
1.0790,1079,Fist,HAREKET,1,2688,2994,2745,2876,2808,2907
1.0800,1080,Fist,HAREKET,1,2783,2860,2740,2881,2696,2983
1.0810,1081,Fist,HAREKET,1,2811,2893,2836,2863,2869,2839
1.0820,1082,Fist,HAREKET,1,2814,2854,2753,2842,2842,2803
1.0830,1083,Fist,HAREKET,1,2869,3134,2899,2798,2841,2835
1.0840,1084,Fist,HAREKET,1,2888,2985,2953,2717,2993,2876
1.0850,1085,Fist,HAREKET,1,2832,3055,2843,2771,2760,2950
1.0860,1086,Fist,HAREKET,1,2825,2874,2850,2876,2828,2707
1.0870,1087,Fist,HAREKET,1,2704,2997,2932,2744,2751,2787
1.0880,1088,Fist,HAREKET,1,2705,2971,2839,2738,2924,2800
1.0890,1089,Fist,HAREKET,1,2712,2883,2816,2750,2956,2907
1.0900,1090,Fist,HAREKET,1,2760,2984,2828,2759,2858,2979
1.0910,1091,Fist,HAREKET,1,2786,2900,2800,2762,3035,2782
1.0920,1092,Fist,HAREKET,1,2838,3024,2655,2812,2925,2963
1.0930,1093,Fist,HAREKET,1,2814,3009,2759,2638,2915,3026
1.0940,1094,Fist,HAREKET,1,2759,2948,2956,2645,2875,2947
1.0950,1095,Fist,HAREKET,1,2859,2778,2731,2778,2917,2931
1.0960,1096,Fist,HAREKET,1,2715,2947,2844,2716,2850,3021
1.0970,1097,Fist,HAREKET,1,2743,2763,2860,2794,2935,2959
1.0980,1098,Fist,HAREKET,1,2799,2840,2776,2729,2983,2996
1.0990,1099,Fist,HAREKET,1,2582,2986,2615,2699,2965,3011
1.1000,1100,Fist,HAREKET,1,2770,2980,2781,2874,2757,3021
1.1010,1101,Fist,HAREKET,1,2793,2929,2743,2948,2761,2878
1.1020,1102,Fist,HAREKET,1,2678,2999,2763,2809,2746,2738
1.1030,1103,Fist,HAREKET,1,2777,2862,2952,2889,2765,2942
1.1040,1104,Fist,HAREKET,1,2811,2867,2849,2928,2967,2864
1.1050,1105,Fist,HAREKET,1,2866,2879,2793,2833,2782,2898
1.1060,1106,Fist,HAREKET,1,2835,2970,3091,2745,2905,2898
1.1070,1107,Fist,HAREKET,1,2882,2946,2857,2670,2825,2952
1.1080,1108,Fist,HAREKET,1,2781,2937,2766,2830,2952,2654
1.1090,1109,Fist,HAREKET,1,2815,2975,2877,2762,2908,2964
1.1100,1110,Fist,HAREKET,1,2749,2906,3000,2730,2928,2945
1.1110,1111,Fist,HAREKET,1,2787,2884,2769,2640,2980,2772
1.1120,1112,Fist,HAREKET,1,2902,2947,2978,2715,2909,2822
1.1130,1113,Fist,HAREKET,1,2956,3004,2812,2579,2874,2822
1.1140,1114,Fist,HAREKET,1,2831,2847,2738,2785,2876,3020
1.1150,1115,Fist,HAREKET,1,2871,2871,2932,2841,3007,2869
1.1160,1116,Fist,HAREKET,1,2924,3049,2823,2763,2973,3028
1.1170,1117,Fist,HAREKET,1,2750,2802,2821,2720,3042,3016
1.1180,1118,Fist,HAREKET,1,2638,2787,2953,2772,2971,2988
1.1190,1119,Fist,HAREKET,1,2716,2893,2904,2679,2952,3042
1.1200,1120,Fist,HAREKET,1,2900,2916,2728,2798,2870,2988
1.1210,1121,Fist,HAREKET,1,2835,2935,2755,2778,2755,2814
1.1220,1122,Fist,HAREKET,1,2695,2787,2900,2736,2864,2930
1.1230,1123,Fist,HAREKET,1,2568,2833,2730,2897,2884,2776
1.1240,1124,Fist,HAREKET,1,2900,2830,2771,2830,2870,2874
1.1250,1125,Fist,HAREKET,1,2763,2924,2765,2769,2751,2744
1.1260,1126,Fist,HAREKET,1,2628,3053,2740,2903,2846,2932
1.1270,1127,Fist,HAREKET,1,2917,2927,2819,2910,2853,2868
1.1280,1128,Fist,HAREKET,1,2754,2861,2917,2833,2916,2956
1.1290,1129,Fist,HAREKET,1,2784,3099,3005,2840,2822,2866
1.1300,1130,Fist,HAREKET,1,2909,3063,2815,2709,2780,2815
1.1310,1131,Fist,HAREKET,1,2832,2986,2961,2644,2895,2909
1.1320,1132,Fist,HAREKET,1,2823,3072,2789,2781,2807,2908
1.1330,1133,Fist,HAREKET,1,2795,3123,3070,2755,2946,2722
1.1340,1134,Fist,HAREKET,1,2867,2983,2758,2724,2917,2809
1.1350,1135,Fist,HAREKET,1,2961,2983,2813,2836,2808,2837
1.1360,1136,Fist,HAREKET,1,3028,2804,2774,2709,2838,2869
1.1370,1137,Fist,HAREKET,1,2994,2836,2759,2814,2837,2802
1.1380,1138,Fist,HAREKET,1,2818,2890,2868,2836,3033,2884
1.1390,1139,Fist,HAREKET,1,2754,2981,2849,2800,2974,3041
1.1400,1140,Fist,HAREKET,1,2798,2990,2808,2737,2946,2987
1.1410,1141,Fist,HAREKET,1,2647,2843,2753,2669,2939,3017
1.1420,1142,Fist,HAREKET,1,2811,2867,2890,2806,2993,3052
1.1430,1143,Fist,HAREKET,1,2643,2993,2769,2752,2868,2890
1.1440,1144,Fist,HAREKET,1,2515,2908,2841,2791,2877,2941
1.1450,1145,Fist,HAREKET,1,2688,2979,2843,2873,2908,2788
1.1460,1146,Fist,HAREKET,1,2720,2895,2840,2733,2787,2948
1.1470,1147,Fist,HAREKET,1,2776,2847,2857,2735,2789,3013
1.1480,1148,Fist,HAREKET,1,2773,2844,2889,2983,2983,2763
1.1490,1149,Fist,HAREKET,1,2743,2914,2761,2831,2874,2743
1.1500,1150,Fist,HAREKET,1,2760,2951,2934,2628,2808,2900
1.1510,1151,Fist,HAREKET,1,2853,3018,2945,2741,2924,3021
1.1520,1152,Fist,HAREKET,1,2914,3038,2777,2797,2958,2870
1.1530,1153,Fist,HAREKET,1,2772,2922,2821,2831,2810,2790
1.1540,1154,Fist,HAREKET,1,2834,2878,2853,2726,2751,2788
1.1550,1155,Fist,HAREKET,1,2758,2999,2808,2773,2857,2852
1.1560,1156,Fist,HAREKET,1,2818,2988,2890,2781,2941,2838
1.1570,1157,Fist,HAREKET,1,2803,2939,2700,2773,2874,2921
1.1580,1158,Fist,HAREKET,1,2897,2894,2661,2736,3014,2903
1.1590,1159,Fist,HAREKET,1,2906,2891,2827,2756,2989,2844
1.1600,1160,Fist,HAREKET,1,2934,2898,2662,2789,2877,2873
1.1610,1161,Fist,HAREKET,1,2830,2944,2966,2818,2862,2826
1.1620,1162,Fist,HAREKET,1,2814,2918,2944,2743,3025,2931
1.1630,1163,Fist,HAREKET,1,2779,2859,2836,2835,2926,2892
1.1640,1164,Fist,HAREKET,1,2757,2853,2769,2845,3071,2870
1.1650,1165,Fist,HAREKET,1,2732,2913,2860,2625,2914,2912
1.1660,1166,Fist,HAREKET,1,2790,2877,2780,2719,2830,2990
1.1670,1167,Fist,HAREKET,1,2668,3051,2697,2923,2865,2917
1.1680,1168,Fist,HAREKET,1,2841,2785,2670,2857,2921,2888
1.1690,1169,Fist,HAREKET,1,2819,2883,2833,2775,2787,2880
1.1700,1170,Fist,HAREKET,1,2782,2977,2820,2893,2787,2796
1.1710,1171,Fist,HAREKET,1,2772,2697,2870,2752,2859,2977
1.1720,1172,Fist,HAREKET,1,2989,2858,2893,2772,2934,2904
1.1730,1173,Fist,HAREKET,1,2827,3097,2800,2840,2829,2918
1.1740,1174,Fist,HAREKET,1,2797,2983,2908,2746,2827,2747
1.1750,1175,Fist,HAREKET,1,3016,2914,2854,2781,2838,2864
1.1760,1176,Fist,HAREKET,1,2859,2924,2843,2691,2892,2905
1.1770,1177,Fist,HAREKET,1,2895,3019,2828,2630,2862,2743
1.1780,1178,Fist,HAREKET,1,2923,2970,2813,2556,2801,2984
1.1790,1179,Fist,HAREKET,1,2756,2919,2877,2745,2873,2899
1.1800,1180,Fist,HAREKET,1,2893,2847,2931,2870,2980,2841
1.1810,1181,Fist,HAREKET,1,2861,2917,2883,2784,2879,2807
1.1820,1182,Fist,HAREKET,1,2838,2904,2939,2793,3071,2890
1.1830,1183,Fist,HAREKET,1,2958,2842,2865,2883,2981,2985
1.1840,1184,Fist,HAREKET,1,2780,2906,2822,2801,2914,2995
1.1850,1185,Fist,HAREKET,1,2803,2939,2857,2823,3080,2915
1.1860,1186,Fist,HAREKET,1,2843,2984,2852,2778,2979,2974
1.1870,1187,Fist,HAREKET,1,2569,2910,2711,2721,2969,2931
1.1880,1188,Fist,HAREKET,1,2738,2870,2810,2723,2946,2950
1.1890,1189,Fist,HAREKET,1,2728,2827,2751,2817,2919,2878
1.1900,1190,Fist,HAREKET,1,2737,2700,2934,2823,2858,2845
1.1910,1191,Fist,HAREKET,1,2862,2979,2715,2925,2773,2906
1.1920,1192,Fist,HAREKET,1,2770,2940,2864,2877,2939,2836
1.1930,1193,Fist,HAREKET,1,2775,2848,2873,2790,2944,2858
1.1940,1194,Fist,HAREKET,1,2799,2953,2951,2869,3024,2867
1.1950,1195,Fist,HAREKET,1,2872,3110,2767,2879,2804,2848
1.1960,1196,Fist,HAREKET,1,2887,2934,2893,2758,2737,2916
1.1970,1197,Fist,HAREKET,1,2809,2896,2919,2822,2934,2933
1.1980,1198,Fist,HAREKET,1,2757,2990,2847,2699,2991,2909
1.1990,1199,Fist,HAREKET,1,2974,2932,2793,2692,2810,2823
1.2000,1200,Fist,HAREKET,1,2922,3187,2894,2757,2734,2789
1.2010,1201,Fist,HAREKET,1,2854,2906,3003,2762,2844,2783
1.2020,1202,Fist,HAREKET,1,2866,2853,2799,2839,2903,2669
1.2030,1203,Fist,HAREKET,1,2876,2848,2767,2898,2861,2738
1.2040,1204,Fist,HAREKET,1,2916,2882,2951,2790,3049,2952
1.2050,1205,Fist,HAREKET,1,2802,3061,2899,2833,2985,2830
1.2060,1206,Fist,HAREKET,1,2711,2967,2784,2763,3020,3026
1.2070,1207,Fist,HAREKET,1,2999,2822,2872,2788,2825,3024
1.2080,1208,Fist,HAREKET,1,2842,2867,2740,2745,2957,2914
1.2090,1209,Fist,HAREKET,1,2728,2845,2744,2796,3006,2933
1.2100,1210,Fist,HAREKET,1,2729,2895,2662,2844,2899,2974
1.2110,1211,Fist,HAREKET,1,2744,2893,2764,2772,3001,2890
1.2120,1212,Fist,HAREKET,1,2830,2910,2889,2935,2768,2782
1.2130,1213,Fist,HAREKET,1,2822,2974,2691,2866,2846,2866
1.2140,1214,Fist,HAREKET,1,2797,2665,2952,2805,2814,2755
1.2150,1215,Fist,HAREKET,1,2878,2805,2887,2842,2944,2665
1.2160,1216,Fist,HAREKET,1,2813,2943,2853,2874,2962,2848
1.2170,1217,Fist,HAREKET,1,2792,2968,3017,2719,3042,2973
1.2180,1218,Fist,HAREKET,1,2853,3026,2841,2757,2773,2770
1.2190,1219,Fist,HAREKET,1,2845,3025,2885,2696,2886,2773
1.2200,1220,Fist,HAREKET,1,2713,2921,2869,2768,2857,2833
1.2210,1221,Fist,HAREKET,1,2802,3016,2783,2778,2935,2881
1.2220,1222,Fist,HAREKET,1,2964,2975,2900,2712,2877,2738
1.2230,1223,Fist,HAREKET,1,2940,3020,2940,2738,2871,2802
1.2240,1224,Fist,HAREKET,1,2843,2910,2994,2696,2873,2859
1.2250,1225,Fist,HAREKET,1,2827,2819,2980,2847,2888,2920
1.2260,1226,Fist,HAREKET,1,2850,2835,2898,2782,2988,2878
1.2270,1227,Fist,HAREKET,1,2943,2987,2797,2773,2884,2826
1.2280,1228,Fist,HAREKET,1,2752,2977,2830,2752,2921,2895
1.2290,1229,Fist,HAREKET,1,2839,2800,2810,2914,2900,2864
1.2300,1230,Fist,HAREKET,1,2749,2868,2729,2787,2968,2900
1.2310,1231,Fist,HAREKET,1,2712,2914,2912,2769,2900,2977
1.2320,1232,Fist,HAREKET,1,2817,2780,2875,2801,3044,2892
1.2330,1233,Fist,HAREKET,1,2804,3001,2744,2785,2857,2961
1.2340,1234,Fist,HAREKET,1,2857,2749,2810,2826,3043,2886
1.2350,1235,Fist,HAREKET,1,2871,2841,2920,2720,2880,2819
1.2360,1236,Fist,HAREKET,1,2739,2922,2928,2830,2827,2766
1.2370,1237,Fist,HAREKET,1,2673,2876,2856,2942,2814,2829
1.2380,1238,Fist,HAREKET,1,2805,2988,3030,2969,2858,2852
1.2390,1239,Fist,HAREKET,1,2794,3024,3031,2814,2854,2844
1.2400,1240,Fist,HAREKET,1,2920,3045,2947,2831,2818,2767
1.2410,1241,Fist,HAREKET,1,2883,3018,2957,2662,2901,2866
1.2420,1242,Fist,HAREKET,1,2931,2898,2967,2809,2861,2854
1.2430,1243,Fist,HAREKET,1,2848,3032,2965,2727,2811,2895
1.2440,1244,Fist,HAREKET,1,2703,2905,2780,2849,2861,2894
1.2450,1245,Fist,HAREKET,1,2822,2907,2947,2862,2869,2780
1.2460,1246,Fist,HAREKET,1,2928,2975,2969,2776,2843,2845
1.2470,1247,Fist,HAREKET,1,2804,2880,2788,2874,2947,2901
1.2480,1248,Fist,HAREKET,1,2926,2797,2853,2783,3043,2806
1.2490,1249,Fist,HAREKET,1,2886,2963,2871,2735,3026,2844
1.2500,1250,Fist,HAREKET,1,2986,2942,2852,2696,2944,2819
1.2510,1251,Fist,HAREKET,1,2815,2846,2853,2655,2944,3030
1.2520,1252,Fist,HAREKET,1,2750,3021,2881,2808,2847,3001
1.2530,1253,Fist,HAREKET,1,2744,2932,2718,2759,3029,2883
1.2540,1254,Fist,HAREKET,1,2663,2797,2864,2894,2928,2868
1.2550,1255,Fist,HAREKET,1,2761,2692,2857,2829,2784,2805
1.2560,1256,Fist,HAREKET,1,2813,2843,2740,2893,2840,2793
1.2570,1257,Fist,HAREKET,1,2670,2903,2726,2873,2788,2806
1.2580,1258,Fist,HAREKET,1,2729,2960,2881,2772,2879,2697
1.2590,1259,Fist,HAREKET,1,2877,2858,2859,2925,2750,2776
1.2600,1260,Fist,HAREKET,1,2815,2971,2867,2915,2790,2902
1.2610,1261,Fist,HAREKET,1,2838,2914,2885,3047,3009,2924
1.2620,1262,Fist,HAREKET,1,2817,2858,2749,2732,2933,2893
1.2630,1263,Fist,HAREKET,1,2964,3025,2720,2835,2923,2909
1.2640,1264,Fist,HAREKET,1,2903,2919,3007,2940,2848,2807
1.2650,1265,Fist,HAREKET,1,2777,2946,2873,2821,2927,2859
1.2660,1266,Fist,HAREKET,1,2721,2807,2819,2948,2933,2738
1.2670,1267,Fist,HAREKET,1,2753,2895,2903,2877,2980,2916
1.2680,1268,Fist,HAREKET,1,2782,2991,3068,2831,2835,2918
1.2690,1269,Fist,HAREKET,1,2777,3008,2826,2820,2857,2859
1.2700,1270,Fist,HAREKET,1,2958,2877,2861,2839,2939,2833
1.2710,1271,Fist,HAREKET,1,2840,2949,2942,3002,2963,2841
1.2720,1272,Fist,HAREKET,1,2861,2935,2949,2845,3044,2877
1.2730,1273,Fist,HAREKET,1,2920,2803,2872,2775,3056,2893
1.2740,1274,Fist,HAREKET,1,2841,3062,2783,2707,3064,2954
1.2750,1275,Fist,HAREKET,1,2769,3011,2784,2840,3119,2968
1.2760,1276,Fist,HAREKET,1,2691,2846,2771,2791,2964,2979
1.2770,1277,Fist,HAREKET,1,2739,2855,2794,2792,2958,2907
1.2780,1278,Fist,HAREKET,1,2796,2818,2685,2914,2874,2983
1.2790,1279,Fist,HAREKET,1,2765,2889,2763,2975,2825,2823
1.2800,1280,Fist,HAREKET,1,2789,2993,2770,2897,2880,2886
1.2810,1281,Fist,HAREKET,1,2916,2810,2885,3057,2881,2811
1.2820,1282,Fist,HAREKET,1,2794,2851,2869,2781,2849,2887
1.2830,1283,Fist,HAREKET,1,2873,2872,2955,2765,2854,2862
1.2840,1284,Fist,HAREKET,1,2830,2939,2967,2848,2801,2717
1.2850,1285,Fist,HAREKET,1,2935,2999,3059,2699,2966,2767
1.2860,1286,Fist,HAREKET,1,2897,2995,2992,2742,2784,2778
1.2870,1287,Fist,HAREKET,1,2952,2965,2826,2820,2819,2743
1.2880,1288,Fist,HAREKET,1,2981,2982,2883,2677,2836,2845
1.2890,1289,Fist,HAREKET,1,2814,2873,2893,2782,2936,2789
1.2900,1290,Fist,HAREKET,1,2960,2829,2828,2754,2861,2854
1.2910,1291,Fist,HAREKET,1,3028,2757,2840,2880,2933,2986
1.2920,1292,Fist,HAREKET,1,2920,2826,3037,2723,2792,2773
1.2930,1293,Fist,HAREKET,1,2852,2778,2935,2917,3061,2857
1.2940,1294,Fist,HAREKET,1,2951,2770,2928,2892,3065,2857
1.2950,1295,Fist,HAREKET,1,2826,2857,2850,2704,2856,3023
1.2960,1296,Fist,HAREKET,1,2724,2780,2864,2861,2877,2820
1.2970,1297,Fist,HAREKET,1,2860,2771,2952,2841,3016,3053
1.2980,1298,Fist,HAREKET,1,2881,2945,2745,2921,2880,2911
1.2990,1299,Fist,HAREKET,1,2772,2860,2658,2886,2813,2895
1.3000,1300,Fist,HAREKET,1,2783,2745,2904,2864,2965,2841
1.3010,1301,Fist,HAREKET,1,2844,2910,2733,2883,2875,2876
1.3020,1302,Fist,HAREKET,1,2700,2736,2669,2924,2893,2783
1.3030,1303,Fist,HAREKET,1,2877,2963,2939,2853,2802,2604
1.3040,1304,Fist,HAREKET,1,3019,2998,2936,2789,2775,2840
1.3050,1305,Fist,HAREKET,1,2973,2937,3047,2845,2826,2814
1.3060,1306,Fist,HAREKET,1,2768,2861,2888,2822,2979,2817
1.3070,1307,Fist,HAREKET,1,2780,2970,2905,2919,2937,3009
1.3080,1308,Fist,HAREKET,1,2681,2834,2975,2875,2969,2925
1.3090,1309,Fist,HAREKET,1,2976,2829,3040,2708,2903,2844
1.3100,1310,Fist,HAREKET,1,2808,3029,2946,2727,2953,2771
1.3110,1311,Fist,HAREKET,1,2913,2842,2865,2807,2980,2843
1.3120,1312,Fist,HAREKET,1,2825,2777,2907,2873,2773,2692
1.3130,1313,Fist,HAREKET,1,2846,2926,2936,2717,2914,2899
1.3140,1314,Fist,HAREKET,1,2823,2952,2842,2839,3019,2930
1.3150,1315,Fist,HAREKET,1,2960,2825,2855,2807,2960,2726
1.3160,1316,Fist,HAREKET,1,2956,2851,2840,2870,3137,3023
1.3170,1317,Fist,HAREKET,1,2942,2844,3030,2748,2980,2821
1.3180,1318,Fist,HAREKET,1,2913,2915,2936,2835,2969,3015
1.3190,1319,Fist,HAREKET,1,2696,2815,2849,2808,2963,2897
1.3200,1320,Fist,HAREKET,1,2716,2870,2917,2825,2878,2918
1.3210,1321,Fist,HAREKET,1,2704,2843,2890,2822,2983,2901
1.3220,1322,Fist,HAREKET,1,2688,2805,2878,2735,3011,2805
1.3230,1323,Fist,HAREKET,1,2929,2712,2866,2786,2913,2874
1.3240,1324,Fist,HAREKET,1,2813,2739,2761,2934,2939,2653
1.3250,1325,Fist,HAREKET,1,2853,2768,2856,2889,2899,2738
1.3260,1326,Fist,HAREKET,1,2777,2949,2870,2894,2823,2894
1.3270,1327,Fist,HAREKET,1,2806,2950,2926,2824,2819,2824
1.3280,1328,Fist,HAREKET,1,2863,2898,3062,2904,2941,2880
1.3290,1329,Fist,HAREKET,1,2799,2921,2864,2792,2920,2790
1.3300,1330,Fist,HAREKET,1,2826,2968,2781,2830,3010,2750
1.3310,1331,Fist,HAREKET,1,2909,2972,2788,2901,2799,2898
1.3320,1332,Fist,HAREKET,1,2865,2981,2908,2729,2945,2873
1.3330,1333,Fist,HAREKET,1,2729,3150,3008,2779,2879,2830
1.3340,1334,Fist,HAREKET,1,2818,2866,2849,2869,2867,2813
1.3350,1335,Fist,HAREKET,1,2897,2869,2831,2848,2996,2881
1.3360,1336,Fist,HAREKET,1,2871,2964,2867,2751,2852,2820
1.3370,1337,Fist,HAREKET,1,2795,2891,2786,2842,2873,2795
1.3380,1338,Fist,HAREKET,1,2933,3072,2649,2882,2866,2860
1.3390,1339,Fist,HAREKET,1,2884,2829,2946,2826,2910,2969
1.3400,1340,Fist,HAREKET,1,2818,2992,2919,2845,3011,2912
1.3410,1341,Fist,HAREKET,1,2888,2865,2973,2785,2828,2828
1.3420,1342,Fist,HAREKET,1,2839,2776,2844,2809,2915,2859
1.3430,1343,Fist,HAREKET,1,2737,2810,2788,2694,2896,2884
1.3440,1344,Fist,HAREKET,1,2807,2744,2855,2869,2632,2902
1.3450,1345,Fist,HAREKET,1,2621,2746,2684,2898,2808,2974
1.3460,1346,Fist,HAREKET,1,2739,2830,2870,2776,2945,2784
1.3470,1347,Fist,HAREKET,1,2620,2842,2953,2821,2950,2879
1.3480,1348,Fist,HAREKET,1,2740,2822,2894,2974,2909,2775
1.3490,1349,Fist,HAREKET,1,2874,2962,2926,2946,2863,2827
1.3500,1350,Fist,HAREKET,1,2843,2869,2746,2800,2913,2715
1.3510,1351,Fist,HAREKET,1,2878,2909,3022,2869,3027,2813
1.3520,1352,Fist,HAREKET,1,2864,3109,2779,3037,2987,2750
1.3530,1353,Fist,HAREKET,1,2810,3048,2878,2850,3042,2820
1.3540,1354,Fist,HAREKET,1,2800,2828,3061,2801,2970,2782
1.3550,1355,Fist,HAREKET,1,2839,2922,2822,2662,2897,2785
1.3560,1356,Fist,HAREKET,1,2863,2947,2826,2753,2948,2817
1.3570,1357,Fist,HAREKET,1,2989,2913,2911,2917,2938,2914
1.3580,1358,Fist,HAREKET,1,2836,2778,2971,2806,2896,2729
1.3590,1359,Fist,HAREKET,1,2785,2784,2906,2756,3018,2711
1.3600,1360,Fist,HAREKET,1,2971,2869,2886,2804,2870,2896
1.3610,1361,Fist,HAREKET,1,2870,2940,2965,2857,3012,2936
1.3620,1362,Fist,HAREKET,1,2924,2825,2928,2834,2911,2837
1.3630,1363,Fist,HAREKET,1,2939,2970,2770,2906,3078,2890
1.3640,1364,Fist,HAREKET,1,2776,2855,2966,2874,2858,2804
1.3650,1365,Fist,HAREKET,1,2876,2808,2982,2725,2955,2866
1.3660,1366,Fist,HAREKET,1,2688,2957,2854,2903,3081,2931
1.3670,1367,Fist,HAREKET,1,2807,3001,2932,2859,2940,2768
1.3680,1368,Fist,HAREKET,1,2781,2930,2785,2871,2806,2760
1.3690,1369,Fist,HAREKET,1,2904,3085,2982,2872,2704,2778
1.3700,1370,Fist,HAREKET,1,2824,2789,2842,2832,2967,2774
1.3710,1371,Fist,HAREKET,1,2798,2825,2890,2860,2831,2894
1.3720,1372,Fist,HAREKET,1,2836,2817,2921,2793,2851,2673
1.3730,1373,Fist,HAREKET,1,2852,2884,3007,2851,2666,2765
1.3740,1374,Fist,HAREKET,1,2968,2937,2758,2751,2822,2797
1.3750,1375,Fist,HAREKET,1,2826,2992,2851,2867,2697,2723
1.3760,1376,Fist,HAREKET,1,2886,2959,2886,2836,2984,2868
1.3770,1377,Fist,HAREKET,1,2812,2865,3005,2697,2887,2792
1.3780,1378,Fist,HAREKET,1,2765,2972,2937,2862,2949,2866
1.3790,1379,Fist,HAREKET,1,2818,2781,2951,2949,2691,2862
1.3800,1380,Fist,HAREKET,1,2942,2835,2884,2831,2981,2793
1.3810,1381,Fist,HAREKET,1,2787,2805,2955,2831,2967,2866
1.3820,1382,Fist,HAREKET,1,2813,2752,2947,2786,2873,2904
1.3830,1383,Fist,HAREKET,1,2873,2903,2982,2869,3125,2826
1.3840,1384,Fist,HAREKET,1,2788,2925,2625,2857,2869,2989
1.3850,1385,Fist,HAREKET,1,2760,2770,2763,2769,2886,2969
1.3860,1386,Fist,HAREKET,1,2805,2834,2791,2871,2895,2949
1.3870,1387,Fist,HAREKET,1,2841,2777,2790,2835,2823,2840
1.3880,1388,Fist,HAREKET,1,2815,2805,2757,2735,2894,2954
1.3890,1389,Fist,HAREKET,1,2875,2827,2833,2894,2756,2892
1.3900,1390,Fist,HAREKET,1,2761,2901,2769,2911,2858,2891
1.3910,1391,Fist,HAREKET,1,2650,2829,2856,3027,2824,2938
1.3920,1392,Fist,HAREKET,1,2795,2882,2909,2936,2871,2782
1.3930,1393,Fist,HAREKET,1,2835,2897,2930,3008,2814,2713
1.3940,1394,Fist,HAREKET,1,2883,3005,2751,2871,2823,2837
1.3950,1395,Fist,HAREKET,1,2833,2969,2827,3037,2760,2713
1.3960,1396,Fist,HAREKET,1,2823,2924,2874,2908,2815,2929
1.3970,1397,Fist,HAREKET,1,2862,2961,2974,2862,2925,2860
1.3980,1398,Fist,HAREKET,1,2913,2785,2843,2845,2679,2740
1.3990,1399,Fist,HAREKET,1,2782,2904,2799,2930,2817,2785
1.4000,1400,Fist,HAREKET,1,2644,2962,2824,2746,2817,2852
1.4010,1401,Fist,HAREKET,1,2889,2903,2872,2847,2834,2776
1.4020,1402,Fist,HAREKET,1,2858,2837,3031,2676,2841,2744
1.4030,1403,Fist,HAREKET,1,2840,2908,2919,2768,2808,2787
1.4040,1404,Fist,HAREKET,1,2947,2838,2815,2900,2899,2764
1.4050,1405,Fist,HAREKET,1,2641,2880,2885,2882,2995,2964
1.4060,1406,Fist,HAREKET,1,2823,2827,2832,2922,2936,3007
1.4070,1407,Fist,HAREKET,1,2807,2842,2918,2740,3022,2855
1.4080,1408,Fist,HAREKET,1,2824,2981,2760,2814,2855,2905
1.4090,1409,Fist,HAREKET,1,2781,2787,2913,2981,2773,2969
1.4100,1410,Fist,HAREKET,1,2720,2745,2648,2785,2882,2996
1.4110,1411,Fist,HAREKET,1,2842,2775,2704,2827,2766,2817
1.4120,1412,Fist,HAREKET,1,2695,2781,2789,2958,2906,2706
1.4130,1413,Fist,HAREKET,1,2796,2710,2818,3014,2946,2888
1.4140,1414,Fist,HAREKET,1,2640,2855,2903,2832,2881,2829
1.4150,1415,Fist,HAREKET,1,2842,2836,2804,2961,2866,2825
1.4160,1416,Fist,HAREKET,1,2891,2945,2893,2959,2968,2739
1.4170,1417,Fist,HAREKET,1,2795,3058,2958,2753,2906,2790
1.4180,1418,Fist,HAREKET,1,2795,2993,2757,2883,2883,2754
1.4190,1419,Fist,HAREKET,1,2767,2954,2940,2872,2846,2861
1.4200,1420,Fist,HAREKET,1,2682,2930,2991,2955,2885,2837
1.4210,1421,Fist,HAREKET,1,2803,2876,2844,2713,2856,2823
1.4220,1422,Fist,HAREKET,1,2756,3080,3013,2759,2852,2788
1.4230,1423,Fist,HAREKET,1,2955,2889,2890,2700,2980,2847
1.4240,1424,Fist,HAREKET,1,2886,2780,2839,2830,3006,2738
1.4250,1425,Fist,HAREKET,1,2806,2883,2728,2780,2911,2857
1.4260,1426,Fist,HAREKET,1,2817,3031,2882,2772,3030,2847
1.4270,1427,Fist,HAREKET,1,2799,2856,3025,2845,2856,2867
1.4280,1428,Fist,HAREKET,1,2779,2842,2878,2890,2900,2934
1.4290,1429,Fist,HAREKET,1,2716,2806,2755,2802,3009,3012
1.4300,1430,Fist,HAREKET,1,2798,2729,2928,2800,2910,2951
1.4310,1431,Fist,HAREKET,1,2772,2951,2811,2822,2898,2888
1.4320,1432,Fist,HAREKET,1,2721,2886,2893,2850,2874,2868
1.4330,1433,Fist,HAREKET,1,2716,2840,2754,2819,2887,2954
1.4340,1434,Fist,HAREKET,1,2852,2713,2836,2976,2834,2789
1.4350,1435,Fist,HAREKET,1,2757,2815,2970,3085,2793,2825
1.4360,1436,Fist,HAREKET,1,2947,2860,2853,2968,2923,2823
1.4370,1437,Fist,HAREKET,1,2878,2912,2930,2831,2849,2692
1.4380,1438,Fist,HAREKET,1,2787,2730,2795,2929,2831,2814
1.4390,1439,Fist,HAREKET,1,2803,2814,2905,2848,2719,2917
1.4400,1440,Fist,HAREKET,1,2801,3026,2969,2831,2987,2782
1.4410,1441,Fist,HAREKET,1,2839,2794,2932,2860,2942,2805
1.4420,1442,Fist,HAREKET,1,2814,2859,2891,2633,2873,2901
1.4430,1443,Fist,HAREKET,1,2792,2845,2898,2782,2882,2746
1.4440,1444,Fist,HAREKET,1,2935,2807,2845,2871,2846,2744
1.4450,1445,Fist,HAREKET,1,2666,2979,2909,2798,2715,2669
1.4460,1446,Fist,HAREKET,1,3008,2879,2779,2688,2774,2749
1.4470,1447,Fist,HAREKET,1,2922,2961,2872,2846,2922,2683
1.4480,1448,Fist,HAREKET,1,2803,2992,2928,2910,2992,2815
1.4490,1449,Fist,HAREKET,1,2862,2822,2831,2948,2801,2886
1.4500,1450,Fist,HAREKET,1,2738,2834,2875,2921,2876,2804
1.4510,1451,Fist,HAREKET,1,2608,2883,2718,2930,2873,2953
1.4520,1452,Fist,HAREKET,1,2729,2930,2718,2975,3114,2945
1.4530,1453,Fist,HAREKET,1,2709,2931,2916,2846,2949,2894
1.4540,1454,Fist,HAREKET,1,2714,2881,2783,2859,2990,2812
1.4550,1455,Fist,HAREKET,1,2821,2868,2766,2831,2785,2802
1.4560,1456,Fist,HAREKET,1,2637,2815,2838,2935,2692,2860
1.4570,1457,Fist,HAREKET,1,2640,2761,2722,2824,2822,2771
1.4580,1458,Fist,HAREKET,1,2896,2779,2825,2872,2882,2708
1.4590,1459,Fist,HAREKET,1,2665,2916,3020,2951,2888,2790
1.4600,1460,Fist,HAREKET,1,2755,2785,2901,3042,2852,2671
1.4610,1461,Fist,HAREKET,1,2815,3010,2748,3041,2873,2807
1.4620,1462,Fist,HAREKET,1,2844,3040,2967,2780,2836,2938
1.4630,1463,Fist,HAREKET,1,2622,2919,3075,2984,3025,2761
1.4640,1464,Fist,HAREKET,1,2873,2771,2788,2759,2793,2884
1.4650,1465,Fist,HAREKET,1,2694,2897,2927,2948,2851,2835
1.4660,1466,Fist,HAREKET,1,2747,2832,2813,2725,2735,2831
1.4670,1467,Fist,HAREKET,1,2680,2968,2801,2738,2917,2788
1.4680,1468,Fist,HAREKET,1,2773,2940,2874,2827,2884,2828
1.4690,1469,Fist,HAREKET,1,2869,2933,2848,2873,2989,2928
1.4700,1470,Fist,HAREKET,1,2754,2813,2832,2785,2896,2804
1.4710,1471,Fist,HAREKET,1,2741,2787,2859,2935,3033,2870
1.4720,1472,Fist,HAREKET,1,2905,2829,2744,2896,3076,2939
1.4730,1473,Fist,HAREKET,1,2853,2887,2902,2824,2974,2910
1.4740,1474,Fist,HAREKET,1,2856,2799,2841,2804,2879,2814
1.4750,1475,Fist,HAREKET,1,2776,2816,2830,2827,2966,2965
1.4760,1476,Fist,HAREKET,1,2683,2865,2822,2901,2918,2892
1.4770,1477,Fist,HAREKET,1,2706,2680,2705,2921,2940,3060
1.4780,1478,Fist,HAREKET,1,2740,2709,2839,2941,2923,2842
1.4790,1479,Fist,HAREKET,1,2720,2756,2755,2930,2940,2809
1.4800,1480,Fist,HAREKET,1,2691,2859,2901,2925,2758,2773
1.4810,1481,Fist,HAREKET,1,2731,2895,2796,2948,2727,2926
1.4820,1482,Fist,HAREKET,1,2794,2878,2924,2836,2748,2835
1.4830,1483,Fist,HAREKET,1,2855,2815,2783,2982,2901,2861
1.4840,1484,Fist,HAREKET,1,2905,2891,2853,2894,2748,2707
1.4850,1485,Fist,HAREKET,1,2796,2929,2829,2757,2757,2900
1.4860,1486,Fist,HAREKET,1,2759,2831,2835,2823,2897,2831
1.4870,1487,Fist,HAREKET,1,2844,2934,2903,2937,2836,2732
1.4880,1488,Fist,HAREKET,1,2822,2986,2850,2861,2882,2878
1.4890,1489,Fist,HAREKET,1,2787,3001,2723,2718,2839,2599
1.4900,1490,Fist,HAREKET,1,2918,2872,2851,2831,2783,2783
1.4910,1491,Fist,HAREKET,1,2717,2900,2861,2793,2817,2869
1.4920,1492,Fist,HAREKET,1,2782,2774,2844,2799,2906,2918
1.4930,1493,Fist,HAREKET,1,2918,2732,2791,2827,3025,3012
1.4940,1494,Fist,HAREKET,1,2869,2857,2825,2654,2833,2868
1.4950,1495,Fist,HAREKET,1,2633,3009,2757,2796,3093,2884
1.4960,1496,Fist,HAREKET,1,2787,2837,2836,2912,2952,2972
1.4970,1497,Fist,HAREKET,1,2702,2836,2929,2927,2902,2861
1.4980,1498,Fist,HAREKET,1,2860,2906,2889,2792,2920,2957
1.4990,1499,Fist,HAREKET,1,2592,2926,2761,2860,2891,2905
1.5000,1500,Fist,HAREKET,1,2818,2784,2888,2897,2708,2824
1.5010,1501,Fist,HAREKET,1,2608,2797,2736,2851,2876,2959
1.5020,1502,Fist,HAREKET,1,2742,2857,2820,2898,2869,2988
1.5030,1503,Fist,HAREKET,1,2561,2784,2821,2965,2897,2772
1.5040,1504,Fist,HAREKET,1,2831,2783,2984,2875,2802,2826
1.5050,1505,Fist,HAREKET,1,2676,2986,2797,2863,2881,2805
1.5060,1506,Fist,HAREKET,1,2954,2975,2950,2963,2893,2842
1.5070,1507,Fist,HAREKET,1,2887,2846,3006,2894,2816,2813
1.5080,1508,Fist,HAREKET,1,2747,2850,2774,2813,2795,2731
1.5090,1509,Fist,HAREKET,1,2642,2891,2790,2863,2819,2785
1.5100,1510,Fist,HAREKET,1,2871,2964,2864,2781,2851,2806
1.5110,1511,Fist,HAREKET,1,2752,3006,2826,2772,2810,2787
1.5120,1512,Fist,HAREKET,1,2890,2957,2719,2755,2799,2765
1.5130,1513,Fist,HAREKET,1,2704,2809,2970,2782,2915,2855
1.5140,1514,Fist,HAREKET,1,2829,2846,2879,2921,3078,2793
1.5150,1515,Fist,HAREKET,1,2628,2943,2818,2925,2933,2824
1.5160,1516,Fist,HAREKET,1,2838,2950,2863,2916,2845,2956
1.5170,1517,Fist,HAREKET,1,2899,3026,2925,2882,2863,2832
1.5180,1518,Fist,HAREKET,1,2757,2829,2923,2929,3065,2947
1.5190,1519,Fist,HAREKET,1,2695,2778,2795,2748,2962,2833
1.5200,1520,Fist,HAREKET,1,2718,2786,2841,2942,2922,2996
1.5210,1521,Fist,HAREKET,1,2786,2650,2766,2954,2858,2921
1.5220,1522,Fist,HAREKET,1,2664,2742,2702,2818,2791,2837
1.5230,1523,Fist,HAREKET,1,2802,2722,2829,2829,2777,2832
1.5240,1524,Fist,HAREKET,1,2818,2770,2743,2977,2886,2836
1.5250,1525,Fist,HAREKET,1,2715,2808,2774,2964,2895,2675
1.5260,1526,Fist,HAREKET,1,2746,2842,2940,2940,2763,2942
1.5270,1527,Fist,HAREKET,1,2748,2870,2912,2953,2873,2892
1.5280,1528,Fist,HAREKET,1,2849,2745,2923,2824,2955,2713
1.5290,1529,Fist,HAREKET,1,2860,2917,2896,2919,2794,2776
1.5300,1530,Fist,HAREKET,1,2860,3047,2810,2892,2846,2770
1.5310,1531,Fist,HAREKET,1,2714,2969,2824,2844,2844,2865
1.5320,1532,Fist,HAREKET,1,2859,2780,2844,2831,2789,2596
1.5330,1533,Fist,HAREKET,1,2740,3046,2838,2946,2817,2773
1.5340,1534,Fist,HAREKET,1,2823,2847,2932,2813,2828,2789
1.5350,1535,Fist,HAREKET,1,2900,2776,2874,2880,2837,2732
1.5360,1536,Fist,HAREKET,1,2804,2751,2918,2709,3028,2965
1.5370,1537,Fist,HAREKET,1,2770,2876,2897,2731,2829,2872
1.5380,1538,Fist,HAREKET,1,2713,2821,2855,2801,2815,2903
1.5390,1539,Fist,HAREKET,1,2742,2937,2904,2758,2992,2915
1.5400,1540,Fist,HAREKET,1,2672,3037,2920,2814,2968,2910
1.5410,1541,Fist,HAREKET,1,2761,2973,2754,2820,2813,2981
1.5420,1542,Fist,HAREKET,1,2672,2901,2826,2741,2890,2868
1.5430,1543,Fist,HAREKET,1,2706,2762,2663,2737,2873,2742
1.5440,1544,Fist,HAREKET,1,2770,2665,2707,2737,2774,2876
1.5450,1545,Fist,HAREKET,1,2846,2839,2734,2682,2808,2884
1.5460,1546,Fist,HAREKET,1,2770,2886,2659,2815,2759,2869
1.5470,1547,Fist,HAREKET,1,2818,2806,2925,2813,2667,2843
1.5480,1548,Fist,HAREKET,1,2736,2833,2952,2910,2906,2730
1.5490,1549,Fist,HAREKET,1,2765,2899,2849,2908,2963,2799
1.5500,1550,Fist,HAREKET,1,2708,2897,2937,2813,2812,2803
1.5510,1551,Fist,HAREKET,1,2692,2865,3005,2858,2768,2856
1.5520,1552,Fist,HAREKET,1,2882,3093,2959,2838,2888,2788
1.5530,1553,Fist,HAREKET,1,2801,2995,2988,2741,2792,2891
1.5540,1554,Fist,HAREKET,1,2852,2847,2865,2778,2819,2856
1.5550,1555,Fist,HAREKET,1,2686,2837,2787,2691,2824,2722
1.5560,1556,Fist,HAREKET,1,2809,2843,2764,2746,2869,2777
1.5570,1557,Fist,HAREKET,1,2862,2871,2859,2754,2794,2956
1.5580,1558,Fist,HAREKET,1,2906,2844,2867,2789,2775,2816
1.5590,1559,Fist,HAREKET,1,2905,2858,2812,2822,2906,2842
1.5600,1560,Fist,HAREKET,1,2723,2811,2994,2725,2887,2919
1.5610,1561,Fist,HAREKET,1,2782,2749,2694,2884,2724,2937
1.5620,1562,Fist,HAREKET,1,2885,2918,2989,2847,2838,2967
1.5630,1563,Fist,HAREKET,1,2779,2716,2738,2734,2943,2999
1.5640,1564,Fist,HAREKET,1,2814,2828,2738,2734,2730,2942
1.5650,1565,Fist,HAREKET,1,2723,2965,2854,2754,2807,2879
1.5660,1566,Fist,HAREKET,1,2599,2898,2817,2774,2839,2904
1.5670,1567,Fist,HAREKET,1,2637,2856,2810,2899,2771,2980
1.5680,1568,Fist,HAREKET,1,2728,2786,2730,2925,2971,2764
1.5690,1569,Fist,HAREKET,1,2797,2859,2773,2935,2891,2816
1.5700,1570,Fist,HAREKET,1,2942,2905,2842,2859,2777,2741
1.5710,1571,Fist,HAREKET,1,2820,2938,2928,2787,2892,2850
1.5720,1572,Fist,HAREKET,1,2776,2881,2867,2873,2940,2821
1.5730,1573,Fist,HAREKET,1,2734,2911,2727,2801,2852,2752
1.5740,1574,Fist,HAREKET,1,2774,2989,2832,2897,2846,2852
1.5750,1575,Fist,HAREKET,1,2710,3046,2745,2780,2990,2874
1.5760,1576,Fist,HAREKET,1,2735,2946,2645,2814,2866,2905
1.5770,1577,Fist,HAREKET,1,2731,2925,2947,2823,2792,2753
1.5780,1578,Fist,HAREKET,1,2747,2895,2991,2825,2956,2782
1.5790,1579,Fist,HAREKET,1,2851,2900,2899,2741,2793,2777
1.5800,1580,Fist,HAREKET,1,2879,2895,2885,2848,2921,2769
1.5810,1581,Fist,HAREKET,1,2740,2914,2835,3003,2964,2771
1.5820,1582,Fist,HAREKET,1,2732,2977,3012,2788,2922,3000
1.5830,1583,Fist,HAREKET,1,2890,2851,2889,2801,3023,3014
1.5840,1584,Fist,HAREKET,1,2833,2991,2823,2757,3045,2964
1.5850,1585,Fist,HAREKET,1,2823,2867,2833,2789,2833,3028
1.5860,1586,Fist,HAREKET,1,2693,2812,2640,2815,2778,2880
1.5870,1587,Fist,HAREKET,1,2701,2855,2671,2677,2877,3115
1.5880,1588,Fist,HAREKET,1,2713,2837,2780,2858,2774,3020
1.5890,1589,Fist,HAREKET,1,2759,2982,2743,2906,2736,2852
1.5900,1590,Fist,HAREKET,1,2807,2830,2833,2866,2828,2791
1.5910,1591,Fist,HAREKET,1,2764,2914,2816,2933,2622,2786
1.5920,1592,Fist,HAREKET,1,2917,2944,2724,2708,2774,2771
1.5930,1593,Fist,HAREKET,1,2740,2976,2837,2934,2742,2850
1.5940,1594,Fist,HAREKET,1,2711,2822,2764,2695,2761,2779
1.5950,1595,Fist,HAREKET,1,2869,2822,2910,2871,2893,2824
1.5960,1596,Fist,HAREKET,1,2803,2874,2958,2778,2782,2843
1.5970,1597,Fist,HAREKET,1,2712,3048,2893,2822,2870,2913
1.5980,1598,Fist,HAREKET,1,2630,2865,2875,2794,2698,2805
1.5990,1599,Fist,HAREKET,1,2827,3025,2840,2802,2834,2813
1.6000,1600,Fist,HAREKET,1,2752,2915,2703,2747,2944,2827
1.6010,1601,Fist,HAREKET,1,2763,2838,2683,2691,2820,2903
1.6020,1602,Fist,HAREKET,1,2863,2911,2839,2827,2717,2800
1.6030,1603,Fist,HAREKET,1,2784,2919,2872,2642,2750,2842
1.6040,1604,Fist,HAREKET,1,2810,2950,2947,2746,2875,2976
1.6050,1605,Fist,HAREKET,1,2939,2850,2953,2790,2954,2893
1.6060,1606,Fist,HAREKET,1,2802,2842,2950,2823,2944,2836
1.6070,1607,Fist,HAREKET,1,2764,2969,2702,2863,2967,2895
1.6080,1608,Fist,HAREKET,1,2734,2750,2890,2837,2905,2991
1.6090,1609,Fist,HAREKET,1,2860,2961,2803,2840,3027,3031
1.6100,1610,Fist,HAREKET,1,2440,2955,2767,2868,2782,2885
1.6110,1611,Fist,HAREKET,1,2614,2871,2721,2746,2806,2955
1.6120,1612,Fist,HAREKET,1,2730,2781,2853,2844,2763,2771
1.6130,1613,Fist,HAREKET,1,2867,2970,2757,2937,2851,2851
1.6140,1614,Fist,HAREKET,1,2898,2755,2779,2931,2923,2867
1.6150,1615,Fist,HAREKET,1,2665,2945,2958,2997,2750,2836
1.6160,1616,Fist,HAREKET,1,2859,2926,3064,2966,2897,2969
1.6170,1617,Fist,HAREKET,1,2744,3038,2817,2875,2759,2831
1.6180,1618,Fist,HAREKET,1,2850,2917,2898,2826,2828,2979
1.6190,1619,Fist,HAREKET,1,2819,3020,2886,2676,2750,2834
1.6200,1620,Fist,HAREKET,1,2781,2828,2827,2714,2972,2816
1.6210,1621,Fist,HAREKET,1,2719,2843,2835,2722,2812,2788
1.6220,1622,Fist,HAREKET,1,2719,2785,2735,2788,2816,2820
1.6230,1623,Fist,HAREKET,1,2887,2977,2865,2781,2726,2788
1.6240,1624,Fist,HAREKET,1,2884,2829,2829,2864,2876,2703
1.6250,1625,Fist,HAREKET,1,2949,2818,2815,2692,2651,2870
1.6260,1626,Fist,HAREKET,1,2913,2844,2812,2842,2979,2943
1.6270,1627,Fist,HAREKET,1,2821,2815,2827,2801,2892,2892
1.6280,1628,Fist,HAREKET,1,2831,2878,2769,2799,2972,2929
1.6290,1629,Fist,HAREKET,1,2722,2931,2660,2786,2765,2874
1.6300,1630,Fist,HAREKET,1,2616,2976,2893,2787,2877,2994
1.6310,1631,Fist,HAREKET,1,2751,2908,2760,2932,2976,3005
1.6320,1632,Fist,HAREKET,1,2741,2756,2785,2833,2785,2961
1.6330,1633,Fist,HAREKET,1,2708,2881,2642,2841,2935,3054
1.6340,1634,Fist,HAREKET,1,2629,2836,2703,2892,2807,2850
1.6350,1635,Fist,HAREKET,1,2805,2846,2872,2854,2873,2757
1.6360,1636,Fist,HAREKET,1,2681,2831,2983,2784,2712,2887
1.6370,1637,Fist,HAREKET,1,2787,2859,2835,2762,2781,2858
1.6380,1638,Fist,HAREKET,1,2811,2998,2842,3000,2832,2759
1.6390,1639,Fist,HAREKET,1,2699,2998,3044,2991,2790,2900
1.6400,1640,Fist,HAREKET,1,2831,3027,2934,2794,2850,2755
1.6410,1641,Fist,HAREKET,1,2849,2949,2975,2801,2823,2827
1.6420,1642,Fist,HAREKET,1,2812,2935,2883,2731,2787,2852
1.6430,1643,Fist,HAREKET,1,2805,2927,2756,2923,2728,3006
1.6440,1644,Fist,HAREKET,1,2852,2884,2997,2737,2789,2908
1.6450,1645,Fist,HAREKET,1,2770,2858,2805,2629,2771,2791
1.6460,1646,Fist,HAREKET,1,2791,2947,2862,2684,2977,2845
1.6470,1647,Fist,HAREKET,1,2846,2831,2839,2850,3033,2926
1.6480,1648,Fist,HAREKET,1,2742,2896,2813,2839,2976,2797
1.6490,1649,Fist,HAREKET,1,2886,2837,2802,2734,2856,2902
1.6500,1650,Fist,HAREKET,1,2881,2840,2868,2801,3164,2802
1.6510,1651,Fist,HAREKET,1,2836,2979,2840,2835,2915,2921
1.6520,1652,Fist,HAREKET,1,2713,2858,2753,2719,2895,2973
1.6530,1653,Fist,HAREKET,1,2739,2819,2833,2795,2860,2998
1.6540,1654,Fist,HAREKET,1,2793,2908,2722,2833,2643,2901
1.6550,1655,Fist,HAREKET,1,2691,2792,2721,2687,2790,2856
1.6560,1656,Fist,HAREKET,1,2680,2776,2740,2904,2848,2979
1.6570,1657,Fist,HAREKET,1,2838,2805,2712,2783,2815,2866
1.6580,1658,Fist,HAREKET,1,2794,2778,2683,3019,2891,2819
1.6590,1659,Fist,HAREKET,1,2793,2917,2889,2949,2865,2816
1.6600,1660,Fist,HAREKET,1,2919,2955,2939,2999,2683,2782
1.6610,1661,Fist,HAREKET,1,2854,3039,2813,2779,2917,2807
1.6620,1662,Fist,HAREKET,1,2742,2969,2756,2862,2925,2806
1.6630,1663,Fist,HAREKET,1,2912,2893,2865,2827,2878,2901
1.6640,1664,Fist,HAREKET,1,2838,2909,2764,2818,2827,2802
1.6650,1665,Fist,HAREKET,1,2725,2975,2838,2697,2835,2833
1.6660,1666,Fist,HAREKET,1,2755,2987,2820,2743,2835,2892
1.6670,1667,Fist,HAREKET,1,2839,2970,2845,2729,2803,2748
1.6680,1668,Fist,HAREKET,1,2921,2861,2930,2729,2777,2862
1.6690,1669,Fist,HAREKET,1,2741,2857,2761,2756,2863,2859
1.6700,1670,Fist,HAREKET,1,3055,3029,2929,2819,2779,2967
1.6710,1671,Fist,HAREKET,1,2685,2872,2925,2788,2940,2715
1.6720,1672,Fist,HAREKET,1,2729,2983,2816,2851,2857,2917
1.6730,1673,Fist,HAREKET,1,2809,2867,2795,2705,2954,2726
1.6740,1674,Fist,HAREKET,1,2888,2883,2757,2803,2925,2953
1.6750,1675,Fist,HAREKET,1,2704,2784,2765,2753,2918,2937
1.6760,1676,Fist,HAREKET,1,2787,2791,2678,2784,2806,2830
1.6770,1677,Fist,HAREKET,1,2765,2841,2829,2862,2857,2881
1.6780,1678,Fist,HAREKET,1,2687,2973,2793,2732,2815,2966
1.6790,1679,Fist,HAREKET,1,2724,2862,2810,2838,2674,2873
1.6800,1680,Fist,HAREKET,1,2692,2851,2790,2730,2979,2905
1.6810,1681,Fist,HAREKET,1,2732,2868,2875,2907,2881,2916
1.6820,1682,Fist,HAREKET,1,2852,2881,2831,2897,2721,2825
1.6830,1683,Fist,HAREKET,1,2751,3012,2784,3065,2833,2715
1.6840,1684,Fist,HAREKET,1,2782,3189,2869,2860,3019,2874
1.6850,1685,Fist,HAREKET,1,2683,2964,2953,2789,2896,2834
1.6860,1686,Fist,HAREKET,1,2801,2991,2739,2691,2812,2766
1.6870,1687,Fist,HAREKET,1,2849,2939,2909,2644,2689,2817
1.6880,1688,Fist,HAREKET,1,2635,2852,2761,2708,2739,2902
1.6890,1689,Fist,HAREKET,1,2653,2758,2681,2750,2793,2911
1.6900,1690,Fist,HAREKET,1,2898,2867,2942,2793,2959,2901
1.6910,1691,Fist,HAREKET,1,2864,2901,2793,2815,2933,2887
1.6920,1692,Fist,HAREKET,1,2816,2763,2895,2698,2870,2775
1.6930,1693,Fist,HAREKET,1,2919,3047,2859,2824,2788,2988
1.6940,1694,Fist,HAREKET,1,2764,2903,2784,2671,3106,2871
1.6950,1695,Fist,HAREKET,1,2839,2820,2797,2902,2859,2925
1.6960,1696,Fist,HAREKET,1,2910,2906,2889,2921,2903,3047
1.6970,1697,Fist,HAREKET,1,2721,2837,2734,2775,3033,2952
1.6980,1698,Fist,HAREKET,1,2657,2696,2662,2771,2763,2945
1.6990,1699,Fist,HAREKET,1,2859,2759,2698,2754,2866,2905
1.7000,1700,Fist,HAREKET,1,2613,2874,2680,2829,2807,2792
1.7010,1701,Fist,HAREKET,1,2800,2870,2849,2843,2669,2784
1.7020,1702,Fist,HAREKET,1,2691,2813,2879,2909,2768,2848
1.7030,1703,Fist,HAREKET,1,2851,2875,2838,2738,2763,2770
1.7040,1704,Fist,HAREKET,1,2644,2959,3006,2724,2849,2844
1.7050,1705,Fist,HAREKET,1,2715,2921,2814,2877,2927,2859
1.7060,1706,Fist,HAREKET,1,2792,2980,2915,2800,2849,2885
1.7070,1707,Fist,HAREKET,1,2845,2909,2803,2908,2845,3037
1.7080,1708,Fist,HAREKET,1,2735,2978,2834,2790,2829,3008
1.7090,1709,Fist,HAREKET,1,2729,3022,2947,2857,2874,2853
1.7100,1710,Fist,HAREKET,1,2673,2904,2848,2747,2792,2944
1.7110,1711,Fist,HAREKET,1,2903,2955,2900,2836,2895,2854
1.7120,1712,Fist,HAREKET,1,2717,3033,2784,2677,2891,3025
1.7130,1713,Fist,HAREKET,1,2785,2895,2820,2688,2804,2825
1.7140,1714,Fist,HAREKET,1,2783,2769,2793,2666,3020,2842
1.7150,1715,Fist,HAREKET,1,2847,2948,2833,2778,2867,3017
1.7160,1716,Fist,HAREKET,1,2814,2948,2792,2701,2854,2939
1.7170,1717,Fist,HAREKET,1,2665,2924,2804,2769,2986,2946
1.7180,1718,Fist,HAREKET,1,2765,2915,2720,2716,2912,2985
1.7190,1719,Fist,HAREKET,1,2650,2916,2854,2882,2858,3058
1.7200,1720,Fist,HAREKET,1,2780,2781,2817,2829,2975,2841
1.7210,1721,Fist,HAREKET,1,2923,2932,2730,2814,2955,2951
1.7220,1722,Fist,HAREKET,1,2796,2776,2810,2895,2793,2812
1.7230,1723,Fist,HAREKET,1,2819,2862,2746,2937,2798,2811
1.7240,1724,Fist,HAREKET,1,2724,2971,2814,2932,2869,2920
1.7250,1725,Fist,HAREKET,1,2800,2982,2782,2884,2764,2864
1.7260,1726,Fist,HAREKET,1,2848,2957,2889,2864,2850,2855
1.7270,1727,Fist,HAREKET,1,2847,2868,3008,2831,2968,2845
1.7280,1728,Fist,HAREKET,1,2811,2802,2893,2975,2649,2725
1.7290,1729,Fist,HAREKET,1,2747,3086,2861,2849,2866,2691
1.7300,1730,Fist,HAREKET,1,2831,2926,2875,2773,2954,2758
1.7310,1731,Fist,HAREKET,1,2697,2954,2936,2757,2817,2913
1.7320,1732,Fist,HAREKET,1,2750,3132,2883,2768,2997,2833
1.7330,1733,Fist,HAREKET,1,2863,2945,2744,2693,2765,2804
1.7340,1734,Fist,HAREKET,1,2811,2958,2791,2776,2887,2811
1.7350,1735,Fist,HAREKET,1,2773,2821,2876,2772,2852,2775
1.7360,1736,Fist,HAREKET,1,2769,2861,2889,2657,2888,2812
1.7370,1737,Fist,HAREKET,1,2827,2961,2707,2663,2728,2976
1.7380,1738,Fist,HAREKET,1,2773,2900,2888,2907,3044,2914
1.7390,1739,Fist,HAREKET,1,2843,2892,2935,2734,2978,2900
1.7400,1740,Fist,HAREKET,1,2712,3035,2769,2785,2881,2979
1.7410,1741,Fist,HAREKET,1,2616,2976,2782,2811,2934,2847
1.7420,1742,Fist,HAREKET,1,2656,2835,2805,2768,3023,2830
1.7430,1743,Fist,HAREKET,1,2605,2958,2731,2859,2837,2917
1.7440,1744,Fist,HAREKET,1,2639,2819,2625,2863,2910,2914
1.7450,1745,Fist,HAREKET,1,2696,2871,2843,2895,2751,2861
1.7460,1746,Fist,HAREKET,1,2790,2955,2840,2801,2882,3003
1.7470,1747,Fist,HAREKET,1,2779,2896,2886,2843,2861,2850
1.7480,1748,Fist,HAREKET,1,2800,2811,2823,2896,2772,2898
1.7490,1749,Fist,HAREKET,1,2823,2767,2774,2868,2876,2808
1.7500,1750,Fist,HAREKET,1,2781,2990,2820,2822,2803,2981
1.7510,1751,Fist,HAREKET,1,2753,3098,2932,2916,2751,2928
1.7520,1752,Fist,HAREKET,1,2788,2945,2905,2889,2874,2844
1.7530,1753,Fist,HAREKET,1,2908,2985,2940,2796,2812,2900
1.7540,1754,Fist,HAREKET,1,2784,3033,2946,2748,2804,2882
1.7550,1755,Fist,HAREKET,1,2752,3027,2738,2748,2742,3074
1.7560,1756,Fist,HAREKET,1,2874,2838,2855,2699,2725,2823
1.7570,1757,Fist,HAREKET,1,2964,2860,2887,2751,2878,2893
1.7580,1758,Fist,HAREKET,1,2909,3028,2808,2742,2956,2844
1.7590,1759,Fist,HAREKET,1,2896,2874,2877,2728,2879,2979
1.7600,1760,Fist,HAREKET,1,2913,2809,2852,2766,2962,2852
1.7610,1761,Fist,HAREKET,1,2836,2893,2966,2817,3051,3027
1.7620,1762,Fist,HAREKET,1,2858,2692,2837,2670,3024,2824
1.7630,1763,Fist,HAREKET,1,2727,2904,2754,2697,2834,2823
1.7640,1764,Fist,HAREKET,1,2611,2834,2763,2690,2841,3035
1.7650,1765,Fist,HAREKET,1,2782,2894,2774,2745,2791,2930
1.7660,1766,Fist,HAREKET,1,2712,2925,2858,2770,2765,2975
1.7670,1767,Fist,HAREKET,1,2654,2760,2582,2900,2952,3019
1.7680,1768,Fist,HAREKET,1,2724,2930,2850,2750,2772,2805
1.7690,1769,Fist,HAREKET,1,2738,2842,2880,2855,2721,2804
1.7700,1770,Fist,HAREKET,1,2742,2894,2924,2808,2878,2750
1.7710,1771,Fist,HAREKET,1,2739,2908,3002,2818,2759,3057
1.7720,1772,Fist,HAREKET,1,2798,2924,2976,2784,2741,2975
1.7730,1773,Fist,HAREKET,1,2826,3088,2845,2708,2867,2868
1.7740,1774,Fist,HAREKET,1,2884,3047,2892,2802,2815,2897
1.7750,1775,Fist,HAREKET,1,2844,2991,2863,2657,2754,2931
1.7760,1776,Fist,HAREKET,1,2753,2981,2895,2766,2941,2851
1.7770,1777,Fist,HAREKET,1,2787,3105,2917,2759,2817,2815
1.7780,1778,Fist,HAREKET,1,2857,3018,2855,2866,2808,2833
1.7790,1779,Fist,HAREKET,1,2706,2945,2850,2699,2940,2831
1.7800,1780,Fist,HAREKET,1,2878,2874,2881,2751,2888,2748
1.7810,1781,Fist,HAREKET,1,2801,2931,2880,2776,2828,2777
1.7820,1782,Fist,HAREKET,1,2847,2882,2755,2724,2881,2903
1.7830,1783,Fist,HAREKET,1,2897,2860,2791,2741,2947,2828
1.7840,1784,Fist,HAREKET,1,2852,3072,2807,2844,3079,2966
1.7850,1785,Fist,HAREKET,1,2854,2850,2722,2761,2914,2988
1.7860,1786,Fist,HAREKET,1,2763,2907,2818,2777,2974,2937
1.7870,1787,Fist,HAREKET,1,2869,2842,2766,2753,2947,2855
1.7880,1788,Fist,HAREKET,1,2744,2794,2818,2763,2804,2943
1.7890,1789,Fist,HAREKET,1,2818,2976,2745,2795,2881,2933
1.7900,1790,Fist,HAREKET,1,2787,2733,2887,2795,2852,2800
1.7910,1791,Fist,HAREKET,1,2620,2944,2682,2896,2843,2757
1.7920,1792,Fist,HAREKET,1,2683,2869,2765,2909,2901,2959
1.7930,1793,Fist,HAREKET,1,2710,2986,2632,2824,2951,2762
1.7940,1794,Fist,HAREKET,1,2931,3019,2850,2934,2765,2892
1.7950,1795,Fist,HAREKET,1,2834,2965,3050,2600,2930,2907
1.7960,1796,Fist,HAREKET,1,2820,3001,3016,2773,2938,2816
1.7970,1797,Fist,HAREKET,1,2727,2877,2823,2910,2972,2785
1.7980,1798,Fist,HAREKET,1,2771,3000,2902,2700,2950,2921
1.7990,1799,Fist,HAREKET,1,2646,2922,2946,2699,2820,2848
1.8000,1800,Fist,HAREKET,1,2783,3109,2815,2685,2807,2850
1.8010,1801,Fist,HAREKET,1,2857,2879,2768,2705,2834,2808
1.8020,1802,Fist,HAREKET,1,2729,2994,2770,2689,2961,2921
1.8030,1803,Fist,HAREKET,1,2835,2886,2823,2612,2948,2914
1.8040,1804,Fist,HAREKET,1,2884,3102,2908,2770,2807,2955
1.8050,1805,Fist,HAREKET,1,2821,2929,2804,2800,2978,3000
1.8060,1806,Fist,HAREKET,1,2805,2994,2649,2905,3026,2980
1.8070,1807,Fist,HAREKET,1,2720,2889,2909,2911,3083,2888
1.8080,1808,Fist,HAREKET,1,2706,2947,2754,2816,2754,2988
1.8090,1809,Fist,HAREKET,1,2672,2864,2649,2845,2917,3061
1.8100,1810,Fist,HAREKET,1,2625,2768,2861,2845,2995,3067
1.8110,1811,Fist,HAREKET,1,2728,2856,2727,2838,2960,2890
1.8120,1812,Fist,HAREKET,1,2730,2859,2669,2902,2763,2893
1.8130,1813,Fist,HAREKET,1,2824,2776,2913,2905,2829,2864
1.8140,1814,Fist,HAREKET,1,2810,2888,2760,3030,2905,2781
1.8150,1815,Fist,HAREKET,1,2722,2729,2879,2804,2773,2752
1.8160,1816,Fist,HAREKET,1,2855,2940,2813,2897,2976,2811
1.8170,1817,Fist,HAREKET,1,2740,2933,2889,2988,2759,2909
1.8180,1818,Fist,HAREKET,1,2931,2987,2943,2644,2849,2795
1.8190,1819,Fist,HAREKET,1,2848,3008,2821,2822,2866,2843
1.8200,1820,Fist,HAREKET,1,2770,2977,2785,2747,2840,2883
1.8210,1821,Fist,HAREKET,1,2722,2957,2909,2641,2908,2846
1.8220,1822,Fist,HAREKET,1,2916,2912,2888,2621,3004,2837
1.8230,1823,Fist,HAREKET,1,2888,2986,2897,2603,2842,2876
1.8240,1824,Fist,HAREKET,1,2914,2982,2844,2587,2834,2873
1.8250,1825,Fist,HAREKET,1,2867,2937,2987,2701,2996,2771
1.8260,1826,Fist,HAREKET,1,2796,2946,2921,2707,2917,2934
1.8270,1827,Fist,HAREKET,1,2885,3005,2963,2829,3022,2883
1.8280,1828,Fist,HAREKET,1,2868,2844,2873,2840,3035,3056
1.8290,1829,Fist,HAREKET,1,2795,2994,2644,2794,3107,2914
1.8300,1830,Fist,HAREKET,1,2827,2902,2845,2684,2988,3026
1.8310,1831,Fist,HAREKET,1,2782,2918,2828,2800,3010,2901
1.8320,1832,Fist,HAREKET,1,2721,2825,2778,2853,2942,2964
1.8330,1833,Fist,HAREKET,1,2778,2872,2761,2746,2856,2959
1.8340,1834,Fist,HAREKET,1,2749,3040,2837,2723,2904,2880
1.8350,1835,Fist,HAREKET,1,2743,2861,2753,2887,2721,2808
1.8360,1836,Fist,HAREKET,1,2838,2831,2802,2614,2696,2842
1.8370,1837,Fist,HAREKET,1,2838,2908,2960,2959,2803,2949
1.8380,1838,Fist,HAREKET,1,2836,2869,3029,2663,2859,2717
1.8390,1839,Fist,HAREKET,1,2895,2921,2813,2671,3004,2911
1.8400,1840,Fist,HAREKET,1,2823,3049,2761,2849,2835,2913
1.8410,1841,Fist,HAREKET,1,2978,3024,2878,2667,2864,2802
1.8420,1842,Fist,HAREKET,1,2799,3181,2892,2708,2888,2829
1.8430,1843,Fist,HAREKET,1,2799,3094,2931,2765,3038,2920
1.8440,1844,Fist,HAREKET,1,2793,2904,2939,2889,2790,2821
1.8450,1845,Fist,HAREKET,1,2851,3132,2869,2701,2798,2900
1.8460,1846,Fist,HAREKET,1,2887,2903,2828,2705,2891,2913
1.8470,1847,Fist,HAREKET,1,2900,2861,2810,2640,2921,2746
1.8480,1848,Fist,HAREKET,1,2948,2874,2902,2833,2925,2919
1.8490,1849,Fist,HAREKET,1,2822,3075,2849,2855,2962,2771
1.8500,1850,Fist,HAREKET,1,2896,3047,2800,2845,2830,2984
1.8510,1851,Fist,HAREKET,1,2829,2964,2897,2742,2944,2993
1.8520,1852,Fist,HAREKET,1,2751,2942,2833,2728,2745,2984
1.8530,1853,Fist,HAREKET,1,2743,3064,2775,2806,2900,2939
1.8540,1854,Fist,HAREKET,1,2757,2895,2798,3054,2840,3114
1.8550,1855,Fist,HAREKET,1,2674,2769,2856,2913,2727,2769
1.8560,1856,Fist,HAREKET,1,2728,2970,2803,2871,3081,2952
1.8570,1857,Fist,HAREKET,1,2882,2707,2844,2790,2881,2931
1.8580,1858,Fist,HAREKET,1,2799,2873,2873,2896,2882,2938
1.8590,1859,Fist,HAREKET,1,2606,2798,2959,2848,2853,2885
1.8600,1860,Fist,HAREKET,1,2776,2910,2781,3014,2795,2926
1.8610,1861,Fist,HAREKET,1,2857,3080,2990,2887,2939,2840
1.8620,1862,Fist,HAREKET,1,2789,3073,2985,2963,2872,2840
1.8630,1863,Fist,HAREKET,1,2865,3049,2892,2798,3037,3023
1.8640,1864,Fist,HAREKET,1,2640,3014,2870,2547,2851,2916
1.8650,1865,Fist,HAREKET,1,2844,2972,3001,2688,2745,2831
1.8660,1866,Fist,HAREKET,1,2902,3067,2706,2658,3011,2926
1.8670,1867,Fist,HAREKET,1,2927,2890,2823,2713,2862,2845
1.8680,1868,Fist,HAREKET,1,2805,2921,2721,2712,2863,2773
1.8690,1869,Fist,HAREKET,1,2814,2980,2930,2690,2698,2893
1.8700,1870,Fist,HAREKET,1,2893,2967,2914,2831,2885,2807
1.8710,1871,Fist,HAREKET,1,2867,2850,2979,2808,2909,2966
1.8720,1872,Fist,HAREKET,1,2817,2823,2876,2732,3098,2862
1.8730,1873,Fist,HAREKET,1,2933,2936,2765,2755,2942,2871
1.8740,1874,Fist,HAREKET,1,2981,2897,2885,2780,2976,2996
1.8750,1875,Fist,HAREKET,1,2874,2875,2828,2769,2867,2896
1.8760,1876,Fist,HAREKET,1,2664,2944,2895,2713,3032,2994
1.8770,1877,Fist,HAREKET,1,2877,2962,2825,2747,2916,2892
1.8780,1878,Fist,HAREKET,1,2602,2906,2770,2819,2946,2819
1.8790,1879,Fist,HAREKET,1,2651,2859,2787,2939,2847,2755
1.8800,1880,Fist,HAREKET,1,2826,2958,2861,2764,2859,2790
1.8810,1881,Fist,HAREKET,1,2862,2833,2999,2997,2930,2807
1.8820,1882,Fist,HAREKET,1,2860,2965,3027,2850,2813,2903
1.8830,1883,Fist,HAREKET,1,2806,2956,2864,2830,3084,2865
1.8840,1884,Fist,HAREKET,1,2994,2877,2877,2877,3072,2815
1.8850,1885,Fist,HAREKET,1,2881,3051,2887,2960,2919,2834
1.8860,1886,Fist,HAREKET,1,2812,3015,2937,2818,2830,2935
1.8870,1887,Fist,HAREKET,1,2750,2923,2937,2718,2817,2776
1.8880,1888,Fist,HAREKET,1,2823,2806,2890,2743,2763,2829
1.8890,1889,Fist,HAREKET,1,2844,2958,2710,2762,2899,2919
1.8900,1890,Fist,HAREKET,1,2864,2944,2875,2707,2837,2924
1.8910,1891,Fist,HAREKET,1,2893,2978,2880,2876,3076,2931
1.8920,1892,Fist,HAREKET,1,2853,2845,2968,2789,2976,2983
1.8930,1893,Fist,HAREKET,1,2913,2835,2922,2826,2916,2826
1.8940,1894,Fist,HAREKET,1,2916,2887,2687,2779,2987,2966
1.8950,1895,Fist,HAREKET,1,2869,2931,2784,2979,2992,2931
1.8960,1896,Fist,HAREKET,1,2902,2828,2799,2693,3073,2908
1.8970,1897,Fist,HAREKET,1,2839,2972,2804,2765,2995,2839
1.8980,1898,Fist,HAREKET,1,2779,2795,2829,2794,2980,2878
1.8990,1899,Fist,HAREKET,1,2835,2889,2835,2900,2850,3007
1.9000,1900,Fist,HAREKET,1,2769,2740,2824,2779,2803,2933
1.9010,1901,Fist,HAREKET,1,2831,2907,2634,2912,2906,2900
1.9020,1902,Fist,HAREKET,1,2734,2841,2708,2853,2744,2810
1.9030,1903,Fist,HAREKET,1,2795,2894,2863,2748,2857,2822
1.9040,1904,Fist,HAREKET,1,2751,2861,2833,2875,2979,2950
1.9050,1905,Fist,HAREKET,1,2921,2899,2935,2734,2902,2792
1.9060,1906,Fist,HAREKET,1,2834,2856,2981,2933,3017,2900
1.9070,1907,Fist,HAREKET,1,2771,2899,2802,2949,2940,2925
1.9080,1908,Fist,HAREKET,1,2881,3032,3044,2734,2796,2788
1.9090,1909,Fist,HAREKET,1,2820,3053,2930,2872,3014,2953
1.9100,1910,Fist,HAREKET,1,2837,2932,2959,2691,2810,2828
1.9110,1911,Fist,HAREKET,1,2896,2883,2963,2662,2909,2916
1.9120,1912,Fist,HAREKET,1,2993,2834,2953,2610,2890,2877
1.9130,1913,Fist,HAREKET,1,2867,2821,2885,2750,2815,2760
1.9140,1914,Fist,HAREKET,1,2716,2842,2976,2940,2932,2767
1.9150,1915,Fist,HAREKET,1,2908,2881,2928,2816,3034,2828
1.9160,1916,Fist,HAREKET,1,2856,2866,2741,2798,3117,2910
1.9170,1917,Fist,HAREKET,1,2873,2768,2867,2642,3065,2921
1.9180,1918,Fist,HAREKET,1,2724,2818,2886,2858,2964,2915
1.9190,1919,Fist,HAREKET,1,2594,2870,2826,2695,2953,2988
1.9200,1920,Fist,HAREKET,1,2747,2859,2897,2768,3093,2968
1.9210,1921,Fist,HAREKET,1,2774,2909,2902,2802,3029,2935
1.9220,1922,Fist,HAREKET,1,2644,2844,2871,2815,2924,2946
1.9230,1923,Fist,HAREKET,1,2836,2836,2720,2775,2860,2905
1.9240,1924,Fist,HAREKET,1,2882,2873,2823,2976,2899,2875
1.9250,1925,Fist,HAREKET,1,2923,2986,2853,2888,2788,2889
1.9260,1926,Fist,HAREKET,1,2871,3080,2834,2799,3074,2786
1.9270,1927,Fist,HAREKET,1,2787,2991,2833,2928,2871,2798
1.9280,1928,Fist,HAREKET,1,2883,2965,2828,2779,2953,2811
1.9290,1929,Fist,HAREKET,1,2961,2971,3053,2895,2805,2919
1.9300,1930,Fist,HAREKET,1,2849,3038,2849,2712,2824,2833
1.9310,1931,Fist,HAREKET,1,2816,2951,2872,2890,2864,2818
1.9320,1932,Fist,HAREKET,1,2855,2896,2770,2775,2972,2981
1.9330,1933,Fist,HAREKET,1,2861,2929,2821,2821,2931,2737
1.9340,1934,Fist,HAREKET,1,3052,2942,3042,2672,2721,2835
1.9350,1935,Fist,HAREKET,1,2903,2760,2917,2630,2899,2789
1.9360,1936,Fist,HAREKET,1,2751,2757,2800,2800,2841,3003
1.9370,1937,Fist,HAREKET,1,2855,2842,2852,2838,2897,2863
1.9380,1938,Fist,HAREKET,1,2856,2867,2931,2825,3056,2898
1.9390,1939,Fist,HAREKET,1,2934,2991,2959,2824,3021,2891
1.9400,1940,Fist,HAREKET,1,2777,2995,2873,2822,2984,2752
1.9410,1941,Fist,HAREKET,1,2784,2730,2901,2955,3047,2840
1.9420,1942,Fist,HAREKET,1,2817,2886,2858,2665,2965,2905
1.9430,1943,Fist,HAREKET,1,2626,2858,2697,2939,2992,2814
1.9440,1944,Fist,HAREKET,1,2720,2867,2878,2780,2901,2905
1.9450,1945,Fist,HAREKET,1,2739,2830,2822,2740,2840,2812
1.9460,1946,Fist,HAREKET,1,2795,2735,2780,2832,2847,2941
1.9470,1947,Fist,HAREKET,1,2864,2776,2839,2843,2950,2737
1.9480,1948,Fist,HAREKET,1,2898,2918,2804,2869,2788,2745
1.9490,1949,Fist,HAREKET,1,2980,2820,2904,3025,2783,2846
1.9500,1950,Fist,HAREKET,1,3016,2972,2836,2944,2860,2819
1.9510,1951,Fist,HAREKET,1,2823,3008,2970,2792,2951,2882
1.9520,1952,Fist,HAREKET,1,2796,3009,2922,2852,2957,2839
1.9530,1953,Fist,HAREKET,1,2860,2906,2969,2925,2921,2748
1.9540,1954,Fist,HAREKET,1,2946,3053,2837,2746,2770,2846
1.9550,1955,Fist,HAREKET,1,2876,3101,2991,2828,2983,2926
1.9560,1956,Fist,HAREKET,1,2758,2971,2913,2689,3125,2724
1.9570,1957,Fist,HAREKET,1,3009,2734,2826,2785,2861,2810
1.9580,1958,Fist,HAREKET,1,2803,2843,2886,2771,2882,2799
1.9590,1959,Fist,HAREKET,1,2910,2864,2932,2630,3115,2934
1.9600,1960,Fist,HAREKET,1,2898,2874,2855,2828,3017,2901
1.9610,1961,Fist,HAREKET,1,2806,2821,2713,2826,2995,2900
1.9620,1962,Fist,HAREKET,1,2886,2874,2928,2813,2878,2977
1.9630,1963,Fist,HAREKET,1,2891,2831,2918,2886,3021,2956
1.9640,1964,Fist,HAREKET,1,2780,2808,2842,2818,2924,2860
1.9650,1965,Fist,HAREKET,1,2851,2876,2880,2680,2823,2905
1.9660,1966,Fist,HAREKET,1,2749,2966,2745,2796,2869,2792
1.9670,1967,Fist,HAREKET,1,2752,2845,2780,2948,2925,2880
1.9680,1968,Fist,HAREKET,1,2752,2768,2953,2771,2823,2862
1.9690,1969,Fist,HAREKET,1,2812,2801,2806,2847,3019,2741
1.9700,1970,Fist,HAREKET,1,2807,2968,3059,2907,2880,2922
1.9710,1971,Fist,HAREKET,1,2849,2962,3018,2936,2708,2792
1.9720,1972,Fist,HAREKET,1,2941,3044,2813,2819,2798,2891
1.9730,1973,Fist,HAREKET,1,2856,2978,2917,2817,2913,2833
1.9740,1974,Fist,HAREKET,1,2880,2878,2978,2807,2987,2880
1.9750,1975,Fist,HAREKET,1,2852,2896,3016,2936,2806,2872
1.9760,1976,Fist,HAREKET,1,2881,2905,2808,2788,2944,2785
1.9770,1977,Fist,HAREKET,1,2730,2859,3003,2692,2812,2742
1.9780,1978,Fist,HAREKET,1,2824,2879,2990,2839,2732,2861
1.9790,1979,Fist,HAREKET,1,2858,2838,2969,2801,2938,2900
1.9800,1980,Fist,HAREKET,1,2818,2837,3033,2721,2891,2774
1.9810,1981,Fist,HAREKET,1,2889,3023,2849,2787,2956,2788
1.9820,1982,Fist,HAREKET,1,2883,2896,2830,2886,2956,2659
1.9830,1983,Fist,HAREKET,1,2698,2969,2906,2864,3095,2798
1.9840,1984,Fist,HAREKET,1,2837,2988,2912,2780,3055,3068
1.9850,1985,Fist,HAREKET,1,2854,2857,2820,2943,3182,2971
1.9860,1986,Fist,HAREKET,1,2724,2809,2935,2821,3063,3016
1.9870,1987,Fist,HAREKET,1,2832,2920,2766,2831,2777,2993
1.9880,1988,Fist,HAREKET,1,2851,2827,2836,2929,2913,2922
1.9890,1989,Fist,HAREKET,1,2711,2880,2789,3030,2799,2911
1.9900,1990,Fist,HAREKET,1,2953,2887,2808,3007,2856,2842
1.9910,1991,Fist,HAREKET,1,2761,2817,2972,2856,2906,2829
1.9920,1992,Fist,HAREKET,1,2828,2842,2829,2919,2823,2721
1.9930,1993,Fist,HAREKET,1,2824,2872,2792,2847,2847,2957
1.9940,1994,Fist,HAREKET,1,2925,2971,2922,3015,2901,2718
1.9950,1995,Fist,HAREKET,1,2838,2905,2899,2924,2915,2860
1.9960,1996,Fist,HAREKET,1,2821,2988,2966,2776,2819,2868
1.9970,1997,Fist,HAREKET,1,2817,2892,2892,2798,2980,2844
1.9980,1998,Fist,HAREKET,1,2689,3005,3036,2948,2800,2909
1.9990,1999,Fist,HAREKET,1,2861,2802,2888,2745,2859,2846
2.0000,2000,Open,HAREKET,1,2669,2801,2727,2732,2666,2660
2.0010,2001,Open,HAREKET,1,2650,2657,2678,2618,2722,2599
2.0020,2002,Open,HAREKET,1,2622,2737,2633,2618,2603,2625
2.0030,2003,Open,HAREKET,1,2674,2803,2815,2547,2753,2618
2.0040,2004,Open,HAREKET,1,2579,2756,2552,2694,2704,2624
2.0050,2005,Open,HAREKET,1,2597,2678,2727,2588,2747,2584
2.0060,2006,Open,HAREKET,1,2573,2646,2690,2600,2730,2563
2.0070,2007,Open,HAREKET,1,2492,2676,2720,2627,2770,2624
2.0080,2008,Open,HAREKET,1,2663,2661,2687,2593,2640,2671
2.0090,2009,Open,HAREKET,1,2614,2776,2558,2486,2662,2668
2.0100,2010,Open,HAREKET,1,2692,2655,2607,2531,2573,2684
2.0110,2011,Open,HAREKET,1,2618,2572,2686,2525,2702,2842
2.0120,2012,Open,HAREKET,1,2642,2808,2562,2687,2632,2691
2.0130,2013,Open,HAREKET,1,2651,2767,2682,2601,2661,2671
2.0140,2014,Open,HAREKET,1,2639,2704,2569,2723,2694,2780
2.0150,2015,Open,HAREKET,1,2586,2613,2654,2615,2691,2809
2.0160,2016,Open,HAREKET,1,2506,2692,2638,2584,2742,2717
2.0170,2017,Open,HAREKET,1,2589,2729,2576,2538,2671,2767
2.0180,2018,Open,HAREKET,1,2599,2707,2583,2593,2757,2709
2.0190,2019,Open,HAREKET,1,2540,2678,2605,2670,2735,2669
2.0200,2020,Open,HAREKET,1,2742,2655,2670,2638,2719,2709
2.0210,2021,Open,HAREKET,1,2750,2844,2774,2664,2728,2731
2.0220,2022,Open,HAREKET,1,2699,2660,2654,2657,2699,2534
2.0230,2023,Open,HAREKET,1,2707,2596,2833,2638,2670,2712
2.0240,2024,Open,HAREKET,1,2705,2625,2759,2630,2724,2632
2.0250,2025,Open,HAREKET,1,2709,2622,2730,2680,2616,2548
2.0260,2026,Open,HAREKET,1,2584,2663,2734,2643,2721,2593
2.0270,2027,Open,HAREKET,1,2498,2679,2596,2658,2711,2664
2.0280,2028,Open,HAREKET,1,2585,2725,2678,2689,2696,2695
2.0290,2029,Open,HAREKET,1,2527,2740,2710,2633,2763,2616
2.0300,2030,Open,HAREKET,1,2744,2691,2605,2531,2699,2697
2.0310,2031,Open,HAREKET,1,2544,2869,2647,2577,2652,2635
2.0320,2032,Open,HAREKET,1,2716,2784,2742,2588,2682,2783
2.0330,2033,Open,HAREKET,1,2669,2616,2661,2529,2725,2676
2.0340,2034,Open,HAREKET,1,2645,2783,2646,2522,2701,2661
2.0350,2035,Open,HAREKET,1,2579,2640,2628,2530,2755,2797
2.0360,2036,Open,HAREKET,1,2762,2732,2554,2517,2663,2682
2.0370,2037,Open,HAREKET,1,2653,2690,2654,2411,2566,2590
2.0380,2038,Open,HAREKET,1,2547,2761,2694,2603,2651,2765
2.0390,2039,Open,HAREKET,1,2673,2523,2706,2597,2582,2544
2.0400,2040,Open,HAREKET,1,2602,2650,2527,2553,2597,2652
2.0410,2041,Open,HAREKET,1,2681,2723,2558,2612,2529,2738
2.0420,2042,Open,HAREKET,1,2638,2567,2563,2547,2658,2724
2.0430,2043,Open,HAREKET,1,2602,2609,2741,2608,2752,2702
2.0440,2044,Open,HAREKET,1,2709,2613,2676,2641,2586,2703
2.0450,2045,Open,HAREKET,1,2620,2584,2798,2559,2685,2738
2.0460,2046,Open,HAREKET,1,2680,2789,2737,2697,2741,2614
2.0470,2047,Open,HAREKET,1,2669,2625,2688,2514,2701,2592
2.0480,2048,Open,HAREKET,1,2622,2707,2656,2620,2787,2615
2.0490,2049,Open,HAREKET,1,2743,2673,2657,2607,2872,2675
2.0500,2050,Open,HAREKET,1,2627,2688,2623,2560,2745,2727
2.0510,2051,Open,HAREKET,1,2680,2695,2691,2626,2824,2555
2.0520,2052,Open,HAREKET,1,2625,2733,2699,2680,2690,2619
2.0530,2053,Open,HAREKET,1,2632,2710,2638,2623,2695,2569
2.0540,2054,Open,HAREKET,1,2726,2742,2699,2707,2716,2656
2.0550,2055,Open,HAREKET,1,2560,2669,2708,2725,2665,2584
2.0560,2056,Open,HAREKET,1,2551,2722,2606,2658,2553,2748
2.0570,2057,Open,HAREKET,1,2663,2785,2668,2598,2666,2637
2.0580,2058,Open,HAREKET,1,2577,2703,2639,2409,2659,2723
2.0590,2059,Open,HAREKET,1,2707,2715,2677,2659,2734,2736
2.0600,2060,Open,HAREKET,1,2589,2745,2631,2593,2651,2785
2.0610,2061,Open,HAREKET,1,2512,2636,2738,2603,2677,2781
2.0620,2062,Open,HAREKET,1,2583,2770,2697,2512,2655,2592
2.0630,2063,Open,HAREKET,1,2636,2659,2603,2421,2648,2754
2.0640,2064,Open,HAREKET,1,2519,2790,2609,2513,2568,2670
2.0650,2065,Open,HAREKET,1,2469,2616,2680,2571,2676,2676
2.0660,2066,Open,HAREKET,1,2643,2813,2608,2465,2687,2625
2.0670,2067,Open,HAREKET,1,2616,2731,2607,2564,2677,2774
2.0680,2068,Open,HAREKET,1,2591,2687,2576,2577,2601,2781
2.0690,2069,Open,HAREKET,1,2595,2716,2606,2496,2607,2749
2.0700,2070,Open,HAREKET,1,2771,2636,2824,2705,2634,2573
2.0710,2071,Open,HAREKET,1,2723,2768,2588,2541,2575,2625
2.0720,2072,Open,HAREKET,1,2707,2642,2636,2618,2679,2688
2.0730,2073,Open,HAREKET,1,2645,2655,2626,2591,2751,2670
2.0740,2074,Open,HAREKET,1,2632,2675,2699,2501,2787,2739
2.0750,2075,Open,HAREKET,1,2625,2631,2808,2690,2755,2630
2.0760,2076,Open,HAREKET,1,2644,2626,2686,2650,2583,2531
2.0770,2077,Open,HAREKET,1,2628,2780,2598,2491,2610,2603
2.0780,2078,Open,HAREKET,1,2582,2727,2568,2620,2715,2588
2.0790,2079,Open,HAREKET,1,2537,2812,2660,2640,2728,2590
2.0800,2080,Open,HAREKET,1,2644,2727,2673,2661,2676,2689
2.0810,2081,Open,HAREKET,1,2553,2818,2581,2517,2576,2563
2.0820,2082,Open,HAREKET,1,2736,2597,2742,2481,2603,2661
2.0830,2083,Open,HAREKET,1,2701,2780,2705,2662,2680,2728
2.0840,2084,Open,HAREKET,1,2715,2707,2651,2618,2571,2766
2.0850,2085,Open,HAREKET,1,2560,2847,2649,2568,2632,2667
2.0860,2086,Open,HAREKET,1,2589,2720,2588,2484,2634,2679
2.0870,2087,Open,HAREKET,1,2545,2659,2515,2540,2477,2811
2.0880,2088,Open,HAREKET,1,2668,2739,2550,2459,2626,2695
2.0890,2089,Open,HAREKET,1,2547,2537,2565,2496,2528,2652
2.0900,2090,Open,HAREKET,1,2516,2701,2461,2615,2708,2743
2.0910,2091,Open,HAREKET,1,2598,2712,2675,2590,2634,2615
2.0920,2092,Open,HAREKET,1,2528,2716,2555,2509,2643,2658
2.0930,2093,Open,HAREKET,1,2698,2718,2709,2603,2734,2780
2.0940,2094,Open,HAREKET,1,2692,2642,2702,2651,2726,2690
2.0950,2095,Open,HAREKET,1,2690,2740,2799,2617,2718,2712
2.0960,2096,Open,HAREKET,1,2724,2509,2614,2586,2702,2579
2.0970,2097,Open,HAREKET,1,2563,2691,2687,2756,2703,2565
2.0980,2098,Open,HAREKET,1,2636,2720,2809,2625,2618,2581
2.0990,2099,Open,HAREKET,1,2639,2657,2800,2685,2803,2536
2.1000,2100,Open,HAREKET,1,2650,2682,2741,2522,2708,2593
2.1010,2101,Open,HAREKET,1,2579,2763,2701,2592,2727,2641
2.1020,2102,Open,HAREKET,1,2743,2835,2572,2633,2671,2601
2.1030,2103,Open,HAREKET,1,2676,2695,2545,2624,2717,2695
2.1040,2104,Open,HAREKET,1,2533,2684,2660,2669,2714,2602
2.1050,2105,Open,HAREKET,1,2536,2816,2653,2658,2655,2704
2.1060,2106,Open,HAREKET,1,2740,2756,2496,2683,2523,2718
2.1070,2107,Open,HAREKET,1,2626,2829,2570,2568,2717,2637
2.1080,2108,Open,HAREKET,1,2622,2696,2627,2588,2680,2571
2.1090,2109,Open,HAREKET,1,2603,2801,2567,2451,2691,2587
2.1100,2110,Open,HAREKET,1,2625,2611,2576,2582,2738,2719
2.1110,2111,Open,HAREKET,1,2444,2720,2599,2495,2692,2660
2.1120,2112,Open,HAREKET,1,2608,2830,2625,2510,2646,2654
2.1130,2113,Open,HAREKET,1,2645,2746,2686,2439,2589,2646
2.1140,2114,Open,HAREKET,1,2646,2709,2540,2502,2664,2610
2.1150,2115,Open,HAREKET,1,2677,2718,2537,2526,2570,2622
2.1160,2116,Open,HAREKET,1,2614,2812,2597,2547,2653,2750
2.1170,2117,Open,HAREKET,1,2530,2740,2637,2561,2653,2712
2.1180,2118,Open,HAREKET,1,2635,2691,2631,2680,2613,2763
2.1190,2119,Open,HAREKET,1,2569,2654,2690,2666,2766,2708
2.1200,2120,Open,HAREKET,1,2718,2677,2570,2599,2642,2633
2.1210,2121,Open,HAREKET,1,2596,2694,2759,2496,2629,2749
2.1220,2122,Open,HAREKET,1,2809,2573,2781,2675,2712,2669
2.1230,2123,Open,HAREKET,1,2774,2646,2779,2649,2634,2603
2.1240,2124,Open,HAREKET,1,2729,2607,2560,2636,2719,2660
2.1250,2125,Open,HAREKET,1,2690,2665,2587,2627,2621,2538
2.1260,2126,Open,HAREKET,1,2622,2743,2716,2580,2675,2640
2.1270,2127,Open,HAREKET,1,2594,2855,2766,2562,2703,2674
2.1280,2128,Open,HAREKET,1,2724,2708,2599,2714,2739,2658
2.1290,2129,Open,HAREKET,1,2700,2758,2620,2628,2758,2684
2.1300,2130,Open,HAREKET,1,2635,2627,2551,2613,2740,2640
2.1310,2131,Open,HAREKET,1,2673,2787,2706,2594,2708,2671
2.1320,2132,Open,HAREKET,1,2598,2700,2673,2611,2493,2681
2.1330,2133,Open,HAREKET,1,2647,2784,2599,2715,2634,2735
2.1340,2134,Open,HAREKET,1,2454,2731,2674,2600,2702,2642
2.1350,2135,Open,HAREKET,1,2549,2741,2580,2574,2561,2636
2.1360,2136,Open,HAREKET,1,2702,2700,2557,2500,2581,2757
2.1370,2137,Open,HAREKET,1,2600,2744,2641,2600,2656,2721
2.1380,2138,Open,HAREKET,1,2522,2592,2660,2552,2576,2607
2.1390,2139,Open,HAREKET,1,2636,2646,2523,2612,2534,2700
2.1400,2140,Open,HAREKET,1,2658,2715,2480,2482,2558,2715
2.1410,2141,Open,HAREKET,1,2568,2861,2555,2557,2566,2625
2.1420,2142,Open,HAREKET,1,2620,2595,2576,2497,2588,2742
2.1430,2143,Open,HAREKET,1,2534,2774,2725,2622,2635,2660
2.1440,2144,Open,HAREKET,1,2677,2758,2636,2627,2604,2848
2.1450,2145,Open,HAREKET,1,2665,2765,2729,2639,2777,2713
2.1460,2146,Open,HAREKET,1,2673,2631,2691,2606,2630,2709
2.1470,2147,Open,HAREKET,1,2705,2683,2637,2586,2678,2661
2.1480,2148,Open,HAREKET,1,2667,2719,2710,2563,2698,2572
2.1490,2149,Open,HAREKET,1,2677,2608,2625,2649,2663,2696
2.1500,2150,Open,HAREKET,1,2581,2724,2757,2693,2724,2600
2.1510,2151,Open,HAREKET,1,2649,2816,2560,2538,2612,2566
2.1520,2152,Open,HAREKET,1,2565,2801,2562,2629,2613,2576
2.1530,2153,Open,HAREKET,1,2483,2691,2470,2664,2642,2642
2.1540,2154,Open,HAREKET,1,2610,2770,2699,2654,2687,2624
2.1550,2155,Open,HAREKET,1,2573,2742,2588,2682,2654,2593
2.1560,2156,Open,HAREKET,1,2649,2737,2599,2617,2767,2606
2.1570,2157,Open,HAREKET,1,2552,2854,2627,2598,2710,2710
2.1580,2158,Open,HAREKET,1,2549,2844,2558,2592,2719,2709
2.1590,2159,Open,HAREKET,1,2634,2599,2532,2570,2568,2701
2.1600,2160,Open,HAREKET,1,2657,2782,2685,2507,2606,2683
2.1610,2161,Open,HAREKET,1,2627,2770,2649,2537,2551,2717
2.1620,2162,Open,HAREKET,1,2646,2702,2582,2562,2553,2673
2.1630,2163,Open,HAREKET,1,2619,2816,2504,2725,2672,2655
2.1640,2164,Open,HAREKET,1,2602,2644,2698,2556,2600,2674
2.1650,2165,Open,HAREKET,1,2630,2796,2629,2516,2663,2683
2.1660,2166,Open,HAREKET,1,2582,2721,2600,2478,2559,2747
2.1670,2167,Open,HAREKET,1,2660,2759,2595,2646,2675,2637
2.1680,2168,Open,HAREKET,1,2652,2703,2538,2554,2627,2732
2.1690,2169,Open,HAREKET,1,2617,2689,2616,2641,2641,2621
2.1700,2170,Open,HAREKET,1,2627,2586,2678,2646,2760,2690
2.1710,2171,Open,HAREKET,1,2652,2668,2767,2696,2639,2645
2.1720,2172,Open,HAREKET,1,2718,2658,2622,2627,2623,2679
2.1730,2173,Open,HAREKET,1,2622,2631,2573,2497,2651,2659
2.1740,2174,Open,HAREKET,1,2614,2546,2659,2604,2618,2595
2.1750,2175,Open,HAREKET,1,2572,2741,2651,2612,2782,2636
2.1760,2176,Open,HAREKET,1,2639,2819,2669,2642,2677,2462
2.1770,2177,Open,HAREKET,1,2610,2705,2591,2619,2593,2610
2.1780,2178,Open,HAREKET,1,2519,2800,2710,2539,2661,2510
2.1790,2179,Open,HAREKET,1,2516,2766,2628,2661,2715,2615
2.1800,2180,Open,HAREKET,1,2617,2809,2655,2653,2697,2569
2.1810,2181,Open,HAREKET,1,2613,2850,2590,2583,2749,2581
2.1820,2182,Open,HAREKET,1,2529,2773,2684,2658,2813,2663
2.1830,2183,Open,HAREKET,1,2603,2779,2542,2574,2609,2752
2.1840,2184,Open,HAREKET,1,2571,2751,2594,2542,2661,2643
2.1850,2185,Open,HAREKET,1,2536,2783,2594,2443,2592,2720
2.1860,2186,Open,HAREKET,1,2583,2735,2594,2531,2515,2677
2.1870,2187,Open,HAREKET,1,2614,2681,2555,2474,2585,2695
2.1880,2188,Open,HAREKET,1,2674,2880,2513,2534,2573,2598
2.1890,2189,Open,HAREKET,1,2548,2602,2510,2457,2580,2736
2.1900,2190,Open,HAREKET,1,2600,2773,2590,2530,2727,2736
2.1910,2191,Open,HAREKET,1,2520,2686,2607,2622,2672,2665
2.1920,2192,Open,HAREKET,1,2517,2661,2565,2573,2739,2827
2.1930,2193,Open,HAREKET,1,2644,2632,2613,2535,2577,2661
2.1940,2194,Open,HAREKET,1,2588,2772,2606,2594,2726,2770
2.1950,2195,Open,HAREKET,1,2560,2701,2670,2691,2707,2794
2.1960,2196,Open,HAREKET,1,2599,2742,2702,2647,2651,2690
2.1970,2197,Open,HAREKET,1,2629,2762,2666,2643,2816,2657
2.1980,2198,Open,HAREKET,1,2634,2726,2665,2669,2682,2637
2.1990,2199,Open,HAREKET,1,2660,2691,2730,2571,2642,2650
2.2000,2200,Open,HAREKET,1,2599,2715,2628,2644,2682,2582
2.2010,2201,Open,HAREKET,1,2591,2632,2607,2718,2737,2601
2.2020,2202,Open,HAREKET,1,2574,2663,2622,2667,2720,2568
2.2030,2203,Open,HAREKET,1,2608,2782,2566,2617,2680,2552
2.2040,2204,Open,HAREKET,1,2641,2772,2632,2721,2578,2585
2.2050,2205,Open,HAREKET,1,2676,2776,2567,2679,2750,2608
2.2060,2206,Open,HAREKET,1,2597,2737,2681,2566,2730,2695
2.2070,2207,Open,HAREKET,1,2630,2785,2490,2547,2751,2622
2.2080,2208,Open,HAREKET,1,2583,2757,2613,2634,2719,2621
2.2090,2209,Open,HAREKET,1,2667,2646,2645,2550,2628,2646
2.2100,2210,Open,HAREKET,1,2588,2775,2723,2505,2667,2716
2.2110,2211,Open,HAREKET,1,2504,2741,2606,2444,2745,2650
2.2120,2212,Open,HAREKET,1,2495,2724,2625,2496,2670,2661
2.2130,2213,Open,HAREKET,1,2654,2858,2463,2611,2616,2671
2.2140,2214,Open,HAREKET,1,2584,2626,2583,2672,2564,2570
2.2150,2215,Open,HAREKET,1,2772,2746,2504,2490,2555,2732
2.2160,2216,Open,HAREKET,1,2658,2636,2685,2569,2606,2715
2.2170,2217,Open,HAREKET,1,2643,2739,2609,2522,2755,2699
2.2180,2218,Open,HAREKET,1,2671,2666,2776,2572,2538,2665
2.2190,2219,Open,HAREKET,1,2559,2621,2528,2603,2679,2693
2.2200,2220,Open,HAREKET,1,2535,2748,2675,2665,2756,2712
2.2210,2221,Open,HAREKET,1,2737,2678,2723,2632,2658,2610
2.2220,2222,Open,HAREKET,1,2675,2636,2794,2607,2741,2635
2.2230,2223,Open,HAREKET,1,2738,2792,2668,2794,2811,2667
2.2240,2224,Open,HAREKET,1,2642,2716,2614,2544,2625,2648
2.2250,2225,Open,HAREKET,1,2656,2636,2606,2514,2664,2544
2.2260,2226,Open,HAREKET,1,2573,2644,2645,2629,2637,2597
2.2270,2227,Open,HAREKET,1,2564,2744,2606,2653,2674,2602
2.2280,2228,Open,HAREKET,1,2604,2774,2561,2608,2712,2643
2.2290,2229,Open,HAREKET,1,2668,2716,2607,2637,2700,2673
2.2300,2230,Open,HAREKET,1,2455,2709,2620,2582,2650,2664
2.2310,2231,Open,HAREKET,1,2549,2818,2737,2610,2677,2712
2.2320,2232,Open,HAREKET,1,2564,2764,2621,2720,2734,2740
2.2330,2233,Open,HAREKET,1,2516,2805,2567,2610,2661,2672
2.2340,2234,Open,HAREKET,1,2676,2762,2600,2558,2532,2514
2.2350,2235,Open,HAREKET,1,2704,2743,2716,2562,2595,2584
2.2360,2236,Open,HAREKET,1,2548,2780,2426,2560,2668,2799
2.2370,2237,Open,HAREKET,1,2653,2706,2608,2602,2606,2633
2.2380,2238,Open,HAREKET,1,2550,2643,2696,2535,2532,2766
2.2390,2239,Open,HAREKET,1,2477,2770,2508,2631,2554,2712
2.2400,2240,Open,HAREKET,1,2576,2681,2612,2658,2643,2790
2.2410,2241,Open,HAREKET,1,2501,2711,2648,2629,2587,2696
2.2420,2242,Open,HAREKET,1,2685,2751,2668,2551,2586,2674
2.2430,2243,Open,HAREKET,1,2575,2761,2619,2531,2738,2644
2.2440,2244,Open,HAREKET,1,2619,2631,2640,2646,2735,2687
2.2450,2245,Open,HAREKET,1,2504,2661,2730,2704,2687,2752
2.2460,2246,Open,HAREKET,1,2639,2685,2800,2682,2636,2595
2.2470,2247,Open,HAREKET,1,2640,2644,2692,2613,2570,2554
2.2480,2248,Open,HAREKET,1,2685,2659,2750,2643,2638,2512
2.2490,2249,Open,HAREKET,1,2610,2653,2689,2590,2705,2665
2.2500,2250,Open,HAREKET,1,2590,2736,2679,2585,2760,2425
2.2510,2251,Open,HAREKET,1,2563,2681,2582,2545,2720,2697
2.2520,2252,Open,HAREKET,1,2606,2789,2690,2628,2593,2577
2.2530,2253,Open,HAREKET,1,2591,2796,2713,2711,2627,2540
2.2540,2254,Open,HAREKET,1,2523,2811,2545,2727,2622,2595
2.2550,2255,Open,HAREKET,1,2568,2861,2764,2660,2652,2680
2.2560,2256,Open,HAREKET,1,2518,2730,2743,2528,2646,2793
2.2570,2257,Open,HAREKET,1,2525,2667,2691,2687,2651,2669
2.2580,2258,Open,HAREKET,1,2549,2890,2725,2655,2639,2736
2.2590,2259,Open,HAREKET,1,2603,2806,2706,2573,2665,2675
2.2600,2260,Open,HAREKET,1,2515,2783,2636,2598,2643,2735
2.2610,2261,Open,HAREKET,1,2438,2723,2686,2517,2618,2717
2.2620,2262,Open,HAREKET,1,2532,2751,2612,2445,2590,2759
2.2630,2263,Open,HAREKET,1,2615,2688,2609,2548,2555,2663
2.2640,2264,Open,HAREKET,1,2570,2764,2643,2547,2549,2736
2.2650,2265,Open,HAREKET,1,2482,2732,2640,2547,2568,2621
2.2660,2266,Open,HAREKET,1,2593,2751,2548,2573,2683,2661
2.2670,2267,Open,HAREKET,1,2649,2785,2604,2626,2633,2770
2.2680,2268,Open,HAREKET,1,2625,2847,2676,2618,2584,2762
2.2690,2269,Open,HAREKET,1,2618,2693,2681,2714,2707,2706
2.2700,2270,Open,HAREKET,1,2719,2612,2753,2711,2800,2743
2.2710,2271,Open,HAREKET,1,2794,2751,2735,2635,2725,2666
2.2720,2272,Open,HAREKET,1,2628,2590,2684,2636,2658,2803
2.2730,2273,Open,HAREKET,1,2639,2615,2710,2616,2653,2586
2.2740,2274,Open,HAREKET,1,2591,2707,2726,2531,2817,2607
2.2750,2275,Open,HAREKET,1,2675,2652,2719,2703,2694,2587
2.2760,2276,Open,HAREKET,1,2609,2784,2626,2529,2771,2493
2.2770,2277,Open,HAREKET,1,2637,2804,2689,2634,2595,2588
2.2780,2278,Open,HAREKET,1,2724,2716,2720,2702,2579,2668
2.2790,2279,Open,HAREKET,1,2632,2701,2638,2555,2646,2684
2.2800,2280,Open,HAREKET,1,2611,2832,2586,2731,2672,2617
2.2810,2281,Open,HAREKET,1,2559,2726,2666,2694,2677,2635
2.2820,2282,Open,HAREKET,1,2539,2760,2670,2682,2540,2635
2.2830,2283,Open,HAREKET,1,2507,2759,2593,2613,2682,2774
2.2840,2284,Open,HAREKET,1,2650,2810,2580,2595,2661,2652
2.2850,2285,Open,HAREKET,1,2532,2780,2571,2665,2671,2637
2.2860,2286,Open,HAREKET,1,2555,2732,2563,2578,2671,2644
2.2870,2287,Open,HAREKET,1,2563,2710,2673,2553,2585,2583
2.2880,2288,Open,HAREKET,1,2570,2742,2613,2668,2602,2505
2.2890,2289,Open,HAREKET,1,2611,2776,2577,2630,2547,2713
2.2900,2290,Open,HAREKET,1,2561,2681,2573,2705,2533,2648
2.2910,2291,Open,HAREKET,1,2574,2699,2633,2702,2480,2663
2.2920,2292,Open,HAREKET,1,2583,2815,2556,2525,2591,2673
2.2930,2293,Open,HAREKET,1,2519,2790,2676,2706,2736,2740
2.2940,2294,Open,HAREKET,1,2572,2621,2765,2548,2730,2618
2.2950,2295,Open,HAREKET,1,2589,2602,2571,2715,2561,2716
2.2960,2296,Open,HAREKET,1,2544,2576,2743,2683,2752,2663
2.2970,2297,Open,HAREKET,1,2693,2633,2715,2686,2590,2542
2.2980,2298,Open,HAREKET,1,2524,2631,2670,2635,2702,2610
2.2990,2299,Open,HAREKET,1,2589,2708,2720,2686,2632,2499
2.3000,2300,Open,HAREKET,1,2507,2752,2641,2617,2564,2579
2.3010,2301,Open,HAREKET,1,2636,2612,2632,2731,2702,2723
2.3020,2302,Open,HAREKET,1,2549,2716,2577,2635,2626,2584
2.3030,2303,Open,HAREKET,1,2612,2699,2607,2689,2642,2659
2.3040,2304,Open,HAREKET,1,2485,2768,2669,2658,2693,2635
2.3050,2305,Open,HAREKET,1,2583,2700,2573,2626,2655,2535
2.3060,2306,Open,HAREKET,1,2514,2758,2675,2721,2663,2640
2.3070,2307,Open,HAREKET,1,2649,2739,2614,2520,2639,2635
2.3080,2308,Open,HAREKET,1,2620,2849,2597,2681,2647,2730
2.3090,2309,Open,HAREKET,1,2605,2752,2618,2591,2549,2654
2.3100,2310,Open,HAREKET,1,2582,2803,2627,2698,2710,2681
2.3110,2311,Open,HAREKET,1,2637,2673,2614,2535,2666,2703
2.3120,2312,Open,HAREKET,1,2453,2705,2437,2533,2574,2591
2.3130,2313,Open,HAREKET,1,2653,2664,2558,2520,2646,2649
2.3140,2314,Open,HAREKET,1,2595,2645,2642,2555,2517,2620
2.3150,2315,Open,HAREKET,1,2602,2751,2605,2575,2704,2751
2.3160,2316,Open,HAREKET,1,2573,2713,2653,2600,2587,2675
2.3170,2317,Open,HAREKET,1,2643,2659,2686,2620,2628,2768
2.3180,2318,Open,HAREKET,1,2471,2755,2721,2685,2709,2731
2.3190,2319,Open,HAREKET,1,2591,2608,2660,2661,2695,2695
2.3200,2320,Open,HAREKET,1,2544,2676,2619,2608,2736,2689
2.3210,2321,Open,HAREKET,1,2628,2627,2639,2661,2731,2630
2.3220,2322,Open,HAREKET,1,2601,2755,2713,2696,2616,2681
2.3230,2323,Open,HAREKET,1,2655,2605,2750,2712,2705,2546
2.3240,2324,Open,HAREKET,1,2624,2658,2660,2667,2706,2557
2.3250,2325,Open,HAREKET,1,2535,2672,2620,2769,2713,2560
2.3260,2326,Open,HAREKET,1,2596,2646,2616,2650,2548,2549
2.3270,2327,Open,HAREKET,1,2562,2749,2607,2753,2676,2598
2.3280,2328,Open,HAREKET,1,2567,2835,2616,2694,2680,2426
2.3290,2329,Open,HAREKET,1,2625,2725,2689,2608,2710,2619
2.3300,2330,Open,HAREKET,1,2524,2706,2668,2597,2619,2626
2.3310,2331,Open,HAREKET,1,2486,2852,2619,2661,2710,2619
2.3320,2332,Open,HAREKET,1,2567,2670,2702,2630,2786,2687
2.3330,2333,Open,HAREKET,1,2557,2714,2762,2670,2712,2732
2.3340,2334,Open,HAREKET,1,2558,2801,2453,2550,2725,2561
2.3350,2335,Open,HAREKET,1,2556,2627,2687,2586,2711,2699
2.3360,2336,Open,HAREKET,1,2627,2691,2661,2669,2632,2739
2.3370,2337,Open,HAREKET,1,2650,2776,2591,2679,2608,2560
2.3380,2338,Open,HAREKET,1,2630,2624,2555,2583,2579,2613
2.3390,2339,Open,HAREKET,1,2571,2731,2558,2535,2605,2675
2.3400,2340,Open,HAREKET,1,2556,2707,2523,2705,2560,2620
2.3410,2341,Open,HAREKET,1,2521,2751,2608,2690,2623,2750
2.3420,2342,Open,HAREKET,1,2555,2829,2632,2682,2573,2774
2.3430,2343,Open,HAREKET,1,2553,2668,2698,2693,2730,2742
2.3440,2344,Open,HAREKET,1,2642,2635,2738,2627,2560,2577
2.3450,2345,Open,HAREKET,1,2621,2626,2747,2640,2647,2784
2.3460,2346,Open,HAREKET,1,2744,2699,2698,2621,2530,2651
2.3470,2347,Open,HAREKET,1,2589,2726,2604,2631,2631,2577
2.3480,2348,Open,HAREKET,1,2592,2644,2734,2657,2721,2612
2.3490,2349,Open,HAREKET,1,2650,2646,2602,2694,2643,2579
2.3500,2350,Open,HAREKET,1,2611,2786,2679,2575,2723,2520
2.3510,2351,Open,HAREKET,1,2640,2727,2538,2607,2707,2532
2.3520,2352,Open,HAREKET,1,2555,2760,2644,2669,2771,2669
2.3530,2353,Open,HAREKET,1,2544,2876,2586,2630,2718,2636
2.3540,2354,Open,HAREKET,1,2635,2640,2693,2607,2707,2631
2.3550,2355,Open,HAREKET,1,2537,2811,2611,2691,2648,2624
2.3560,2356,Open,HAREKET,1,2548,2638,2646,2675,2638,2552
2.3570,2357,Open,HAREKET,1,2406,2803,2664,2624,2648,2624
2.3580,2358,Open,HAREKET,1,2566,2786,2746,2632,2667,2678
2.3590,2359,Open,HAREKET,1,2447,2652,2621,2603,2635,2609
2.3600,2360,Open,HAREKET,1,2612,2796,2706,2578,2739,2598
2.3610,2361,Open,HAREKET,1,2572,2633,2610,2635,2564,2598
2.3620,2362,Open,HAREKET,1,2580,2679,2645,2541,2649,2709
2.3630,2363,Open,HAREKET,1,2472,2676,2602,2691,2663,2657
2.3640,2364,Open,HAREKET,1,2579,2557,2527,2637,2652,2530
2.3650,2365,Open,HAREKET,1,2535,2640,2551,2663,2467,2701
2.3660,2366,Open,HAREKET,1,2462,2724,2688,2649,2581,2658
2.3670,2367,Open,HAREKET,1,2489,2685,2624,2783,2645,2607
2.3680,2368,Open,HAREKET,1,2589,2698,2666,2729,2643,2583
2.3690,2369,Open,HAREKET,1,2551,2593,2670,2701,2796,2603
2.3700,2370,Open,HAREKET,1,2649,2663,2753,2523,2717,2529
2.3710,2371,Open,HAREKET,1,2692,2622,2722,2665,2757,2599
2.3720,2372,Open,HAREKET,1,2611,2643,2774,2628,2673,2551
2.3730,2373,Open,HAREKET,1,2639,2663,2750,2771,2775,2473
2.3740,2374,Open,HAREKET,1,2633,2594,2701,2622,2591,2556
2.3750,2375,Open,HAREKET,1,2668,2658,2667,2548,2698,2621
2.3760,2376,Open,HAREKET,1,2430,2624,2700,2731,2647,2636
2.3770,2377,Open,HAREKET,1,2555,2738,2600,2654,2654,2680
2.3780,2378,Open,HAREKET,1,2498,2716,2682,2600,2750,2517
2.3790,2379,Open,HAREKET,1,2519,2717,2593,2678,2766,2747
2.3800,2380,Open,HAREKET,1,2594,2673,2713,2761,2799,2614
2.3810,2381,Open,HAREKET,1,2409,2672,2640,2719,2718,2622
2.3820,2382,Open,HAREKET,1,2568,2872,2649,2558,2637,2679
2.3830,2383,Open,HAREKET,1,2539,2670,2743,2590,2786,2649
2.3840,2384,Open,HAREKET,1,2530,2644,2699,2640,2680,2678
2.3850,2385,Open,HAREKET,1,2478,2729,2596,2636,2628,2587
2.3860,2386,Open,HAREKET,1,2487,2729,2648,2515,2531,2590
2.3870,2387,Open,HAREKET,1,2585,2709,2651,2677,2539,2640
2.3880,2388,Open,HAREKET,1,2489,2744,2621,2573,2574,2645
2.3890,2389,Open,HAREKET,1,2496,2576,2556,2651,2664,2593
2.3900,2390,Open,HAREKET,1,2577,2643,2569,2605,2527,2707
2.3910,2391,Open,HAREKET,1,2529,2788,2608,2548,2646,2663
2.3920,2392,Open,HAREKET,1,2541,2718,2629,2706,2698,2588
2.3930,2393,Open,HAREKET,1,2458,2458,2720,2719,2573,2727
2.3940,2394,Open,HAREKET,1,2486,2824,2605,2776,2568,2588
2.3950,2395,Open,HAREKET,1,2503,2727,2685,2716,2606,2699
2.3960,2396,Open,HAREKET,1,2783,2658,2680,2637,2684,2634
2.3970,2397,Open,HAREKET,1,2715,2588,2731,2748,2744,2704
2.3980,2398,Open,HAREKET,1,2726,2719,2729,2725,2585,2514
2.3990,2399,Open,HAREKET,1,2668,2716,2754,2731,2656,2584
2.4000,2400,Open,HAREKET,1,2546,2612,2579,2596,2722,2635
2.4010,2401,Open,HAREKET,1,2692,2692,2735,2701,2703,2545
2.4020,2402,Open,HAREKET,1,2515,2675,2752,2620,2679,2521
2.4030,2403,Open,HAREKET,1,2686,2653,2591,2732,2749,2546
2.4040,2404,Open,HAREKET,1,2604,2780,2765,2663,2770,2587
2.4050,2405,Open,HAREKET,1,2502,2726,2656,2659,2702,2568
2.4060,2406,Open,HAREKET,1,2498,2710,2674,2721,2737,2660
2.4070,2407,Open,HAREKET,1,2610,2694,2720,2671,2604,2651
2.4080,2408,Open,HAREKET,1,2485,2703,2598,2738,2587,2661
2.4090,2409,Open,HAREKET,1,2513,2614,2639,2629,2731,2592
2.4100,2410,Open,HAREKET,1,2556,2557,2685,2460,2642,2737
2.4110,2411,Open,HAREKET,1,2420,2823,2696,2543,2680,2721
2.4120,2412,Open,HAREKET,1,2571,2684,2585,2586,2686,2678
2.4130,2413,Open,HAREKET,1,2547,2732,2540,2439,2578,2561
2.4140,2414,Open,HAREKET,1,2620,2613,2713,2545,2715,2641
2.4150,2415,Open,HAREKET,1,2452,2715,2606,2687,2763,2653
2.4160,2416,Open,HAREKET,1,2514,2711,2564,2592,2742,2557
2.4170,2417,Open,HAREKET,1,2482,2608,2589,2632,2542,2681
2.4180,2418,Open,HAREKET,1,2563,2670,2623,2619,2615,2696
2.4190,2419,Open,HAREKET,1,2582,2716,2740,2669,2770,2649
2.4200,2420,Open,HAREKET,1,2618,2625,2778,2620,2661,2612
2.4210,2421,Open,HAREKET,1,2653,2558,2581,2778,2733,2582
2.4220,2422,Open,HAREKET,1,2609,2666,2808,2669,2725,2674
2.4230,2423,Open,HAREKET,1,2608,2629,2702,2589,2708,2450
2.4240,2424,Open,HAREKET,1,2612,2636,2664,2632,2756,2615
2.4250,2425,Open,HAREKET,1,2724,2778,2728,2674,2712,2632
2.4260,2426,Open,HAREKET,1,2561,2671,2728,2670,2773,2501
2.4270,2427,Open,HAREKET,1,2607,2644,2648,2688,2628,2573
2.4280,2428,Open,HAREKET,1,2601,2791,2632,2605,2615,2549
2.4290,2429,Open,HAREKET,1,2525,2603,2678,2588,2667,2673
2.4300,2430,Open,HAREKET,1,2551,2710,2727,2566,2808,2497
2.4310,2431,Open,HAREKET,1,2520,2705,2761,2621,2667,2489
2.4320,2432,Open,HAREKET,1,2565,2775,2643,2785,2726,2655
2.4330,2433,Open,HAREKET,1,2490,2654,2621,2581,2732,2613
2.4340,2434,Open,HAREKET,1,2602,2712,2691,2632,2673,2613
2.4350,2435,Open,HAREKET,1,2534,2691,2638,2621,2673,2805
2.4360,2436,Open,HAREKET,1,2639,2601,2602,2524,2570,2579
2.4370,2437,Open,HAREKET,1,2497,2684,2659,2570,2591,2568
2.4380,2438,Open,HAREKET,1,2519,2577,2601,2606,2607,2688
2.4390,2439,Open,HAREKET,1,2450,2762,2563,2611,2610,2668
2.4400,2440,Open,HAREKET,1,2568,2680,2681,2611,2596,2632
2.4410,2441,Open,HAREKET,1,2567,2613,2703,2733,2633,2612
2.4420,2442,Open,HAREKET,1,2605,2718,2570,2634,2715,2611
2.4430,2443,Open,HAREKET,1,2618,2622,2757,2640,2703,2616
2.4440,2444,Open,HAREKET,1,2650,2599,2717,2755,2663,2678
2.4450,2445,Open,HAREKET,1,2551,2670,2628,2628,2726,2590
2.4460,2446,Open,HAREKET,1,2714,2639,2737,2612,2611,2534
2.4470,2447,Open,HAREKET,1,2760,2658,2653,2655,2736,2632
2.4480,2448,Open,HAREKET,1,2700,2550,2746,2639,2779,2509
2.4490,2449,Open,HAREKET,1,2605,2604,2675,2669,2699,2622
2.4500,2450,Open,HAREKET,1,2605,2767,2706,2681,2694,2666
2.4510,2451,Open,HAREKET,1,2603,2813,2643,2730,2710,2540
2.4520,2452,Open,HAREKET,1,2588,2606,2586,2694,2711,2561
2.4530,2453,Open,HAREKET,1,2655,2863,2643,2712,2722,2569
2.4540,2454,Open,HAREKET,1,2516,2792,2539,2610,2608,2478
2.4550,2455,Open,HAREKET,1,2540,2706,2782,2763,2674,2643
2.4560,2456,Open,HAREKET,1,2544,2621,2642,2700,2781,2577
2.4570,2457,Open,HAREKET,1,2637,2732,2679,2694,2691,2598
2.4580,2458,Open,HAREKET,1,2544,2731,2671,2564,2612,2528
2.4590,2459,Open,HAREKET,1,2582,2772,2612,2641,2634,2689
2.4600,2460,Open,HAREKET,1,2628,2692,2549,2585,2601,2700
2.4610,2461,Open,HAREKET,1,2500,2626,2615,2603,2615,2732
2.4620,2462,Open,HAREKET,1,2638,2739,2772,2516,2601,2641
2.4630,2463,Open,HAREKET,1,2552,2572,2719,2632,2648,2559
2.4640,2464,Open,HAREKET,1,2567,2672,2526,2535,2493,2702
2.4650,2465,Open,HAREKET,1,2511,2802,2594,2680,2764,2608
2.4660,2466,Open,HAREKET,1,2564,2749,2539,2639,2586,2607
2.4670,2467,Open,HAREKET,1,2589,2673,2556,2648,2774,2655
2.4680,2468,Open,HAREKET,1,2579,2720,2678,2676,2665,2653
2.4690,2469,Open,HAREKET,1,2579,2543,2727,2777,2788,2604
2.4700,2470,Open,HAREKET,1,2768,2615,2764,2731,2818,2581
2.4710,2471,Open,HAREKET,1,2547,2687,2735,2544,2721,2653
2.4720,2472,Open,HAREKET,1,2630,2506,2718,2587,2813,2661
2.4730,2473,Open,HAREKET,1,2541,2628,2759,2663,2782,2554
2.4740,2474,Open,HAREKET,1,2657,2605,2723,2605,2679,2615
2.4750,2475,Open,HAREKET,1,2554,2695,2762,2644,2758,2544
2.4760,2476,Open,HAREKET,1,2610,2631,2642,2666,2781,2470
2.4770,2477,Open,HAREKET,1,2574,2636,2710,2708,2689,2493
2.4780,2478,Open,HAREKET,1,2497,2702,2656,2670,2775,2585
2.4790,2479,Open,HAREKET,1,2518,2855,2723,2651,2628,2574
2.4800,2480,Open,HAREKET,1,2654,2788,2692,2631,2623,2629
2.4810,2481,Open,HAREKET,1,2587,2680,2661,2533,2787,2656
2.4820,2482,Open,HAREKET,1,2551,2616,2680,2696,2814,2658
2.4830,2483,Open,HAREKET,1,2503,2830,2706,2551,2763,2745
2.4840,2484,Open,HAREKET,1,2533,2760,2630,2638,2754,2510
2.4850,2485,Open,HAREKET,1,2580,2779,2531,2535,2603,2700
2.4860,2486,Open,HAREKET,1,2738,2617,2577,2672,2657,2645
2.4870,2487,Open,HAREKET,1,2573,2687,2655,2586,2575,2623
2.4880,2488,Open,HAREKET,1,2615,2712,2623,2538,2720,2687
2.4890,2489,Open,HAREKET,1,2536,2564,2596,2599,2652,2660
2.4900,2490,Open,HAREKET,1,2542,2671,2602,2663,2696,2703
2.4910,2491,Open,HAREKET,1,2535,2652,2614,2592,2633,2689
2.4920,2492,Open,HAREKET,1,2585,2741,2769,2577,2572,2668
2.4930,2493,Open,HAREKET,1,2528,2686,2752,2716,2715,2594
2.4940,2494,Open,HAREKET,1,2526,2576,2743,2702,2677,2679
2.4950,2495,Open,HAREKET,1,2697,2628,2841,2690,2675,2667
2.4960,2496,Open,HAREKET,1,2442,2612,2764,2693,2732,2589
2.4970,2497,Open,HAREKET,1,2607,2622,2844,2686,2833,2547
2.4980,2498,Open,HAREKET,1,2681,2589,2696,2609,2753,2505
2.4990,2499,Open,HAREKET,1,2599,2646,2785,2668,2779,2696
2.5000,2500,Open,HAREKET,1,2621,2642,2650,2781,2731,2682
2.5010,2501,Open,HAREKET,1,2573,2733,2728,2765,2633,2580
2.5020,2502,Open,HAREKET,1,2565,2649,2681,2598,2575,2522
2.5030,2503,Open,HAREKET,1,2487,2758,2645,2656,2733,2596
2.5040,2504,Open,HAREKET,1,2547,2809,2664,2738,2695,2475
2.5050,2505,Open,HAREKET,1,2486,2769,2596,2603,2806,2638
2.5060,2506,Open,HAREKET,1,2532,2800,2710,2681,2623,2560
2.5070,2507,Open,HAREKET,1,2501,2759,2626,2626,2826,2614
2.5080,2508,Open,HAREKET,1,2537,2597,2657,2535,2747,2769
2.5090,2509,Open,HAREKET,1,2522,2771,2558,2583,2628,2603
2.5100,2510,Open,HAREKET,1,2575,2659,2628,2571,2753,2612
2.5110,2511,Open,HAREKET,1,2669,2662,2691,2523,2631,2668
2.5120,2512,Open,HAREKET,1,2563,2698,2574,2518,2632,2621
2.5130,2513,Open,HAREKET,1,2565,2625,2519,2723,2619,2647
2.5140,2514,Open,HAREKET,1,2477,2691,2632,2639,2669,2687
2.5150,2515,Open,HAREKET,1,2557,2706,2599,2745,2660,2681
2.5160,2516,Open,HAREKET,1,2583,2663,2708,2637,2642,2659
2.5170,2517,Open,HAREKET,1,2606,2556,2774,2660,2642,2590
2.5180,2518,Open,HAREKET,1,2645,2668,2687,2666,2801,2712
2.5190,2519,Open,HAREKET,1,2625,2577,2712,2677,2649,2668
2.5200,2520,Open,HAREKET,1,2587,2719,2662,2735,2742,2497
2.5210,2521,Open,HAREKET,1,2579,2601,2710,2582,2760,2701
2.5220,2522,Open,HAREKET,1,2617,2598,2641,2698,2775,2635
2.5230,2523,Open,HAREKET,1,2677,2545,2682,2728,2796,2652
2.5240,2524,Open,HAREKET,1,2719,2619,2757,2574,2627,2581
2.5250,2525,Open,HAREKET,1,2631,2554,2746,2570,2633,2534
2.5260,2526,Open,HAREKET,1,2684,2683,2770,2599,2768,2658
2.5270,2527,Open,HAREKET,1,2607,2608,2590,2766,2582,2625
2.5280,2528,Open,HAREKET,1,2626,2454,2666,2738,2726,2552
2.5290,2529,Open,HAREKET,1,2612,2729,2731,2741,2799,2622
2.5300,2530,Open,HAREKET,1,2590,2785,2672,2650,2713,2576
2.5310,2531,Open,HAREKET,1,2687,2551,2670,2722,2796,2704
2.5320,2532,Open,HAREKET,1,2460,2768,2582,2675,2697,2547
2.5330,2533,Open,HAREKET,1,2565,2734,2686,2583,2733,2652
2.5340,2534,Open,HAREKET,1,2569,2703,2604,2707,2628,2651
2.5350,2535,Open,HAREKET,1,2687,2602,2467,2571,2638,2626
2.5360,2536,Open,HAREKET,1,2643,2662,2523,2614,2739,2623
2.5370,2537,Open,HAREKET,1,2568,2657,2736,2506,2600,2721
2.5380,2538,Open,HAREKET,1,2463,2628,2626,2560,2675,2739
2.5390,2539,Open,HAREKET,1,2574,2644,2646,2680,2651,2605
2.5400,2540,Open,HAREKET,1,2604,2701,2693,2600,2517,2608
2.5410,2541,Open,HAREKET,1,2686,2690,2679,2513,2668,2625
2.5420,2542,Open,HAREKET,1,2566,2662,2591,2547,2696,2592
2.5430,2543,Open,HAREKET,1,2513,2601,2683,2534,2678,2782
2.5440,2544,Open,HAREKET,1,2591,2641,2802,2686,2703,2719
2.5450,2545,Open,HAREKET,1,2643,2569,2724,2582,2718,2726
2.5460,2546,Open,HAREKET,1,2651,2573,2727,2528,2798,2540
2.5470,2547,Open,HAREKET,1,2543,2587,2835,2618,2818,2669
2.5480,2548,Open,HAREKET,1,2564,2588,2823,2574,2808,2602
2.5490,2549,Open,HAREKET,1,2475,2610,2708,2550,2715,2677
2.5500,2550,Open,HAREKET,1,2699,2589,2676,2699,2741,2564
2.5510,2551,Open,HAREKET,1,2530,2689,2729,2596,2716,2592
2.5520,2552,Open,HAREKET,1,2582,2663,2562,2514,2692,2673
2.5530,2553,Open,HAREKET,1,2619,2594,2734,2657,2747,2600
2.5540,2554,Open,HAREKET,1,2584,2694,2688,2715,2807,2703
2.5550,2555,Open,HAREKET,1,2562,2696,2721,2705,2741,2744
2.5560,2556,Open,HAREKET,1,2594,2765,2551,2734,2687,2593
2.5570,2557,Open,HAREKET,1,2597,2883,2805,2591,2750,2632
2.5580,2558,Open,HAREKET,1,2592,2667,2663,2735,2729,2601
2.5590,2559,Open,HAREKET,1,2639,2599,2783,2542,2682,2583
2.5600,2560,Open,HAREKET,1,2637,2647,2773,2607,2670,2652
2.5610,2561,Open,HAREKET,1,2634,2768,2764,2598,2655,2569
2.5620,2562,Open,HAREKET,1,2567,2715,2651,2595,2618,2656
2.5630,2563,Open,HAREKET,1,2585,2577,2651,2662,2589,2657
2.5640,2564,Open,HAREKET,1,2552,2688,2506,2610,2810,2584
2.5650,2565,Open,HAREKET,1,2554,2765,2640,2636,2694,2638
2.5660,2566,Open,HAREKET,1,2544,2649,2621,2600,2615,2771
2.5670,2567,Open,HAREKET,1,2535,2719,2641,2523,2635,2701
2.5680,2568,Open,HAREKET,1,2589,2757,2723,2680,2728,2743
2.5690,2569,Open,HAREKET,1,2677,2630,2761,2630,2750,2688
2.5700,2570,Open,HAREKET,1,2532,2623,2650,2666,2795,2591
2.5710,2571,Open,HAREKET,1,2680,2589,2732,2688,2823,2684
2.5720,2572,Open,HAREKET,1,2631,2552,2779,2655,2773,2558
2.5730,2573,Open,HAREKET,1,2725,2562,2750,2736,2748,2627
2.5740,2574,Open,HAREKET,1,2656,2666,2744,2718,2790,2567
2.5750,2575,Open,HAREKET,1,2708,2699,2673,2630,2723,2472
2.5760,2576,Open,HAREKET,1,2621,2583,2605,2652,2862,2700
2.5770,2577,Open,HAREKET,1,2712,2739,2618,2591,2664,2557
2.5780,2578,Open,HAREKET,1,2553,2800,2714,2567,2714,2427
2.5790,2579,Open,HAREKET,1,2596,2704,2727,2644,2747,2621
2.5800,2580,Open,HAREKET,1,2621,2894,2644,2670,2754,2636
2.5810,2581,Open,HAREKET,1,2630,2688,2630,2613,2779,2564
2.5820,2582,Open,HAREKET,1,2632,2759,2539,2672,2721,2699
2.5830,2583,Open,HAREKET,1,2551,2690,2687,2658,2660,2631
2.5840,2584,Open,HAREKET,1,2626,2652,2680,2605,2813,2615
2.5850,2585,Open,HAREKET,1,2641,2656,2656,2580,2707,2649
2.5860,2586,Open,HAREKET,1,2620,2626,2662,2558,2631,2710
2.5870,2587,Open,HAREKET,1,2580,2764,2669,2599,2785,2702
2.5880,2588,Open,HAREKET,1,2636,2737,2594,2609,2709,2754
2.5890,2589,Open,HAREKET,1,2629,2675,2700,2540,2646,2763
2.5900,2590,Open,HAREKET,1,2532,2728,2579,2580,2734,2633
2.5910,2591,Open,HAREKET,1,2561,2837,2560,2528,2657,2673
2.5920,2592,Open,HAREKET,1,2545,2598,2619,2661,2689,2680
2.5930,2593,Open,HAREKET,1,2567,2732,2659,2689,2680,2757
2.5940,2594,Open,HAREKET,1,2561,2690,2781,2591,2667,2669
2.5950,2595,Open,HAREKET,1,2748,2700,2804,2650,2665,2729
2.5960,2596,Open,HAREKET,1,2603,2592,2635,2636,2694,2639
2.5970,2597,Open,HAREKET,1,2629,2569,2786,2627,2639,2604
2.5980,2598,Open,HAREKET,1,2626,2562,2915,2535,2829,2641
2.5990,2599,Open,HAREKET,1,2710,2678,2644,2584,2719,2578
2.6000,2600,Open,HAREKET,1,2701,2756,2648,2660,2739,2492
2.6010,2601,Open,HAREKET,1,2651,2602,2795,2613,2561,2603
2.6020,2602,Open,HAREKET,1,2671,2679,2620,2655,2618,2657
2.6030,2603,Open,HAREKET,1,2562,2826,2690,2635,2648,2645
2.6040,2604,Open,HAREKET,1,2574,2695,2636,2645,2586,2586
2.6050,2605,Open,HAREKET,1,2590,2711,2501,2669,2676,2620
2.6060,2606,Open,HAREKET,1,2423,2696,2779,2669,2677,2694
2.6070,2607,Open,HAREKET,1,2636,2793,2631,2663,2775,2705
2.6080,2608,Open,HAREKET,1,2556,2832,2765,2637,2798,2633
2.6090,2609,Open,HAREKET,1,2627,2644,2617,2531,2659,2593
2.6100,2610,Open,HAREKET,1,2573,2663,2634,2563,2524,2601
2.6110,2611,Open,HAREKET,1,2570,2817,2659,2575,2597,2599
2.6120,2612,Open,HAREKET,1,2589,2779,2689,2527,2630,2630
2.6130,2613,Open,HAREKET,1,2553,2754,2629,2534,2670,2526
2.6140,2614,Open,HAREKET,1,2657,2683,2559,2598,2754,2705
2.6150,2615,Open,HAREKET,1,2661,2767,2598,2503,2599,2738
2.6160,2616,Open,HAREKET,1,2544,2641,2622,2679,2698,2679
2.6170,2617,Open,HAREKET,1,2577,2693,2618,2684,2645,2591
2.6180,2618,Open,HAREKET,1,2632,2685,2678,2602,2701,2624
2.6190,2619,Open,HAREKET,1,2601,2470,2651,2631,2672,2668
2.6200,2620,Open,HAREKET,1,2622,2575,2699,2623,2821,2642
2.6210,2621,Open,HAREKET,1,2730,2650,2690,2614,2791,2616
2.6220,2622,Open,HAREKET,1,2698,2630,2725,2601,2717,2639
2.6230,2623,Open,HAREKET,1,2791,2452,2779,2605,2716,2558
2.6240,2624,Open,HAREKET,1,2612,2652,2719,2696,2807,2560
2.6250,2625,Open,HAREKET,1,2651,2646,2689,2533,2610,2535
2.6260,2626,Open,HAREKET,1,2556,2636,2709,2612,2847,2604
2.6270,2627,Open,HAREKET,1,2592,2735,2628,2695,2766,2618
2.6280,2628,Open,HAREKET,1,2610,2716,2632,2579,2813,2592
2.6290,2629,Open,HAREKET,1,2559,2719,2566,2647,2783,2662
2.6300,2630,Open,HAREKET,1,2590,2768,2651,2614,2819,2653
2.6310,2631,Open,HAREKET,1,2571,2703,2590,2551,2641,2672
2.6320,2632,Open,HAREKET,1,2611,2700,2646,2577,2736,2859
2.6330,2633,Open,HAREKET,1,2650,2782,2731,2678,2607,2719
2.6340,2634,Open,HAREKET,1,2579,2766,2645,2621,2681,2688
2.6350,2635,Open,HAREKET,1,2633,2673,2718,2673,2699,2634
2.6360,2636,Open,HAREKET,1,2474,2669,2627,2543,2533,2598
2.6370,2637,Open,HAREKET,1,2724,2739,2595,2514,2625,2707
2.6380,2638,Open,HAREKET,1,2680,2624,2551,2512,2712,2673
2.6390,2639,Open,HAREKET,1,2660,2659,2568,2615,2603,2744
2.6400,2640,Open,HAREKET,1,2601,2652,2665,2526,2643,2791
2.6410,2641,Open,HAREKET,1,2608,2575,2556,2575,2703,2685
2.6420,2642,Open,HAREKET,1,2567,2671,2712,2681,2662,2663
2.6430,2643,Open,HAREKET,1,2539,2637,2681,2688,2804,2627
2.6440,2644,Open,HAREKET,1,2590,2619,2633,2636,2689,2636
2.6450,2645,Open,HAREKET,1,2556,2679,2806,2657,2738,2672
2.6460,2646,Open,HAREKET,1,2775,2630,2685,2602,2709,2649
2.6470,2647,Open,HAREKET,1,2812,2711,2702,2608,2703,2642
2.6480,2648,Open,HAREKET,1,2660,2480,2749,2618,2693,2673
2.6490,2649,Open,HAREKET,1,2742,2607,2657,2571,2656,2615
2.6500,2650,Open,HAREKET,1,2593,2647,2761,2663,2726,2512
2.6510,2651,Open,HAREKET,1,2694,2685,2778,2604,2843,2595
2.6520,2652,Open,HAREKET,1,2552,2618,2736,2615,2744,2662
2.6530,2653,Open,HAREKET,1,2629,2790,2598,2676,2767,2526
2.6540,2654,Open,HAREKET,1,2540,2727,2608,2592,2711,2541
2.6550,2655,Open,HAREKET,1,2617,2879,2664,2598,2750,2539
2.6560,2656,Open,HAREKET,1,2585,2847,2653,2636,2698,2628
2.6570,2657,Open,HAREKET,1,2639,2651,2618,2678,2712,2695
2.6580,2658,Open,HAREKET,1,2647,2646,2649,2589,2620,2656
2.6590,2659,Open,HAREKET,1,2714,2666,2558,2646,2731,2689
2.6600,2660,Open,HAREKET,1,2703,2729,2625,2582,2639,2652
2.6610,2661,Open,HAREKET,1,2568,2608,2670,2579,2670,2729
2.6620,2662,Open,HAREKET,1,2660,2667,2624,2555,2685,2795
2.6630,2663,Open,HAREKET,1,2633,2716,2579,2541,2624,2661
2.6640,2664,Open,HAREKET,1,2622,2815,2563,2498,2676,2720
2.6650,2665,Open,HAREKET,1,2547,2648,2539,2586,2688,2707
2.6660,2666,Open,HAREKET,1,2585,2616,2567,2627,2663,2781
2.6670,2667,Open,HAREKET,1,2606,2782,2665,2561,2689,2682
2.6680,2668,Open,HAREKET,1,2553,2608,2689,2670,2653,2647
2.6690,2669,Open,HAREKET,1,2609,2671,2712,2543,2756,2684
2.6700,2670,Open,HAREKET,1,2646,2538,2780,2506,2861,2689
2.6710,2671,Open,HAREKET,1,2643,2697,2713,2619,2713,2642
2.6720,2672,Open,HAREKET,1,2674,2691,2682,2559,2712,2650
2.6730,2673,Open,HAREKET,1,2664,2543,2730,2640,2745,2601
2.6740,2674,Open,HAREKET,1,2737,2613,2693,2580,2778,2588
2.6750,2675,Open,HAREKET,1,2734,2663,2652,2700,2689,2664
2.6760,2676,Open,HAREKET,1,2660,2674,2618,2524,2750,2569
2.6770,2677,Open,HAREKET,1,2636,2731,2614,2634,2604,2538
2.6780,2678,Open,HAREKET,1,2572,2754,2596,2750,2749,2611
2.6790,2679,Open,HAREKET,1,2676,2752,2658,2650,2653,2628
2.6800,2680,Open,HAREKET,1,2552,2766,2574,2634,2880,2639
2.6810,2681,Open,HAREKET,1,2643,2755,2692,2670,2791,2699
2.6820,2682,Open,HAREKET,1,2571,2709,2803,2683,2659,2662
2.6830,2683,Open,HAREKET,1,2696,2824,2640,2637,2758,2788
2.6840,2684,Open,HAREKET,1,2637,2777,2706,2546,2717,2578
2.6850,2685,Open,HAREKET,1,2630,2708,2694,2531,2617,2721
2.6860,2686,Open,HAREKET,1,2612,2577,2681,2518,2662,2671
2.6870,2687,Open,HAREKET,1,2669,2713,2536,2441,2572,2640
2.6880,2688,Open,HAREKET,1,2612,2728,2619,2491,2645,2768
2.6890,2689,Open,HAREKET,1,2619,2658,2659,2546,2547,2564
2.6900,2690,Open,HAREKET,1,2518,2750,2562,2597,2632,2723
2.6910,2691,Open,HAREKET,1,2613,2601,2734,2631,2680,2703
2.6920,2692,Open,HAREKET,1,2591,2612,2565,2601,2710,2638
2.6930,2693,Open,HAREKET,1,2709,2711,2610,2580,2685,2665
2.6940,2694,Open,HAREKET,1,2649,2632,2733,2593,2703,2669
2.6950,2695,Open,HAREKET,1,2610,2599,2605,2635,2739,2742
2.6960,2696,Open,HAREKET,1,2682,2520,2743,2637,2681,2716
2.6970,2697,Open,HAREKET,1,2677,2654,2655,2552,2808,2633
2.6980,2698,Open,HAREKET,1,2687,2689,2683,2680,2699,2579
2.6990,2699,Open,HAREKET,1,2712,2710,2730,2649,2782,2561
2.7000,2700,Open,HAREKET,1,2675,2610,2734,2530,2740,2649
2.7010,2701,Open,HAREKET,1,2600,2729,2699,2620,2735,2638
2.7020,2702,Open,HAREKET,1,2552,2797,2552,2602,2706,2633
2.7030,2703,Open,HAREKET,1,2734,2776,2638,2589,2787,2624
2.7040,2704,Open,HAREKET,1,2476,2777,2622,2522,2667,2617
2.7050,2705,Open,HAREKET,1,2612,2772,2584,2651,2752,2602
2.7060,2706,Open,HAREKET,1,2694,2706,2735,2650,2739,2586
2.7070,2707,Open,HAREKET,1,2718,2799,2552,2600,2618,2690
2.7080,2708,Open,HAREKET,1,2626,2781,2569,2638,2659,2694
2.7090,2709,Open,HAREKET,1,2598,2698,2654,2527,2678,2726
2.7100,2710,Open,HAREKET,1,2717,2669,2531,2555,2671,2636
2.7110,2711,Open,HAREKET,1,2620,2724,2515,2523,2651,2661
2.7120,2712,Open,HAREKET,1,2623,2673,2491,2560,2686,2629
2.7130,2713,Open,HAREKET,1,2544,2690,2479,2527,2587,2569
2.7140,2714,Open,HAREKET,1,2531,2678,2531,2503,2621,2733
2.7150,2715,Open,HAREKET,1,2630,2705,2574,2490,2650,2752
2.7160,2716,Open,HAREKET,1,2653,2728,2596,2556,2499,2744
2.7170,2717,Open,HAREKET,1,2553,2712,2770,2532,2723,2684
2.7180,2718,Open,HAREKET,1,2514,2689,2603,2697,2745,2664
2.7190,2719,Open,HAREKET,1,2710,2570,2575,2569,2812,2662
2.7200,2720,Open,HAREKET,1,2560,2775,2730,2613,2709,2706
2.7210,2721,Open,HAREKET,1,2730,2630,2759,2701,2693,2651
2.7220,2722,Open,HAREKET,1,2671,2570,2752,2741,2729,2743
2.7230,2723,Open,HAREKET,1,2710,2625,2606,2618,2731,2639
2.7240,2724,Open,HAREKET,1,2680,2708,2708,2591,2788,2624
2.7250,2725,Open,HAREKET,1,2550,2684,2595,2569,2627,2636
2.7260,2726,Open,HAREKET,1,2612,2671,2666,2616,2680,2622
2.7270,2727,Open,HAREKET,1,2628,2671,2705,2597,2812,2530
2.7280,2728,Open,HAREKET,1,2660,2678,2674,2659,2628,2463
2.7290,2729,Open,HAREKET,1,2466,2846,2588,2640,2740,2625
2.7300,2730,Open,HAREKET,1,2635,2687,2597,2570,2732,2762
2.7310,2731,Open,HAREKET,1,2595,2736,2709,2630,2715,2706
2.7320,2732,Open,HAREKET,1,2592,2866,2669,2507,2755,2667
2.7330,2733,Open,HAREKET,1,2678,2765,2646,2559,2781,2616
2.7340,2734,Open,HAREKET,1,2615,2710,2552,2600,2592,2682
2.7350,2735,Open,HAREKET,1,2534,2722,2690,2508,2770,2670
2.7360,2736,Open,HAREKET,1,2709,2744,2708,2583,2634,2610
2.7370,2737,Open,HAREKET,1,2549,2760,2566,2607,2663,2703
2.7380,2738,Open,HAREKET,1,2501,2761,2576,2561,2706,2620
2.7390,2739,Open,HAREKET,1,2598,2744,2476,2552,2556,2685
2.7400,2740,Open,HAREKET,1,2722,2739,2556,2489,2655,2683
2.7410,2741,Open,HAREKET,1,2586,2634,2626,2565,2548,2750
2.7420,2742,Open,HAREKET,1,2650,2692,2709,2567,2767,2679
2.7430,2743,Open,HAREKET,1,2642,2732,2508,2584,2631,2744
2.7440,2744,Open,HAREKET,1,2644,2648,2740,2554,2677,2674
2.7450,2745,Open,HAREKET,1,2763,2589,2650,2649,2836,2630
2.7460,2746,Open,HAREKET,1,2608,2702,2753,2695,2666,2605
2.7470,2747,Open,HAREKET,1,2682,2595,2624,2639,2793,2654
2.7480,2748,Open,HAREKET,1,2751,2589,2722,2647,2644,2726
2.7490,2749,Open,HAREKET,1,2607,2631,2537,2599,2729,2603
2.7500,2750,Open,HAREKET,1,2651,2649,2692,2659,2824,2598
2.7510,2751,Open,HAREKET,1,2678,2786,2726,2690,2733,2487
2.7520,2752,Open,HAREKET,1,2616,2758,2539,2659,2694,2561
2.7530,2753,Open,HAREKET,1,2627,2720,2545,2618,2759,2579
2.7540,2754,Open,HAREKET,1,2510,2750,2587,2671,2628,2638
2.7550,2755,Open,HAREKET,1,2582,2815,2671,2583,2599,2501
2.7560,2756,Open,HAREKET,1,2530,2796,2482,2552,2661,2740
2.7570,2757,Open,HAREKET,1,2522,2770,2679,2694,2700,2765
2.7580,2758,Open,HAREKET,1,2578,2823,2534,2646,2713,2589
2.7590,2759,Open,HAREKET,1,2608,2768,2640,2603,2563,2652
2.7600,2760,Open,HAREKET,1,2638,2667,2620,2415,2657,2783
2.7610,2761,Open,HAREKET,1,2534,2817,2627,2633,2663,2687
2.7620,2762,Open,HAREKET,1,2608,2597,2570,2404,2629,2590
2.7630,2763,Open,HAREKET,1,2711,2648,2680,2526,2724,2644
2.7640,2764,Open,HAREKET,1,2521,2833,2640,2609,2558,2635
2.7650,2765,Open,HAREKET,1,2497,2682,2642,2649,2646,2696
2.7660,2766,Open,HAREKET,1,2554,2640,2559,2490,2601,2679
2.7670,2767,Open,HAREKET,1,2618,2690,2677,2570,2635,2606
2.7680,2768,Open,HAREKET,1,2753,2665,2551,2546,2713,2648
2.7690,2769,Open,HAREKET,1,2603,2701,2539,2680,2758,2653
2.7700,2770,Open,HAREKET,1,2682,2602,2710,2605,2690,2713
2.7710,2771,Open,HAREKET,1,2681,2576,2726,2565,2655,2692
2.7720,2772,Open,HAREKET,1,2725,2563,2690,2504,2705,2628
2.7730,2773,Open,HAREKET,1,2616,2706,2553,2636,2689,2668
2.7740,2774,Open,HAREKET,1,2651,2668,2682,2620,2664,2681
2.7750,2775,Open,HAREKET,1,2675,2673,2597,2646,2747,2549
2.7760,2776,Open,HAREKET,1,2705,2765,2603,2705,2689,2654
2.7770,2777,Open,HAREKET,1,2772,2688,2606,2564,2645,2651
2.7780,2778,Open,HAREKET,1,2594,2707,2706,2689,2563,2627
2.7790,2779,Open,HAREKET,1,2636,2748,2725,2626,2729,2804
2.7800,2780,Open,HAREKET,1,2699,2831,2657,2548,2675,2544
2.7810,2781,Open,HAREKET,1,2520,2872,2622,2618,2785,2683
2.7820,2782,Open,HAREKET,1,2548,2797,2712,2641,2692,2806
2.7830,2783,Open,HAREKET,1,2629,2758,2652,2570,2785,2729
2.7840,2784,Open,HAREKET,1,2725,2759,2599,2650,2638,2650
2.7850,2785,Open,HAREKET,1,2551,2716,2676,2596,2670,2703
2.7860,2786,Open,HAREKET,1,2531,2621,2580,2527,2600,2662
2.7870,2787,Open,HAREKET,1,2609,2663,2677,2541,2663,2730
2.7880,2788,Open,HAREKET,1,2591,2712,2627,2506,2585,2646
2.7890,2789,Open,HAREKET,1,2545,2786,2612,2568,2671,2739
2.7900,2790,Open,HAREKET,1,2552,2702,2572,2574,2563,2684
2.7910,2791,Open,HAREKET,1,2590,2834,2577,2609,2652,2641
2.7920,2792,Open,HAREKET,1,2501,2706,2610,2463,2565,2792
2.7930,2793,Open,HAREKET,1,2637,2698,2655,2627,2513,2704
2.7940,2794,Open,HAREKET,1,2637,2773,2648,2655,2587,2702
2.7950,2795,Open,HAREKET,1,2584,2650,2658,2573,2758,2738
2.7960,2796,Open,HAREKET,1,2776,2681,2727,2682,2596,2805
2.7970,2797,Open,HAREKET,1,2618,2643,2623,2575,2832,2713
2.7980,2798,Open,HAREKET,1,2785,2583,2647,2513,2708,2641
2.7990,2799,Open,HAREKET,1,2596,2655,2656,2514,2754,2595
2.8000,2800,Open,HAREKET,1,2664,2837,2575,2532,2676,2562
2.8010,2801,Open,HAREKET,1,2598,2754,2570,2747,2644,2631
2.8020,2802,Open,HAREKET,1,2731,2750,2669,2658,2650,2585
2.8030,2803,Open,HAREKET,1,2577,2806,2651,2597,2617,2706
2.8040,2804,Open,HAREKET,1,2570,2845,2643,2597,2586,2589
2.8050,2805,Open,HAREKET,1,2706,2718,2630,2613,2730,2729
2.8060,2806,Open,HAREKET,1,2599,2797,2554,2606,2569,2687
2.8070,2807,Open,HAREKET,1,2562,2914,2611,2589,2652,2681
2.8080,2808,Open,HAREKET,1,2608,2763,2487,2767,2730,2626
2.8090,2809,Open,HAREKET,1,2594,2751,2701,2480,2689,2626
2.8100,2810,Open,HAREKET,1,2545,2646,2661,2509,2587,2779
2.8110,2811,Open,HAREKET,1,2618,2863,2599,2540,2567,2774
2.8120,2812,Open,HAREKET,1,2646,2683,2684,2476,2582,2591
2.8130,2813,Open,HAREKET,1,2662,2809,2576,2648,2648,2619
2.8140,2814,Open,HAREKET,1,2555,2768,2558,2540,2610,2702
2.8150,2815,Open,HAREKET,1,2492,2764,2475,2550,2520,2680
2.8160,2816,Open,HAREKET,1,2501,2703,2509,2569,2471,2610
2.8170,2817,Open,HAREKET,1,2593,2703,2539,2524,2642,2741
2.8180,2818,Open,HAREKET,1,2618,2753,2553,2614,2738,2667
2.8190,2819,Open,HAREKET,1,2634,2668,2635,2649,2585,2625
2.8200,2820,Open,HAREKET,1,2695,2812,2700,2716,2786,2785
2.8210,2821,Open,HAREKET,1,2680,2737,2639,2456,2709,2620
2.8220,2822,Open,HAREKET,1,2675,2660,2693,2525,2714,2667
2.8230,2823,Open,HAREKET,1,2652,2593,2727,2630,2855,2684
2.8240,2824,Open,HAREKET,1,2835,2588,2704,2605,2719,2618
2.8250,2825,Open,HAREKET,1,2543,2724,2608,2530,2731,2687
2.8260,2826,Open,HAREKET,1,2624,2772,2684,2622,2598,2574
2.8270,2827,Open,HAREKET,1,2688,2829,2600,2696,2699,2618
2.8280,2828,Open,HAREKET,1,2559,2739,2599,2593,2719,2612
2.8290,2829,Open,HAREKET,1,2703,2742,2663,2708,2600,2599
2.8300,2830,Open,HAREKET,1,2586,2773,2602,2665,2719,2653
2.8310,2831,Open,HAREKET,1,2602,2756,2663,2559,2705,2627
2.8320,2832,Open,HAREKET,1,2648,2819,2567,2617,2596,2780
2.8330,2833,Open,HAREKET,1,2664,2726,2659,2548,2693,2676
2.8340,2834,Open,HAREKET,1,2620,2814,2661,2603,2658,2673
2.8350,2835,Open,HAREKET,1,2617,2674,2645,2724,2601,2695
2.8360,2836,Open,HAREKET,1,2540,2756,2633,2557,2627,2616
2.8370,2837,Open,HAREKET,1,2637,2712,2649,2501,2669,2695
2.8380,2838,Open,HAREKET,1,2612,2681,2498,2577,2639,2729
2.8390,2839,Open,HAREKET,1,2641,2857,2595,2481,2527,2598
2.8400,2840,Open,HAREKET,1,2657,2700,2558,2543,2611,2730
2.8410,2841,Open,HAREKET,1,2509,2700,2501,2552,2498,2573
2.8420,2842,Open,HAREKET,1,2615,2718,2644,2491,2538,2636
2.8430,2843,Open,HAREKET,1,2606,2727,2637,2706,2560,2747
2.8440,2844,Open,HAREKET,1,2623,2783,2641,2650,2631,2617
2.8450,2845,Open,HAREKET,1,2765,2677,2697,2688,2652,2811
2.8460,2846,Open,HAREKET,1,2610,2682,2719,2723,2708,2554
2.8470,2847,Open,HAREKET,1,2657,2670,2762,2673,2664,2641
2.8480,2848,Open,HAREKET,1,2666,2697,2591,2592,2720,2702
2.8490,2849,Open,HAREKET,1,2783,2708,2654,2576,2645,2591
2.8500,2850,Open,HAREKET,1,2515,2668,2679,2670,2659,2655
2.8510,2851,Open,HAREKET,1,2637,2736,2593,2632,2778,2549
2.8520,2852,Open,HAREKET,1,2649,2828,2579,2623,2742,2651
2.8530,2853,Open,HAREKET,1,2599,2730,2639,2677,2794,2671
2.8540,2854,Open,HAREKET,1,2601,2858,2633,2592,2625,2654
2.8550,2855,Open,HAREKET,1,2547,2784,2678,2614,2662,2640
2.8560,2856,Open,HAREKET,1,2612,2824,2536,2632,2584,2645
2.8570,2857,Open,HAREKET,1,2686,2672,2547,2563,2701,2768
2.8580,2858,Open,HAREKET,1,2589,2736,2483,2564,2705,2764
2.8590,2859,Open,HAREKET,1,2581,2694,2561,2629,2469,2711
2.8600,2860,Open,HAREKET,1,2683,2730,2641,2551,2580,2723
2.8610,2861,Open,HAREKET,1,2481,2755,2634,2462,2574,2588
2.8620,2862,Open,HAREKET,1,2442,2764,2571,2513,2609,2817
2.8630,2863,Open,HAREKET,1,2539,2670,2662,2509,2534,2644
2.8640,2864,Open,HAREKET,1,2598,2791,2581,2638,2551,2824
2.8650,2865,Open,HAREKET,1,2544,2766,2578,2657,2629,2641
2.8660,2866,Open,HAREKET,1,2563,2670,2677,2671,2665,2688
2.8670,2867,Open,HAREKET,1,2596,2710,2563,2662,2549,2694
2.8680,2868,Open,HAREKET,1,2616,2697,2618,2736,2722,2681
2.8690,2869,Open,HAREKET,1,2538,2640,2612,2571,2674,2640
2.8700,2870,Open,HAREKET,1,2626,2749,2653,2608,2708,2652
2.8710,2871,Open,HAREKET,1,2598,2669,2612,2693,2814,2707
2.8720,2872,Open,HAREKET,1,2584,2704,2595,2651,2615,2656
2.8730,2873,Open,HAREKET,1,2626,2616,2768,2606,2712,2652
2.8740,2874,Open,HAREKET,1,2567,2789,2628,2523,2710,2539
2.8750,2875,Open,HAREKET,1,2682,2756,2573,2626,2701,2718
2.8760,2876,Open,HAREKET,1,2579,2726,2569,2563,2634,2647
2.8770,2877,Open,HAREKET,1,2599,2755,2638,2584,2655,2588
2.8780,2878,Open,HAREKET,1,2749,2748,2615,2562,2733,2578
2.8790,2879,Open,HAREKET,1,2559,2687,2589,2637,2747,2616
2.8800,2880,Open,HAREKET,1,2552,2739,2698,2629,2768,2689
2.8810,2881,Open,HAREKET,1,2649,2609,2625,2637,2726,2710
2.8820,2882,Open,HAREKET,1,2622,2750,2582,2627,2762,2670
2.8830,2883,Open,HAREKET,1,2571,2712,2641,2628,2581,2845
2.8840,2884,Open,HAREKET,1,2622,2730,2569,2572,2603,2760
2.8850,2885,Open,HAREKET,1,2594,2743,2730,2690,2615,2692
2.8860,2886,Open,HAREKET,1,2474,2620,2747,2461,2615,2547
2.8870,2887,Open,HAREKET,1,2548,2778,2517,2503,2522,2718
2.8880,2888,Open,HAREKET,1,2410,2600,2544,2588,2618,2728
2.8890,2889,Open,HAREKET,1,2610,2737,2537,2502,2559,2697
2.8900,2890,Open,HAREKET,1,2442,2678,2639,2545,2596,2741
2.8910,2891,Open,HAREKET,1,2589,2849,2578,2503,2558,2690
2.8920,2892,Open,HAREKET,1,2628,2715,2639,2633,2708,2637
2.8930,2893,Open,HAREKET,1,2559,2685,2450,2631,2682,2709
2.8940,2894,Open,HAREKET,1,2613,2680,2614,2742,2713,2705
2.8950,2895,Open,HAREKET,1,2602,2649,2656,2667,2635,2703
2.8960,2896,Open,HAREKET,1,2658,2698,2563,2651,2696,2743
2.8970,2897,Open,HAREKET,1,2702,2693,2528,2721,2638,2623
2.8980,2898,Open,HAREKET,1,2627,2665,2765,2528,2716,2683
2.8990,2899,Open,HAREKET,1,2675,2589,2560,2648,2727,2657
2.9000,2900,Open,HAREKET,1,2642,2699,2690,2619,2772,2605
2.9010,2901,Open,HAREKET,1,2462,2757,2670,2560,2561,2702
2.9020,2902,Open,HAREKET,1,2507,2910,2617,2735,2542,2613
2.9030,2903,Open,HAREKET,1,2590,2674,2563,2700,2648,2637
2.9040,2904,Open,HAREKET,1,2498,2731,2686,2574,2592,2683
2.9050,2905,Open,HAREKET,1,2593,2775,2702,2587,2667,2639
2.9060,2906,Open,HAREKET,1,2594,2753,2594,2666,2632,2613
2.9070,2907,Open,HAREKET,1,2557,2732,2566,2599,2734,2600
2.9080,2908,Open,HAREKET,1,2669,2599,2543,2605,2634,2710
2.9090,2909,Open,HAREKET,1,2583,2752,2624,2585,2604,2624
2.9100,2910,Open,HAREKET,1,2625,2902,2648,2635,2711,2738
2.9110,2911,Open,HAREKET,1,2542,2776,2521,2460,2633,2654
2.9120,2912,Open,HAREKET,1,2607,2664,2597,2517,2564,2629
2.9130,2913,Open,HAREKET,1,2536,2679,2654,2550,2523,2600
2.9140,2914,Open,HAREKET,1,2524,2761,2607,2611,2518,2677
2.9150,2915,Open,HAREKET,1,2653,2646,2535,2529,2486,2671
2.9160,2916,Open,HAREKET,1,2551,2659,2594,2634,2694,2732
2.9170,2917,Open,HAREKET,1,2689,2753,2630,2603,2554,2559
2.9180,2918,Open,HAREKET,1,2668,2617,2646,2607,2663,2675
2.9190,2919,Open,HAREKET,1,2562,2751,2606,2635,2728,2755
2.9200,2920,Open,HAREKET,1,2506,2724,2621,2695,2743,2654
2.9210,2921,Open,HAREKET,1,2632,2626,2565,2570,2714,2598
2.9220,2922,Open,HAREKET,1,2663,2656,2622,2662,2616,2615
2.9230,2923,Open,HAREKET,1,2698,2706,2602,2567,2766,2549
2.9240,2924,Open,HAREKET,1,2603,2656,2802,2570,2762,2567
2.9250,2925,Open,HAREKET,1,2741,2707,2556,2633,2636,2549
2.9260,2926,Open,HAREKET,1,2639,2634,2595,2618,2673,2633
2.9270,2927,Open,HAREKET,1,2479,2685,2543,2570,2552,2612
2.9280,2928,Open,HAREKET,1,2490,2784,2546,2722,2703,2694
2.9290,2929,Open,HAREKET,1,2551,2836,2585,2669,2588,2642
2.9300,2930,Open,HAREKET,1,2651,2717,2595,2587,2741,2605
2.9310,2931,Open,HAREKET,1,2660,2781,2551,2604,2626,2628
2.9320,2932,Open,HAREKET,1,2580,2723,2547,2714,2679,2706
2.9330,2933,Open,HAREKET,1,2628,2762,2660,2681,2609,2680
2.9340,2934,Open,HAREKET,1,2553,2814,2669,2617,2556,2614
2.9350,2935,Open,HAREKET,1,2541,2680,2565,2462,2646,2676
2.9360,2936,Open,HAREKET,1,2711,2611,2626,2591,2645,2637
2.9370,2937,Open,HAREKET,1,2574,2768,2610,2554,2537,2592
2.9380,2938,Open,HAREKET,1,2566,2730,2558,2603,2588,2598
2.9390,2939,Open,HAREKET,1,2476,2756,2631,2626,2498,2562
2.9400,2940,Open,HAREKET,1,2591,2721,2440,2519,2521,2652
2.9410,2941,Open,HAREKET,1,2462,2731,2576,2630,2737,2654
2.9420,2942,Open,HAREKET,1,2592,2638,2616,2501,2751,2739
2.9430,2943,Open,HAREKET,1,2512,2731,2669,2680,2720,2660
2.9440,2944,Open,HAREKET,1,2642,2791,2530,2693,2665,2598
2.9450,2945,Open,HAREKET,1,2709,2638,2761,2728,2656,2666
2.9460,2946,Open,HAREKET,1,2536,2680,2639,2569,2626,2600
2.9470,2947,Open,HAREKET,1,2523,2697,2780,2616,2656,2661
2.9480,2948,Open,HAREKET,1,2639,2623,2774,2724,2545,2582
2.9490,2949,Open,HAREKET,1,2602,2629,2502,2544,2661,2543
2.9500,2950,Open,HAREKET,1,2693,2705,2640,2694,2740,2632
2.9510,2951,Open,HAREKET,1,2588,2709,2662,2669,2688,2533
2.9520,2952,Open,HAREKET,1,2511,2795,2535,2650,2683,2550
2.9530,2953,Open,HAREKET,1,2670,2760,2653,2643,2596,2666
2.9540,2954,Open,HAREKET,1,2525,2695,2662,2716,2635,2547
2.9550,2955,Open,HAREKET,1,2644,2807,2596,2674,2623,2567
2.9560,2956,Open,HAREKET,1,2530,2682,2569,2630,2593,2548
2.9570,2957,Open,HAREKET,1,2633,2835,2613,2616,2637,2679
2.9580,2958,Open,HAREKET,1,2605,2723,2534,2609,2646,2680
2.9590,2959,Open,HAREKET,1,2621,2834,2599,2627,2638,2702
2.9600,2960,Open,HAREKET,1,2523,2746,2517,2558,2504,2709
2.9610,2961,Open,HAREKET,1,2423,2738,2514,2598,2703,2568
2.9620,2962,Open,HAREKET,1,2559,2679,2693,2588,2549,2707
2.9630,2963,Open,HAREKET,1,2565,2672,2517,2551,2643,2617
2.9640,2964,Open,HAREKET,1,2506,2685,2647,2606,2608,2584
2.9650,2965,Open,HAREKET,1,2341,2692,2643,2523,2617,2697
2.9660,2966,Open,HAREKET,1,2462,2658,2613,2655,2651,2687
2.9670,2967,Open,HAREKET,1,2512,2762,2563,2644,2674,2613
2.9680,2968,Open,HAREKET,1,2563,2722,2603,2757,2703,2706
2.9690,2969,Open,HAREKET,1,2641,2732,2728,2680,2569,2712
2.9700,2970,Open,HAREKET,1,2552,2684,2654,2660,2731,2698
2.9710,2971,Open,HAREKET,1,2481,2602,2525,2632,2733,2607
2.9720,2972,Open,HAREKET,1,2668,2567,2618,2720,2695,2628
2.9730,2973,Open,HAREKET,1,2649,2699,2621,2497,2741,2536
2.9740,2974,Open,HAREKET,1,2614,2737,2657,2677,2628,2490
2.9750,2975,Open,HAREKET,1,2639,2718,2692,2637,2759,2587
2.9760,2976,Open,HAREKET,1,2665,2720,2686,2640,2774,2617
2.9770,2977,Open,HAREKET,1,2586,2849,2607,2594,2776,2664
2.9780,2978,Open,HAREKET,1,2618,2802,2583,2615,2706,2659
2.9790,2979,Open,HAREKET,1,2593,2824,2553,2678,2648,2595
2.9800,2980,Open,HAREKET,1,2591,2712,2658,2665,2650,2577
2.9810,2981,Open,HAREKET,1,2531,2779,2700,2616,2674,2700
2.9820,2982,Open,HAREKET,1,2572,2932,2586,2618,2613,2662
2.9830,2983,Open,HAREKET,1,2538,2753,2632,2659,2693,2608
2.9840,2984,Open,HAREKET,1,2516,2854,2674,2715,2659,2688
2.9850,2985,Open,HAREKET,1,2478,2753,2574,2600,2606,2656
2.9860,2986,Open,HAREKET,1,2604,2778,2622,2613,2648,2705
2.9870,2987,Open,HAREKET,1,2633,2795,2593,2569,2568,2715
2.9880,2988,Open,HAREKET,1,2645,2633,2604,2728,2635,2495
2.9890,2989,Open,HAREKET,1,2494,2877,2581,2609,2704,2655
2.9900,2990,Open,HAREKET,1,2553,2775,2608,2656,2736,2604
2.9910,2991,Open,HAREKET,1,2570,2748,2651,2648,2616,2715
2.9920,2992,Open,HAREKET,1,2614,2705,2491,2598,2512,2582
2.9930,2993,Open,HAREKET,1,2582,2721,2656,2780,2705,2678
2.9940,2994,Open,HAREKET,1,2436,2740,2655,2779,2690,2654
2.9950,2995,Open,HAREKET,1,2624,2722,2721,2703,2647,2657
2.9960,2996,Open,HAREKET,1,2586,2695,2676,2703,2754,2679
2.9970,2997,Open,HAREKET,1,2633,2669,2721,2700,2717,2633
2.9980,2998,Open,HAREKET,1,2492,2609,2633,2728,2693,2424
2.9990,2999,Open,HAREKET,1,2600,2691,2684,2745,2668,2625
3.0000,3000,Point,HAREKET,1,2355,2915,2382,2389,2893,2404
3.0010,3001,Point,HAREKET,1,2404,2935,2342,2361,2848,2315
3.0020,3002,Point,HAREKET,1,2440,2963,2304,2317,2837,2380
3.0030,3003,Point,HAREKET,1,2345,2894,2294,2334,2890,2326
3.0040,3004,Point,HAREKET,1,2506,2758,2364,2397,2881,2333
3.0050,3005,Point,HAREKET,1,2433,2818,2225,2455,3143,2312
3.0060,3006,Point,HAREKET,1,2537,2873,2269,2385,2871,2175
3.0070,3007,Point,HAREKET,1,2444,3009,2270,2437,2841,2300
3.0080,3008,Point,HAREKET,1,2363,2907,2206,2348,2865,2409
3.0090,3009,Point,HAREKET,1,2440,3052,2292,2260,2936,2294
3.0100,3010,Point,HAREKET,1,2462,2924,2279,2284,2957,2368
3.0110,3011,Point,HAREKET,1,2416,2869,2332,2330,2997,2436
3.0120,3012,Point,HAREKET,1,2324,2928,2388,2310,2912,2303
3.0130,3013,Point,HAREKET,1,2396,2940,2376,2323,2810,2378
3.0140,3014,Point,HAREKET,1,2435,2796,2332,2292,2926,2390
3.0150,3015,Point,HAREKET,1,2368,2877,2260,2226,2834,2366
3.0160,3016,Point,HAREKET,1,2499,2781,2239,2297,2739,2471
3.0170,3017,Point,HAREKET,1,2341,2829,2320,2240,2799,2358
3.0180,3018,Point,HAREKET,1,2440,2887,2329,2351,2838,2371
3.0190,3019,Point,HAREKET,1,2385,2852,2343,2389,2843,2384
3.0200,3020,Point,HAREKET,1,2434,2909,2352,2332,2715,2394
3.0210,3021,Point,HAREKET,1,2340,3041,2404,2391,2847,2495
3.0220,3022,Point,HAREKET,1,2372,2640,2344,2271,2833,2368
3.0230,3023,Point,HAREKET,1,2431,2969,2333,2350,2902,2281
3.0240,3024,Point,HAREKET,1,2453,3012,2283,2263,2872,2346
3.0250,3025,Point,HAREKET,1,2391,3066,2339,2365,2906,2347
3.0260,3026,Point,HAREKET,1,2398,2898,2414,2267,2922,2405
3.0270,3027,Point,HAREKET,1,2349,2838,2352,2229,2982,2410
3.0280,3028,Point,HAREKET,1,2357,3111,2342,2393,2707,2239
3.0290,3029,Point,HAREKET,1,2411,2972,2240,2382,2827,2364
3.0300,3030,Point,HAREKET,1,2366,2880,2334,2403,2946,2276
3.0310,3031,Point,HAREKET,1,2495,2802,2372,2318,2897,2312
3.0320,3032,Point,HAREKET,1,2479,2896,2335,2370,2852,2338
3.0330,3033,Point,HAREKET,1,2466,3036,2278,2304,2870,2290
3.0340,3034,Point,HAREKET,1,2436,2848,2176,2374,2902,2367
3.0350,3035,Point,HAREKET,1,2504,2937,2193,2381,2919,2247
3.0360,3036,Point,HAREKET,1,2468,3080,2259,2393,2888,2282
3.0370,3037,Point,HAREKET,1,2397,2948,2320,2278,2885,2300
3.0380,3038,Point,HAREKET,1,2377,3073,2304,2329,2953,2339
3.0390,3039,Point,HAREKET,1,2433,2923,2253,2294,2880,2280
3.0400,3040,Point,HAREKET,1,2441,2906,2282,2378,3016,2392
3.0410,3041,Point,HAREKET,1,2396,2771,2333,2211,2843,2346
3.0420,3042,Point,HAREKET,1,2385,2919,2298,2347,2917,2359
3.0430,3043,Point,HAREKET,1,2471,2816,2400,2318,2723,2429
3.0440,3044,Point,HAREKET,1,2388,2907,2348,2366,2882,2437
3.0450,3045,Point,HAREKET,1,2366,2910,2328,2361,2952,2340
3.0460,3046,Point,HAREKET,1,2347,2887,2277,2284,2881,2328
3.0470,3047,Point,HAREKET,1,2440,2925,2244,2329,2837,2313
3.0480,3048,Point,HAREKET,1,2360,2862,2303,2336,2931,2321
3.0490,3049,Point,HAREKET,1,2398,2889,2193,2288,2738,2360
3.0500,3050,Point,HAREKET,1,2355,2971,2349,2307,2931,2353
3.0510,3051,Point,HAREKET,1,2372,2926,2431,2360,2767,2320
3.0520,3052,Point,HAREKET,1,2324,2937,2360,2220,2873,2384
3.0530,3053,Point,HAREKET,1,2390,2971,2361,2347,2852,2402
3.0540,3054,Point,HAREKET,1,2425,3021,2322,2308,2811,2341
3.0550,3055,Point,HAREKET,1,2353,2980,2375,2334,2960,2341
3.0560,3056,Point,HAREKET,1,2340,2918,2386,2365,2860,2341
3.0570,3057,Point,HAREKET,1,2345,2834,2312,2339,2800,2301
3.0580,3058,Point,HAREKET,1,2378,2817,2318,2403,2856,2394
3.0590,3059,Point,HAREKET,1,2412,2769,2342,2294,2886,2372
3.0600,3060,Point,HAREKET,1,2417,2894,2238,2326,2984,2323
3.0610,3061,Point,HAREKET,1,2484,2951,2314,2416,2861,2334
3.0620,3062,Point,HAREKET,1,2413,2841,2227,2431,2886,2281
3.0630,3063,Point,HAREKET,1,2530,2946,2376,2397,2911,2245
3.0640,3064,Point,HAREKET,1,2393,2904,2245,2313,2996,2403
3.0650,3065,Point,HAREKET,1,2354,2873,2257,2383,2901,2356
3.0660,3066,Point,HAREKET,1,2476,2925,2149,2292,3057,2360
3.0670,3067,Point,HAREKET,1,2352,2954,2288,2307,3012,2299
3.0680,3068,Point,HAREKET,1,2417,2857,2239,2320,2923,2388
3.0690,3069,Point,HAREKET,1,2371,2779,2304,2278,2820,2381
3.0700,3070,Point,HAREKET,1,2350,2771,2305,2205,2858,2308
3.0710,3071,Point,HAREKET,1,2442,2708,2294,2237,2797,2397
3.0720,3072,Point,HAREKET,1,2371,2757,2308,2300,2937,2313
3.0730,3073,Point,HAREKET,1,2370,2828,2261,2261,2780,2265
3.0740,3074,Point,HAREKET,1,2415,2796,2330,2321,2810,2370
3.0750,3075,Point,HAREKET,1,2394,2884,2357,2343,2800,2322
3.0760,3076,Point,HAREKET,1,2378,2799,2406,2271,2823,2372
3.0770,3077,Point,HAREKET,1,2388,2971,2347,2374,2817,2214
3.0780,3078,Point,HAREKET,1,2380,2877,2360,2373,2885,2371
3.0790,3079,Point,HAREKET,1,2380,2943,2383,2324,2878,2250
3.0800,3080,Point,HAREKET,1,2293,2945,2366,2195,2954,2389
3.0810,3081,Point,HAREKET,1,2324,3064,2272,2246,2774,2373
3.0820,3082,Point,HAREKET,1,2411,2934,2308,2348,2881,2414
3.0830,3083,Point,HAREKET,1,2363,2989,2385,2251,2782,2284
3.0840,3084,Point,HAREKET,1,2350,2841,2450,2329,2991,2328
3.0850,3085,Point,HAREKET,1,2387,2922,2467,2368,2903,2292
3.0860,3086,Point,HAREKET,1,2335,2899,2384,2459,2963,2380
3.0870,3087,Point,HAREKET,1,2316,2902,2341,2329,2846,2353
3.0880,3088,Point,HAREKET,1,2417,2890,2341,2318,2776,2286
3.0890,3089,Point,HAREKET,1,2406,2895,2227,2389,2819,2336
3.0900,3090,Point,HAREKET,1,2388,2836,2227,2324,2851,2326
3.0910,3091,Point,HAREKET,1,2436,2916,2286,2336,2954,2263
3.0920,3092,Point,HAREKET,1,2435,2904,2344,2387,2933,2308
3.0930,3093,Point,HAREKET,1,2417,2907,2279,2394,2909,2360
3.0940,3094,Point,HAREKET,1,2413,2734,2348,2319,3043,2304
3.0950,3095,Point,HAREKET,1,2481,3075,2356,2368,2924,2384
3.0960,3096,Point,HAREKET,1,2404,2902,2306,2318,3032,2279
3.0970,3097,Point,HAREKET,1,2500,2881,2321,2276,2932,2371
3.0980,3098,Point,HAREKET,1,2336,2963,2243,2284,2868,2404
3.0990,3099,Point,HAREKET,1,2346,2700,2371,2272,2922,2288
3.1000,3100,Point,HAREKET,1,2382,2865,2251,2309,2716,2437
3.1010,3101,Point,HAREKET,1,2424,2890,2298,2198,2962,2348
3.1020,3102,Point,HAREKET,1,2414,2860,2265,2281,2835,2290
3.1030,3103,Point,HAREKET,1,2421,2783,2333,2222,2828,2350
3.1040,3104,Point,HAREKET,1,2393,2963,2314,2232,2863,2384
3.1050,3105,Point,HAREKET,1,2309,2890,2299,2351,2845,2312
3.1060,3106,Point,HAREKET,1,2382,2962,2307,2327,2821,2314
3.1070,3107,Point,HAREKET,1,2386,2982,2320,2368,2797,2197
3.1080,3108,Point,HAREKET,1,2347,2899,2408,2287,2944,2362
3.1090,3109,Point,HAREKET,1,2442,2880,2311,2319,2965,2305
3.1100,3110,Point,HAREKET,1,2319,2968,2462,2408,2764,2297
3.1110,3111,Point,HAREKET,1,2440,2819,2373,2344,2885,2277
3.1120,3112,Point,HAREKET,1,2386,2962,2304,2306,2817,2309
3.1130,3113,Point,HAREKET,1,2252,2846,2367,2315,2890,2413
3.1140,3114,Point,HAREKET,1,2331,2839,2263,2303,2859,2372
3.1150,3115,Point,HAREKET,1,2475,2868,2379,2320,2866,2281
3.1160,3116,Point,HAREKET,1,2434,2867,2432,2309,2832,2304
3.1170,3117,Point,HAREKET,1,2449,2992,2344,2384,2760,2350
3.1180,3118,Point,HAREKET,1,2332,2849,2298,2408,2968,2231
3.1190,3119,Point,HAREKET,1,2440,2960,2276,2369,2802,2306
3.1200,3120,Point,HAREKET,1,2467,2934,2336,2448,2973,2361
3.1210,3121,Point,HAREKET,1,2342,2800,2302,2348,2878,2290
3.1220,3122,Point,HAREKET,1,2396,2872,2273,2364,2931,2329
3.1230,3123,Point,HAREKET,1,2321,2889,2310,2256,2903,2396
3.1240,3124,Point,HAREKET,1,2384,2806,2318,2238,2917,2350
3.1250,3125,Point,HAREKET,1,2421,2940,2277,2339,2891,2373
3.1260,3126,Point,HAREKET,1,2374,2854,2357,2355,2798,2401
3.1270,3127,Point,HAREKET,1,2359,2748,2282,2351,2857,2429
3.1280,3128,Point,HAREKET,1,2380,2849,2273,2281,2819,2344
3.1290,3129,Point,HAREKET,1,2370,2925,2318,2275,2734,2333
3.1300,3130,Point,HAREKET,1,2401,2858,2307,2341,2795,2426
3.1310,3131,Point,HAREKET,1,2361,2704,2330,2300,2785,2394
3.1320,3132,Point,HAREKET,1,2320,2955,2268,2350,2679,2284
3.1330,3133,Point,HAREKET,1,2371,2796,2288,2271,2690,2354
3.1340,3134,Point,HAREKET,1,2395,2775,2358,2144,2808,2420
3.1350,3135,Point,HAREKET,1,2337,2885,2387,2265,2897,2352
3.1360,3136,Point,HAREKET,1,2386,2935,2350,2232,2882,2317
3.1370,3137,Point,HAREKET,1,2407,2940,2352,2353,2915,2285
3.1380,3138,Point,HAREKET,1,2392,2807,2478,2323,2795,2370
3.1390,3139,Point,HAREKET,1,2417,2920,2332,2271,2751,2261
3.1400,3140,Point,HAREKET,1,2443,2813,2360,2347,2874,2363
3.1410,3141,Point,HAREKET,1,2340,3003,2305,2354,2804,2424
3.1420,3142,Point,HAREKET,1,2344,2730,2274,2294,2696,2347
3.1430,3143,Point,HAREKET,1,2372,2908,2347,2354,2903,2384
3.1440,3144,Point,HAREKET,1,2357,2924,2273,2368,2900,2243
3.1450,3145,Point,HAREKET,1,2383,2899,2330,2409,2824,2279
3.1460,3146,Point,HAREKET,1,2467,3054,2216,2427,2770,2285
3.1470,3147,Point,HAREKET,1,2423,2820,2248,2350,2873,2260
3.1480,3148,Point,HAREKET,1,2426,2910,2337,2342,2838,2367
3.1490,3149,Point,HAREKET,1,2417,2769,2319,2378,3036,2290
3.1500,3150,Point,HAREKET,1,2449,2854,2237,2350,2930,2350
3.1510,3151,Point,HAREKET,1,2420,2820,2255,2219,2879,2385
3.1520,3152,Point,HAREKET,1,2470,2864,2312,2343,2983,2386
3.1530,3153,Point,HAREKET,1,2385,2910,2329,2321,2913,2363
3.1540,3154,Point,HAREKET,1,2404,2839,2397,2311,2956,2320
3.1550,3155,Point,HAREKET,1,2271,2556,2234,2249,2995,2385
3.1560,3156,Point,HAREKET,1,2314,2821,2309,2153,2791,2328
3.1570,3157,Point,HAREKET,1,2415,2805,2313,2220,2983,2349
3.1580,3158,Point,HAREKET,1,2347,2909,2292,2326,2902,2239
3.1590,3159,Point,HAREKET,1,2451,2824,2315,2254,2865,2271
3.1600,3160,Point,HAREKET,1,2332,2761,2426,2318,2825,2356
3.1610,3161,Point,HAREKET,1,2349,2812,2373,2285,2777,2309
3.1620,3162,Point,HAREKET,1,2358,2819,2375,2300,2789,2405
3.1630,3163,Point,HAREKET,1,2400,2877,2326,2334,2844,2314
3.1640,3164,Point,HAREKET,1,2355,3011,2318,2332,2901,2247
3.1650,3165,Point,HAREKET,1,2361,3064,2394,2376,2812,2458
3.1660,3166,Point,HAREKET,1,2272,2796,2328,2261,2763,2317
3.1670,3167,Point,HAREKET,1,2326,2913,2427,2347,2823,2391
3.1680,3168,Point,HAREKET,1,2350,2940,2386,2274,2904,2295
3.1690,3169,Point,HAREKET,1,2392,3052,2351,2400,2778,2369
3.1700,3170,Point,HAREKET,1,2348,2957,2437,2225,2878,2335
3.1710,3171,Point,HAREKET,1,2379,2976,2389,2456,2867,2268
3.1720,3172,Point,HAREKET,1,2303,2783,2317,2374,2757,2249
3.1730,3173,Point,HAREKET,1,2413,2947,2343,2284,2762,2320
3.1740,3174,Point,HAREKET,1,2363,2902,2347,2353,2729,2256
3.1750,3175,Point,HAREKET,1,2376,2940,2285,2317,2815,2264
3.1760,3176,Point,HAREKET,1,2460,2974,2143,2407,2903,2220
3.1770,3177,Point,HAREKET,1,2403,2933,2258,2387,2736,2337
3.1780,3178,Point,HAREKET,1,2386,2949,2299,2402,3055,2371
3.1790,3179,Point,HAREKET,1,2329,2876,2356,2262,2992,2241
3.1800,3180,Point,HAREKET,1,2395,2852,2254,2386,2983,2326
3.1810,3181,Point,HAREKET,1,2362,2749,2299,2400,2915,2428
3.1820,3182,Point,HAREKET,1,2377,2853,2360,2404,2970,2390
3.1830,3183,Point,HAREKET,1,2369,2792,2326,2366,2904,2361
3.1840,3184,Point,HAREKET,1,2495,2897,2300,2269,2818,2384
3.1850,3185,Point,HAREKET,1,2323,2810,2338,2212,2797,2363
3.1860,3186,Point,HAREKET,1,2343,2826,2310,2268,2965,2314
3.1870,3187,Point,HAREKET,1,2363,2798,2314,2309,2795,2331
3.1880,3188,Point,HAREKET,1,2336,2699,2261,2324,2775,2388
3.1890,3189,Point,HAREKET,1,2336,2765,2320,2339,2893,2314
3.1900,3190,Point,HAREKET,1,2322,3016,2403,2446,2799,2237
3.1910,3191,Point,HAREKET,1,2316,2982,2329,2389,2719,2368
3.1920,3192,Point,HAREKET,1,2367,2933,2333,2379,2848,2299
3.1930,3193,Point,HAREKET,1,2311,2820,2285,2366,2840,2310
3.1940,3194,Point,HAREKET,1,2337,3002,2338,2305,2962,2382
3.1950,3195,Point,HAREKET,1,2390,2912,2272,2314,2866,2326
3.1960,3196,Point,HAREKET,1,2350,2905,2387,2320,2931,2332
3.1970,3197,Point,HAREKET,1,2321,2867,2384,2235,2786,2259
3.1980,3198,Point,HAREKET,1,2287,2895,2426,2254,2718,2320
3.1990,3199,Point,HAREKET,1,2375,2934,2374,2349,2943,2304
3.2000,3200,Point,HAREKET,1,2345,3035,2363,2338,2736,2287
3.2010,3201,Point,HAREKET,1,2525,2917,2353,2401,2834,2312
3.2020,3202,Point,HAREKET,1,2352,2905,2241,2379,2842,2334
3.2030,3203,Point,HAREKET,1,2378,2865,2367,2309,2933,2183
3.2040,3204,Point,HAREKET,1,2383,2845,2303,2404,2781,2295
3.2050,3205,Point,HAREKET,1,2418,2863,2286,2395,2981,2238
3.2060,3206,Point,HAREKET,1,2393,2845,2254,2495,3041,2216
3.2070,3207,Point,HAREKET,1,2446,2826,2292,2355,2927,2280
3.2080,3208,Point,HAREKET,1,2502,2901,2211,2355,2899,2353
3.2090,3209,Point,HAREKET,1,2357,2918,2369,2385,2955,2282
3.2100,3210,Point,HAREKET,1,2373,2950,2273,2356,2844,2296
3.2110,3211,Point,HAREKET,1,2424,2875,2368,2289,2877,2338
3.2120,3212,Point,HAREKET,1,2296,2847,2302,2347,2854,2314
3.2130,3213,Point,HAREKET,1,2380,2742,2227,2399,2750,2378
3.2140,3214,Point,HAREKET,1,2421,2894,2274,2311,2836,2356
3.2150,3215,Point,HAREKET,1,2251,2803,2356,2321,2817,2256
3.2160,3216,Point,HAREKET,1,2398,2787,2316,2339,2699,2292
3.2170,3217,Point,HAREKET,1,2356,2832,2286,2261,2809,2334
3.2180,3218,Point,HAREKET,1,2449,2895,2251,2350,2819,2341
3.2190,3219,Point,HAREKET,1,2431,2831,2357,2263,2748,2372
3.2200,3220,Point,HAREKET,1,2432,2729,2372,2362,2926,2291
3.2210,3221,Point,HAREKET,1,2301,2778,2352,2339,2836,2258
3.2220,3222,Point,HAREKET,1,2366,2896,2320,2341,2823,2352
3.2230,3223,Point,HAREKET,1,2313,2908,2384,2330,2745,2314
3.2240,3224,Point,HAREKET,1,2318,2726,2374,2246,2729,2290
3.2250,3225,Point,HAREKET,1,2302,3032,2413,2333,2852,2267
3.2260,3226,Point,HAREKET,1,2203,3037,2335,2379,2715,2262
3.2270,3227,Point,HAREKET,1,2348,2804,2276,2406,2768,2346
3.2280,3228,Point,HAREKET,1,2373,2977,2363,2380,2873,2328
3.2290,3229,Point,HAREKET,1,2347,2919,2272,2307,2945,2327
3.2300,3230,Point,HAREKET,1,2413,2875,2447,2335,2695,2229
3.2310,3231,Point,HAREKET,1,2356,2812,2274,2337,2732,2302
3.2320,3232,Point,HAREKET,1,2391,2918,2281,2417,2808,2215
3.2330,3233,Point,HAREKET,1,2530,2854,2182,2468,2842,2311
3.2340,3234,Point,HAREKET,1,2348,2918,2262,2400,2805,2192
3.2350,3235,Point,HAREKET,1,2309,2823,2250,2396,2935,2233
3.2360,3236,Point,HAREKET,1,2381,2897,2336,2386,2836,2307
3.2370,3237,Point,HAREKET,1,2473,3002,2380,2379,2903,2339
3.2380,3238,Point,HAREKET,1,2421,2797,2307,2351,2774,2318
3.2390,3239,Point,HAREKET,1,2415,2943,2386,2351,2768,2279
3.2400,3240,Point,HAREKET,1,2354,2899,2317,2327,2775,2314
3.2410,3241,Point,HAREKET,1,2368,2766,2288,2189,2772,2245
3.2420,3242,Point,HAREKET,1,2361,2709,2273,2311,2663,2330
3.2430,3243,Point,HAREKET,1,2354,2838,2338,2401,2717,2306
3.2440,3244,Point,HAREKET,1,2391,2805,2336,2353,2748,2389
3.2450,3245,Point,HAREKET,1,2329,2860,2285,2306,2786,2377
3.2460,3246,Point,HAREKET,1,2296,2707,2349,2327,2831,2276
3.2470,3247,Point,HAREKET,1,2390,2873,2214,2312,2795,2273
3.2480,3248,Point,HAREKET,1,2328,3067,2373,2321,2671,2273
3.2490,3249,Point,HAREKET,1,2422,2905,2284,2360,2689,2292
3.2500,3250,Point,HAREKET,1,2377,2909,2349,2327,2800,2313
3.2510,3251,Point,HAREKET,1,2307,2882,2303,2345,2866,2301
3.2520,3252,Point,HAREKET,1,2312,2888,2303,2281,2829,2352
3.2530,3253,Point,HAREKET,1,2298,2959,2353,2301,2809,2353
3.2540,3254,Point,HAREKET,1,2341,3019,2367,2420,2823,2326
3.2550,3255,Point,HAREKET,1,2286,2897,2345,2348,2787,2328
3.2560,3256,Point,HAREKET,1,2334,2979,2336,2282,2839,2279
3.2570,3257,Point,HAREKET,1,2334,2930,2337,2403,2683,2236
3.2580,3258,Point,HAREKET,1,2373,2766,2268,2445,2832,2243
3.2590,3259,Point,HAREKET,1,2307,2843,2275,2446,3016,2297
3.2600,3260,Point,HAREKET,1,2473,2925,2257,2355,2933,2208
3.2610,3261,Point,HAREKET,1,2438,2740,2327,2364,2730,2184
3.2620,3262,Point,HAREKET,1,2325,2961,2292,2348,2852,2287
3.2630,3263,Point,HAREKET,1,2434,2954,2335,2413,2871,2261
3.2640,3264,Point,HAREKET,1,2357,3044,2358,2392,2891,2241
3.2650,3265,Point,HAREKET,1,2487,2918,2270,2435,2948,2272
3.2660,3266,Point,HAREKET,1,2396,3032,2324,2344,2973,2326
3.2670,3267,Point,HAREKET,1,2317,2723,2330,2272,2981,2291
3.2680,3268,Point,HAREKET,1,2366,2833,2310,2371,2815,2391
3.2690,3269,Point,HAREKET,1,2264,2934,2284,2285,2744,2374
3.2700,3270,Point,HAREKET,1,2336,2811,2292,2256,2896,2350
3.2710,3271,Point,HAREKET,1,2270,2755,2333,2367,2734,2354
3.2720,3272,Point,HAREKET,1,2375,2784,2348,2296,2835,2430
3.2730,3273,Point,HAREKET,1,2409,2870,2268,2360,2790,2286
3.2740,3274,Point,HAREKET,1,2372,2778,2320,2433,2768,2345
3.2750,3275,Point,HAREKET,1,2427,2619,2289,2317,2774,2372
3.2760,3276,Point,HAREKET,1,2437,2882,2258,2362,2877,2288
3.2770,3277,Point,HAREKET,1,2296,2937,2424,2290,2793,2149
3.2780,3278,Point,HAREKET,1,2431,2780,2330,2268,2800,2334
3.2790,3279,Point,HAREKET,1,2363,2977,2347,2343,2740,2261
3.2800,3280,Point,HAREKET,1,2365,2895,2415,2358,2821,2260
3.2810,3281,Point,HAREKET,1,2434,2978,2387,2429,2823,2276
3.2820,3282,Point,HAREKET,1,2416,2943,2291,2375,2981,2353
3.2830,3283,Point,HAREKET,1,2300,2861,2364,2326,2794,2332
3.2840,3284,Point,HAREKET,1,2226,2864,2365,2378,2796,2278
3.2850,3285,Point,HAREKET,1,2373,2838,2324,2295,2824,2219
3.2860,3286,Point,HAREKET,1,2422,2880,2415,2363,2989,2250
3.2870,3287,Point,HAREKET,1,2390,2974,2321,2349,2795,2216
3.2880,3288,Point,HAREKET,1,2440,2879,2233,2320,2742,2315
3.2890,3289,Point,HAREKET,1,2470,2913,2143,2384,2754,2206
3.2900,3290,Point,HAREKET,1,2508,2830,2237,2409,3046,2297
3.2910,3291,Point,HAREKET,1,2404,3001,2298,2365,2688,2249
3.2920,3292,Point,HAREKET,1,2470,2953,2292,2457,3004,2287
3.2930,3293,Point,HAREKET,1,2501,2807,2300,2450,2879,2233
3.2940,3294,Point,HAREKET,1,2302,3080,2248,2383,2789,2233
3.2950,3295,Point,HAREKET,1,2469,2912,2325,2363,2855,2352
3.2960,3296,Point,HAREKET,1,2404,2888,2312,2324,2989,2311
3.2970,3297,Point,HAREKET,1,2372,2833,2250,2288,2924,2350
3.2980,3298,Point,HAREKET,1,2289,2714,2281,2312,2750,2455
3.2990,3299,Point,HAREKET,1,2344,2849,2312,2373,2912,2417
3.3000,3300,Point,HAREKET,1,2363,2835,2460,2302,2810,2309
3.3010,3301,Point,HAREKET,1,2393,2901,2300,2422,2797,2306
3.3020,3302,Point,HAREKET,1,2350,2882,2311,2341,2776,2376
3.3030,3303,Point,HAREKET,1,2398,2834,2296,2385,2814,2350
3.3040,3304,Point,HAREKET,1,2396,2836,2275,2312,2800,2305
3.3050,3305,Point,HAREKET,1,2321,2886,2196,2372,2710,2304
3.3060,3306,Point,HAREKET,1,2344,2942,2306,2364,2722,2248
3.3070,3307,Point,HAREKET,1,2350,2903,2354,2376,2794,2322
3.3080,3308,Point,HAREKET,1,2350,2860,2330,2348,2650,2293
3.3090,3309,Point,HAREKET,1,2301,3013,2358,2385,2735,2264
3.3100,3310,Point,HAREKET,1,2334,2917,2249,2262,2832,2320
3.3110,3311,Point,HAREKET,1,2312,2940,2326,2413,2857,2318
3.3120,3312,Point,HAREKET,1,2231,2836,2303,2425,2902,2278
3.3130,3313,Point,HAREKET,1,2373,2942,2434,2462,2841,2280
3.3140,3314,Point,HAREKET,1,2395,2962,2330,2334,2885,2267
3.3150,3315,Point,HAREKET,1,2343,3006,2381,2309,2752,2192
3.3160,3316,Point,HAREKET,1,2430,2866,2236,2422,2792,2355
3.3170,3317,Point,HAREKET,1,2484,2737,2279,2430,2784,2280
3.3180,3318,Point,HAREKET,1,2343,3028,2329,2438,2729,2225
3.3190,3319,Point,HAREKET,1,2455,2891,2266,2374,2874,2181
3.3200,3320,Point,HAREKET,1,2384,2875,2179,2394,2816,2229
3.3210,3321,Point,HAREKET,1,2423,2978,2240,2412,2952,2302
3.3220,3322,Point,HAREKET,1,2309,2852,2281,2405,2884,2332
3.3230,3323,Point,HAREKET,1,2425,2828,2375,2386,2722,2369
3.3240,3324,Point,HAREKET,1,2357,2934,2257,2349,2899,2245
3.3250,3325,Point,HAREKET,1,2406,2886,2296,2351,2862,2337
3.3260,3326,Point,HAREKET,1,2356,2858,2308,2284,2838,2408
3.3270,3327,Point,HAREKET,1,2354,2836,2229,2347,2735,2377
3.3280,3328,Point,HAREKET,1,2295,2770,2315,2256,2708,2318
3.3290,3329,Point,HAREKET,1,2364,2630,2293,2386,2764,2183
3.3300,3330,Point,HAREKET,1,2396,2910,2250,2401,2681,2336
3.3310,3331,Point,HAREKET,1,2389,2805,2308,2350,2544,2242
3.3320,3332,Point,HAREKET,1,2310,2926,2261,2398,2861,2338
3.3330,3333,Point,HAREKET,1,2367,2844,2289,2399,2811,2358
3.3340,3334,Point,HAREKET,1,2339,2826,2272,2357,2820,2384
3.3350,3335,Point,HAREKET,1,2437,2956,2310,2413,2836,2215
3.3360,3336,Point,HAREKET,1,2411,2955,2276,2360,2837,2338
3.3370,3337,Point,HAREKET,1,2344,3072,2353,2381,2788,2281
3.3380,3338,Point,HAREKET,1,2363,2929,2372,2336,2740,2207
3.3390,3339,Point,HAREKET,1,2258,2944,2284,2292,2946,2275
3.3400,3340,Point,HAREKET,1,2322,2928,2270,2364,3004,2320
3.3410,3341,Point,HAREKET,1,2366,2956,2367,2375,2930,2332
3.3420,3342,Point,HAREKET,1,2359,2879,2291,2270,2791,2329
3.3430,3343,Point,HAREKET,1,2448,2904,2326,2434,2820,2210
3.3440,3344,Point,HAREKET,1,2412,2831,2222,2455,2768,2196
3.3450,3345,Point,HAREKET,1,2399,2813,2272,2481,2871,2187
3.3460,3346,Point,HAREKET,1,2394,2899,2246,2545,2833,2177
3.3470,3347,Point,HAREKET,1,2409,2895,2204,2361,2909,2277
3.3480,3348,Point,HAREKET,1,2420,2825,2214,2419,2894,2153
3.3490,3349,Point,HAREKET,1,2375,3064,2271,2408,2862,2229
3.3500,3350,Point,HAREKET,1,2431,2903,2253,2358,2914,2319
3.3510,3351,Point,HAREKET,1,2540,2899,2322,2458,2955,2182
3.3520,3352,Point,HAREKET,1,2494,2885,2288,2398,2919,2343
3.3530,3353,Point,HAREKET,1,2287,2842,2268,2381,2739,2304
3.3540,3354,Point,HAREKET,1,2416,2793,2222,2430,2807,2373
3.3550,3355,Point,HAREKET,1,2453,2839,2251,2313,2727,2371
3.3560,3356,Point,HAREKET,1,2386,2775,2187,2278,2807,2355
3.3570,3357,Point,HAREKET,1,2377,2713,2299,2308,2816,2368
3.3580,3358,Point,HAREKET,1,2453,2804,2325,2405,2734,2329
3.3590,3359,Point,HAREKET,1,2393,2979,2216,2306,2850,2385
3.3600,3360,Point,HAREKET,1,2351,2809,2350,2384,2780,2223
3.3610,3361,Point,HAREKET,1,2394,2699,2352,2254,2772,2344
3.3620,3362,Point,HAREKET,1,2499,2847,2274,2439,2714,2363
3.3630,3363,Point,HAREKET,1,2398,2887,2342,2456,2784,2235
3.3640,3364,Point,HAREKET,1,2386,2840,2295,2394,2765,2340
3.3650,3365,Point,HAREKET,1,2348,3021,2300,2327,2773,2236
3.3660,3366,Point,HAREKET,1,2295,3001,2393,2341,2792,2251
3.3670,3367,Point,HAREKET,1,2308,2872,2343,2373,2880,2291
3.3680,3368,Point,HAREKET,1,2318,3087,2349,2481,2909,2327
3.3690,3369,Point,HAREKET,1,2425,2762,2336,2412,2862,2298
3.3700,3370,Point,HAREKET,1,2440,2868,2271,2365,2721,2299
3.3710,3371,Point,HAREKET,1,2381,2893,2406,2335,2754,2246
3.3720,3372,Point,HAREKET,1,2455,2931,2386,2375,2826,2292
3.3730,3373,Point,HAREKET,1,2414,3061,2321,2450,2840,2208
3.3740,3374,Point,HAREKET,1,2375,2814,2282,2450,2701,2289
3.3750,3375,Point,HAREKET,1,2471,2886,2230,2348,2885,2262
3.3760,3376,Point,HAREKET,1,2459,2900,2264,2360,2837,2319
3.3770,3377,Point,HAREKET,1,2458,2948,2306,2390,2858,2230
3.3780,3378,Point,HAREKET,1,2458,2961,2268,2487,2801,2288
3.3790,3379,Point,HAREKET,1,2386,2870,2295,2426,2915,2304
3.3800,3380,Point,HAREKET,1,2461,2975,2239,2431,2802,2180
3.3810,3381,Point,HAREKET,1,2318,2780,2245,2525,2939,2334
3.3820,3382,Point,HAREKET,1,2444,2657,2276,2401,2852,2438
3.3830,3383,Point,HAREKET,1,2305,2894,2184,2434,2866,2279
3.3840,3384,Point,HAREKET,1,2380,2909,2275,2355,2898,2362
3.3850,3385,Point,HAREKET,1,2328,2830,2352,2341,2839,2388
3.3860,3386,Point,HAREKET,1,2330,2887,2302,2365,2825,2320
3.3870,3387,Point,HAREKET,1,2450,2928,2320,2348,2759,2402
3.3880,3388,Point,HAREKET,1,2373,2808,2299,2340,2833,2272
3.3890,3389,Point,HAREKET,1,2423,2823,2302,2399,2804,2312
3.3900,3390,Point,HAREKET,1,2410,2904,2262,2317,2809,2317
3.3910,3391,Point,HAREKET,1,2389,2959,2306,2401,2764,2275
3.3920,3392,Point,HAREKET,1,2493,2776,2340,2440,2836,2339
3.3930,3393,Point,HAREKET,1,2364,2900,2331,2371,2782,2293
3.3940,3394,Point,HAREKET,1,2338,2990,2236,2377,2848,2351
3.3950,3395,Point,HAREKET,1,2366,2984,2292,2352,2753,2256
3.3960,3396,Point,HAREKET,1,2442,2984,2323,2377,2773,2239
3.3970,3397,Point,HAREKET,1,2350,2915,2330,2287,2858,2353
3.3980,3398,Point,HAREKET,1,2317,2941,2360,2389,2755,2275
3.3990,3399,Point,HAREKET,1,2431,2850,2345,2378,2718,2221
3.4000,3400,Point,HAREKET,1,2356,2974,2303,2391,2757,2229
3.4010,3401,Point,HAREKET,1,2352,2923,2320,2548,2776,2292
3.4020,3402,Point,HAREKET,1,2444,2900,2297,2429,2741,2301
3.4030,3403,Point,HAREKET,1,2407,2905,2188,2379,2780,2240
3.4040,3404,Point,HAREKET,1,2368,2853,2188,2402,2883,2207
3.4050,3405,Point,HAREKET,1,2388,2878,2239,2434,2780,2284
3.4060,3406,Point,HAREKET,1,2453,3011,2296,2356,2901,2324
3.4070,3407,Point,HAREKET,1,2396,3023,2306,2331,3025,2277
3.4080,3408,Point,HAREKET,1,2445,2952,2305,2435,3100,2268
3.4090,3409,Point,HAREKET,1,2438,2789,2196,2437,2906,2325
3.4100,3410,Point,HAREKET,1,2309,2930,2268,2362,2909,2351
3.4110,3411,Point,HAREKET,1,2411,2878,2288,2309,2778,2379
3.4120,3412,Point,HAREKET,1,2429,2869,2276,2311,2888,2355
3.4130,3413,Point,HAREKET,1,2402,2790,2180,2425,2920,2332
3.4140,3414,Point,HAREKET,1,2501,2896,2293,2326,2750,2284
3.4150,3415,Point,HAREKET,1,2358,2893,2291,2245,2567,2322
3.4160,3416,Point,HAREKET,1,2413,2888,2312,2342,2748,2359
3.4170,3417,Point,HAREKET,1,2351,2896,2258,2419,2802,2277
3.4180,3418,Point,HAREKET,1,2300,2880,2290,2378,2738,2245
3.4190,3419,Point,HAREKET,1,2566,2737,2245,2307,2755,2256
3.4200,3420,Point,HAREKET,1,2394,2932,2317,2321,2583,2312
3.4210,3421,Point,HAREKET,1,2380,3020,2359,2405,2888,2316
3.4220,3422,Point,HAREKET,1,2438,2975,2281,2322,2642,2250
3.4230,3423,Point,HAREKET,1,2398,2917,2306,2369,2917,2340
3.4240,3424,Point,HAREKET,1,2377,2882,2329,2344,2843,2255
3.4250,3425,Point,HAREKET,1,2351,2759,2361,2445,2690,2284
3.4260,3426,Point,HAREKET,1,2431,3001,2321,2383,2755,2253
3.4270,3427,Point,HAREKET,1,2349,2957,2249,2399,2801,2236
3.4280,3428,Point,HAREKET,1,2401,2792,2332,2309,2769,2290
3.4290,3429,Point,HAREKET,1,2346,2970,2359,2515,2842,2257
3.4300,3430,Point,HAREKET,1,2390,2935,2227,2386,2870,2279
3.4310,3431,Point,HAREKET,1,2373,2975,2324,2430,2870,2269
3.4320,3432,Point,HAREKET,1,2499,3001,2156,2330,2833,2275
3.4330,3433,Point,HAREKET,1,2504,3038,2214,2445,2808,2369
3.4340,3434,Point,HAREKET,1,2470,2896,2295,2458,2836,2217
3.4350,3435,Point,HAREKET,1,2450,2991,2183,2401,2902,2345
3.4360,3436,Point,HAREKET,1,2488,2965,2284,2390,2880,2255
3.4370,3437,Point,HAREKET,1,2441,2878,2285,2387,2955,2252
3.4380,3438,Point,HAREKET,1,2387,2997,2242,2426,2798,2378
3.4390,3439,Point,HAREKET,1,2396,2939,2242,2455,2795,2289
3.4400,3440,Point,HAREKET,1,2351,2859,2307,2401,2888,2357
3.4410,3441,Point,HAREKET,1,2436,2903,2310,2252,2939,2331
3.4420,3442,Point,HAREKET,1,2309,2912,2253,2348,2760,2334
3.4430,3443,Point,HAREKET,1,2341,2927,2240,2339,2751,2339
3.4440,3444,Point,HAREKET,1,2317,2786,2309,2321,2692,2332
3.4450,3445,Point,HAREKET,1,2386,2784,2219,2377,2828,2343
3.4460,3446,Point,HAREKET,1,2402,2821,2169,2342,2708,2289
3.4470,3447,Point,HAREKET,1,2390,2881,2239,2447,2720,2275
3.4480,3448,Point,HAREKET,1,2338,2953,2257,2321,2717,2310
3.4490,3449,Point,HAREKET,1,2468,2896,2229,2373,2778,2315
3.4500,3450,Point,HAREKET,1,2428,3037,2273,2405,2836,2283
3.4510,3451,Point,HAREKET,1,2422,2990,2224,2363,2831,2227
3.4520,3452,Point,HAREKET,1,2241,2999,2313,2400,2819,2262
3.4530,3453,Point,HAREKET,1,2472,2934,2272,2354,2897,2278
3.4540,3454,Point,HAREKET,1,2257,3016,2293,2365,2844,2294
3.4550,3455,Point,HAREKET,1,2404,2902,2378,2417,2723,2279
3.4560,3456,Point,HAREKET,1,2301,3014,2354,2396,2816,2256
3.4570,3457,Point,HAREKET,1,2320,3012,2284,2390,2780,2285
3.4580,3458,Point,HAREKET,1,2331,2933,2286,2483,2842,2264
3.4590,3459,Point,HAREKET,1,2429,2866,2325,2473,2727,2331
3.4600,3460,Point,HAREKET,1,2463,2889,2252,2356,2854,2160
3.4610,3461,Point,HAREKET,1,2486,2968,2237,2451,2882,2251
3.4620,3462,Point,HAREKET,1,2382,2898,2229,2364,2928,2214
3.4630,3463,Point,HAREKET,1,2497,2905,2224,2327,2817,2320
3.4640,3464,Point,HAREKET,1,2355,2923,2191,2464,2920,2260
3.4650,3465,Point,HAREKET,1,2416,2950,2321,2443,2806,2308
3.4660,3466,Point,HAREKET,1,2489,2905,2267,2362,2852,2296
3.4670,3467,Point,HAREKET,1,2412,2995,2304,2379,2905,2315
3.4680,3468,Point,HAREKET,1,2405,2775,2213,2337,2836,2307
3.4690,3469,Point,HAREKET,1,2435,2887,2166,2305,2860,2359
3.4700,3470,Point,HAREKET,1,2425,2938,2285,2370,2850,2417
3.4710,3471,Point,HAREKET,1,2388,2797,2258,2292,2802,2322
3.4720,3472,Point,HAREKET,1,2420,2872,2288,2316,2824,2338
3.4730,3473,Point,HAREKET,1,2399,2825,2208,2306,2820,2354
3.4740,3474,Point,HAREKET,1,2430,2831,2232,2404,2800,2365
3.4750,3475,Point,HAREKET,1,2357,2770,2298,2389,2794,2353
3.4760,3476,Point,HAREKET,1,2364,2817,2169,2343,2775,2309
3.4770,3477,Point,HAREKET,1,2384,3001,2248,2372,2786,2255
3.4780,3478,Point,HAREKET,1,2369,2815,2266,2402,2831,2344
3.4790,3479,Point,HAREKET,1,2288,2947,2284,2405,2949,2275
3.4800,3480,Point,HAREKET,1,2363,2927,2325,2250,3053,2227
3.4810,3481,Point,HAREKET,1,2374,2954,2328,2386,2861,2362
3.4820,3482,Point,HAREKET,1,2301,3113,2257,2350,2917,2390
3.4830,3483,Point,HAREKET,1,2328,2997,2375,2276,2843,2360
3.4840,3484,Point,HAREKET,1,2479,2914,2279,2373,2732,2336
3.4850,3485,Point,HAREKET,1,2412,2973,2335,2457,2800,2318
3.4860,3486,Point,HAREKET,1,2447,2906,2213,2394,2793,2288
3.4870,3487,Point,HAREKET,1,2442,2841,2307,2330,2805,2271
3.4880,3488,Point,HAREKET,1,2513,2855,2262,2432,2978,2346
3.4890,3489,Point,HAREKET,1,2456,2956,2265,2478,2977,2277
3.4900,3490,Point,HAREKET,1,2539,3110,2271,2421,2844,2249
3.4910,3491,Point,HAREKET,1,2532,2995,2242,2516,2870,2283
3.4920,3492,Point,HAREKET,1,2526,2999,2181,2450,2880,2231
3.4930,3493,Point,HAREKET,1,2478,2906,2337,2384,2906,2291
3.4940,3494,Point,HAREKET,1,2488,2961,2320,2463,2835,2339
3.4950,3495,Point,HAREKET,1,2415,2869,2299,2418,2882,2333
3.4960,3496,Point,HAREKET,1,2376,2947,2217,2266,2992,2277
3.4970,3497,Point,HAREKET,1,2410,2900,2276,2369,2857,2277
3.4980,3498,Point,HAREKET,1,2455,2858,2261,2281,2836,2330
3.4990,3499,Point,HAREKET,1,2376,2923,2356,2264,2894,2460
3.5000,3500,Point,HAREKET,1,2439,2906,2224,2302,2844,2257
3.5010,3501,Point,HAREKET,1,2471,2834,2250,2371,2698,2343
3.5020,3502,Point,HAREKET,1,2419,2792,2309,2349,2863,2332
3.5030,3503,Point,HAREKET,1,2441,2900,2235,2386,2803,2438
3.5040,3504,Point,HAREKET,1,2409,2986,2286,2426,2894,2391
3.5050,3505,Point,HAREKET,1,2405,2847,2180,2355,2741,2363
3.5060,3506,Point,HAREKET,1,2326,3006,2244,2324,2742,2265
3.5070,3507,Point,HAREKET,1,2384,2962,2258,2352,2862,2386
3.5080,3508,Point,HAREKET,1,2431,3004,2372,2401,2894,2312
3.5090,3509,Point,HAREKET,1,2476,3091,2290,2405,2852,2237
3.5100,3510,Point,HAREKET,1,2384,3125,2292,2349,2760,2310
3.5110,3511,Point,HAREKET,1,2298,3027,2323,2354,2851,2355
3.5120,3512,Point,HAREKET,1,2429,3052,2224,2377,2838,2476
3.5130,3513,Point,HAREKET,1,2404,2882,2288,2369,2893,2362
3.5140,3514,Point,HAREKET,1,2466,2874,2243,2452,2887,2330
3.5150,3515,Point,HAREKET,1,2473,2958,2304,2373,2798,2414
3.5160,3516,Point,HAREKET,1,2422,2915,2331,2411,2848,2210
3.5170,3517,Point,HAREKET,1,2497,3062,2363,2413,2789,2307
3.5180,3518,Point,HAREKET,1,2516,2801,2263,2369,2937,2329
3.5190,3519,Point,HAREKET,1,2438,2905,2215,2351,2767,2307
3.5200,3520,Point,HAREKET,1,2475,3018,2247,2427,2881,2267
3.5210,3521,Point,HAREKET,1,2543,2907,2257,2406,3116,2259
3.5220,3522,Point,HAREKET,1,2530,2941,2238,2464,2859,2331
3.5230,3523,Point,HAREKET,1,2474,2950,2213,2409,3013,2335
3.5240,3524,Point,HAREKET,1,2505,2895,2219,2290,2832,2371
3.5250,3525,Point,HAREKET,1,2482,2894,2244,2237,2855,2418
3.5260,3526,Point,HAREKET,1,2286,2943,2234,2408,2883,2313
3.5270,3527,Point,HAREKET,1,2476,2844,2205,2370,2926,2430
3.5280,3528,Point,HAREKET,1,2405,2828,2237,2315,2897,2431
3.5290,3529,Point,HAREKET,1,2490,2834,2277,2349,2738,2366
3.5300,3530,Point,HAREKET,1,2471,2777,2233,2431,2765,2373
3.5310,3531,Point,HAREKET,1,2378,2826,2352,2340,2815,2375
3.5320,3532,Point,HAREKET,1,2445,3047,2257,2472,2874,2310
3.5330,3533,Point,HAREKET,1,2435,2850,2307,2423,2672,2307
3.5340,3534,Point,HAREKET,1,2379,2943,2334,2337,2847,2394
3.5350,3535,Point,HAREKET,1,2424,2899,2257,2421,2797,2409
3.5360,3536,Point,HAREKET,1,2324,2952,2259,2343,2856,2370
3.5370,3537,Point,HAREKET,1,2460,2924,2261,2321,2909,2319
3.5380,3538,Point,HAREKET,1,2366,2976,2303,2383,2983,2375
3.5390,3539,Point,HAREKET,1,2410,2877,2303,2388,2739,2199
3.5400,3540,Point,HAREKET,1,2390,2969,2386,2338,2743,2299
3.5410,3541,Point,HAREKET,1,2397,2904,2223,2314,2800,2391
3.5420,3542,Point,HAREKET,1,2383,2891,2264,2343,2617,2304
3.5430,3543,Point,HAREKET,1,2433,3075,2269,2453,2710,2349
3.5440,3544,Point,HAREKET,1,2459,2817,2285,2383,2856,2260
3.5450,3545,Point,HAREKET,1,2442,2913,2180,2437,2753,2310
3.5460,3546,Point,HAREKET,1,2439,2966,2232,2472,2831,2287
3.5470,3547,Point,HAREKET,1,2526,2886,2190,2435,2959,2305
3.5480,3548,Point,HAREKET,1,2426,2888,2135,2383,2745,2176
3.5490,3549,Point,HAREKET,1,2492,2948,2235,2386,2990,2293
3.5500,3550,Point,HAREKET,1,2418,3018,2194,2415,2888,2349
3.5510,3551,Point,HAREKET,1,2496,2914,2280,2376,2957,2335
3.5520,3552,Point,HAREKET,1,2417,2989,2196,2412,2994,2373
3.5530,3553,Point,HAREKET,1,2419,2943,2271,2223,2991,2358
3.5540,3554,Point,HAREKET,1,2429,2810,2316,2304,2802,2427
3.5550,3555,Point,HAREKET,1,2495,2912,2297,2347,2974,2431
3.5560,3556,Point,HAREKET,1,2452,2900,2274,2364,2822,2351
3.5570,3557,Point,HAREKET,1,2368,2948,2264,2241,2847,2355
3.5580,3558,Point,HAREKET,1,2430,2774,2324,2326,2976,2401
3.5590,3559,Point,HAREKET,1,2423,2855,2269,2425,2744,2374
3.5600,3560,Point,HAREKET,1,2463,2887,2288,2344,2736,2413
3.5610,3561,Point,HAREKET,1,2437,2947,2244,2440,2816,2381
3.5620,3562,Point,HAREKET,1,2296,2966,2335,2373,2832,2416
3.5630,3563,Point,HAREKET,1,2462,3094,2353,2362,2783,2337
3.5640,3564,Point,HAREKET,1,2437,2997,2354,2278,2805,2426
3.5650,3565,Point,HAREKET,1,2425,3047,2312,2329,2976,2389
3.5660,3566,Point,HAREKET,1,2361,3043,2350,2353,2908,2399
3.5670,3567,Point,HAREKET,1,2378,3071,2254,2372,2919,2285
3.5680,3568,Point,HAREKET,1,2257,2911,2361,2340,2922,2299
3.5690,3569,Point,HAREKET,1,2437,2986,2258,2269,2854,2347
3.5700,3570,Point,HAREKET,1,2397,3025,2337,2261,2789,2290
3.5710,3571,Point,HAREKET,1,2431,2895,2315,2298,2930,2335
3.5720,3572,Point,HAREKET,1,2455,2963,2347,2364,2769,2456
3.5730,3573,Point,HAREKET,1,2438,2996,2225,2466,2963,2296
3.5740,3574,Point,HAREKET,1,2483,3018,2282,2337,2923,2349
3.5750,3575,Point,HAREKET,1,2480,2991,2253,2448,2831,2197
3.5760,3576,Point,HAREKET,1,2414,2922,2204,2398,2937,2223
3.5770,3577,Point,HAREKET,1,2541,2938,2351,2482,3032,2220
3.5780,3578,Point,HAREKET,1,2497,2868,2309,2458,2965,2315
3.5790,3579,Point,HAREKET,1,2429,2884,2280,2380,2904,2349
3.5800,3580,Point,HAREKET,1,2446,2856,2250,2394,3000,2419
3.5810,3581,Point,HAREKET,1,2488,2988,2218,2288,2972,2324
3.5820,3582,Point,HAREKET,1,2348,2875,2230,2350,2865,2363
3.5830,3583,Point,HAREKET,1,2549,2881,2254,2313,2817,2410
3.5840,3584,Point,HAREKET,1,2430,2893,2237,2316,2765,2426
3.5850,3585,Point,HAREKET,1,2431,2753,2339,2357,2879,2373
3.5860,3586,Point,HAREKET,1,2467,2882,2283,2337,2909,2393
3.5870,3587,Point,HAREKET,1,2460,2889,2312,2277,2876,2454
3.5880,3588,Point,HAREKET,1,2414,2842,2297,2353,2740,2345
3.5890,3589,Point,HAREKET,1,2435,2835,2269,2323,2726,2378
3.5900,3590,Point,HAREKET,1,2407,2886,2415,2269,2708,2475
3.5910,3591,Point,HAREKET,1,2455,2976,2248,2359,2891,2340
3.5920,3592,Point,HAREKET,1,2410,2913,2221,2367,2817,2312
3.5930,3593,Point,HAREKET,1,2499,2946,2317,2367,2842,2300
3.5940,3594,Point,HAREKET,1,2363,2944,2348,2331,2798,2305
3.5950,3595,Point,HAREKET,1,2464,2910,2314,2284,2758,2331
3.5960,3596,Point,HAREKET,1,2463,3008,2336,2378,2881,2387
3.5970,3597,Point,HAREKET,1,2355,2865,2340,2333,2913,2356
3.5980,3598,Point,HAREKET,1,2321,2969,2278,2321,2880,2404
3.5990,3599,Point,HAREKET,1,2414,2914,2384,2291,2795,2288
3.6000,3600,Point,HAREKET,1,2480,2907,2381,2365,2898,2344
3.6010,3601,Point,HAREKET,1,2473,2889,2292,2358,2936,2412
3.6020,3602,Point,HAREKET,1,2414,3023,2313,2527,2872,2414
3.6030,3603,Point,HAREKET,1,2510,3017,2322,2478,2913,2398
3.6040,3604,Point,HAREKET,1,2320,2939,2265,2364,2864,2356
3.6050,3605,Point,HAREKET,1,2462,3001,2259,2423,2903,2358
3.6060,3606,Point,HAREKET,1,2419,2758,2192,2365,2967,2232
3.6070,3607,Point,HAREKET,1,2451,2883,2242,2307,2963,2311
3.6080,3608,Point,HAREKET,1,2463,3051,2309,2449,2952,2291
3.6090,3609,Point,HAREKET,1,2352,2910,2299,2370,2998,2359
3.6100,3610,Point,HAREKET,1,2468,2855,2255,2320,2875,2426
3.6110,3611,Point,HAREKET,1,2454,2868,2182,2341,2869,2340
3.6120,3612,Point,HAREKET,1,2369,2923,2261,2375,2873,2385
3.6130,3613,Point,HAREKET,1,2381,2894,2345,2289,2890,2271
3.6140,3614,Point,HAREKET,1,2361,2984,2265,2325,2830,2417
3.6150,3615,Point,HAREKET,1,2492,2995,2275,2337,2947,2368
3.6160,3616,Point,HAREKET,1,2420,2931,2376,2324,2876,2368
3.6170,3617,Point,HAREKET,1,2416,2721,2241,2445,2802,2473
3.6180,3618,Point,HAREKET,1,2399,2844,2292,2379,2752,2303
3.6190,3619,Point,HAREKET,1,2421,2955,2211,2399,2861,2353
3.6200,3620,Point,HAREKET,1,2464,2975,2363,2364,2855,2377
3.6210,3621,Point,HAREKET,1,2446,2824,2359,2253,2940,2350
3.6220,3622,Point,HAREKET,1,2434,3074,2302,2437,3059,2330
3.6230,3623,Point,HAREKET,1,2361,2980,2351,2378,2987,2313
3.6240,3624,Point,HAREKET,1,2429,3035,2229,2399,2801,2397
3.6250,3625,Point,HAREKET,1,2371,2881,2304,2342,2836,2236
3.6260,3626,Point,HAREKET,1,2284,2888,2294,2412,2916,2417
3.6270,3627,Point,HAREKET,1,2497,2927,2366,2310,2888,2369
3.6280,3628,Point,HAREKET,1,2436,2848,2344,2334,2914,2396
3.6290,3629,Point,HAREKET,1,2413,2893,2256,2246,2803,2305
3.6300,3630,Point,HAREKET,1,2464,3086,2316,2424,2967,2366
3.6310,3631,Point,HAREKET,1,2507,3011,2339,2474,2878,2373
3.6320,3632,Point,HAREKET,1,2452,2867,2261,2341,2932,2298
3.6330,3633,Point,HAREKET,1,2459,3026,2303,2369,2896,2317
3.6340,3634,Point,HAREKET,1,2511,3002,2286,2306,2912,2263
3.6350,3635,Point,HAREKET,1,2424,3055,2325,2404,2885,2329
3.6360,3636,Point,HAREKET,1,2483,2911,2256,2319,2966,2278
3.6370,3637,Point,HAREKET,1,2514,3079,2272,2485,2922,2215
3.6380,3638,Point,HAREKET,1,2417,2938,2185,2331,2928,2329
3.6390,3639,Point,HAREKET,1,2459,2787,2311,2360,3008,2375
3.6400,3640,Point,HAREKET,1,2348,2865,2276,2286,2826,2380
3.6410,3641,Point,HAREKET,1,2431,2946,2279,2328,2785,2477
3.6420,3642,Point,HAREKET,1,2380,2913,2405,2321,2917,2383
3.6430,3643,Point,HAREKET,1,2399,2801,2247,2266,2841,2456
3.6440,3644,Point,HAREKET,1,2416,2760,2232,2259,2870,2343
3.6450,3645,Point,HAREKET,1,2374,2878,2259,2375,2812,2341
3.6460,3646,Point,HAREKET,1,2358,3052,2269,2326,2749,2471
3.6470,3647,Point,HAREKET,1,2360,2871,2291,2337,2882,2418
3.6480,3648,Point,HAREKET,1,2534,2936,2296,2352,2895,2330
3.6490,3649,Point,HAREKET,1,2458,2892,2306,2382,2886,2400
3.6500,3650,Point,HAREKET,1,2459,2973,2330,2307,2850,2323
3.6510,3651,Point,HAREKET,1,2472,2969,2279,2282,2810,2326
3.6520,3652,Point,HAREKET,1,2361,3017,2385,2265,2776,2413
3.6530,3653,Point,HAREKET,1,2441,2930,2419,2284,2828,2334
3.6540,3654,Point,HAREKET,1,2409,2916,2332,2336,2779,2350
3.6550,3655,Point,HAREKET,1,2375,2882,2503,2308,2802,2344
3.6560,3656,Point,HAREKET,1,2385,2994,2381,2227,2923,2336
3.6570,3657,Point,HAREKET,1,2357,2988,2266,2384,2879,2353
3.6580,3658,Point,HAREKET,1,2418,2992,2347,2359,2831,2299
3.6590,3659,Point,HAREKET,1,2442,2934,2413,2389,2917,2358
3.6600,3660,Point,HAREKET,1,2518,3057,2431,2421,3017,2332
3.6610,3661,Point,HAREKET,1,2471,2997,2328,2392,2890,2411
3.6620,3662,Point,HAREKET,1,2452,3046,2255,2467,2910,2207
3.6630,3663,Point,HAREKET,1,2538,2937,2225,2316,2830,2390
3.6640,3664,Point,HAREKET,1,2501,2937,2214,2341,2931,2317
3.6650,3665,Point,HAREKET,1,2424,2911,2197,2349,3042,2377
3.6660,3666,Point,HAREKET,1,2479,2945,2284,2241,3045,2312
3.6670,3667,Point,HAREKET,1,2439,2906,2310,2370,2948,2374
3.6680,3668,Point,HAREKET,1,2498,2785,2393,2322,3022,2321
3.6690,3669,Point,HAREKET,1,2337,2882,2374,2309,2807,2448
3.6700,3670,Point,HAREKET,1,2329,2848,2337,2330,2889,2352
3.6710,3671,Point,HAREKET,1,2310,2853,2305,2309,3073,2267
3.6720,3672,Point,HAREKET,1,2396,2783,2250,2314,2922,2420
3.6730,3673,Point,HAREKET,1,2379,2859,2461,2369,2874,2349
3.6740,3674,Point,HAREKET,1,2448,2781,2269,2386,2714,2332
3.6750,3675,Point,HAREKET,1,2407,2962,2342,2340,2844,2252
3.6760,3676,Point,HAREKET,1,2396,2803,2384,2279,2787,2258
3.6770,3677,Point,HAREKET,1,2382,2806,2322,2306,2698,2434
3.6780,3678,Point,HAREKET,1,2401,2855,2372,2378,2745,2315
3.6790,3679,Point,HAREKET,1,2387,2815,2273,2341,2820,2300
3.6800,3680,Point,HAREKET,1,2432,2917,2296,2289,2855,2361
3.6810,3681,Point,HAREKET,1,2396,2961,2384,2262,2874,2339
3.6820,3682,Point,HAREKET,1,2415,2758,2313,2249,2863,2400
3.6830,3683,Point,HAREKET,1,2386,2884,2268,2381,2795,2364
3.6840,3684,Point,HAREKET,1,2339,2988,2290,2382,2857,2396
3.6850,3685,Point,HAREKET,1,2414,3049,2313,2296,2799,2295
3.6860,3686,Point,HAREKET,1,2400,2900,2349,2337,2921,2268
3.6870,3687,Point,HAREKET,1,2482,2936,2367,2433,2831,2417
3.6880,3688,Point,HAREKET,1,2436,3042,2328,2314,2951,2272
3.6890,3689,Point,HAREKET,1,2475,2911,2373,2354,2905,2312
3.6900,3690,Point,HAREKET,1,2417,3049,2339,2377,2928,2319
3.6910,3691,Point,HAREKET,1,2538,2923,2260,2337,2898,2332
3.6920,3692,Point,HAREKET,1,2485,3078,2202,2391,2916,2291
3.6930,3693,Point,HAREKET,1,2432,3046,2217,2321,3014,2397
3.6940,3694,Point,HAREKET,1,2459,2848,2371,2270,2902,2321
3.6950,3695,Point,HAREKET,1,2439,2837,2212,2379,2931,2356
3.6960,3696,Point,HAREKET,1,2372,2902,2312,2363,2874,2386
3.6970,3697,Point,HAREKET,1,2449,2895,2323,2203,2918,2466
3.6980,3698,Point,HAREKET,1,2355,2710,2336,2283,2867,2337
3.6990,3699,Point,HAREKET,1,2492,2779,2359,2283,2801,2342
3.7000,3700,Point,HAREKET,1,2417,2783,2360,2205,2792,2387
3.7010,3701,Point,HAREKET,1,2388,2839,2398,2271,2810,2340
3.7020,3702,Point,HAREKET,1,2402,2735,2298,2335,2785,2327
3.7030,3703,Point,HAREKET,1,2342,2785,2220,2268,2974,2305
3.7040,3704,Point,HAREKET,1,2358,2894,2266,2258,2918,2372
3.7050,3705,Point,HAREKET,1,2294,2812,2343,2305,2748,2303
3.7060,3706,Point,HAREKET,1,2466,2840,2282,2282,2887,2369
3.7070,3707,Point,HAREKET,1,2486,3002,2337,2244,2845,2371
3.7080,3708,Point,HAREKET,1,2296,2981,2293,2261,2836,2360
3.7090,3709,Point,HAREKET,1,2354,2918,2354,2319,2759,2274
3.7100,3710,Point,HAREKET,1,2397,2844,2533,2300,2871,2372
3.7110,3711,Point,HAREKET,1,2338,2808,2386,2282,2974,2334
3.7120,3712,Point,HAREKET,1,2358,2815,2364,2292,2860,2270
3.7130,3713,Point,HAREKET,1,2368,2946,2334,2223,2876,2338
3.7140,3714,Point,HAREKET,1,2376,2949,2263,2270,2740,2332
3.7150,3715,Point,HAREKET,1,2396,2807,2319,2325,2932,2373
3.7160,3716,Point,HAREKET,1,2462,2950,2298,2318,2565,2320
3.7170,3717,Point,HAREKET,1,2416,2925,2342,2366,2939,2403
3.7180,3718,Point,HAREKET,1,2449,2898,2282,2363,2836,2310
3.7190,3719,Point,HAREKET,1,2500,2931,2305,2370,2946,2306
3.7200,3720,Point,HAREKET,1,2438,3024,2278,2346,3022,2386
3.7210,3721,Point,HAREKET,1,2528,2986,2332,2416,2825,2284
3.7220,3722,Point,HAREKET,1,2405,2939,2252,2393,2955,2331
3.7230,3723,Point,HAREKET,1,2485,2986,2360,2379,2917,2308
3.7240,3724,Point,HAREKET,1,2445,2712,2322,2310,2920,2379
3.7250,3725,Point,HAREKET,1,2420,2941,2338,2341,2917,2290
3.7260,3726,Point,HAREKET,1,2384,2955,2366,2278,2906,2279
3.7270,3727,Point,HAREKET,1,2383,2797,2309,2214,2924,2367
3.7280,3728,Point,HAREKET,1,2372,3001,2332,2312,2813,2426
3.7290,3729,Point,HAREKET,1,2405,2884,2396,2281,2885,2430
3.7300,3730,Point,HAREKET,1,2406,2759,2332,2274,2839,2373
3.7310,3731,Point,HAREKET,1,2439,2915,2301,2285,2792,2394
3.7320,3732,Point,HAREKET,1,2366,2793,2245,2296,2973,2383
3.7330,3733,Point,HAREKET,1,2320,2827,2278,2355,2902,2339
3.7340,3734,Point,HAREKET,1,2314,2893,2389,2271,2880,2371
3.7350,3735,Point,HAREKET,1,2367,2831,2347,2326,2910,2327
3.7360,3736,Point,HAREKET,1,2394,2874,2368,2405,2857,2345
3.7370,3737,Point,HAREKET,1,2381,2831,2427,2333,2841,2358
3.7380,3738,Point,HAREKET,1,2324,3098,2342,2286,2848,2331
3.7390,3739,Point,HAREKET,1,2429,2992,2364,2328,2827,2333
3.7400,3740,Point,HAREKET,1,2368,2932,2377,2348,2826,2392
3.7410,3741,Point,HAREKET,1,2336,3009,2394,2270,2809,2309
3.7420,3742,Point,HAREKET,1,2375,2959,2305,2341,2856,2323
3.7430,3743,Point,HAREKET,1,2373,2924,2336,2353,2814,2290
3.7440,3744,Point,HAREKET,1,2424,2954,2442,2230,2761,2311
3.7450,3745,Point,HAREKET,1,2412,2876,2268,2341,2958,2335
3.7460,3746,Point,HAREKET,1,2448,2897,2348,2301,2830,2367
3.7470,3747,Point,HAREKET,1,2471,3016,2270,2365,2742,2304
3.7480,3748,Point,HAREKET,1,2407,2967,2237,2311,2911,2260
3.7490,3749,Point,HAREKET,1,2478,2826,2316,2246,2962,2367
3.7500,3750,Point,HAREKET,1,2472,2865,2253,2381,2910,2246
3.7510,3751,Point,HAREKET,1,2419,2989,2250,2312,2853,2362
3.7520,3752,Point,HAREKET,1,2448,2985,2248,2341,2911,2465
3.7530,3753,Point,HAREKET,1,2424,2945,2300,2381,2988,2421
3.7540,3754,Point,HAREKET,1,2463,2922,2264,2205,2883,2345
3.7550,3755,Point,HAREKET,1,2335,2871,2406,2334,2876,2361
3.7560,3756,Point,HAREKET,1,2380,2858,2415,2331,2835,2415
3.7570,3757,Point,HAREKET,1,2400,2955,2293,2303,2839,2334
3.7580,3758,Point,HAREKET,1,2342,2764,2317,2255,2883,2291
3.7590,3759,Point,HAREKET,1,2339,2821,2298,2262,2859,2371
3.7600,3760,Point,HAREKET,1,2458,2804,2320,2341,2796,2306
3.7610,3761,Point,HAREKET,1,2453,2755,2402,2275,2812,2314
3.7620,3762,Point,HAREKET,1,2376,2969,2300,2253,2847,2375
3.7630,3763,Point,HAREKET,1,2407,2909,2332,2318,2973,2359
3.7640,3764,Point,HAREKET,1,2455,3037,2445,2279,2762,2309
3.7650,3765,Point,HAREKET,1,2351,3057,2472,2281,2901,2292
3.7660,3766,Point,HAREKET,1,2221,3017,2395,2307,2846,2273
3.7670,3767,Point,HAREKET,1,2411,2838,2346,2284,2782,2313
3.7680,3768,Point,HAREKET,1,2405,2852,2353,2321,2916,2415
3.7690,3769,Point,HAREKET,1,2286,3016,2379,2249,2834,2247
3.7700,3770,Point,HAREKET,1,2376,2867,2402,2313,2786,2295
3.7710,3771,Point,HAREKET,1,2376,2897,2379,2371,2907,2282
3.7720,3772,Point,HAREKET,1,2402,2849,2357,2377,2940,2302
3.7730,3773,Point,HAREKET,1,2419,2829,2369,2304,2887,2241
3.7740,3774,Point,HAREKET,1,2374,3060,2285,2297,2797,2304
3.7750,3775,Point,HAREKET,1,2458,3053,2419,2379,2825,2255
3.7760,3776,Point,HAREKET,1,2504,2973,2331,2411,3056,2328
3.7770,3777,Point,HAREKET,1,2447,2960,2226,2431,2829,2279
3.7780,3778,Point,HAREKET,1,2394,2895,2289,2359,2881,2377
3.7790,3779,Point,HAREKET,1,2368,2871,2221,2325,2921,2267
3.7800,3780,Point,HAREKET,1,2400,3017,2281,2303,3029,2317
3.7810,3781,Point,HAREKET,1,2444,2935,2369,2405,2904,2343
3.7820,3782,Point,HAREKET,1,2390,2953,2325,2400,3023,2399
3.7830,3783,Point,HAREKET,1,2431,2636,2307,2305,2914,2362
3.7840,3784,Point,HAREKET,1,2362,2894,2318,2246,2811,2339
3.7850,3785,Point,HAREKET,1,2351,2807,2340,2271,2865,2468
3.7860,3786,Point,HAREKET,1,2315,2766,2320,2273,2953,2279
3.7870,3787,Point,HAREKET,1,2495,2723,2353,2242,2900,2318
3.7880,3788,Point,HAREKET,1,2356,2767,2326,2267,2901,2292
3.7890,3789,Point,HAREKET,1,2385,2862,2334,2417,2820,2371
3.7900,3790,Point,HAREKET,1,2388,2880,2317,2354,2635,2326
3.7910,3791,Point,HAREKET,1,2335,2874,2368,2349,2827,2375
3.7920,3792,Point,HAREKET,1,2450,2948,2348,2350,2794,2240
3.7930,3793,Point,HAREKET,1,2340,2838,2409,2284,2781,2259
3.7940,3794,Point,HAREKET,1,2364,2850,2292,2365,2844,2406
3.7950,3795,Point,HAREKET,1,2422,2853,2335,2276,2964,2293
3.7960,3796,Point,HAREKET,1,2405,2889,2287,2269,2773,2321
3.7970,3797,Point,HAREKET,1,2361,2849,2335,2284,2935,2351
3.7980,3798,Point,HAREKET,1,2373,2955,2403,2333,2649,2335
3.7990,3799,Point,HAREKET,1,2432,2914,2401,2380,2783,2369
3.8000,3800,Point,HAREKET,1,2436,3052,2352,2353,2724,2263
3.8010,3801,Point,HAREKET,1,2455,2929,2376,2459,2765,2307
3.8020,3802,Point,HAREKET,1,2399,2938,2250,2324,2766,2274
3.8030,3803,Point,HAREKET,1,2364,2954,2274,2399,2832,2188
3.8040,3804,Point,HAREKET,1,2375,2809,2344,2311,2960,2316
3.8050,3805,Point,HAREKET,1,2464,2912,2298,2436,2871,2307
3.8060,3806,Point,HAREKET,1,2391,2908,2275,2385,2865,2311
3.8070,3807,Point,HAREKET,1,2403,2922,2372,2357,3048,2363
3.8080,3808,Point,HAREKET,1,2346,2965,2261,2370,3013,2390
3.8090,3809,Point,HAREKET,1,2342,2922,2310,2443,3021,2307
3.8100,3810,Point,HAREKET,1,2442,2764,2351,2263,2858,2272
3.8110,3811,Point,HAREKET,1,2461,3052,2276,2347,2916,2346
3.8120,3812,Point,HAREKET,1,2312,2888,2315,2271,2911,2352
3.8130,3813,Point,HAREKET,1,2332,2798,2368,2305,2838,2305
3.8140,3814,Point,HAREKET,1,2233,2798,2394,2265,2800,2354
3.8150,3815,Point,HAREKET,1,2343,2842,2351,2314,2692,2313
3.8160,3816,Point,HAREKET,1,2323,2726,2272,2169,2750,2219
3.8170,3817,Point,HAREKET,1,2254,2846,2341,2242,2844,2223
3.8180,3818,Point,HAREKET,1,2463,2948,2284,2298,2793,2310
3.8190,3819,Point,HAREKET,1,2374,2769,2279,2361,2760,2333
3.8200,3820,Point,HAREKET,1,2464,2910,2392,2246,2842,2290
3.8210,3821,Point,HAREKET,1,2353,2823,2392,2345,2827,2336
3.8220,3822,Point,HAREKET,1,2373,2898,2295,2335,2828,2417
3.8230,3823,Point,HAREKET,1,2393,2828,2489,2302,2893,2401
3.8240,3824,Point,HAREKET,1,2394,2940,2385,2289,2941,2387
3.8250,3825,Point,HAREKET,1,2416,2890,2370,2268,2812,2295
3.8260,3826,Point,HAREKET,1,2350,3014,2383,2318,2924,2352
3.8270,3827,Point,HAREKET,1,2264,2823,2325,2334,2826,2294
3.8280,3828,Point,HAREKET,1,2360,2836,2487,2290,2954,2372
3.8290,3829,Point,HAREKET,1,2414,3003,2371,2347,2796,2350
3.8300,3830,Point,HAREKET,1,2370,2919,2370,2416,2975,2228
3.8310,3831,Point,HAREKET,1,2472,2928,2273,2371,2891,2356
3.8320,3832,Point,HAREKET,1,2464,2910,2237,2339,2728,2373
3.8330,3833,Point,HAREKET,1,2355,2884,2264,2358,3035,2305
3.8340,3834,Point,HAREKET,1,2363,2904,2355,2341,2895,2242
3.8350,3835,Point,HAREKET,1,2393,3031,2357,2381,2901,2198
3.8360,3836,Point,HAREKET,1,2381,2867,2270,2403,3017,2313
3.8370,3837,Point,HAREKET,1,2416,2888,2298,2338,3018,2350
3.8380,3838,Point,HAREKET,1,2277,2818,2371,2289,2883,2295
3.8390,3839,Point,HAREKET,1,2337,2891,2316,2384,2908,2329
3.8400,3840,Point,HAREKET,1,2353,2826,2378,2265,2825,2331
3.8410,3841,Point,HAREKET,1,2334,2851,2304,2365,2858,2452
3.8420,3842,Point,HAREKET,1,2344,2878,2377,2321,2971,2405
3.8430,3843,Point,HAREKET,1,2416,2712,2278,2245,2840,2394
3.8440,3844,Point,HAREKET,1,2344,2778,2324,2240,2911,2326
3.8450,3845,Point,HAREKET,1,2461,2849,2254,2297,2819,2375
3.8460,3846,Point,HAREKET,1,2326,2883,2370,2360,2816,2347
3.8470,3847,Point,HAREKET,1,2377,2893,2251,2339,2815,2287
3.8480,3848,Point,HAREKET,1,2292,2965,2364,2382,2748,2368
3.8490,3849,Point,HAREKET,1,2433,2816,2394,2330,2779,2301
3.8500,3850,Point,HAREKET,1,2425,2886,2312,2368,2766,2244
3.8510,3851,Point,HAREKET,1,2452,2908,2358,2280,2750,2280
3.8520,3852,Point,HAREKET,1,2359,2871,2363,2321,2831,2291
3.8530,3853,Point,HAREKET,1,2340,2792,2372,2357,2764,2249
3.8540,3854,Point,HAREKET,1,2306,2928,2364,2289,2923,2240
3.8550,3855,Point,HAREKET,1,2345,2908,2323,2407,2793,2272
3.8560,3856,Point,HAREKET,1,2338,2848,2364,2304,2866,2282
3.8570,3857,Point,HAREKET,1,2529,2969,2326,2272,2885,2236
3.8580,3858,Point,HAREKET,1,2396,2849,2367,2333,2903,2363
3.8590,3859,Point,HAREKET,1,2421,2957,2261,2423,2924,2281
3.8600,3860,Point,HAREKET,1,2393,2866,2316,2407,2931,2330
3.8610,3861,Point,HAREKET,1,2433,2983,2313,2357,2833,2282
3.8620,3862,Point,HAREKET,1,2351,3014,2340,2394,2954,2293
3.8630,3863,Point,HAREKET,1,2532,2824,2304,2357,2911,2314
3.8640,3864,Point,HAREKET,1,2359,2887,2261,2375,2856,2260
3.8650,3865,Point,HAREKET,1,2404,2972,2249,2384,3079,2272
3.8660,3866,Point,HAREKET,1,2458,2722,2275,2463,2820,2342
3.8670,3867,Point,HAREKET,1,2368,2747,2310,2292,2819,2268
3.8680,3868,Point,HAREKET,1,2416,2946,2315,2309,2944,2311
3.8690,3869,Point,HAREKET,1,2326,2881,2289,2239,2883,2372
3.8700,3870,Point,HAREKET,1,2388,2861,2391,2209,2913,2374
3.8710,3871,Point,HAREKET,1,2419,2605,2233,2314,2785,2348
3.8720,3872,Point,HAREKET,1,2440,2765,2246,2271,2723,2323
3.8730,3873,Point,HAREKET,1,2424,2806,2344,2330,2889,2320
3.8740,3874,Point,HAREKET,1,2351,2869,2242,2299,2779,2327
3.8750,3875,Point,HAREKET,1,2390,2937,2415,2334,2730,2357
3.8760,3876,Point,HAREKET,1,2323,2855,2245,2329,2741,2239
3.8770,3877,Point,HAREKET,1,2413,2815,2309,2357,2831,2321
3.8780,3878,Point,HAREKET,1,2424,2737,2328,2271,2877,2221
3.8790,3879,Point,HAREKET,1,2324,2859,2362,2330,2844,2471
3.8800,3880,Point,HAREKET,1,2306,2811,2300,2338,2931,2352
3.8810,3881,Point,HAREKET,1,2302,2998,2323,2364,2929,2384
3.8820,3882,Point,HAREKET,1,2390,2855,2338,2376,2748,2237
3.8830,3883,Point,HAREKET,1,2302,2895,2301,2242,2953,2282
3.8840,3884,Point,HAREKET,1,2345,2850,2332,2321,2776,2317
3.8850,3885,Point,HAREKET,1,2370,2878,2373,2391,2826,2239
3.8860,3886,Point,HAREKET,1,2379,2810,2351,2328,2905,2311
3.8870,3887,Point,HAREKET,1,2378,2958,2328,2326,2731,2332
3.8880,3888,Point,HAREKET,1,2346,3031,2316,2471,2801,2329
3.8890,3889,Point,HAREKET,1,2418,2866,2274,2353,2845,2253
3.8900,3890,Point,HAREKET,1,2395,3007,2306,2396,2884,2239
3.8910,3891,Point,HAREKET,1,2525,2889,2281,2453,2948,2333
3.8920,3892,Point,HAREKET,1,2468,2824,2341,2375,2844,2369
3.8930,3893,Point,HAREKET,1,2434,2986,2371,2402,2855,2270
3.8940,3894,Point,HAREKET,1,2372,2929,2238,2365,2852,2280
3.8950,3895,Point,HAREKET,1,2282,2923,2249,2298,2889,2248
3.8960,3896,Point,HAREKET,1,2396,2793,2215,2280,2733,2339
3.8970,3897,Point,HAREKET,1,2367,2825,2315,2315,2843,2418
3.8980,3898,Point,HAREKET,1,2357,2633,2390,2278,2873,2382
3.8990,3899,Point,HAREKET,1,2367,2769,2276,2374,2808,2377
3.9000,3900,Point,HAREKET,1,2313,2830,2222,2316,2906,2356
3.9010,3901,Point,HAREKET,1,2476,2701,2343,2426,2765,2381
3.9020,3902,Point,HAREKET,1,2351,2802,2307,2445,2782,2319
3.9030,3903,Point,HAREKET,1,2337,2882,2357,2462,2828,2328
3.9040,3904,Point,HAREKET,1,2344,2794,2320,2335,2953,2253
3.9050,3905,Point,HAREKET,1,2321,2784,2307,2364,2777,2266
3.9060,3906,Point,HAREKET,1,2367,2822,2337,2434,2714,2223
3.9070,3907,Point,HAREKET,1,2373,2863,2324,2389,2982,2277
3.9080,3908,Point,HAREKET,1,2316,2784,2315,2344,2846,2315
3.9090,3909,Point,HAREKET,1,2249,2983,2286,2304,2838,2328
3.9100,3910,Point,HAREKET,1,2319,2909,2288,2302,2873,2298
3.9110,3911,Point,HAREKET,1,2361,2806,2330,2329,2849,2372
3.9120,3912,Point,HAREKET,1,2356,2942,2405,2376,2862,2315
3.9130,3913,Point,HAREKET,1,2333,2917,2369,2357,2825,2312
3.9140,3914,Point,HAREKET,1,2306,2843,2326,2361,2853,2338
3.9150,3915,Point,HAREKET,1,2316,2783,2367,2373,2843,2334
3.9160,3916,Point,HAREKET,1,2344,2896,2258,2496,2591,2315
3.9170,3917,Point,HAREKET,1,2371,2865,2287,2449,2893,2273
3.9180,3918,Point,HAREKET,1,2486,3023,2339,2446,2842,2287
3.9190,3919,Point,HAREKET,1,2412,2746,2322,2539,2895,2208
3.9200,3920,Point,HAREKET,1,2379,2879,2338,2388,3004,2231
3.9210,3921,Point,HAREKET,1,2406,2960,2267,2402,2929,2291
3.9220,3922,Point,HAREKET,1,2435,3002,2275,2394,2885,2302
3.9230,3923,Point,HAREKET,1,2346,2800,2350,2355,2978,2201
3.9240,3924,Point,HAREKET,1,2337,2813,2341,2449,2894,2288
3.9250,3925,Point,HAREKET,1,2541,2874,2268,2284,2918,2285
3.9260,3926,Point,HAREKET,1,2369,2767,2288,2450,2867,2330
3.9270,3927,Point,HAREKET,1,2305,2689,2282,2361,2832,2283
3.9280,3928,Point,HAREKET,1,2404,2692,2352,2244,2699,2300
3.9290,3929,Point,HAREKET,1,2355,2826,2305,2264,2827,2231
3.9300,3930,Point,HAREKET,1,2361,2750,2317,2251,2782,2276
3.9310,3931,Point,HAREKET,1,2450,2771,2281,2304,2790,2311
3.9320,3932,Point,HAREKET,1,2417,2801,2265,2381,2813,2248
3.9330,3933,Point,HAREKET,1,2370,2942,2364,2392,2843,2352
3.9340,3934,Point,HAREKET,1,2436,2914,2390,2447,2649,2408
3.9350,3935,Point,HAREKET,1,2312,3005,2306,2339,2671,2309
3.9360,3936,Point,HAREKET,1,2363,2774,2297,2341,2863,2307
3.9370,3937,Point,HAREKET,1,2434,2912,2368,2386,2720,2270
3.9380,3938,Point,HAREKET,1,2320,2909,2403,2294,2756,2259
3.9390,3939,Point,HAREKET,1,2347,2948,2444,2291,2861,2181
3.9400,3940,Point,HAREKET,1,2363,2901,2378,2344,2972,2329
3.9410,3941,Point,HAREKET,1,2335,2874,2327,2415,2784,2321
3.9420,3942,Point,HAREKET,1,2346,2887,2356,2327,2852,2287
3.9430,3943,Point,HAREKET,1,2315,2914,2298,2325,2645,2296
3.9440,3944,Point,HAREKET,1,2413,3052,2306,2343,2774,2205
3.9450,3945,Point,HAREKET,1,2428,2872,2278,2419,2856,2298
3.9460,3946,Point,HAREKET,1,2397,2728,2311,2420,2708,2349
3.9470,3947,Point,HAREKET,1,2503,2992,2286,2506,2828,2224
3.9480,3948,Point,HAREKET,1,2407,2922,2198,2388,2875,2161
3.9490,3949,Point,HAREKET,1,2511,2858,2223,2402,2826,2223
3.9500,3950,Point,HAREKET,1,2365,3056,2270,2401,2885,2172
3.9510,3951,Point,HAREKET,1,2368,2974,2317,2451,2907,2315
3.9520,3952,Point,HAREKET,1,2378,2817,2227,2527,2907,2207
3.9530,3953,Point,HAREKET,1,2353,2845,2292,2407,2859,2283
3.9540,3954,Point,HAREKET,1,2442,2874,2322,2344,2997,2389
3.9550,3955,Point,HAREKET,1,2428,2741,2245,2358,2917,2305
3.9560,3956,Point,HAREKET,1,2354,2818,2265,2268,2850,2347
3.9570,3957,Point,HAREKET,1,2380,2711,2366,2372,2918,2344
3.9580,3958,Point,HAREKET,1,2376,2779,2354,2251,2894,2405
3.9590,3959,Point,HAREKET,1,2339,2852,2203,2409,2705,2283
3.9600,3960,Point,HAREKET,1,2390,2927,2250,2320,2833,2328
3.9610,3961,Point,HAREKET,1,2291,2892,2344,2474,2721,2365
3.9620,3962,Point,HAREKET,1,2444,2822,2304,2361,2810,2231
3.9630,3963,Point,HAREKET,1,2420,2803,2345,2310,2825,2211
3.9640,3964,Point,HAREKET,1,2306,2877,2286,2372,2755,2240
3.9650,3965,Point,HAREKET,1,2327,3005,2265,2331,2734,2318
3.9660,3966,Point,HAREKET,1,2328,2850,2269,2392,2721,2288
3.9670,3967,Point,HAREKET,1,2328,2835,2362,2324,2831,2334
3.9680,3968,Point,HAREKET,1,2388,2902,2358,2387,2817,2317
3.9690,3969,Point,HAREKET,1,2367,2998,2312,2375,2928,2409
3.9700,3970,Point,HAREKET,1,2226,2904,2301,2388,2733,2239
3.9710,3971,Point,HAREKET,1,2376,2830,2316,2429,2887,2285
3.9720,3972,Point,HAREKET,1,2342,2896,2234,2393,2789,2274
3.9730,3973,Point,HAREKET,1,2327,2875,2310,2333,2811,2293
3.9740,3974,Point,HAREKET,1,2385,2923,2316,2331,2782,2303
3.9750,3975,Point,HAREKET,1,2409,2877,2300,2452,2794,2236
3.9760,3976,Point,HAREKET,1,2348,2863,2293,2499,2752,2275
3.9770,3977,Point,HAREKET,1,2524,2970,2236,2366,2935,2291
3.9780,3978,Point,HAREKET,1,2330,2999,2243,2464,2948,2238
3.9790,3979,Point,HAREKET,1,2429,2771,2253,2475,2840,2308
3.9800,3980,Point,HAREKET,1,2403,2914,2283,2401,2899,2267
3.9810,3981,Point,HAREKET,1,2425,2781,2292,2349,2937,2301
3.9820,3982,Point,HAREKET,1,2411,2882,2244,2294,2777,2372
3.9830,3983,Point,HAREKET,1,2396,2904,2312,2351,2963,2268
3.9840,3984,Point,HAREKET,1,2305,2899,2375,2458,2833,2361
3.9850,3985,Point,HAREKET,1,2321,2664,2211,2363,2793,2321
3.9860,3986,Point,HAREKET,1,2348,2766,2217,2330,2765,2278
3.9870,3987,Point,HAREKET,1,2353,2809,2276,2339,2774,2318
3.9880,3988,Point,HAREKET,1,2359,2806,2371,2268,2653,2368
3.9890,3989,Point,HAREKET,1,2424,2762,2265,2379,2850,2209
3.9900,3990,Point,HAREKET,1,2332,2947,2288,2268,2703,2317
3.9910,3991,Point,HAREKET,1,2433,2965,2240,2336,2822,2338
3.9920,3992,Point,HAREKET,1,2380,2911,2383,2418,2872,2339
3.9930,3993,Point,HAREKET,1,2350,2986,2278,2347,2742,2286
3.9940,3994,Point,HAREKET,1,2401,2806,2350,2416,2908,2298
3.9950,3995,Point,HAREKET,1,2382,2905,2294,2330,2963,2206
3.9960,3996,Point,HAREKET,1,2393,2902,2382,2361,2850,2325
3.9970,3997,Point,HAREKET,1,2325,3016,2301,2403,2732,2272
3.9980,3998,Point,HAREKET,1,2238,2914,2328,2356,2791,2244
3.9990,3999,Point,HAREKET,1,2345,2853,2279,2403,2711,2325
4.0000,4000,Victory,HAREKET,1,2559,2839,2471,2520,2709,2423
4.0010,4001,Victory,HAREKET,1,2636,2890,2378,2469,2739,2415
4.0020,4002,Victory,HAREKET,1,2565,2856,2496,2542,2820,2380
4.0030,4003,Victory,HAREKET,1,2578,2805,2487,2538,2731,2384
4.0040,4004,Victory,HAREKET,1,2442,2724,2315,2464,2834,2463
4.0050,4005,Victory,HAREKET,1,2572,2741,2395,2409,2944,2367
4.0060,4006,Victory,HAREKET,1,2507,2766,2461,2500,2759,2469
4.0070,4007,Victory,HAREKET,1,2450,2753,2411,2506,2880,2377
4.0080,4008,Victory,HAREKET,1,2432,2716,2379,2405,2919,2489
4.0090,4009,Victory,HAREKET,1,2578,2809,2423,2390,2671,2361
4.0100,4010,Victory,HAREKET,1,2520,2793,2368,2452,2673,2479
4.0110,4011,Victory,HAREKET,1,2516,2897,2288,2376,2689,2414
4.0120,4012,Victory,HAREKET,1,2531,2862,2458,2370,2781,2371
4.0130,4013,Victory,HAREKET,1,2554,2852,2372,2396,2700,2400
4.0140,4014,Victory,HAREKET,1,2569,2880,2412,2337,2741,2330
4.0150,4015,Victory,HAREKET,1,2478,2849,2341,2460,2700,2460
4.0160,4016,Victory,HAREKET,1,2549,2879,2399,2371,2873,2381
4.0170,4017,Victory,HAREKET,1,2538,2936,2506,2392,2734,2446
4.0180,4018,Victory,HAREKET,1,2513,2936,2478,2419,2800,2385
4.0190,4019,Victory,HAREKET,1,2482,2782,2487,2556,2716,2341
4.0200,4020,Victory,HAREKET,1,2531,2861,2328,2493,2707,2425
4.0210,4021,Victory,HAREKET,1,2467,2794,2431,2424,2699,2370
4.0220,4022,Victory,HAREKET,1,2426,2832,2382,2402,2749,2414
4.0230,4023,Victory,HAREKET,1,2533,2812,2406,2450,2684,2350
4.0240,4024,Victory,HAREKET,1,2533,2674,2462,2490,2745,2409
4.0250,4025,Victory,HAREKET,1,2553,2718,2436,2442,2676,2385
4.0260,4026,Victory,HAREKET,1,2470,2873,2416,2514,2645,2489
4.0270,4027,Victory,HAREKET,1,2522,2849,2403,2501,2655,2480
4.0280,4028,Victory,HAREKET,1,2511,2828,2356,2460,2793,2399
4.0290,4029,Victory,HAREKET,1,2624,2820,2410,2585,2905,2355
4.0300,4030,Victory,HAREKET,1,2520,2929,2369,2496,2780,2393
4.0310,4031,Victory,HAREKET,1,2553,2920,2491,2522,2808,2513
4.0320,4032,Victory,HAREKET,1,2495,2898,2517,2486,2843,2416
4.0330,4033,Victory,HAREKET,1,2484,2711,2363,2444,2748,2446
4.0340,4034,Victory,HAREKET,1,2560,2690,2274,2515,2828,2421
4.0350,4035,Victory,HAREKET,1,2547,2784,2352,2406,2673,2372
4.0360,4036,Victory,HAREKET,1,2606,2745,2374,2426,2808,2390
4.0370,4037,Victory,HAREKET,1,2662,2753,2282,2423,2706,2386
4.0380,4038,Victory,HAREKET,1,2526,2726,2292,2437,2718,2386
4.0390,4039,Victory,HAREKET,1,2555,2781,2408,2500,2636,2432
4.0400,4040,Victory,HAREKET,1,2577,2912,2241,2503,2829,2462
4.0410,4041,Victory,HAREKET,1,2631,2906,2414,2460,2777,2418
4.0420,4042,Victory,HAREKET,1,2585,2751,2312,2488,2952,2434
4.0430,4043,Victory,HAREKET,1,2450,2828,2367,2488,2859,2476
4.0440,4044,Victory,HAREKET,1,2589,2720,2402,2496,2612,2492
4.0450,4045,Victory,HAREKET,1,2550,2934,2350,2492,2725,2520
4.0460,4046,Victory,HAREKET,1,2523,2924,2452,2490,2713,2363
4.0470,4047,Victory,HAREKET,1,2577,2837,2390,2335,2554,2439
4.0480,4048,Victory,HAREKET,1,2497,2914,2374,2420,2756,2461
4.0490,4049,Victory,HAREKET,1,2571,2869,2445,2525,2683,2363
4.0500,4050,Victory,HAREKET,1,2485,2823,2380,2506,2815,2283
4.0510,4051,Victory,HAREKET,1,2506,2959,2379,2503,2661,2319
4.0520,4052,Victory,HAREKET,1,2480,2934,2360,2473,2731,2336
4.0530,4053,Victory,HAREKET,1,2525,2856,2516,2497,2794,2360
4.0540,4054,Victory,HAREKET,1,2557,2640,2375,2380,2855,2397
4.0550,4055,Victory,HAREKET,1,2482,2782,2505,2438,2631,2400
4.0560,4056,Victory,HAREKET,1,2522,2820,2546,2536,2834,2379
4.0570,4057,Victory,HAREKET,1,2511,2802,2505,2510,2857,2466
4.0580,4058,Victory,HAREKET,1,2543,2893,2486,2547,2791,2390
4.0590,4059,Victory,HAREKET,1,2490,2739,2467,2534,2822,2369
4.0600,4060,Victory,HAREKET,1,2442,2743,2442,2376,2895,2382
4.0610,4061,Victory,HAREKET,1,2545,2708,2375,2484,2749,2347
4.0620,4062,Victory,HAREKET,1,2551,2730,2337,2375,2872,2459
4.0630,4063,Victory,HAREKET,1,2534,2750,2425,2326,2744,2462
4.0640,4064,Victory,HAREKET,1,2668,2731,2342,2461,2813,2433
4.0650,4065,Victory,HAREKET,1,2622,2793,2294,2462,2638,2487
4.0660,4066,Victory,HAREKET,1,2566,2746,2468,2465,2661,2431
4.0670,4067,Victory,HAREKET,1,2511,2762,2439,2425,2801,2493
4.0680,4068,Victory,HAREKET,1,2643,2838,2354,2464,2785,2478
4.0690,4069,Victory,HAREKET,1,2538,2913,2373,2402,2809,2486
4.0700,4070,Victory,HAREKET,1,2551,2777,2400,2489,2749,2586
4.0710,4071,Victory,HAREKET,1,2394,2795,2459,2558,2883,2575
4.0720,4072,Victory,HAREKET,1,2495,2786,2449,2425,2747,2446
4.0730,4073,Victory,HAREKET,1,2483,2814,2439,2547,2849,2384
4.0740,4074,Victory,HAREKET,1,2435,2676,2390,2423,2793,2383
4.0750,4075,Victory,HAREKET,1,2505,2842,2377,2462,2673,2350
4.0760,4076,Victory,HAREKET,1,2573,2875,2391,2513,2706,2219
4.0770,4077,Victory,HAREKET,1,2503,2717,2351,2501,2696,2370
4.0780,4078,Victory,HAREKET,1,2555,2817,2471,2476,2702,2345
4.0790,4079,Victory,HAREKET,1,2505,2709,2501,2465,2744,2263
4.0800,4080,Victory,HAREKET,1,2579,2738,2385,2467,2879,2461
4.0810,4081,Victory,HAREKET,1,2500,2894,2554,2539,2874,2430
4.0820,4082,Victory,HAREKET,1,2579,2846,2485,2603,2734,2383
4.0830,4083,Victory,HAREKET,1,2500,2830,2485,2527,2742,2458
4.0840,4084,Victory,HAREKET,1,2526,2865,2379,2589,2786,2355
4.0850,4085,Victory,HAREKET,1,2464,2669,2474,2466,2767,2416
4.0860,4086,Victory,HAREKET,1,2521,2811,2490,2441,2800,2507
4.0870,4087,Victory,HAREKET,1,2602,2739,2406,2500,2799,2473
4.0880,4088,Victory,HAREKET,1,2503,2737,2261,2455,2877,2499
4.0890,4089,Victory,HAREKET,1,2569,2905,2350,2528,2725,2452
4.0900,4090,Victory,HAREKET,1,2500,2904,2331,2546,2675,2467
4.0910,4091,Victory,HAREKET,1,2529,2660,2398,2588,2675,2490
4.0920,4092,Victory,HAREKET,1,2650,2700,2484,2391,2742,2490
4.0930,4093,Victory,HAREKET,1,2570,2805,2405,2487,2634,2459
4.0940,4094,Victory,HAREKET,1,2547,2729,2413,2381,2723,2465
4.0950,4095,Victory,HAREKET,1,2498,2831,2480,2489,2707,2434
4.0960,4096,Victory,HAREKET,1,2506,2918,2322,2451,2715,2485
4.0970,4097,Victory,HAREKET,1,2510,2981,2352,2479,2676,2429
4.0980,4098,Victory,HAREKET,1,2534,2888,2534,2495,2810,2476
4.0990,4099,Victory,HAREKET,1,2549,2822,2549,2421,2822,2391
4.1000,4100,Victory,HAREKET,1,2474,2822,2359,2357,2609,2457
4.1010,4101,Victory,HAREKET,1,2442,2840,2326,2470,2810,2350
4.1020,4102,Victory,HAREKET,1,2526,2797,2518,2543,2815,2459
4.1030,4103,Victory,HAREKET,1,2566,2669,2405,2562,2740,2349
4.1040,4104,Victory,HAREKET,1,2544,2789,2481,2537,2754,2467
4.1050,4105,Victory,HAREKET,1,2490,2842,2418,2522,2749,2433
4.1060,4106,Victory,HAREKET,1,2522,2816,2447,2522,2758,2426
4.1070,4107,Victory,HAREKET,1,2573,2762,2488,2465,2779,2386
4.1080,4108,Victory,HAREKET,1,2526,2726,2441,2453,2728,2441
4.1090,4109,Victory,HAREKET,1,2483,2869,2454,2608,2913,2447
4.1100,4110,Victory,HAREKET,1,2511,2877,2466,2653,2753,2562
4.1110,4111,Victory,HAREKET,1,2545,2681,2425,2528,2898,2409
4.1120,4112,Victory,HAREKET,1,2514,2704,2419,2446,2832,2462
4.1130,4113,Victory,HAREKET,1,2623,2721,2480,2432,2804,2362
4.1140,4114,Victory,HAREKET,1,2623,2672,2328,2434,2695,2485
4.1150,4115,Victory,HAREKET,1,2400,2758,2390,2434,2787,2489
4.1160,4116,Victory,HAREKET,1,2547,2773,2315,2518,2740,2389
4.1170,4117,Victory,HAREKET,1,2667,2782,2319,2493,2691,2456
4.1180,4118,Victory,HAREKET,1,2637,2820,2338,2368,2716,2453
4.1190,4119,Victory,HAREKET,1,2651,2843,2291,2442,2698,2467
4.1200,4120,Victory,HAREKET,1,2618,2790,2426,2469,2874,2410
4.1210,4121,Victory,HAREKET,1,2446,2941,2378,2524,2853,2550
4.1220,4122,Victory,HAREKET,1,2487,2693,2485,2430,2728,2487
4.1230,4123,Victory,HAREKET,1,2505,2847,2404,2369,2754,2448
4.1240,4124,Victory,HAREKET,1,2523,2694,2335,2504,2671,2469
4.1250,4125,Victory,HAREKET,1,2506,2751,2377,2493,2705,2401
4.1260,4126,Victory,HAREKET,1,2454,2790,2373,2447,2749,2439
4.1270,4127,Victory,HAREKET,1,2558,2912,2414,2395,2699,2470
4.1280,4128,Victory,HAREKET,1,2480,2803,2452,2479,2659,2498
4.1290,4129,Victory,HAREKET,1,2435,2739,2370,2421,2798,2415
4.1300,4130,Victory,HAREKET,1,2533,2752,2443,2444,2641,2347
4.1310,4131,Victory,HAREKET,1,2549,2894,2418,2492,2735,2340
4.1320,4132,Victory,HAREKET,1,2611,2818,2378,2471,2634,2426
4.1330,4133,Victory,HAREKET,1,2623,2713,2458,2566,2820,2432
4.1340,4134,Victory,HAREKET,1,2562,2891,2348,2458,2727,2491
4.1350,4135,Victory,HAREKET,1,2423,2736,2430,2592,2905,2566
4.1360,4136,Victory,HAREKET,1,2489,2854,2436,2479,2848,2387
4.1370,4137,Victory,HAREKET,1,2508,2724,2590,2591,2800,2488
4.1380,4138,Victory,HAREKET,1,2561,2723,2444,2429,2861,2439
4.1390,4139,Victory,HAREKET,1,2447,2760,2401,2524,2862,2437
4.1400,4140,Victory,HAREKET,1,2600,2686,2403,2469,2846,2458
4.1410,4141,Victory,HAREKET,1,2561,2786,2349,2475,2744,2422
4.1420,4142,Victory,HAREKET,1,2627,2668,2267,2557,2844,2477
4.1430,4143,Victory,HAREKET,1,2622,2665,2399,2470,2681,2520
4.1440,4144,Victory,HAREKET,1,2623,2770,2243,2358,2664,2497
4.1450,4145,Victory,HAREKET,1,2544,2757,2493,2528,2738,2432
4.1460,4146,Victory,HAREKET,1,2598,2870,2413,2456,2687,2546
4.1470,4147,Victory,HAREKET,1,2670,2946,2459,2390,2858,2519
4.1480,4148,Victory,HAREKET,1,2615,2796,2412,2338,2716,2438
4.1490,4149,Victory,HAREKET,1,2533,2902,2423,2390,2653,2479
4.1500,4150,Victory,HAREKET,1,2444,2884,2471,2476,2728,2448
4.1510,4151,Victory,HAREKET,1,2474,2820,2411,2487,2738,2438
4.1520,4152,Victory,HAREKET,1,2415,2641,2475,2423,2741,2355
4.1530,4153,Victory,HAREKET,1,2503,2760,2384,2477,2707,2520
4.1540,4154,Victory,HAREKET,1,2438,2750,2299,2408,2711,2412
4.1550,4155,Victory,HAREKET,1,2634,2589,2407,2531,2748,2357
4.1560,4156,Victory,HAREKET,1,2549,2853,2463,2507,2626,2417
4.1570,4157,Victory,HAREKET,1,2529,2800,2514,2440,2722,2374
4.1580,4158,Victory,HAREKET,1,2561,2700,2352,2484,2619,2525
4.1590,4159,Victory,HAREKET,1,2501,2848,2452,2388,2781,2521
4.1600,4160,Victory,HAREKET,1,2512,2800,2528,2626,2852,2367
4.1610,4161,Victory,HAREKET,1,2562,2806,2447,2606,2710,2561
4.1620,4162,Victory,HAREKET,1,2484,2842,2375,2550,2884,2454
4.1630,4163,Victory,HAREKET,1,2548,2780,2394,2546,2890,2369
4.1640,4164,Victory,HAREKET,1,2526,2702,2542,2463,2714,2401
4.1650,4165,Victory,HAREKET,1,2558,2730,2460,2433,2768,2478
4.1660,4166,Victory,HAREKET,1,2436,2704,2456,2396,2751,2442
4.1670,4167,Victory,HAREKET,1,2588,2669,2374,2497,2749,2504
4.1680,4168,Victory,HAREKET,1,2623,2610,2370,2475,2865,2456
4.1690,4169,Victory,HAREKET,1,2434,2750,2367,2326,2786,2467
4.1700,4170,Victory,HAREKET,1,2604,2769,2331,2422,2758,2412
4.1710,4171,Victory,HAREKET,1,2484,2606,2385,2444,2767,2459
4.1720,4172,Victory,HAREKET,1,2650,2683,2440,2437,2705,2433
4.1730,4173,Victory,HAREKET,1,2551,2696,2458,2507,2719,2489
4.1740,4174,Victory,HAREKET,1,2448,2832,2359,2429,2779,2426
4.1750,4175,Victory,HAREKET,1,2512,2809,2441,2453,2806,2464
4.1760,4176,Victory,HAREKET,1,2446,2878,2410,2514,2753,2407
4.1770,4177,Victory,HAREKET,1,2499,2835,2413,2430,2773,2454
4.1780,4178,Victory,HAREKET,1,2369,2760,2425,2446,2734,2458
4.1790,4179,Victory,HAREKET,1,2505,2676,2417,2510,2758,2412
4.1800,4180,Victory,HAREKET,1,2502,2823,2429,2531,2722,2388
4.1810,4181,Victory,HAREKET,1,2461,2821,2389,2493,2762,2459
4.1820,4182,Victory,HAREKET,1,2464,2799,2498,2506,2747,2330
4.1830,4183,Victory,HAREKET,1,2583,2739,2396,2388,2729,2386
4.1840,4184,Victory,HAREKET,1,2513,2852,2522,2475,2788,2435
4.1850,4185,Victory,HAREKET,1,2502,2791,2483,2416,2816,2446
4.1860,4186,Victory,HAREKET,1,2527,2752,2491,2500,2816,2479
4.1870,4187,Victory,HAREKET,1,2498,2702,2452,2520,2792,2441
4.1880,4188,Victory,HAREKET,1,2510,2719,2421,2545,2848,2450
4.1890,4189,Victory,HAREKET,1,2688,2787,2490,2427,2765,2512
4.1900,4190,Victory,HAREKET,1,2476,2736,2509,2527,2866,2556
4.1910,4191,Victory,HAREKET,1,2459,2712,2516,2523,2710,2467
4.1920,4192,Victory,HAREKET,1,2659,2689,2370,2493,2763,2493
4.1930,4193,Victory,HAREKET,1,2528,2687,2342,2474,2898,2488
4.1940,4194,Victory,HAREKET,1,2569,2845,2396,2524,2760,2374
4.1950,4195,Victory,HAREKET,1,2446,2782,2485,2419,2704,2450
4.1960,4196,Victory,HAREKET,1,2569,2858,2335,2537,2672,2477
4.1970,4197,Victory,HAREKET,1,2514,2846,2387,2309,2795,2517
4.1980,4198,Victory,HAREKET,1,2570,2764,2371,2402,2758,2468
4.1990,4199,Victory,HAREKET,1,2512,2846,2371,2403,2735,2465
4.2000,4200,Victory,HAREKET,1,2615,2813,2328,2420,2755,2579
4.2010,4201,Victory,HAREKET,1,2541,2902,2365,2455,2699,2495
4.2020,4202,Victory,HAREKET,1,2439,2669,2391,2537,2768,2524
4.2030,4203,Victory,HAREKET,1,2501,2828,2448,2435,2824,2520
4.2040,4204,Victory,HAREKET,1,2445,2846,2414,2628,2683,2416
4.2050,4205,Victory,HAREKET,1,2468,2832,2394,2392,2694,2495
4.2060,4206,Victory,HAREKET,1,2480,2803,2403,2435,2683,2436
4.2070,4207,Victory,HAREKET,1,2342,2838,2445,2444,2754,2460
4.2080,4208,Victory,HAREKET,1,2485,2830,2460,2443,2685,2393
4.2090,4209,Victory,HAREKET,1,2425,2858,2487,2499,2771,2393
4.2100,4210,Victory,HAREKET,1,2587,2700,2463,2659,2705,2365
4.2110,4211,Victory,HAREKET,1,2518,2836,2435,2493,2698,2399
4.2120,4212,Victory,HAREKET,1,2468,2783,2450,2462,2641,2472
4.2130,4213,Victory,HAREKET,1,2447,2820,2320,2525,2842,2395
4.2140,4214,Victory,HAREKET,1,2534,2743,2404,2517,2780,2474
4.2150,4215,Victory,HAREKET,1,2570,2666,2494,2476,2913,2445
4.2160,4216,Victory,HAREKET,1,2474,2711,2522,2514,2907,2445
4.2170,4217,Victory,HAREKET,1,2483,2712,2368,2555,2859,2419
4.2180,4218,Victory,HAREKET,1,2410,2683,2458,2493,2826,2472
4.2190,4219,Victory,HAREKET,1,2545,2640,2440,2470,2933,2328
4.2200,4220,Victory,HAREKET,1,2600,2668,2458,2578,2849,2559
4.2210,4221,Victory,HAREKET,1,2597,2813,2416,2447,2783,2394
4.2220,4222,Victory,HAREKET,1,2485,2719,2406,2451,2864,2477
4.2230,4223,Victory,HAREKET,1,2478,2672,2337,2406,2834,2501
4.2240,4224,Victory,HAREKET,1,2518,2724,2428,2372,2684,2482
4.2250,4225,Victory,HAREKET,1,2584,2748,2376,2489,2748,2535
4.2260,4226,Victory,HAREKET,1,2511,2892,2452,2427,2849,2525
4.2270,4227,Victory,HAREKET,1,2574,2796,2382,2511,2795,2467
4.2280,4228,Victory,HAREKET,1,2448,2912,2393,2456,2708,2430
4.2290,4229,Victory,HAREKET,1,2491,2906,2486,2529,2689,2511
4.2300,4230,Victory,HAREKET,1,2554,2747,2347,2461,2788,2448
4.2310,4231,Victory,HAREKET,1,2388,2735,2379,2439,2902,2533
4.2320,4232,Victory,HAREKET,1,2408,2782,2408,2542,2724,2415
4.2330,4233,Victory,HAREKET,1,2526,2922,2411,2451,2796,2487
4.2340,4234,Victory,HAREKET,1,2560,2817,2368,2410,2777,2493
4.2350,4235,Victory,HAREKET,1,2526,2794,2398,2449,2836,2438
4.2360,4236,Victory,HAREKET,1,2609,2807,2439,2521,2806,2391
4.2370,4237,Victory,HAREKET,1,2470,2776,2378,2497,2873,2413
4.2380,4238,Victory,HAREKET,1,2418,2960,2404,2461,2850,2571
4.2390,4239,Victory,HAREKET,1,2517,2705,2446,2624,2704,2495
4.2400,4240,Victory,HAREKET,1,2435,2794,2581,2483,2991,2372
4.2410,4241,Victory,HAREKET,1,2528,2696,2413,2502,2818,2397
4.2420,4242,Victory,HAREKET,1,2617,2657,2469,2515,2769,2424
4.2430,4243,Victory,HAREKET,1,2589,2811,2453,2588,2846,2494
4.2440,4244,Victory,HAREKET,1,2531,2693,2490,2540,2730,2460
4.2450,4245,Victory,HAREKET,1,2461,2638,2399,2472,2790,2490
4.2460,4246,Victory,HAREKET,1,2521,2712,2448,2408,2742,2426
4.2470,4247,Victory,HAREKET,1,2621,2672,2439,2447,2878,2433
4.2480,4248,Victory,HAREKET,1,2614,2691,2454,2321,2852,2605
4.2490,4249,Victory,HAREKET,1,2576,2834,2423,2368,2695,2462
4.2500,4250,Victory,HAREKET,1,2558,2730,2374,2417,2643,2477
4.2510,4251,Victory,HAREKET,1,2543,2820,2385,2456,2764,2434
4.2520,4252,Victory,HAREKET,1,2562,2744,2427,2544,2792,2492
4.2530,4253,Victory,HAREKET,1,2491,2815,2530,2536,2831,2463
4.2540,4254,Victory,HAREKET,1,2474,2868,2475,2498,2876,2513
4.2550,4255,Victory,HAREKET,1,2505,2819,2408,2461,2673,2469
4.2560,4256,Victory,HAREKET,1,2429,2763,2366,2478,2722,2441
4.2570,4257,Victory,HAREKET,1,2455,2887,2381,2413,2879,2404
4.2580,4258,Victory,HAREKET,1,2389,2751,2456,2536,2639,2405
4.2590,4259,Victory,HAREKET,1,2452,2761,2457,2381,2761,2381
4.2600,4260,Victory,HAREKET,1,2612,2781,2467,2400,2786,2456
4.2610,4261,Victory,HAREKET,1,2454,2665,2437,2512,2683,2368
4.2620,4262,Victory,HAREKET,1,2602,2672,2440,2516,2608,2425
4.2630,4263,Victory,HAREKET,1,2416,2902,2379,2441,2774,2415
4.2640,4264,Victory,HAREKET,1,2565,2772,2397,2452,2886,2376
4.2650,4265,Victory,HAREKET,1,2447,2819,2352,2460,2901,2487
4.2660,4266,Victory,HAREKET,1,2572,2871,2489,2572,3009,2498
4.2670,4267,Victory,HAREKET,1,2482,2705,2467,2543,2874,2456
4.2680,4268,Victory,HAREKET,1,2524,2756,2467,2468,2909,2431
4.2690,4269,Victory,HAREKET,1,2401,2689,2452,2521,2862,2478
4.2700,4270,Victory,HAREKET,1,2495,2785,2457,2609,3006,2451
4.2710,4271,Victory,HAREKET,1,2462,2873,2394,2592,2729,2477
4.2720,4272,Victory,HAREKET,1,2589,2721,2380,2413,2809,2442
4.2730,4273,Victory,HAREKET,1,2498,2750,2402,2382,2871,2459
4.2740,4274,Victory,HAREKET,1,2628,2681,2361,2453,2816,2439
4.2750,4275,Victory,HAREKET,1,2470,2636,2421,2430,2792,2493
4.2760,4276,Victory,HAREKET,1,2569,2724,2294,2477,2707,2477
4.2770,4277,Victory,HAREKET,1,2501,2682,2497,2403,2817,2402
4.2780,4278,Victory,HAREKET,1,2574,2907,2399,2502,2744,2580
4.2790,4279,Victory,HAREKET,1,2492,2766,2376,2369,2709,2470
4.2800,4280,Victory,HAREKET,1,2425,2900,2430,2436,2932,2469
4.2810,4281,Victory,HAREKET,1,2453,2841,2406,2417,2913,2457
4.2820,4282,Victory,HAREKET,1,2372,2825,2431,2496,2773,2454
4.2830,4283,Victory,HAREKET,1,2433,2789,2451,2325,2852,2428
4.2840,4284,Victory,HAREKET,1,2315,2797,2427,2582,2720,2467
4.2850,4285,Victory,HAREKET,1,2432,2736,2388,2541,2690,2464
4.2860,4286,Victory,HAREKET,1,2402,2742,2485,2469,2841,2397
4.2870,4287,Victory,HAREKET,1,2448,2722,2502,2435,2952,2288
4.2880,4288,Victory,HAREKET,1,2481,2760,2355,2412,2763,2480
4.2890,4289,Victory,HAREKET,1,2500,2793,2427,2446,2831,2441
4.2900,4290,Victory,HAREKET,1,2387,2699,2422,2461,2759,2417
4.2910,4291,Victory,HAREKET,1,2532,2804,2461,2493,2894,2388
4.2920,4292,Victory,HAREKET,1,2502,2709,2382,2612,2933,2455
4.2930,4293,Victory,HAREKET,1,2476,2935,2351,2462,2939,2412
4.2940,4294,Victory,HAREKET,1,2522,2793,2356,2540,2759,2406
4.2950,4295,Victory,HAREKET,1,2546,2747,2453,2538,2927,2485
4.2960,4296,Victory,HAREKET,1,2518,2854,2367,2462,2696,2513
4.2970,4297,Victory,HAREKET,1,2536,2786,2460,2408,2960,2455
4.2980,4298,Victory,HAREKET,1,2621,2719,2492,2506,2811,2337
4.2990,4299,Victory,HAREKET,1,2475,2709,2387,2531,2801,2458
4.3000,4300,Victory,HAREKET,1,2501,2693,2444,2426,2858,2405
4.3010,4301,Victory,HAREKET,1,2427,2745,2406,2363,2883,2333
4.3020,4302,Victory,HAREKET,1,2566,2823,2467,2363,2732,2521
4.3030,4303,Victory,HAREKET,1,2417,2696,2393,2469,2766,2468
4.3040,4304,Victory,HAREKET,1,2612,2812,2353,2448,2804,2553
4.3050,4305,Victory,HAREKET,1,2545,2815,2443,2542,2838,2556
4.3060,4306,Victory,HAREKET,1,2363,2752,2360,2401,2805,2388
4.3070,4307,Victory,HAREKET,1,2460,2663,2414,2355,2741,2530
4.3080,4308,Victory,HAREKET,1,2412,2718,2436,2410,2763,2376
4.3090,4309,Victory,HAREKET,1,2414,2818,2373,2374,2839,2454
4.3100,4310,Victory,HAREKET,1,2367,2811,2393,2456,2828,2471
4.3110,4311,Victory,HAREKET,1,2460,2810,2442,2389,2762,2475
4.3120,4312,Victory,HAREKET,1,2407,2867,2415,2510,2754,2556
4.3130,4313,Victory,HAREKET,1,2519,2746,2422,2524,2746,2353
4.3140,4314,Victory,HAREKET,1,2509,2665,2412,2403,2581,2371
4.3150,4315,Victory,HAREKET,1,2461,2811,2392,2490,2737,2379
4.3160,4316,Victory,HAREKET,1,2525,2861,2458,2460,2834,2422
4.3170,4317,Victory,HAREKET,1,2419,2775,2516,2512,2886,2356
4.3180,4318,Victory,HAREKET,1,2562,2864,2559,2493,2780,2422
4.3190,4319,Victory,HAREKET,1,2568,2834,2440,2449,2797,2483
4.3200,4320,Victory,HAREKET,1,2478,2764,2457,2436,2850,2495
4.3210,4321,Victory,HAREKET,1,2514,2838,2478,2386,2964,2491
4.3220,4322,Victory,HAREKET,1,2416,2787,2498,2522,2871,2438
4.3230,4323,Victory,HAREKET,1,2489,2761,2337,2434,2913,2424
4.3240,4324,Victory,HAREKET,1,2448,2530,2374,2583,2754,2513
4.3250,4325,Victory,HAREKET,1,2545,2666,2303,2552,2721,2404
4.3260,4326,Victory,HAREKET,1,2538,2670,2470,2393,2749,2566
4.3270,4327,Victory,HAREKET,1,2502,2793,2355,2365,2883,2413
4.3280,4328,Victory,HAREKET,1,2467,2695,2418,2280,2730,2423
4.3290,4329,Victory,HAREKET,1,2480,2822,2203,2326,2857,2522
4.3300,4330,Victory,HAREKET,1,2488,2715,2389,2414,2771,2407
4.3310,4331,Victory,HAREKET,1,2581,2742,2313,2439,2792,2554
4.3320,4332,Victory,HAREKET,1,2506,2838,2326,2468,2790,2451
4.3330,4333,Victory,HAREKET,1,2371,2870,2399,2384,2852,2469
4.3340,4334,Victory,HAREKET,1,2402,2824,2492,2425,2738,2493
4.3350,4335,Victory,HAREKET,1,2517,2888,2398,2471,2828,2413
4.3360,4336,Victory,HAREKET,1,2510,2818,2334,2459,2866,2424
4.3370,4337,Victory,HAREKET,1,2437,2766,2366,2362,2734,2396
4.3380,4338,Victory,HAREKET,1,2470,2744,2413,2383,2856,2338
4.3390,4339,Victory,HAREKET,1,2400,2814,2331,2534,2718,2478
4.3400,4340,Victory,HAREKET,1,2471,2829,2285,2437,2749,2397
4.3410,4341,Victory,HAREKET,1,2508,2899,2383,2348,2607,2352
4.3420,4342,Victory,HAREKET,1,2487,2838,2377,2357,2702,2341
4.3430,4343,Victory,HAREKET,1,2486,2924,2363,2423,2813,2402
4.3440,4344,Victory,HAREKET,1,2451,2700,2572,2484,2749,2371
4.3450,4345,Victory,HAREKET,1,2516,2813,2414,2472,2873,2437
4.3460,4346,Victory,HAREKET,1,2488,2787,2487,2466,2829,2383
4.3470,4347,Victory,HAREKET,1,2425,2862,2411,2553,2796,2381
4.3480,4348,Victory,HAREKET,1,2563,2785,2397,2485,2959,2404
4.3490,4349,Victory,HAREKET,1,2492,2708,2432,2522,2718,2445
4.3500,4350,Victory,HAREKET,1,2555,2605,2292,2441,3017,2484
4.3510,4351,Victory,HAREKET,1,2580,2742,2434,2351,2743,2308
4.3520,4352,Victory,HAREKET,1,2531,2795,2375,2313,2901,2468
4.3530,4353,Victory,HAREKET,1,2579,2814,2364,2453,2874,2447
4.3540,4354,Victory,HAREKET,1,2430,2681,2416,2425,2743,2380
4.3550,4355,Victory,HAREKET,1,2563,2704,2310,2315,2826,2523
4.3560,4356,Victory,HAREKET,1,2473,2906,2418,2453,2804,2422
4.3570,4357,Victory,HAREKET,1,2563,2748,2367,2430,2919,2492
4.3580,4358,Victory,HAREKET,1,2549,2785,2428,2482,2771,2509
4.3590,4359,Victory,HAREKET,1,2514,2853,2404,2429,2778,2431
4.3600,4360,Victory,HAREKET,1,2420,2696,2373,2492,2926,2486
4.3610,4361,Victory,HAREKET,1,2462,2821,2448,2378,2791,2418
4.3620,4362,Victory,HAREKET,1,2448,2734,2322,2324,2749,2453
4.3630,4363,Victory,HAREKET,1,2395,2890,2416,2406,2811,2346
4.3640,4364,Victory,HAREKET,1,2488,2898,2477,2390,2786,2365
4.3650,4365,Victory,HAREKET,1,2492,2861,2470,2455,2679,2449
4.3660,4366,Victory,HAREKET,1,2400,2848,2384,2480,2795,2474
4.3670,4367,Victory,HAREKET,1,2398,2913,2367,2404,2703,2333
4.3680,4368,Victory,HAREKET,1,2477,2722,2424,2413,2824,2358
4.3690,4369,Victory,HAREKET,1,2469,2879,2488,2604,2825,2472
4.3700,4370,Victory,HAREKET,1,2480,2724,2468,2461,2886,2439
4.3710,4371,Victory,HAREKET,1,2551,2747,2403,2434,2851,2317
4.3720,4372,Victory,HAREKET,1,2542,2801,2466,2571,2874,2402
4.3730,4373,Victory,HAREKET,1,2505,2735,2357,2483,2925,2386
4.3740,4374,Victory,HAREKET,1,2507,2618,2450,2523,2827,2450
4.3750,4375,Victory,HAREKET,1,2571,2697,2466,2488,2854,2376
4.3760,4376,Victory,HAREKET,1,2475,2554,2439,2482,2824,2441
4.3770,4377,Victory,HAREKET,1,2525,2748,2407,2390,2692,2456
4.3780,4378,Victory,HAREKET,1,2457,2695,2347,2502,2870,2431
4.3790,4379,Victory,HAREKET,1,2552,2695,2361,2437,2838,2434
4.3800,4380,Victory,HAREKET,1,2541,2638,2357,2417,2765,2482
4.3810,4381,Victory,HAREKET,1,2544,2693,2367,2439,2784,2496
4.3820,4382,Victory,HAREKET,1,2489,2679,2376,2347,2642,2386
4.3830,4383,Victory,HAREKET,1,2514,2820,2362,2435,2821,2475
4.3840,4384,Victory,HAREKET,1,2487,2800,2453,2462,2735,2510
4.3850,4385,Victory,HAREKET,1,2450,2812,2302,2492,2869,2499
4.3860,4386,Victory,HAREKET,1,2520,2908,2410,2416,2825,2437
4.3870,4387,Victory,HAREKET,1,2472,2838,2291,2499,2686,2382
4.3880,4388,Victory,HAREKET,1,2284,2798,2463,2450,2883,2430
4.3890,4389,Victory,HAREKET,1,2366,2787,2452,2459,2771,2384
4.3900,4390,Victory,HAREKET,1,2407,2751,2389,2540,2764,2398
4.3910,4391,Victory,HAREKET,1,2430,2831,2360,2417,2718,2330
4.3920,4392,Victory,HAREKET,1,2419,2729,2411,2475,2870,2355
4.3930,4393,Victory,HAREKET,1,2490,2795,2418,2473,2728,2331
4.3940,4394,Victory,HAREKET,1,2388,2728,2345,2524,2754,2453
4.3950,4395,Victory,HAREKET,1,2411,2880,2410,2422,2739,2351
4.3960,4396,Victory,HAREKET,1,2380,2834,2480,2487,2894,2404
4.3970,4397,Victory,HAREKET,1,2440,2837,2408,2493,2767,2390
4.3980,4398,Victory,HAREKET,1,2451,2876,2454,2393,2855,2363
4.3990,4399,Victory,HAREKET,1,2481,2819,2443,2445,2823,2372
4.4000,4400,Victory,HAREKET,1,2438,2857,2367,2439,2733,2364
4.4010,4401,Victory,HAREKET,1,2503,2753,2365,2483,2832,2403
4.4020,4402,Victory,HAREKET,1,2417,2802,2410,2359,2833,2394
4.4030,4403,Victory,HAREKET,1,2457,2625,2212,2513,2792,2388
4.4040,4404,Victory,HAREKET,1,2491,2790,2297,2449,2950,2452
4.4050,4405,Victory,HAREKET,1,2435,2684,2391,2428,2797,2396
4.4060,4406,Victory,HAREKET,1,2534,2753,2321,2334,2798,2396
4.4070,4407,Victory,HAREKET,1,2497,2846,2362,2432,2705,2467
4.4080,4408,Victory,HAREKET,1,2620,2845,2322,2479,2748,2396
4.4090,4409,Victory,HAREKET,1,2470,2681,2369,2402,2757,2442
4.4100,4410,Victory,HAREKET,1,2450,2896,2397,2457,2913,2523
4.4110,4411,Victory,HAREKET,1,2561,2924,2352,2455,2819,2411
4.4120,4412,Victory,HAREKET,1,2511,2831,2379,2394,2843,2491
4.4130,4413,Victory,HAREKET,1,2379,2821,2428,2319,2715,2331
4.4140,4414,Victory,HAREKET,1,2540,2729,2466,2421,2902,2426
4.4150,4415,Victory,HAREKET,1,2359,2932,2426,2435,2770,2405
4.4160,4416,Victory,HAREKET,1,2365,2728,2406,2438,2664,2287
4.4170,4417,Victory,HAREKET,1,2413,2881,2312,2380,2799,2400
4.4180,4418,Victory,HAREKET,1,2498,2841,2375,2360,2749,2393
4.4190,4419,Victory,HAREKET,1,2476,2754,2375,2481,2719,2404
4.4200,4420,Victory,HAREKET,1,2468,2906,2372,2408,2710,2220
4.4210,4421,Victory,HAREKET,1,2464,2841,2382,2472,2764,2354
4.4220,4422,Victory,HAREKET,1,2479,2758,2429,2405,2794,2326
4.4230,4423,Victory,HAREKET,1,2489,2893,2410,2500,2719,2515
4.4240,4424,Victory,HAREKET,1,2535,2813,2411,2565,2830,2417
4.4250,4425,Victory,HAREKET,1,2367,2750,2314,2398,2883,2463
4.4260,4426,Victory,HAREKET,1,2526,2925,2409,2505,2880,2436
4.4270,4427,Victory,HAREKET,1,2539,2817,2398,2436,2857,2467
4.4280,4428,Victory,HAREKET,1,2513,2846,2393,2486,2887,2374
4.4290,4429,Victory,HAREKET,1,2580,2711,2398,2481,2985,2427
4.4300,4430,Victory,HAREKET,1,2516,2861,2363,2395,2958,2415
4.4310,4431,Victory,HAREKET,1,2457,2723,2433,2398,2809,2421
4.4320,4432,Victory,HAREKET,1,2568,2884,2306,2428,2825,2442
4.4330,4433,Victory,HAREKET,1,2469,2696,2383,2349,2703,2453
4.4340,4434,Victory,HAREKET,1,2520,2865,2348,2414,2847,2479
4.4350,4435,Victory,HAREKET,1,2525,2741,2328,2337,2795,2371
4.4360,4436,Victory,HAREKET,1,2484,2840,2413,2384,2770,2480
4.4370,4437,Victory,HAREKET,1,2455,2915,2368,2463,2713,2493
4.4380,4438,Victory,HAREKET,1,2502,2781,2358,2308,2815,2455
4.4390,4439,Victory,HAREKET,1,2406,2762,2401,2435,2789,2446
4.4400,4440,Victory,HAREKET,1,2371,2890,2317,2468,2703,2417
4.4410,4441,Victory,HAREKET,1,2527,2898,2435,2396,2764,2451
4.4420,4442,Victory,HAREKET,1,2395,2870,2452,2319,2787,2447
4.4430,4443,Victory,HAREKET,1,2368,2777,2388,2453,2667,2410
4.4440,4444,Victory,HAREKET,1,2496,2886,2344,2459,2603,2453
4.4450,4445,Victory,HAREKET,1,2458,2819,2420,2341,2847,2339
4.4460,4446,Victory,HAREKET,1,2409,2886,2325,2335,2747,2310
4.4470,4447,Victory,HAREKET,1,2472,2885,2371,2543,2801,2391
4.4480,4448,Victory,HAREKET,1,2437,2772,2462,2376,2733,2363
4.4490,4449,Victory,HAREKET,1,2463,2831,2316,2435,2989,2418
4.4500,4450,Victory,HAREKET,1,2425,2801,2393,2447,2775,2282
4.4510,4451,Victory,HAREKET,1,2541,2930,2456,2401,2874,2471
4.4520,4452,Victory,HAREKET,1,2557,2750,2424,2497,2948,2419
4.4530,4453,Victory,HAREKET,1,2521,2831,2412,2467,2884,2270
4.4540,4454,Victory,HAREKET,1,2458,2701,2356,2402,2941,2409
4.4550,4455,Victory,HAREKET,1,2493,2715,2373,2424,2736,2442
4.4560,4456,Victory,HAREKET,1,2427,2729,2309,2361,2915,2419
4.4570,4457,Victory,HAREKET,1,2434,2699,2357,2376,2732,2434
4.4580,4458,Victory,HAREKET,1,2609,2846,2270,2295,2687,2407
4.4590,4459,Victory,HAREKET,1,2361,2847,2313,2383,2759,2401
4.4600,4460,Victory,HAREKET,1,2573,2801,2392,2381,2648,2365
4.4610,4461,Victory,HAREKET,1,2508,2622,2328,2268,2741,2431
4.4620,4462,Victory,HAREKET,1,2456,2850,2276,2429,2955,2364
4.4630,4463,Victory,HAREKET,1,2494,2832,2316,2521,2783,2439
4.4640,4464,Victory,HAREKET,1,2374,2769,2364,2441,2718,2479
4.4650,4465,Victory,HAREKET,1,2513,2959,2349,2395,2711,2442
4.4660,4466,Victory,HAREKET,1,2329,2819,2402,2430,2840,2359
4.4670,4467,Victory,HAREKET,1,2461,2909,2398,2488,2789,2358
4.4680,4468,Victory,HAREKET,1,2465,2953,2380,2436,2849,2374
4.4690,4469,Victory,HAREKET,1,2457,2904,2390,2386,2763,2466
4.4700,4470,Victory,HAREKET,1,2442,2874,2458,2528,2714,2291
4.4710,4471,Victory,HAREKET,1,2456,2921,2426,2364,2877,2321
4.4720,4472,Victory,HAREKET,1,2438,2857,2318,2364,2733,2364
4.4730,4473,Victory,HAREKET,1,2424,2977,2410,2434,2801,2408
4.4740,4474,Victory,HAREKET,1,2597,2949,2274,2483,2867,2410
4.4750,4475,Victory,HAREKET,1,2414,2851,2353,2470,2778,2296
4.4760,4476,Victory,HAREKET,1,2563,2903,2431,2382,2785,2396
4.4770,4477,Victory,HAREKET,1,2514,2800,2359,2441,2828,2369
4.4780,4478,Victory,HAREKET,1,2437,2761,2372,2427,2790,2471
4.4790,4479,Victory,HAREKET,1,2500,2819,2426,2415,2817,2360
4.4800,4480,Victory,HAREKET,1,2346,2887,2381,2438,2915,2414
4.4810,4481,Victory,HAREKET,1,2398,2717,2265,2345,2882,2506
4.4820,4482,Victory,HAREKET,1,2374,2721,2444,2456,2921,2400
4.4830,4483,Victory,HAREKET,1,2603,2677,2395,2419,2753,2489
4.4840,4484,Victory,HAREKET,1,2507,2873,2268,2399,2779,2420
4.4850,4485,Victory,HAREKET,1,2605,2856,2391,2421,2799,2420
4.4860,4486,Victory,HAREKET,1,2490,2679,2274,2330,2837,2359
4.4870,4487,Victory,HAREKET,1,2524,2760,2322,2299,2786,2429
4.4880,4488,Victory,HAREKET,1,2472,2827,2314,2502,2675,2468
4.4890,4489,Victory,HAREKET,1,2452,2828,2386,2425,2823,2426
4.4900,4490,Victory,HAREKET,1,2537,2804,2383,2477,2876,2436
4.4910,4491,Victory,HAREKET,1,2418,2923,2288,2551,2809,2489
4.4920,4492,Victory,HAREKET,1,2424,2896,2480,2465,2685,2443
4.4930,4493,Victory,HAREKET,1,2372,2838,2464,2306,2810,2383
4.4940,4494,Victory,HAREKET,1,2510,2928,2320,2419,2753,2337
4.4950,4495,Victory,HAREKET,1,2384,2930,2386,2375,2811,2439
4.4960,4496,Victory,HAREKET,1,2485,2823,2351,2515,2762,2414
4.4970,4497,Victory,HAREKET,1,2364,2845,2479,2412,2762,2318
4.4980,4498,Victory,HAREKET,1,2492,2729,2430,2487,2741,2327
4.4990,4499,Victory,HAREKET,1,2395,2898,2354,2432,2873,2293
4.5000,4500,Victory,HAREKET,1,2417,2832,2359,2493,2806,2347
4.5010,4501,Victory,HAREKET,1,2493,2898,2312,2441,2827,2396
4.5020,4502,Victory,HAREKET,1,2478,2881,2410,2458,2855,2288
4.5030,4503,Victory,HAREKET,1,2492,2728,2408,2490,2851,2322
4.5040,4504,Victory,HAREKET,1,2496,2873,2403,2499,2881,2259
4.5050,4505,Victory,HAREKET,1,2514,2774,2325,2578,2818,2338
4.5060,4506,Victory,HAREKET,1,2445,2744,2322,2469,2846,2373
4.5070,4507,Victory,HAREKET,1,2495,2838,2309,2425,2812,2385
4.5080,4508,Victory,HAREKET,1,2452,2744,2406,2469,2895,2433
4.5090,4509,Victory,HAREKET,1,2442,2749,2231,2451,2828,2372
4.5100,4510,Victory,HAREKET,1,2525,2790,2292,2491,2843,2427
4.5110,4511,Victory,HAREKET,1,2659,2781,2322,2335,2768,2406
4.5120,4512,Victory,HAREKET,1,2570,2668,2329,2380,2796,2432
4.5130,4513,Victory,HAREKET,1,2503,2687,2413,2328,2723,2421
4.5140,4514,Victory,HAREKET,1,2516,2711,2400,2391,2752,2380
4.5150,4515,Victory,HAREKET,1,2509,2803,2305,2393,2795,2447
4.5160,4516,Victory,HAREKET,1,2445,2772,2367,2393,2739,2403
4.5170,4517,Victory,HAREKET,1,2579,2865,2362,2491,2799,2425
4.5180,4518,Victory,HAREKET,1,2428,2797,2356,2308,2894,2453
4.5190,4519,Victory,HAREKET,1,2538,2755,2357,2420,2701,2450
4.5200,4520,Victory,HAREKET,1,2407,2815,2361,2347,2765,2398
4.5210,4521,Victory,HAREKET,1,2388,2833,2455,2495,2758,2350
4.5220,4522,Victory,HAREKET,1,2324,2847,2309,2471,2815,2497
4.5230,4523,Victory,HAREKET,1,2348,2854,2399,2340,2790,2404
4.5240,4524,Victory,HAREKET,1,2411,2922,2358,2438,2654,2309
4.5250,4525,Victory,HAREKET,1,2584,2694,2360,2503,2758,2347
4.5260,4526,Victory,HAREKET,1,2475,2749,2456,2395,2751,2373
4.5270,4527,Victory,HAREKET,1,2464,2936,2318,2499,2709,2446
4.5280,4528,Victory,HAREKET,1,2417,2982,2406,2538,2911,2444
4.5290,4529,Victory,HAREKET,1,2476,2843,2359,2637,2879,2355
4.5300,4530,Victory,HAREKET,1,2451,2833,2347,2482,2931,2374
4.5310,4531,Victory,HAREKET,1,2448,2763,2429,2468,2808,2271
4.5320,4532,Victory,HAREKET,1,2452,2832,2428,2459,2795,2391
4.5330,4533,Victory,HAREKET,1,2510,2840,2480,2396,2819,2378
4.5340,4534,Victory,HAREKET,1,2486,2746,2334,2409,2919,2360
4.5350,4535,Victory,HAREKET,1,2518,2673,2322,2327,2688,2348
4.5360,4536,Victory,HAREKET,1,2506,2744,2359,2399,2863,2485
4.5370,4537,Victory,HAREKET,1,2440,2615,2386,2332,2708,2360
4.5380,4538,Victory,HAREKET,1,2554,2737,2259,2235,2842,2401
4.5390,4539,Victory,HAREKET,1,2514,2724,2240,2392,2676,2399
4.5400,4540,Victory,HAREKET,1,2557,2752,2316,2480,2787,2414
4.5410,4541,Victory,HAREKET,1,2490,2852,2407,2490,2806,2366
4.5420,4542,Victory,HAREKET,1,2549,2973,2383,2335,2813,2341
4.5430,4543,Victory,HAREKET,1,2552,2815,2402,2400,2717,2499
4.5440,4544,Victory,HAREKET,1,2423,2957,2378,2319,2854,2492
4.5450,4545,Victory,HAREKET,1,2465,2877,2362,2307,2802,2446
4.5460,4546,Victory,HAREKET,1,2386,2889,2304,2388,2700,2437
4.5470,4547,Victory,HAREKET,1,2441,2685,2364,2334,2788,2477
4.5480,4548,Victory,HAREKET,1,2526,2780,2410,2403,2796,2330
4.5490,4549,Victory,HAREKET,1,2488,2862,2341,2432,2774,2318
4.5500,4550,Victory,HAREKET,1,2537,2641,2447,2418,2726,2290
4.5510,4551,Victory,HAREKET,1,2492,2928,2375,2379,2746,2226
4.5520,4552,Victory,HAREKET,1,2433,2970,2391,2495,2701,2347
4.5530,4553,Victory,HAREKET,1,2521,2859,2346,2480,2808,2467
4.5540,4554,Victory,HAREKET,1,2522,2800,2345,2447,2727,2358
4.5550,4555,Victory,HAREKET,1,2569,2926,2460,2408,2795,2377
4.5560,4556,Victory,HAREKET,1,2554,2760,2395,2344,2769,2414
4.5570,4557,Victory,HAREKET,1,2459,2822,2483,2471,2851,2441
4.5580,4558,Victory,HAREKET,1,2456,2670,2421,2395,2759,2511
4.5590,4559,Victory,HAREKET,1,2390,2725,2440,2454,2775,2430
4.5600,4560,Victory,HAREKET,1,2485,2758,2378,2414,2746,2402
4.5610,4561,Victory,HAREKET,1,2509,2694,2401,2359,2854,2453
4.5620,4562,Victory,HAREKET,1,2537,2643,2325,2304,2745,2367
4.5630,4563,Victory,HAREKET,1,2669,2745,2388,2386,2840,2289
4.5640,4564,Victory,HAREKET,1,2549,2822,2304,2402,2709,2329
4.5650,4565,Victory,HAREKET,1,2562,2854,2418,2434,2827,2446
4.5660,4566,Victory,HAREKET,1,2518,2822,2383,2385,2736,2508
4.5670,4567,Victory,HAREKET,1,2545,2857,2306,2472,2754,2439
4.5680,4568,Victory,HAREKET,1,2556,2907,2324,2324,2826,2500
4.5690,4569,Victory,HAREKET,1,2500,2897,2501,2421,2877,2433
4.5700,4570,Victory,HAREKET,1,2492,2884,2399,2470,2772,2364
4.5710,4571,Victory,HAREKET,1,2529,2919,2372,2508,2804,2414
4.5720,4572,Victory,HAREKET,1,2434,2759,2397,2442,2725,2353
4.5730,4573,Victory,HAREKET,1,2492,2824,2403,2428,2630,2342
4.5740,4574,Victory,HAREKET,1,2475,2970,2453,2363,2644,2319
4.5750,4575,Victory,HAREKET,1,2452,2834,2401,2433,2780,2355
4.5760,4576,Victory,HAREKET,1,2478,2943,2408,2344,2689,2369
4.5770,4577,Victory,HAREKET,1,2483,2885,2390,2465,2707,2313
4.5780,4578,Victory,HAREKET,1,2479,2742,2321,2388,2749,2392
4.5790,4579,Victory,HAREKET,1,2472,2971,2330,2366,2782,2350
4.5800,4580,Victory,HAREKET,1,2556,2937,2415,2463,2778,2371
4.5810,4581,Victory,HAREKET,1,2520,2957,2450,2448,2759,2292
4.5820,4582,Victory,HAREKET,1,2487,2866,2307,2493,2799,2368
4.5830,4583,Victory,HAREKET,1,2487,2831,2286,2490,2909,2379
4.5840,4584,Victory,HAREKET,1,2619,2771,2428,2450,2820,2381
4.5850,4585,Victory,HAREKET,1,2530,2927,2450,2422,2908,2309
4.5860,4586,Victory,HAREKET,1,2442,2753,2352,2460,2805,2470
4.5870,4587,Victory,HAREKET,1,2432,2814,2380,2419,2765,2328
4.5880,4588,Victory,HAREKET,1,2565,2816,2339,2377,2781,2405
4.5890,4589,Victory,HAREKET,1,2562,2751,2383,2335,2734,2335
4.5900,4590,Victory,HAREKET,1,2604,2691,2296,2454,2755,2392
4.5910,4591,Victory,HAREKET,1,2522,2776,2336,2435,2879,2427
4.5920,4592,Victory,HAREKET,1,2590,2838,2297,2382,2806,2546
4.5930,4593,Victory,HAREKET,1,2472,2880,2268,2463,2849,2389
4.5940,4594,Victory,HAREKET,1,2537,2726,2308,2358,2682,2350
4.5950,4595,Victory,HAREKET,1,2527,2873,2397,2524,2849,2432
4.5960,4596,Victory,HAREKET,1,2470,2942,2480,2456,2798,2543
4.5970,4597,Victory,HAREKET,1,2472,2777,2399,2435,2753,2426
4.5980,4598,Victory,HAREKET,1,2433,2761,2414,2454,2861,2359
4.5990,4599,Victory,HAREKET,1,2513,2773,2393,2485,2866,2401
4.6000,4600,Victory,HAREKET,1,2428,2775,2457,2422,2826,2363
4.6010,4601,Victory,HAREKET,1,2491,2931,2371,2425,2728,2374
4.6020,4602,Victory,HAREKET,1,2482,2937,2355,2510,2799,2263
4.6030,4603,Victory,HAREKET,1,2393,2870,2419,2484,2775,2265
4.6040,4604,Victory,HAREKET,1,2543,2951,2393,2431,2627,2350
4.6050,4605,Victory,HAREKET,1,2569,2876,2404,2381,2766,2405
4.6060,4606,Victory,HAREKET,1,2576,2953,2415,2535,2731,2327
4.6070,4607,Victory,HAREKET,1,2600,2958,2417,2417,2753,2359
4.6080,4608,Victory,HAREKET,1,2504,2749,2397,2452,2822,2456
4.6090,4609,Victory,HAREKET,1,2448,2932,2321,2462,2844,2351
4.6100,4610,Victory,HAREKET,1,2476,2704,2387,2432,2847,2435
4.6110,4611,Victory,HAREKET,1,2569,2858,2518,2489,2823,2233
4.6120,4612,Victory,HAREKET,1,2546,2878,2394,2427,2789,2461
4.6130,4613,Victory,HAREKET,1,2579,2726,2463,2451,2842,2464
4.6140,4614,Victory,HAREKET,1,2553,2795,2413,2530,2790,2357
4.6150,4615,Victory,HAREKET,1,2551,2874,2385,2500,2890,2377
4.6160,4616,Victory,HAREKET,1,2511,2917,2279,2427,2679,2350
4.6170,4617,Victory,HAREKET,1,2452,2870,2327,2370,2769,2488
4.6180,4618,Victory,HAREKET,1,2568,2896,2323,2481,2783,2283
4.6190,4619,Victory,HAREKET,1,2627,2735,2272,2396,2683,2380
4.6200,4620,Victory,HAREKET,1,2503,2721,2291,2462,2696,2394
4.6210,4621,Victory,HAREKET,1,2537,2970,2321,2431,2751,2441
4.6220,4622,Victory,HAREKET,1,2517,2951,2292,2404,2747,2418
4.6230,4623,Victory,HAREKET,1,2400,2913,2381,2367,2818,2423
4.6240,4624,Victory,HAREKET,1,2581,2940,2383,2424,2636,2425
4.6250,4625,Victory,HAREKET,1,2466,2957,2403,2292,2818,2440
4.6260,4626,Victory,HAREKET,1,2511,2954,2396,2454,2727,2409
4.6270,4627,Victory,HAREKET,1,2495,2863,2278,2431,2716,2346
4.6280,4628,Victory,HAREKET,1,2427,2880,2378,2465,2585,2290
4.6290,4629,Victory,HAREKET,1,2453,2879,2319,2415,2733,2353
4.6300,4630,Victory,HAREKET,1,2511,2812,2349,2426,2692,2387
4.6310,4631,Victory,HAREKET,1,2483,2732,2365,2456,2726,2278
4.6320,4632,Victory,HAREKET,1,2610,2679,2393,2490,2609,2292
4.6330,4633,Victory,HAREKET,1,2444,2914,2409,2470,2842,2316
4.6340,4634,Victory,HAREKET,1,2546,2758,2436,2531,2918,2440
4.6350,4635,Victory,HAREKET,1,2526,2834,2333,2447,2740,2384
4.6360,4636,Victory,HAREKET,1,2503,2740,2406,2536,2855,2342
4.6370,4637,Victory,HAREKET,1,2459,2753,2473,2402,2810,2514
4.6380,4638,Victory,HAREKET,1,2598,2846,2462,2502,2747,2396
4.6390,4639,Victory,HAREKET,1,2562,2796,2349,2417,2729,2481
4.6400,4640,Victory,HAREKET,1,2536,2747,2363,2388,2939,2411
4.6410,4641,Victory,HAREKET,1,2551,2756,2358,2382,2759,2413
4.6420,4642,Victory,HAREKET,1,2582,2761,2407,2307,2742,2392
4.6430,4643,Victory,HAREKET,1,2492,2780,2269,2395,2657,2316
4.6440,4644,Victory,HAREKET,1,2647,2603,2301,2451,2668,2403
4.6450,4645,Victory,HAREKET,1,2498,2797,2326,2421,2675,2399
4.6460,4646,Victory,HAREKET,1,2606,2897,2377,2451,2900,2357
4.6470,4647,Victory,HAREKET,1,2522,2783,2452,2497,2653,2449
4.6480,4648,Victory,HAREKET,1,2570,2724,2382,2413,2681,2405
4.6490,4649,Victory,HAREKET,1,2520,2869,2379,2451,2852,2360
4.6500,4650,Victory,HAREKET,1,2456,2865,2359,2469,2852,2489
4.6510,4651,Victory,HAREKET,1,2460,2923,2392,2401,2669,2505
4.6520,4652,Victory,HAREKET,1,2405,2880,2448,2474,2535,2353
4.6530,4653,Victory,HAREKET,1,2608,2928,2422,2390,2726,2387
4.6540,4654,Victory,HAREKET,1,2545,2970,2353,2470,2614,2417
4.6550,4655,Victory,HAREKET,1,2479,2789,2394,2439,2731,2405
4.6560,4656,Victory,HAREKET,1,2427,2896,2431,2473,2740,2294
4.6570,4657,Victory,HAREKET,1,2528,2715,2465,2465,2709,2353
4.6580,4658,Victory,HAREKET,1,2523,2772,2438,2509,2668,2302
4.6590,4659,Victory,HAREKET,1,2460,2856,2359,2488,2699,2335
4.6600,4660,Victory,HAREKET,1,2595,2887,2367,2559,2775,2322
4.6610,4661,Victory,HAREKET,1,2579,2820,2566,2564,2837,2357
4.6620,4662,Victory,HAREKET,1,2491,2770,2385,2461,2776,2419
4.6630,4663,Victory,HAREKET,1,2401,2823,2410,2461,2837,2428
4.6640,4664,Victory,HAREKET,1,2528,2836,2377,2572,2725,2530
4.6650,4665,Victory,HAREKET,1,2537,2682,2395,2486,2734,2430
4.6660,4666,Victory,HAREKET,1,2573,2743,2353,2458,2828,2468
4.6670,4667,Victory,HAREKET,1,2549,2902,2347,2427,2781,2475
4.6680,4668,Victory,HAREKET,1,2564,2884,2256,2330,2560,2389
4.6690,4669,Victory,HAREKET,1,2652,2781,2408,2431,2852,2356
4.6700,4670,Victory,HAREKET,1,2558,2650,2344,2428,2737,2504
4.6710,4671,Victory,HAREKET,1,2568,2840,2353,2486,2750,2359
4.6720,4672,Victory,HAREKET,1,2597,2756,2337,2412,2850,2424
4.6730,4673,Victory,HAREKET,1,2676,2792,2474,2446,2812,2414
4.6740,4674,Victory,HAREKET,1,2451,2928,2359,2418,2814,2471
4.6750,4675,Victory,HAREKET,1,2556,2814,2425,2417,2704,2435
4.6760,4676,Victory,HAREKET,1,2529,2911,2451,2433,2770,2448
4.6770,4677,Victory,HAREKET,1,2468,2933,2450,2508,2832,2447
4.6780,4678,Victory,HAREKET,1,2499,2863,2420,2509,2651,2422
4.6790,4679,Victory,HAREKET,1,2483,2715,2460,2403,2776,2264
4.6800,4680,Victory,HAREKET,1,2340,2759,2329,2474,2647,2370
4.6810,4681,Victory,HAREKET,1,2560,2800,2374,2397,2619,2338
4.6820,4682,Victory,HAREKET,1,2543,2779,2372,2663,2668,2364
4.6830,4683,Victory,HAREKET,1,2451,2942,2365,2513,2683,2342
4.6840,4684,Victory,HAREKET,1,2519,2841,2373,2473,2741,2450
4.6850,4685,Victory,HAREKET,1,2637,2854,2474,2592,2672,2367
4.6860,4686,Victory,HAREKET,1,2583,2900,2256,2429,2798,2381
4.6870,4687,Victory,HAREKET,1,2520,2898,2378,2442,2823,2413
4.6880,4688,Victory,HAREKET,1,2478,2855,2359,2437,2845,2351
4.6890,4689,Victory,HAREKET,1,2488,2679,2453,2562,2800,2347
4.6900,4690,Victory,HAREKET,1,2486,2742,2349,2560,2818,2439
4.6910,4691,Victory,HAREKET,1,2506,2763,2468,2422,2829,2465
4.6920,4692,Victory,HAREKET,1,2393,2786,2369,2482,2737,2482
4.6930,4693,Victory,HAREKET,1,2564,2730,2397,2486,2755,2386
4.6940,4694,Victory,HAREKET,1,2518,2746,2315,2414,2779,2421
4.6950,4695,Victory,HAREKET,1,2519,2688,2281,2460,2612,2369
4.6960,4696,Victory,HAREKET,1,2519,2672,2172,2549,2754,2368
4.6970,4697,Victory,HAREKET,1,2547,2720,2321,2369,2771,2547
4.6980,4698,Victory,HAREKET,1,2465,2806,2376,2433,2768,2498
4.6990,4699,Victory,HAREKET,1,2464,2793,2408,2476,2803,2487
4.7000,4700,Victory,HAREKET,1,2551,2882,2450,2512,2732,2464
4.7010,4701,Victory,HAREKET,1,2476,2921,2387,2413,2659,2406
4.7020,4702,Victory,HAREKET,1,2494,2856,2386,2430,2806,2402
4.7030,4703,Victory,HAREKET,1,2452,2905,2434,2471,2797,2407
4.7040,4704,Victory,HAREKET,1,2598,2828,2410,2514,2679,2498
4.7050,4705,Victory,HAREKET,1,2392,2784,2417,2614,2788,2269
4.7060,4706,Victory,HAREKET,1,2517,2746,2317,2443,2715,2323
4.7070,4707,Victory,HAREKET,1,2521,2782,2340,2328,2687,2413
4.7080,4708,Victory,HAREKET,1,2567,2869,2356,2489,2803,2316
4.7090,4709,Victory,HAREKET,1,2514,2704,2463,2488,2715,2303
4.7100,4710,Victory,HAREKET,1,2448,2956,2398,2516,2680,2405
4.7110,4711,Victory,HAREKET,1,2584,2887,2532,2439,2770,2416
4.7120,4712,Victory,HAREKET,1,2488,2881,2402,2510,2958,2355
4.7130,4713,Victory,HAREKET,1,2535,2816,2400,2574,2689,2394
4.7140,4714,Victory,HAREKET,1,2479,2709,2490,2611,2801,2484
4.7150,4715,Victory,HAREKET,1,2460,2770,2446,2619,2878,2442
4.7160,4716,Victory,HAREKET,1,2501,2886,2367,2469,2789,2497
4.7170,4717,Victory,HAREKET,1,2548,2789,2380,2422,2935,2407
4.7180,4718,Victory,HAREKET,1,2573,2695,2376,2520,2944,2452
4.7190,4719,Victory,HAREKET,1,2579,2756,2278,2428,2751,2448
4.7200,4720,Victory,HAREKET,1,2594,2737,2388,2382,2754,2394
4.7210,4721,Victory,HAREKET,1,2577,2681,2364,2353,2753,2455
4.7220,4722,Victory,HAREKET,1,2690,2758,2323,2489,2686,2435
4.7230,4723,Victory,HAREKET,1,2603,2888,2314,2410,2762,2438
4.7240,4724,Victory,HAREKET,1,2602,2863,2351,2448,2702,2477
4.7250,4725,Victory,HAREKET,1,2546,2844,2426,2337,2634,2381
4.7260,4726,Victory,HAREKET,1,2514,2798,2407,2422,2765,2530
4.7270,4727,Victory,HAREKET,1,2571,2693,2431,2470,2724,2456
4.7280,4728,Victory,HAREKET,1,2497,2811,2390,2429,2780,2511
4.7290,4729,Victory,HAREKET,1,2492,2913,2415,2537,2879,2519
4.7300,4730,Victory,HAREKET,1,2514,2773,2367,2480,2731,2458
4.7310,4731,Victory,HAREKET,1,2400,2926,2484,2300,2703,2421
4.7320,4732,Victory,HAREKET,1,2493,2847,2365,2462,2632,2390
4.7330,4733,Victory,HAREKET,1,2460,2775,2388,2477,2726,2341
4.7340,4734,Victory,HAREKET,1,2477,2825,2434,2434,2598,2359
4.7350,4735,Victory,HAREKET,1,2538,2825,2427,2415,2818,2382
4.7360,4736,Victory,HAREKET,1,2480,2777,2410,2423,2721,2386
4.7370,4737,Victory,HAREKET,1,2561,2727,2339,2489,2890,2457
4.7380,4738,Victory,HAREKET,1,2506,2762,2430,2539,2733,2321
4.7390,4739,Victory,HAREKET,1,2480,2781,2376,2457,2801,2410
4.7400,4740,Victory,HAREKET,1,2474,2804,2392,2504,2734,2499
4.7410,4741,Victory,HAREKET,1,2482,2716,2462,2394,2787,2418
4.7420,4742,Victory,HAREKET,1,2457,2640,2391,2517,2779,2439
4.7430,4743,Victory,HAREKET,1,2498,2701,2341,2448,2940,2444
4.7440,4744,Victory,HAREKET,1,2495,2604,2471,2457,2824,2483
4.7450,4745,Victory,HAREKET,1,2529,2616,2496,2402,2776,2301
4.7460,4746,Victory,HAREKET,1,2563,2774,2368,2372,2741,2452
4.7470,4747,Victory,HAREKET,1,2552,2852,2349,2430,2807,2429
4.7480,4748,Victory,HAREKET,1,2505,2700,2371,2351,2698,2458
4.7490,4749,Victory,HAREKET,1,2667,2798,2324,2480,2715,2468
4.7500,4750,Victory,HAREKET,1,2549,2831,2369,2427,2757,2410
4.7510,4751,Victory,HAREKET,1,2472,2912,2423,2444,2758,2485
4.7520,4752,Victory,HAREKET,1,2527,2780,2389,2367,2707,2492
4.7530,4753,Victory,HAREKET,1,2611,2775,2500,2467,2752,2488
4.7540,4754,Victory,HAREKET,1,2563,2939,2502,2426,2634,2501
4.7550,4755,Victory,HAREKET,1,2506,2819,2484,2344,2771,2439
4.7560,4756,Victory,HAREKET,1,2452,2839,2424,2486,2808,2482
4.7570,4757,Victory,HAREKET,1,2584,2783,2344,2408,2630,2474
4.7580,4758,Victory,HAREKET,1,2480,2858,2485,2435,2661,2431
4.7590,4759,Victory,HAREKET,1,2586,2853,2459,2411,2689,2271
4.7600,4760,Victory,HAREKET,1,2460,2820,2414,2442,2720,2401
4.7610,4761,Victory,HAREKET,1,2544,2747,2443,2458,2589,2378
4.7620,4762,Victory,HAREKET,1,2478,2849,2329,2427,2685,2355
4.7630,4763,Victory,HAREKET,1,2500,2738,2397,2439,2856,2493
4.7640,4764,Victory,HAREKET,1,2489,2829,2513,2467,2767,2363
4.7650,4765,Victory,HAREKET,1,2649,2900,2468,2549,2715,2366
4.7660,4766,Victory,HAREKET,1,2538,2901,2506,2574,2778,2384
4.7670,4767,Victory,HAREKET,1,2572,2817,2379,2513,2875,2441
4.7680,4768,Victory,HAREKET,1,2514,2836,2448,2458,2744,2410
4.7690,4769,Victory,HAREKET,1,2579,2704,2453,2457,2825,2484
4.7700,4770,Victory,HAREKET,1,2530,2752,2382,2365,2827,2369
4.7710,4771,Victory,HAREKET,1,2477,2874,2388,2468,2781,2523
4.7720,4772,Victory,HAREKET,1,2603,2718,2388,2456,2793,2493
4.7730,4773,Victory,HAREKET,1,2486,2591,2376,2391,2789,2392
4.7740,4774,Victory,HAREKET,1,2667,2820,2401,2413,2823,2539
4.7750,4775,Victory,HAREKET,1,2599,2736,2392,2448,2683,2465
4.7760,4776,Victory,HAREKET,1,2573,2809,2367,2383,2742,2393
4.7770,4777,Victory,HAREKET,1,2536,2804,2365,2444,2724,2423
4.7780,4778,Victory,HAREKET,1,2602,2717,2388,2406,2789,2604
4.7790,4779,Victory,HAREKET,1,2644,2763,2444,2455,2811,2459
4.7800,4780,Victory,HAREKET,1,2455,2788,2444,2540,2710,2413
4.7810,4781,Victory,HAREKET,1,2472,2739,2466,2450,2789,2453
4.7820,4782,Victory,HAREKET,1,2468,2718,2427,2504,2801,2490
4.7830,4783,Victory,HAREKET,1,2542,2802,2467,2382,2734,2411
4.7840,4784,Victory,HAREKET,1,2481,2807,2448,2466,2684,2522
4.7850,4785,Victory,HAREKET,1,2438,2762,2486,2491,2736,2385
4.7860,4786,Victory,HAREKET,1,2439,2807,2377,2522,2749,2469
4.7870,4787,Victory,HAREKET,1,2438,2876,2373,2482,2610,2445
4.7880,4788,Victory,HAREKET,1,2518,2731,2465,2478,2718,2445
4.7890,4789,Victory,HAREKET,1,2596,2877,2534,2601,2847,2403
4.7900,4790,Victory,HAREKET,1,2538,2786,2446,2607,2740,2471
4.7910,4791,Victory,HAREKET,1,2565,2794,2455,2556,2835,2455
4.7920,4792,Victory,HAREKET,1,2521,2743,2453,2540,2877,2400
4.7930,4793,Victory,HAREKET,1,2540,2621,2515,2601,2910,2429
4.7940,4794,Victory,HAREKET,1,2555,2834,2490,2540,3081,2505
4.7950,4795,Victory,HAREKET,1,2427,2695,2341,2489,2864,2424
4.7960,4796,Victory,HAREKET,1,2524,2737,2491,2424,2836,2485
4.7970,4797,Victory,HAREKET,1,2442,2795,2449,2484,2679,2440
4.7980,4798,Victory,HAREKET,1,2566,2614,2415,2491,2796,2377
4.7990,4799,Victory,HAREKET,1,2562,2714,2397,2430,2678,2416
4.8000,4800,Victory,HAREKET,1,2524,2703,2311,2515,2700,2453
4.8010,4801,Victory,HAREKET,1,2562,2727,2344,2424,2738,2445
4.8020,4802,Victory,HAREKET,1,2469,2690,2284,2359,2879,2444
4.8030,4803,Victory,HAREKET,1,2609,2823,2369,2481,2829,2461
4.8040,4804,Victory,HAREKET,1,2572,2787,2380,2415,2785,2401
4.8050,4805,Victory,HAREKET,1,2451,2870,2446,2546,2806,2512
4.8060,4806,Victory,HAREKET,1,2545,2836,2414,2540,2711,2445
4.8070,4807,Victory,HAREKET,1,2579,2865,2473,2503,2770,2411
4.8080,4808,Victory,HAREKET,1,2448,2908,2444,2406,2731,2442
4.8090,4809,Victory,HAREKET,1,2380,2848,2481,2440,2665,2468
4.8100,4810,Victory,HAREKET,1,2542,2767,2391,2423,2643,2482
4.8110,4811,Victory,HAREKET,1,2421,2812,2452,2535,2806,2542
4.8120,4812,Victory,HAREKET,1,2538,2782,2368,2468,2765,2508
4.8130,4813,Victory,HAREKET,1,2362,2930,2407,2488,2619,2386
4.8140,4814,Victory,HAREKET,1,2443,2746,2526,2468,2646,2391
4.8150,4815,Victory,HAREKET,1,2694,2696,2459,2386,2743,2349
4.8160,4816,Victory,HAREKET,1,2510,2843,2465,2417,2772,2352
4.8170,4817,Victory,HAREKET,1,2489,2792,2454,2512,2738,2379
4.8180,4818,Victory,HAREKET,1,2479,2789,2421,2453,2698,2430
4.8190,4819,Victory,HAREKET,1,2520,2747,2482,2555,2865,2462
4.8200,4820,Victory,HAREKET,1,2540,2822,2475,2516,2683,2469
4.8210,4821,Victory,HAREKET,1,2493,2765,2443,2508,2768,2521
4.8220,4822,Victory,HAREKET,1,2503,2622,2465,2452,2954,2454
4.8230,4823,Victory,HAREKET,1,2586,2763,2469,2547,2786,2511
4.8240,4824,Victory,HAREKET,1,2538,2661,2374,2367,2716,2476
4.8250,4825,Victory,HAREKET,1,2599,2783,2425,2453,2822,2477
4.8260,4826,Victory,HAREKET,1,2546,2768,2396,2457,2846,2492
4.8270,4827,Victory,HAREKET,1,2611,2685,2369,2393,2701,2438
4.8280,4828,Victory,HAREKET,1,2445,2723,2306,2423,2736,2532
4.8290,4829,Victory,HAREKET,1,2514,2781,2411,2332,2716,2425
4.8300,4830,Victory,HAREKET,1,2654,2957,2394,2403,2789,2406
4.8310,4831,Victory,HAREKET,1,2538,2751,2362,2423,2658,2541
4.8320,4832,Victory,HAREKET,1,2507,2824,2389,2473,2687,2482
4.8330,4833,Victory,HAREKET,1,2584,2827,2508,2430,2697,2463
4.8340,4834,Victory,HAREKET,1,2477,2965,2447,2468,2835,2481
4.8350,4835,Victory,HAREKET,1,2525,2850,2457,2500,2647,2423
4.8360,4836,Victory,HAREKET,1,2505,2984,2436,2555,2856,2328
4.8370,4837,Victory,HAREKET,1,2533,2822,2388,2386,2714,2430
4.8380,4838,Victory,HAREKET,1,2422,2794,2438,2470,2768,2448
4.8390,4839,Victory,HAREKET,1,2442,2780,2401,2566,2616,2502
4.8400,4840,Victory,HAREKET,1,2482,2800,2534,2438,2654,2397
4.8410,4841,Victory,HAREKET,1,2550,2740,2427,2370,2667,2330
4.8420,4842,Victory,HAREKET,1,2443,2795,2513,2527,2628,2335
4.8430,4843,Victory,HAREKET,1,2463,2798,2488,2401,2627,2428
4.8440,4844,Victory,HAREKET,1,2511,2778,2540,2499,2830,2367
4.8450,4845,Victory,HAREKET,1,2626,2691,2437,2556,2943,2448
4.8460,4846,Victory,HAREKET,1,2471,2799,2483,2445,2844,2411
4.8470,4847,Victory,HAREKET,1,2476,2756,2416,2457,2791,2500
4.8480,4848,Victory,HAREKET,1,2606,2710,2470,2612,2818,2545
4.8490,4849,Victory,HAREKET,1,2514,2791,2405,2539,2710,2348
4.8500,4850,Victory,HAREKET,1,2455,2707,2321,2433,2857,2531
4.8510,4851,Victory,HAREKET,1,2412,2660,2487,2474,2830,2464
4.8520,4852,Victory,HAREKET,1,2481,2665,2348,2409,2706,2460
4.8530,4853,Victory,HAREKET,1,2537,2727,2476,2493,2676,2468
4.8540,4854,Victory,HAREKET,1,2625,2762,2405,2446,2764,2467
4.8550,4855,Victory,HAREKET,1,2499,2827,2493,2470,2689,2419
4.8560,4856,Victory,HAREKET,1,2515,2823,2319,2405,2704,2504
4.8570,4857,Victory,HAREKET,1,2479,2883,2440,2547,2674,2499
4.8580,4858,Victory,HAREKET,1,2559,2977,2430,2461,2764,2491
4.8590,4859,Victory,HAREKET,1,2525,2933,2388,2536,2836,2575
4.8600,4860,Victory,HAREKET,1,2457,2722,2437,2560,2756,2479
4.8610,4861,Victory,HAREKET,1,2524,2876,2483,2488,2797,2426
4.8620,4862,Victory,HAREKET,1,2449,2770,2472,2462,2739,2396
4.8630,4863,Victory,HAREKET,1,2436,2759,2395,2512,2777,2462
4.8640,4864,Victory,HAREKET,1,2450,2773,2425,2503,2749,2431
4.8650,4865,Victory,HAREKET,1,2556,2780,2424,2462,2643,2473
4.8660,4866,Victory,HAREKET,1,2461,2839,2514,2535,2722,2306
4.8670,4867,Victory,HAREKET,1,2462,2942,2402,2460,2837,2367
4.8680,4868,Victory,HAREKET,1,2578,2774,2373,2439,2709,2395
4.8690,4869,Victory,HAREKET,1,2591,2715,2414,2520,2843,2373
4.8700,4870,Victory,HAREKET,1,2597,2790,2475,2545,2817,2477
4.8710,4871,Victory,HAREKET,1,2515,2814,2421,2596,2883,2488
4.8720,4872,Victory,HAREKET,1,2547,2806,2477,2504,2786,2441
4.8730,4873,Victory,HAREKET,1,2538,2756,2454,2400,2940,2400
4.8740,4874,Victory,HAREKET,1,2546,2770,2438,2541,2920,2551
4.8750,4875,Victory,HAREKET,1,2515,2707,2440,2511,2886,2445
4.8760,4876,Victory,HAREKET,1,2424,2717,2470,2424,2828,2514
4.8770,4877,Victory,HAREKET,1,2520,2653,2430,2422,2841,2440
4.8780,4878,Victory,HAREKET,1,2447,2646,2332,2432,2826,2520
4.8790,4879,Victory,HAREKET,1,2557,2687,2444,2375,2781,2433
4.8800,4880,Victory,HAREKET,1,2573,2700,2357,2410,2807,2519
4.8810,4881,Victory,HAREKET,1,2546,2584,2375,2390,2792,2482
4.8820,4882,Victory,HAREKET,1,2611,2791,2406,2401,2763,2449
4.8830,4883,Victory,HAREKET,1,2507,2730,2431,2439,2696,2476
4.8840,4884,Victory,HAREKET,1,2483,2884,2413,2458,2771,2411
4.8850,4885,Victory,HAREKET,1,2538,2694,2425,2434,2662,2635
4.8860,4886,Victory,HAREKET,1,2460,2827,2474,2388,2687,2478
4.8870,4887,Victory,HAREKET,1,2482,2832,2394,2428,2886,2479
4.8880,4888,Victory,HAREKET,1,2457,2648,2438,2395,2774,2426
4.8890,4889,Victory,HAREKET,1,2449,2912,2429,2423,2624,2390
4.8900,4890,Victory,HAREKET,1,2534,2812,2401,2496,2769,2467
4.8910,4891,Victory,HAREKET,1,2471,2756,2433,2578,2791,2503
4.8920,4892,Victory,HAREKET,1,2522,2697,2375,2496,2878,2332
4.8930,4893,Victory,HAREKET,1,2503,2926,2367,2435,2653,2415
4.8940,4894,Victory,HAREKET,1,2551,2717,2465,2438,2683,2346
4.8950,4895,Victory,HAREKET,1,2451,2818,2397,2479,2707,2375
4.8960,4896,Victory,HAREKET,1,2593,2736,2487,2497,2746,2447
4.8970,4897,Victory,HAREKET,1,2493,2696,2494,2519,2696,2474
4.8980,4898,Victory,HAREKET,1,2527,2791,2461,2462,2879,2425
4.8990,4899,Victory,HAREKET,1,2446,2751,2423,2524,2827,2412
4.9000,4900,Victory,HAREKET,1,2519,2728,2427,2461,2887,2613
4.9010,4901,Victory,HAREKET,1,2503,2790,2446,2419,2908,2515
4.9020,4902,Victory,HAREKET,1,2475,2865,2487,2433,2669,2416
4.9030,4903,Victory,HAREKET,1,2508,2712,2488,2434,2789,2541
4.9040,4904,Victory,HAREKET,1,2551,2737,2367,2547,2942,2413
4.9050,4905,Victory,HAREKET,1,2540,2658,2430,2433,2783,2411
4.9060,4906,Victory,HAREKET,1,2578,2769,2340,2474,2827,2404
4.9070,4907,Victory,HAREKET,1,2508,2790,2352,2423,2881,2433
4.9080,4908,Victory,HAREKET,1,2514,2893,2301,2507,2801,2483
4.9090,4909,Victory,HAREKET,1,2498,2736,2378,2482,2753,2456
4.9100,4910,Victory,HAREKET,1,2579,2881,2341,2448,2816,2503
4.9110,4911,Victory,HAREKET,1,2416,2859,2389,2473,2772,2496
4.9120,4912,Victory,HAREKET,1,2518,2776,2409,2438,2752,2403
4.9130,4913,Victory,HAREKET,1,2457,2766,2404,2394,2776,2425
4.9140,4914,Victory,HAREKET,1,2552,2703,2395,2544,2739,2413
4.9150,4915,Victory,HAREKET,1,2390,2761,2447,2418,2750,2447
4.9160,4916,Victory,HAREKET,1,2450,2932,2462,2516,2741,2352
4.9170,4917,Victory,HAREKET,1,2547,2745,2420,2442,2712,2378
4.9180,4918,Victory,HAREKET,1,2466,2821,2416,2513,2758,2420
4.9190,4919,Victory,HAREKET,1,2426,2706,2520,2451,2703,2437
4.9200,4920,Victory,HAREKET,1,2504,2844,2366,2563,2656,2362
4.9210,4921,Victory,HAREKET,1,2529,2800,2439,2578,2746,2405
4.9220,4922,Victory,HAREKET,1,2523,2825,2546,2494,2735,2473
4.9230,4923,Victory,HAREKET,1,2523,2786,2558,2432,2807,2354
4.9240,4924,Victory,HAREKET,1,2561,2780,2391,2540,2819,2507
4.9250,4925,Victory,HAREKET,1,2485,2843,2514,2545,2757,2564
4.9260,4926,Victory,HAREKET,1,2518,2874,2472,2533,2863,2514
4.9270,4927,Victory,HAREKET,1,2389,2772,2476,2472,2769,2460
4.9280,4928,Victory,HAREKET,1,2461,2802,2532,2426,2766,2480
4.9290,4929,Victory,HAREKET,1,2589,2794,2443,2452,2890,2457
4.9300,4930,Victory,HAREKET,1,2573,2803,2313,2381,2775,2323
4.9310,4931,Victory,HAREKET,1,2494,2865,2423,2472,2871,2440
4.9320,4932,Victory,HAREKET,1,2481,2606,2503,2326,2766,2449
4.9330,4933,Victory,HAREKET,1,2488,2660,2330,2323,2745,2456
4.9340,4934,Victory,HAREKET,1,2583,2803,2360,2432,2929,2533
4.9350,4935,Victory,HAREKET,1,2532,2801,2355,2315,2707,2421
4.9360,4936,Victory,HAREKET,1,2524,2804,2376,2428,2685,2508
4.9370,4937,Victory,HAREKET,1,2480,2654,2364,2460,2751,2559
4.9380,4938,Victory,HAREKET,1,2446,2829,2381,2510,2820,2450
4.9390,4939,Victory,HAREKET,1,2374,2829,2376,2566,2768,2582
4.9400,4940,Victory,HAREKET,1,2413,2680,2440,2348,2811,2465
4.9410,4941,Victory,HAREKET,1,2395,2852,2396,2518,2766,2385
4.9420,4942,Victory,HAREKET,1,2501,2858,2448,2418,2744,2399
4.9430,4943,Victory,HAREKET,1,2405,2697,2387,2408,2723,2419
4.9440,4944,Victory,HAREKET,1,2489,2936,2400,2377,2670,2426
4.9450,4945,Victory,HAREKET,1,2476,2821,2356,2489,2714,2392
4.9460,4946,Victory,HAREKET,1,2530,2809,2382,2477,2787,2367
4.9470,4947,Victory,HAREKET,1,2563,2738,2470,2545,2756,2425
4.9480,4948,Victory,HAREKET,1,2412,2807,2383,2347,2780,2363
4.9490,4949,Victory,HAREKET,1,2533,2758,2442,2488,2912,2485
4.9500,4950,Victory,HAREKET,1,2477,2742,2341,2535,2856,2436
4.9510,4951,Victory,HAREKET,1,2479,2633,2463,2466,2814,2453
4.9520,4952,Victory,HAREKET,1,2479,2873,2457,2454,2735,2391
4.9530,4953,Victory,HAREKET,1,2557,2694,2598,2500,2871,2457
4.9540,4954,Victory,HAREKET,1,2574,2694,2465,2425,2695,2437
4.9550,4955,Victory,HAREKET,1,2380,2835,2484,2458,2922,2511
4.9560,4956,Victory,HAREKET,1,2548,2775,2376,2426,2769,2417
4.9570,4957,Victory,HAREKET,1,2416,2734,2346,2399,2712,2535
4.9580,4958,Victory,HAREKET,1,2639,2802,2324,2376,2840,2422
4.9590,4959,Victory,HAREKET,1,2484,2682,2411,2356,2779,2495
4.9600,4960,Victory,HAREKET,1,2533,2830,2415,2407,2791,2462
4.9610,4961,Victory,HAREKET,1,2563,2783,2419,2483,2812,2497
4.9620,4962,Victory,HAREKET,1,2558,2615,2322,2456,2660,2484
4.9630,4963,Victory,HAREKET,1,2507,2821,2357,2411,2752,2509
4.9640,4964,Victory,HAREKET,1,2570,2878,2384,2440,2862,2570
4.9650,4965,Victory,HAREKET,1,2382,2810,2413,2434,2869,2437
4.9660,4966,Victory,HAREKET,1,2478,2820,2463,2448,2903,2452
4.9670,4967,Victory,HAREKET,1,2398,2777,2320,2404,2825,2450
4.9680,4968,Victory,HAREKET,1,2447,2734,2365,2460,2723,2385
4.9690,4969,Victory,HAREKET,1,2327,2835,2430,2408,2718,2527
4.9700,4970,Victory,HAREKET,1,2526,2813,2429,2422,2748,2392
4.9710,4971,Victory,HAREKET,1,2456,2918,2415,2327,2797,2282
4.9720,4972,Victory,HAREKET,1,2484,2725,2438,2429,2620,2446
4.9730,4973,Victory,HAREKET,1,2448,2773,2484,2474,2743,2499
4.9740,4974,Victory,HAREKET,1,2504,2754,2502,2454,2804,2399
4.9750,4975,Victory,HAREKET,1,2500,2863,2405,2421,2822,2407
4.9760,4976,Victory,HAREKET,1,2452,2843,2432,2538,2818,2530
4.9770,4977,Victory,HAREKET,1,2402,2837,2364,2606,2850,2437
4.9780,4978,Victory,HAREKET,1,2469,2826,2425,2495,2892,2360
4.9790,4979,Victory,HAREKET,1,2387,2712,2449,2484,2936,2471
4.9800,4980,Victory,HAREKET,1,2524,2693,2397,2558,2923,2470
4.9810,4981,Victory,HAREKET,1,2461,2690,2530,2434,2884,2424
4.9820,4982,Victory,HAREKET,1,2494,2686,2435,2489,2820,2484
4.9830,4983,Victory,HAREKET,1,2542,2779,2381,2388,2816,2419
4.9840,4984,Victory,HAREKET,1,2545,2757,2382,2363,2733,2511
4.9850,4985,Victory,HAREKET,1,2610,2685,2372,2364,2922,2370
4.9860,4986,Victory,HAREKET,1,2547,2762,2387,2389,2766,2376
4.9870,4987,Victory,HAREKET,1,2477,2870,2406,2409,2781,2443
4.9880,4988,Victory,HAREKET,1,2500,2763,2310,2482,2835,2516
4.9890,4989,Victory,HAREKET,1,2432,2874,2342,2433,2679,2447
4.9900,4990,Victory,HAREKET,1,2477,2929,2326,2331,2763,2465
4.9910,4991,Victory,HAREKET,1,2434,2875,2380,2473,2867,2498
4.9920,4992,Victory,HAREKET,1,2433,2911,2457,2283,2799,2529
4.9930,4993,Victory,HAREKET,1,2425,2881,2475,2468,2688,2546
4.9940,4994,Victory,HAREKET,1,2484,2840,2398,2582,2814,2441
4.9950,4995,Victory,HAREKET,1,2502,2809,2446,2456,2781,2433
4.9960,4996,Victory,HAREKET,1,2380,2923,2385,2362,2650,2369
4.9970,4997,Victory,HAREKET,1,2410,2796,2413,2478,2754,2412
4.9980,4998,Victory,HAREKET,1,2513,2866,2392,2498,2758,2381
4.9990,4999,Victory,HAREKET,1,2527,2704,2409,2464,2661,2334
5.0000,5000,OK,HAREKET,1,2467,2829,2454,2484,2918,2581
5.0010,5001,OK,HAREKET,1,2459,2954,2410,2530,2734,2477
5.0020,5002,OK,HAREKET,1,2327,2728,2386,2527,2616,2503
5.0030,5003,OK,HAREKET,1,2432,2876,2414,2494,2785,2551
5.0040,5004,OK,HAREKET,1,2438,2767,2391,2601,2602,2549
5.0050,5005,OK,HAREKET,1,2395,2878,2305,2472,2648,2516
5.0060,5006,OK,HAREKET,1,2530,2746,2525,2474,2689,2477
5.0070,5007,OK,HAREKET,1,2496,2649,2532,2475,2675,2525
5.0080,5008,OK,HAREKET,1,2481,2742,2572,2578,2747,2539
5.0090,5009,OK,HAREKET,1,2390,2736,2462,2464,2578,2557
5.0100,5010,OK,HAREKET,1,2476,2810,2551,2487,2773,2439
5.0110,5011,OK,HAREKET,1,2446,2809,2486,2479,2732,2493
5.0120,5012,OK,HAREKET,1,2533,2692,2443,2468,2736,2533
5.0130,5013,OK,HAREKET,1,2471,2829,2412,2441,2860,2550
5.0140,5014,OK,HAREKET,1,2542,2772,2363,2563,2745,2573
5.0150,5015,OK,HAREKET,1,2579,2825,2419,2529,2762,2586
5.0160,5016,OK,HAREKET,1,2526,2851,2464,2547,2666,2521
5.0170,5017,OK,HAREKET,1,2510,2863,2456,2547,2710,2542
5.0180,5018,OK,HAREKET,1,2525,2849,2452,2533,2791,2549
5.0190,5019,OK,HAREKET,1,2525,2741,2599,2529,2744,2678
5.0200,5020,OK,HAREKET,1,2428,2650,2507,2439,2653,2615
5.0210,5021,OK,HAREKET,1,2458,2727,2611,2448,2764,2538
5.0220,5022,OK,HAREKET,1,2425,2684,2402,2572,2741,2417
5.0230,5023,OK,HAREKET,1,2473,2692,2462,2437,2595,2480
5.0240,5024,OK,HAREKET,1,2375,2674,2429,2417,2823,2600
5.0250,5025,OK,HAREKET,1,2431,2762,2485,2386,2792,2414
5.0260,5026,OK,HAREKET,1,2443,2889,2467,2322,2684,2536
5.0270,5027,OK,HAREKET,1,2343,2747,2476,2457,2795,2463
5.0280,5028,OK,HAREKET,1,2431,2826,2381,2510,2608,2474
5.0290,5029,OK,HAREKET,1,2500,2859,2402,2422,2690,2561
5.0300,5030,OK,HAREKET,1,2441,2802,2391,2389,2626,2472
5.0310,5031,OK,HAREKET,1,2417,2796,2558,2477,2581,2426
5.0320,5032,OK,HAREKET,1,2454,2881,2451,2499,2641,2480
5.0330,5033,OK,HAREKET,1,2517,2701,2406,2571,2681,2441
5.0340,5034,OK,HAREKET,1,2484,2747,2465,2463,2579,2626
5.0350,5035,OK,HAREKET,1,2478,2735,2446,2410,2637,2532
5.0360,5036,OK,HAREKET,1,2486,2690,2484,2469,2631,2568
5.0370,5037,OK,HAREKET,1,2418,2747,2301,2503,2676,2514
5.0380,5038,OK,HAREKET,1,2453,2802,2420,2389,2727,2523
5.0390,5039,OK,HAREKET,1,2523,2709,2496,2343,2648,2547
5.0400,5040,OK,HAREKET,1,2532,2853,2400,2481,2700,2610
5.0410,5041,OK,HAREKET,1,2535,2763,2448,2506,2798,2547
5.0420,5042,OK,HAREKET,1,2520,2809,2448,2555,2735,2629
5.0430,5043,OK,HAREKET,1,2467,2701,2386,2509,2747,2582
5.0440,5044,OK,HAREKET,1,2566,2675,2387,2475,2668,2664
5.0450,5045,OK,HAREKET,1,2483,2708,2476,2422,2764,2549
5.0460,5046,OK,HAREKET,1,2395,2737,2518,2516,2602,2590
5.0470,5047,OK,HAREKET,1,2511,2749,2451,2495,2752,2528
5.0480,5048,OK,HAREKET,1,2426,2721,2434,2410,2770,2471
5.0490,5049,OK,HAREKET,1,2438,2716,2613,2454,2640,2569
5.0500,5050,OK,HAREKET,1,2383,2690,2494,2471,2746,2371
5.0510,5051,OK,HAREKET,1,2429,2807,2555,2385,2804,2440
5.0520,5052,OK,HAREKET,1,2450,2785,2513,2391,2677,2568
5.0530,5053,OK,HAREKET,1,2429,2868,2467,2352,2573,2515
5.0540,5054,OK,HAREKET,1,2449,2869,2378,2454,2770,2436
5.0550,5055,OK,HAREKET,1,2409,2915,2475,2462,2583,2542
5.0560,5056,OK,HAREKET,1,2541,2846,2455,2411,2721,2486
5.0570,5057,OK,HAREKET,1,2420,2762,2456,2440,2816,2514
5.0580,5058,OK,HAREKET,1,2534,2685,2335,2440,2656,2489
5.0590,5059,OK,HAREKET,1,2472,2816,2479,2496,2499,2586
5.0600,5060,OK,HAREKET,1,2501,2867,2416,2502,2683,2524
5.0610,5061,OK,HAREKET,1,2535,2824,2407,2407,2703,2611
5.0620,5062,OK,HAREKET,1,2459,2859,2372,2437,2510,2595
5.0630,5063,OK,HAREKET,1,2409,2840,2498,2355,2736,2552
5.0640,5064,OK,HAREKET,1,2563,2806,2469,2473,2684,2565
5.0650,5065,OK,HAREKET,1,2454,2938,2382,2512,2768,2647
5.0660,5066,OK,HAREKET,1,2501,2737,2405,2475,2719,2552
5.0670,5067,OK,HAREKET,1,2526,2804,2542,2406,2733,2602
5.0680,5068,OK,HAREKET,1,2440,2696,2392,2422,2777,2445
5.0690,5069,OK,HAREKET,1,2480,2764,2526,2494,2752,2603
5.0700,5070,OK,HAREKET,1,2480,2768,2449,2619,2812,2643
5.0710,5071,OK,HAREKET,1,2533,2846,2579,2508,2726,2569
5.0720,5072,OK,HAREKET,1,2435,2701,2416,2496,2792,2563
5.0730,5073,OK,HAREKET,1,2448,2623,2537,2486,2743,2519
5.0740,5074,OK,HAREKET,1,2433,2721,2555,2311,2602,2658
5.0750,5075,OK,HAREKET,1,2518,2820,2426,2498,2725,2507
5.0760,5076,OK,HAREKET,1,2445,2671,2547,2399,2795,2537
5.0770,5077,OK,HAREKET,1,2432,2746,2412,2394,2759,2499
5.0780,5078,OK,HAREKET,1,2405,2856,2568,2386,2786,2445
5.0790,5079,OK,HAREKET,1,2423,2834,2383,2429,2653,2561
5.0800,5080,OK,HAREKET,1,2401,2897,2466,2364,2690,2500
5.0810,5081,OK,HAREKET,1,2478,2783,2439,2404,2750,2554
5.0820,5082,OK,HAREKET,1,2509,2842,2349,2449,2707,2450
5.0830,5083,OK,HAREKET,1,2415,2922,2464,2482,2540,2470
5.0840,5084,OK,HAREKET,1,2483,2850,2423,2520,2616,2528
5.0850,5085,OK,HAREKET,1,2524,2852,2390,2440,2672,2460
5.0860,5086,OK,HAREKET,1,2539,2721,2365,2489,2662,2530
5.0870,5087,OK,HAREKET,1,2418,2769,2489,2506,2550,2526
5.0880,5088,OK,HAREKET,1,2519,2749,2467,2471,2587,2501
5.0890,5089,OK,HAREKET,1,2515,2711,2494,2468,2665,2520
5.0900,5090,OK,HAREKET,1,2463,2856,2470,2424,2680,2453
5.0910,5091,OK,HAREKET,1,2576,2702,2464,2486,2791,2550
5.0920,5092,OK,HAREKET,1,2476,2795,2527,2517,2667,2564
5.0930,5093,OK,HAREKET,1,2592,2709,2556,2496,2673,2573
5.0940,5094,OK,HAREKET,1,2623,2783,2397,2534,2748,2650
5.0950,5095,OK,HAREKET,1,2445,2633,2445,2509,2797,2616
5.0960,5096,OK,HAREKET,1,2436,2747,2551,2552,2737,2623
5.0970,5097,OK,HAREKET,1,2473,2754,2525,2491,2763,2510
5.0980,5098,OK,HAREKET,1,2560,2754,2427,2413,2709,2570
5.0990,5099,OK,HAREKET,1,2515,2837,2559,2447,2650,2498
5.1000,5100,OK,HAREKET,1,2511,2626,2565,2395,2733,2613
5.1010,5101,OK,HAREKET,1,2495,2807,2547,2525,2757,2481
5.1020,5102,OK,HAREKET,1,2470,2712,2539,2492,2803,2461
5.1030,5103,OK,HAREKET,1,2543,2672,2519,2471,2759,2535
5.1040,5104,OK,HAREKET,1,2518,2730,2509,2328,2791,2468
5.1050,5105,OK,HAREKET,1,2584,2880,2475,2319,2674,2515
5.1060,5106,OK,HAREKET,1,2455,2730,2521,2392,2750,2493
5.1070,5107,OK,HAREKET,1,2385,2745,2530,2455,2762,2559
5.1080,5108,OK,HAREKET,1,2437,3004,2396,2419,2753,2488
5.1090,5109,OK,HAREKET,1,2491,2840,2402,2417,2719,2546
5.1100,5110,OK,HAREKET,1,2461,2926,2435,2430,2674,2499
5.1110,5111,OK,HAREKET,1,2523,2671,2436,2431,2694,2489
5.1120,5112,OK,HAREKET,1,2440,2743,2324,2496,2689,2447
5.1130,5113,OK,HAREKET,1,2471,2803,2332,2436,2593,2548
5.1140,5114,OK,HAREKET,1,2523,2854,2461,2454,2656,2536
5.1150,5115,OK,HAREKET,1,2427,2844,2460,2406,2596,2458
5.1160,5116,OK,HAREKET,1,2455,2768,2540,2428,2771,2437
5.1170,5117,OK,HAREKET,1,2618,2862,2505,2502,2721,2483
5.1180,5118,OK,HAREKET,1,2346,2730,2467,2411,2751,2450
5.1190,5119,OK,HAREKET,1,2433,2755,2453,2478,2759,2503
5.1200,5120,OK,HAREKET,1,2440,2850,2496,2456,2755,2538
5.1210,5121,OK,HAREKET,1,2399,2828,2462,2378,2796,2552
5.1220,5122,OK,HAREKET,1,2518,2784,2430,2529,2776,2585
5.1230,5123,OK,HAREKET,1,2533,2854,2462,2448,2713,2636
5.1240,5124,OK,HAREKET,1,2555,2783,2517,2454,2763,2482
5.1250,5125,OK,HAREKET,1,2489,2828,2455,2535,2720,2604
5.1260,5126,OK,HAREKET,1,2481,2738,2550,2495,2715,2502
5.1270,5127,OK,HAREKET,1,2446,2776,2507,2511,2631,2571
5.1280,5128,OK,HAREKET,1,2476,2785,2503,2370,2774,2563
5.1290,5129,OK,HAREKET,1,2545,2689,2526,2506,2693,2494
5.1300,5130,OK,HAREKET,1,2388,2745,2443,2431,2689,2588
5.1310,5131,OK,HAREKET,1,2423,2797,2587,2460,2705,2465
5.1320,5132,OK,HAREKET,1,2460,2806,2521,2465,2750,2440
5.1330,5133,OK,HAREKET,1,2540,2850,2486,2389,2830,2457
5.1340,5134,OK,HAREKET,1,2481,2778,2523,2492,2776,2565
5.1350,5135,OK,HAREKET,1,2353,2999,2452,2365,2649,2442
5.1360,5136,OK,HAREKET,1,2434,2769,2549,2508,2767,2395
5.1370,5137,OK,HAREKET,1,2492,2798,2377,2528,2611,2422
5.1380,5138,OK,HAREKET,1,2511,2924,2378,2391,2634,2547
5.1390,5139,OK,HAREKET,1,2635,2760,2331,2475,2626,2474
5.1400,5140,OK,HAREKET,1,2518,2809,2464,2531,2583,2540
5.1410,5141,OK,HAREKET,1,2375,2843,2365,2476,2607,2598
5.1420,5142,OK,HAREKET,1,2453,2802,2513,2539,2654,2513
5.1430,5143,OK,HAREKET,1,2488,2719,2475,2423,2714,2496
5.1440,5144,OK,HAREKET,1,2489,2755,2441,2544,2716,2530
5.1450,5145,OK,HAREKET,1,2485,2766,2472,2428,2702,2520
5.1460,5146,OK,HAREKET,1,2459,2750,2510,2352,2693,2614
5.1470,5147,OK,HAREKET,1,2523,2833,2561,2449,2674,2505
5.1480,5148,OK,HAREKET,1,2479,2792,2510,2497,2624,2516
5.1490,5149,OK,HAREKET,1,2553,2859,2416,2433,2708,2591
5.1500,5150,OK,HAREKET,1,2593,2946,2558,2527,2706,2559
5.1510,5151,OK,HAREKET,1,2542,2790,2491,2486,2777,2505
5.1520,5152,OK,HAREKET,1,2424,2674,2536,2440,2809,2591
5.1530,5153,OK,HAREKET,1,2378,2745,2642,2463,2721,2516
5.1540,5154,OK,HAREKET,1,2500,2727,2549,2444,2689,2563
5.1550,5155,OK,HAREKET,1,2413,2653,2472,2504,2630,2523
5.1560,5156,OK,HAREKET,1,2508,2649,2487,2436,2735,2546
5.1570,5157,OK,HAREKET,1,2523,2621,2522,2481,2693,2459
5.1580,5158,OK,HAREKET,1,2404,2768,2589,2351,2764,2396
5.1590,5159,OK,HAREKET,1,2405,2811,2557,2378,2745,2544
5.1600,5160,OK,HAREKET,1,2496,2874,2557,2459,2671,2543
5.1610,5161,OK,HAREKET,1,2449,2806,2505,2364,2865,2494
5.1620,5162,OK,HAREKET,1,2537,2766,2405,2363,2825,2473
5.1630,5163,OK,HAREKET,1,2490,2804,2415,2509,2795,2352
5.1640,5164,OK,HAREKET,1,2503,2887,2429,2502,2633,2334
5.1650,5165,OK,HAREKET,1,2330,2780,2415,2513,2616,2533
5.1660,5166,OK,HAREKET,1,2366,2957,2467,2532,2652,2510
5.1670,5167,OK,HAREKET,1,2452,2875,2394,2428,2587,2547
5.1680,5168,OK,HAREKET,1,2513,2835,2416,2490,2682,2563
5.1690,5169,OK,HAREKET,1,2422,2693,2504,2431,2668,2480
5.1700,5170,OK,HAREKET,1,2561,2760,2433,2546,2613,2480
5.1710,5171,OK,HAREKET,1,2456,2734,2488,2498,2675,2467
5.1720,5172,OK,HAREKET,1,2475,2756,2466,2534,2574,2458
5.1730,5173,OK,HAREKET,1,2402,2780,2463,2491,2705,2565
5.1740,5174,OK,HAREKET,1,2553,2833,2534,2477,2744,2475
5.1750,5175,OK,HAREKET,1,2472,2796,2516,2476,2687,2462
5.1760,5176,OK,HAREKET,1,2449,2788,2483,2462,2755,2496
5.1770,5177,OK,HAREKET,1,2492,2761,2486,2525,2699,2501
5.1780,5178,OK,HAREKET,1,2509,2761,2490,2557,2734,2517
5.1790,5179,OK,HAREKET,1,2527,2785,2483,2451,2650,2643
5.1800,5180,OK,HAREKET,1,2511,2796,2518,2393,2626,2644
5.1810,5181,OK,HAREKET,1,2473,2685,2567,2317,2680,2561
5.1820,5182,OK,HAREKET,1,2424,2797,2522,2486,2822,2519
5.1830,5183,OK,HAREKET,1,2444,2651,2518,2482,2678,2533
5.1840,5184,OK,HAREKET,1,2469,2730,2586,2387,2762,2512
5.1850,5185,OK,HAREKET,1,2482,2706,2614,2283,2717,2598
5.1860,5186,OK,HAREKET,1,2446,2758,2569,2317,2744,2574
5.1870,5187,OK,HAREKET,1,2449,2848,2601,2323,2777,2526
5.1880,5188,OK,HAREKET,1,2529,2776,2424,2392,2809,2390
5.1890,5189,OK,HAREKET,1,2413,2890,2520,2437,2838,2465
5.1900,5190,OK,HAREKET,1,2519,2776,2430,2511,2876,2439
5.1910,5191,OK,HAREKET,1,2452,2962,2467,2480,2659,2536
5.1920,5192,OK,HAREKET,1,2467,2783,2404,2472,2747,2443
5.1930,5193,OK,HAREKET,1,2495,2748,2422,2420,2726,2525
5.1940,5194,OK,HAREKET,1,2519,2792,2446,2561,2628,2505
5.1950,5195,OK,HAREKET,1,2481,2858,2414,2453,2679,2491
5.1960,5196,OK,HAREKET,1,2500,2679,2372,2473,2548,2511
5.1970,5197,OK,HAREKET,1,2419,2730,2442,2503,2570,2500
5.1980,5198,OK,HAREKET,1,2448,2703,2478,2394,2649,2466
5.1990,5199,OK,HAREKET,1,2483,2728,2404,2449,2711,2502
5.2000,5200,OK,HAREKET,1,2485,2743,2509,2401,2817,2550
5.2010,5201,OK,HAREKET,1,2494,2830,2423,2465,2712,2401
5.2020,5202,OK,HAREKET,1,2380,2810,2477,2465,2714,2550
5.2030,5203,OK,HAREKET,1,2563,2763,2468,2517,2754,2491
5.2040,5204,OK,HAREKET,1,2603,2819,2468,2535,2776,2560
5.2050,5205,OK,HAREKET,1,2557,2868,2459,2523,2814,2531
5.2060,5206,OK,HAREKET,1,2521,2697,2511,2435,2751,2552
5.2070,5207,OK,HAREKET,1,2496,2702,2562,2514,2784,2547
5.2080,5208,OK,HAREKET,1,2529,2725,2400,2548,2731,2584
5.2090,5209,OK,HAREKET,1,2363,2655,2541,2462,2747,2456
5.2100,5210,OK,HAREKET,1,2406,2705,2574,2478,2776,2638
5.2110,5211,OK,HAREKET,1,2319,2873,2530,2460,2643,2483
5.2120,5212,OK,HAREKET,1,2430,2890,2560,2455,2826,2400
5.2130,5213,OK,HAREKET,1,2456,2805,2570,2441,2574,2579
5.2140,5214,OK,HAREKET,1,2388,2804,2537,2326,2651,2485
5.2150,5215,OK,HAREKET,1,2362,2816,2500,2367,2720,2406
5.2160,5216,OK,HAREKET,1,2403,2807,2544,2447,2774,2416
5.2170,5217,OK,HAREKET,1,2500,2916,2470,2495,2776,2427
5.2180,5218,OK,HAREKET,1,2454,2923,2510,2361,2768,2493
5.2190,5219,OK,HAREKET,1,2525,2926,2349,2467,2688,2497
5.2200,5220,OK,HAREKET,1,2448,2797,2422,2495,2590,2508
5.2210,5221,OK,HAREKET,1,2460,2819,2461,2476,2742,2547
5.2220,5222,OK,HAREKET,1,2449,2850,2458,2590,2628,2527
5.2230,5223,OK,HAREKET,1,2375,2788,2450,2494,2634,2480
5.2240,5224,OK,HAREKET,1,2418,2790,2410,2386,2827,2487
5.2250,5225,OK,HAREKET,1,2485,2834,2544,2514,2837,2467
5.2260,5226,OK,HAREKET,1,2457,2789,2449,2489,2801,2412
5.2270,5227,OK,HAREKET,1,2520,2713,2535,2500,2838,2547
5.2280,5228,OK,HAREKET,1,2505,2738,2414,2564,2671,2421
5.2290,5229,OK,HAREKET,1,2446,2805,2496,2474,2759,2468
5.2300,5230,OK,HAREKET,1,2561,2878,2578,2490,2715,2533
5.2310,5231,OK,HAREKET,1,2438,2720,2475,2571,2893,2532
5.2320,5232,OK,HAREKET,1,2523,2830,2470,2443,2745,2540
5.2330,5233,OK,HAREKET,1,2487,2649,2459,2485,2786,2603
5.2340,5234,OK,HAREKET,1,2504,2679,2560,2445,2755,2572
5.2350,5235,OK,HAREKET,1,2543,2664,2514,2440,2775,2480
5.2360,5236,OK,HAREKET,1,2366,2792,2566,2457,2678,2556
5.2370,5237,OK,HAREKET,1,2420,2800,2641,2439,2802,2510
5.2380,5238,OK,HAREKET,1,2402,2742,2417,2359,2788,2552
5.2390,5239,OK,HAREKET,1,2323,2721,2630,2466,2753,2583
5.2400,5240,OK,HAREKET,1,2459,2703,2507,2472,2643,2439
5.2410,5241,OK,HAREKET,1,2408,2793,2532,2428,2787,2502
5.2420,5242,OK,HAREKET,1,2384,2729,2529,2500,2763,2374
5.2430,5243,OK,HAREKET,1,2341,2740,2435,2464,2688,2490
5.2440,5244,OK,HAREKET,1,2543,2664,2329,2516,2773,2371
5.2450,5245,OK,HAREKET,1,2307,2856,2437,2416,2603,2483
5.2460,5246,OK,HAREKET,1,2423,2830,2360,2440,2664,2495
5.2470,5247,OK,HAREKET,1,2496,2773,2461,2399,2643,2426
5.2480,5248,OK,HAREKET,1,2468,2950,2457,2490,2584,2349
5.2490,5249,OK,HAREKET,1,2466,2790,2540,2580,2701,2491
5.2500,5250,OK,HAREKET,1,2465,2742,2461,2414,2692,2513
5.2510,5251,OK,HAREKET,1,2432,2849,2485,2475,2659,2518
5.2520,5252,OK,HAREKET,1,2435,2644,2459,2532,2605,2483
5.2530,5253,OK,HAREKET,1,2536,2645,2485,2378,2738,2448
5.2540,5254,OK,HAREKET,1,2501,2814,2556,2516,2853,2458
5.2550,5255,OK,HAREKET,1,2492,2773,2549,2495,2843,2433
5.2560,5256,OK,HAREKET,1,2482,2664,2421,2473,2680,2486
5.2570,5257,OK,HAREKET,1,2420,2746,2438,2591,2748,2516
5.2580,5258,OK,HAREKET,1,2489,2659,2498,2534,2869,2570
5.2590,5259,OK,HAREKET,1,2528,2630,2508,2548,2674,2483
5.2600,5260,OK,HAREKET,1,2436,2704,2532,2458,2771,2465
5.2610,5261,OK,HAREKET,1,2481,2746,2468,2451,2726,2528
5.2620,5262,OK,HAREKET,1,2374,2748,2550,2403,2795,2531
5.2630,5263,OK,HAREKET,1,2558,2733,2520,2403,2729,2426
5.2640,5264,OK,HAREKET,1,2409,2744,2514,2445,2904,2462
5.2650,5265,OK,HAREKET,1,2278,2705,2474,2451,2868,2529
5.2660,5266,OK,HAREKET,1,2452,2803,2574,2420,2781,2475
5.2670,5267,OK,HAREKET,1,2442,2863,2494,2399,2741,2472
5.2680,5268,OK,HAREKET,1,2402,2787,2475,2385,2804,2489
5.2690,5269,OK,HAREKET,1,2418,2777,2621,2453,2803,2538
5.2700,5270,OK,HAREKET,1,2444,2734,2433,2375,2826,2413
5.2710,5271,OK,HAREKET,1,2389,2739,2473,2380,2636,2435
5.2720,5272,OK,HAREKET,1,2396,2793,2489,2497,2690,2388
5.2730,5273,OK,HAREKET,1,2504,2875,2496,2524,2696,2370
5.2740,5274,OK,HAREKET,1,2407,2859,2447,2419,2784,2426
5.2750,5275,OK,HAREKET,1,2498,2863,2336,2480,2709,2476
5.2760,5276,OK,HAREKET,1,2385,2778,2568,2455,2710,2550
5.2770,5277,OK,HAREKET,1,2486,2627,2513,2482,2626,2526
5.2780,5278,OK,HAREKET,1,2389,2649,2460,2500,2675,2418
5.2790,5279,OK,HAREKET,1,2426,2831,2468,2340,2769,2464
5.2800,5280,OK,HAREKET,1,2457,2800,2505,2469,2606,2475
5.2810,5281,OK,HAREKET,1,2539,2733,2524,2482,2737,2499
5.2820,5282,OK,HAREKET,1,2486,2835,2541,2463,2603,2468
5.2830,5283,OK,HAREKET,1,2513,2591,2431,2418,2724,2385
5.2840,5284,OK,HAREKET,1,2449,2698,2585,2423,2902,2615
5.2850,5285,OK,HAREKET,1,2457,2785,2434,2505,2789,2530
5.2860,5286,OK,HAREKET,1,2507,2667,2519,2486,2745,2588
5.2870,5287,OK,HAREKET,1,2557,2570,2529,2402,2738,2500
5.2880,5288,OK,HAREKET,1,2485,2589,2597,2486,2741,2504
5.2890,5289,OK,HAREKET,1,2533,2764,2575,2600,2742,2553
5.2900,5290,OK,HAREKET,1,2427,2605,2677,2548,2828,2526
5.2910,5291,OK,HAREKET,1,2409,2700,2529,2436,2819,2465
5.2920,5292,OK,HAREKET,1,2458,2660,2557,2516,2847,2463
5.2930,5293,OK,HAREKET,1,2385,2607,2536,2339,2795,2449
5.2940,5294,OK,HAREKET,1,2333,2916,2500,2406,2793,2475
5.2950,5295,OK,HAREKET,1,2416,2936,2537,2426,2733,2455
5.2960,5296,OK,HAREKET,1,2412,2801,2506,2347,2733,2455
5.2970,5297,OK,HAREKET,1,2424,2718,2506,2412,2710,2424
5.2980,5298,OK,HAREKET,1,2428,2909,2411,2439,2749,2481
5.2990,5299,OK,HAREKET,1,2357,2839,2432,2409,2721,2434
5.3000,5300,OK,HAREKET,1,2395,2824,2487,2508,2634,2464
5.3010,5301,OK,HAREKET,1,2445,2813,2534,2484,2654,2469
5.3020,5302,OK,HAREKET,1,2379,2799,2549,2478,2722,2575
5.3030,5303,OK,HAREKET,1,2404,2791,2517,2416,2679,2414
5.3040,5304,OK,HAREKET,1,2338,2764,2499,2491,2682,2385
5.3050,5305,OK,HAREKET,1,2435,2712,2517,2428,2619,2453
5.3060,5306,OK,HAREKET,1,2432,2759,2452,2429,2651,2445
5.3070,5307,OK,HAREKET,1,2380,2732,2597,2530,2684,2481
5.3080,5308,OK,HAREKET,1,2403,2780,2484,2408,2665,2479
5.3090,5309,OK,HAREKET,1,2352,2777,2522,2411,2822,2477
5.3100,5310,OK,HAREKET,1,2470,2753,2473,2523,2743,2537
5.3110,5311,OK,HAREKET,1,2517,2643,2468,2471,2795,2621
5.3120,5312,OK,HAREKET,1,2517,2861,2463,2504,2839,2498
5.3130,5313,OK,HAREKET,1,2490,2621,2499,2500,2759,2592
5.3140,5314,OK,HAREKET,1,2475,2647,2512,2538,2792,2583
5.3150,5315,OK,HAREKET,1,2526,2763,2534,2513,2769,2457
5.3160,5316,OK,HAREKET,1,2493,2708,2522,2501,2754,2472
5.3170,5317,OK,HAREKET,1,2354,2671,2553,2487,2684,2525
5.3180,5318,OK,HAREKET,1,2492,2711,2604,2478,2806,2574
5.3190,5319,OK,HAREKET,1,2374,2652,2504,2373,2743,2416
5.3200,5320,OK,HAREKET,1,2397,2635,2433,2415,2805,2445
5.3210,5321,OK,HAREKET,1,2366,2647,2517,2463,2805,2492
5.3220,5322,OK,HAREKET,1,2277,2706,2528,2404,2744,2538
5.3230,5323,OK,HAREKET,1,2414,2737,2620,2495,2733,2432
5.3240,5324,OK,HAREKET,1,2410,2810,2581,2361,2747,2366
5.3250,5325,OK,HAREKET,1,2473,2761,2472,2417,2733,2551
5.3260,5326,OK,HAREKET,1,2401,2863,2461,2575,2823,2391
5.3270,5327,OK,HAREKET,1,2434,2788,2511,2458,2811,2479
5.3280,5328,OK,HAREKET,1,2434,2715,2422,2537,2720,2432
5.3290,5329,OK,HAREKET,1,2420,2715,2364,2439,2712,2437
5.3300,5330,OK,HAREKET,1,2480,2735,2558,2514,2756,2328
5.3310,5331,OK,HAREKET,1,2475,2810,2358,2490,2640,2560
5.3320,5332,OK,HAREKET,1,2439,2765,2548,2471,2744,2505
5.3330,5333,OK,HAREKET,1,2417,2727,2534,2426,2740,2482
5.3340,5334,OK,HAREKET,1,2418,2727,2582,2549,2823,2473
5.3350,5335,OK,HAREKET,1,2511,2667,2521,2470,2777,2459
5.3360,5336,OK,HAREKET,1,2312,2763,2524,2532,2755,2474
5.3370,5337,OK,HAREKET,1,2402,2763,2589,2571,2847,2457
5.3380,5338,OK,HAREKET,1,2480,2769,2521,2408,2818,2506
5.3390,5339,OK,HAREKET,1,2455,2780,2351,2437,2824,2561
5.3400,5340,OK,HAREKET,1,2406,2523,2505,2488,2845,2566
5.3410,5341,OK,HAREKET,1,2401,2705,2517,2558,2853,2603
5.3420,5342,OK,HAREKET,1,2507,2619,2531,2529,2769,2646
5.3430,5343,OK,HAREKET,1,2429,2644,2605,2574,2820,2481
5.3440,5344,OK,HAREKET,1,2433,2743,2571,2378,2762,2482
5.3450,5345,OK,HAREKET,1,2436,2715,2575,2463,2850,2445
5.3460,5346,OK,HAREKET,1,2371,2598,2586,2377,2747,2481
5.3470,5347,OK,HAREKET,1,2326,2660,2542,2414,2857,2449
5.3480,5348,OK,HAREKET,1,2318,2693,2550,2518,2848,2380
5.3490,5349,OK,HAREKET,1,2327,2770,2420,2383,2827,2400
5.3500,5350,OK,HAREKET,1,2365,2712,2500,2401,2733,2408
5.3510,5351,OK,HAREKET,1,2484,2884,2529,2340,2829,2394
5.3520,5352,OK,HAREKET,1,2319,2785,2433,2428,2662,2426
5.3530,5353,OK,HAREKET,1,2341,2796,2533,2456,2664,2475
5.3540,5354,OK,HAREKET,1,2402,2777,2530,2545,2687,2518
5.3550,5355,OK,HAREKET,1,2342,2860,2582,2524,2613,2438
5.3560,5356,OK,HAREKET,1,2403,2698,2382,2511,2693,2437
5.3570,5357,OK,HAREKET,1,2390,2740,2446,2438,2629,2509
5.3580,5358,OK,HAREKET,1,2386,2731,2537,2464,2716,2439
5.3590,5359,OK,HAREKET,1,2298,2586,2507,2532,2799,2526
5.3600,5360,OK,HAREKET,1,2449,2714,2489,2493,2747,2421
5.3610,5361,OK,HAREKET,1,2478,2724,2449,2472,2759,2500
5.3620,5362,OK,HAREKET,1,2361,2748,2597,2525,2822,2522
5.3630,5363,OK,HAREKET,1,2550,2491,2424,2581,2617,2327
5.3640,5364,OK,HAREKET,1,2410,2678,2477,2555,2648,2481
5.3650,5365,OK,HAREKET,1,2428,2823,2578,2575,2725,2471
5.3660,5366,OK,HAREKET,1,2377,2686,2531,2556,2842,2578
5.3670,5367,OK,HAREKET,1,2411,2778,2553,2596,2805,2450
5.3680,5368,OK,HAREKET,1,2411,2691,2532,2549,2655,2559
5.3690,5369,OK,HAREKET,1,2486,2771,2548,2485,2900,2519
5.3700,5370,OK,HAREKET,1,2432,2730,2567,2422,2807,2578
5.3710,5371,OK,HAREKET,1,2368,2675,2485,2582,2730,2509
5.3720,5372,OK,HAREKET,1,2392,2775,2530,2448,2730,2591
5.3730,5373,OK,HAREKET,1,2305,2601,2644,2414,2634,2455
5.3740,5374,OK,HAREKET,1,2390,2539,2530,2477,2701,2385
5.3750,5375,OK,HAREKET,1,2416,2797,2575,2512,2850,2311
5.3760,5376,OK,HAREKET,1,2412,2859,2534,2516,2770,2451
5.3770,5377,OK,HAREKET,1,2365,2823,2483,2401,2723,2467
5.3780,5378,OK,HAREKET,1,2376,2751,2498,2381,2855,2479
5.3790,5379,OK,HAREKET,1,2316,2723,2470,2403,2859,2459
5.3800,5380,OK,HAREKET,1,2471,2705,2467,2485,2760,2465
5.3810,5381,OK,HAREKET,1,2392,2916,2522,2556,2736,2498
5.3820,5382,OK,HAREKET,1,2469,2772,2520,2434,2620,2497
5.3830,5383,OK,HAREKET,1,2323,2879,2546,2557,2679,2535
5.3840,5384,OK,HAREKET,1,2508,2810,2462,2519,2494,2483
5.3850,5385,OK,HAREKET,1,2476,2853,2508,2451,2728,2409
5.3860,5386,OK,HAREKET,1,2428,2659,2635,2544,2832,2429
5.3870,5387,OK,HAREKET,1,2435,2731,2624,2559,2784,2427
5.3880,5388,OK,HAREKET,1,2473,2756,2566,2520,2736,2481
5.3890,5389,OK,HAREKET,1,2377,2701,2550,2566,2796,2467
5.3900,5390,OK,HAREKET,1,2476,2663,2509,2416,2789,2558
5.3910,5391,OK,HAREKET,1,2392,2766,2600,2466,2882,2524
5.3920,5392,OK,HAREKET,1,2467,2683,2515,2623,2731,2529
5.3930,5393,OK,HAREKET,1,2444,2761,2529,2498,2784,2481
5.3940,5394,OK,HAREKET,1,2494,2784,2458,2519,2708,2521
5.3950,5395,OK,HAREKET,1,2383,2633,2454,2613,2765,2502
5.3960,5396,OK,HAREKET,1,2474,2744,2565,2561,2772,2412
5.3970,5397,OK,HAREKET,1,2489,2740,2589,2553,2775,2500
5.3980,5398,OK,HAREKET,1,2448,2675,2610,2549,2767,2478
5.3990,5399,OK,HAREKET,1,2327,2685,2591,2432,2737,2546
5.4000,5400,OK,HAREKET,1,2409,2648,2574,2467,2804,2451
5.4010,5401,OK,HAREKET,1,2375,2620,2509,2533,2733,2426
5.4020,5402,OK,HAREKET,1,2348,2721,2625,2459,2722,2333
5.4030,5403,OK,HAREKET,1,2334,2643,2466,2464,2706,2454
5.4040,5404,OK,HAREKET,1,2405,2655,2518,2593,2775,2468
5.4050,5405,OK,HAREKET,1,2367,2810,2503,2525,2764,2407
5.4060,5406,OK,HAREKET,1,2397,2716,2468,2421,2768,2395
5.4070,5407,OK,HAREKET,1,2323,2775,2538,2541,2719,2408
5.4080,5408,OK,HAREKET,1,2389,2767,2485,2561,2708,2466
5.4090,5409,OK,HAREKET,1,2409,2746,2433,2530,2745,2459
5.4100,5410,OK,HAREKET,1,2536,2825,2403,2559,2650,2519
5.4110,5411,OK,HAREKET,1,2322,2807,2530,2575,2729,2491
5.4120,5412,OK,HAREKET,1,2388,2718,2523,2544,2727,2531
5.4130,5413,OK,HAREKET,1,2377,2693,2572,2560,2730,2526
5.4140,5414,OK,HAREKET,1,2357,2761,2568,2497,2733,2437
5.4150,5415,OK,HAREKET,1,2362,2731,2428,2415,2663,2545
5.4160,5416,OK,HAREKET,1,2422,2579,2601,2578,2715,2525
5.4170,5417,OK,HAREKET,1,2516,2799,2587,2496,2712,2447
5.4180,5418,OK,HAREKET,1,2345,2737,2569,2594,2933,2467
5.4190,5419,OK,HAREKET,1,2485,2740,2492,2463,2828,2585
5.4200,5420,OK,HAREKET,1,2492,2744,2484,2520,2772,2506
5.4210,5421,OK,HAREKET,1,2472,2795,2567,2650,2790,2552
5.4220,5422,OK,HAREKET,1,2515,2606,2444,2470,2779,2538
5.4230,5423,OK,HAREKET,1,2466,2633,2424,2472,2838,2552
5.4240,5424,OK,HAREKET,1,2556,2638,2534,2555,2698,2510
5.4250,5425,OK,HAREKET,1,2416,2640,2567,2447,2856,2485
5.4260,5426,OK,HAREKET,1,2393,2533,2592,2507,2763,2575
5.4270,5427,OK,HAREKET,1,2388,2694,2581,2516,2794,2459
5.4280,5428,OK,HAREKET,1,2305,2646,2484,2450,2735,2418
5.4290,5429,OK,HAREKET,1,2417,2674,2566,2476,2757,2437
5.4300,5430,OK,HAREKET,1,2374,2747,2653,2445,2700,2531
5.4310,5431,OK,HAREKET,1,2398,2693,2547,2429,2877,2441
5.4320,5432,OK,HAREKET,1,2382,2738,2507,2484,2794,2329
5.4330,5433,OK,HAREKET,1,2355,2758,2500,2532,2777,2476
5.4340,5434,OK,HAREKET,1,2424,2760,2412,2423,2784,2538
5.4350,5435,OK,HAREKET,1,2400,2793,2505,2484,2804,2513
5.4360,5436,OK,HAREKET,1,2406,2822,2525,2594,2711,2488
5.4370,5437,OK,HAREKET,1,2489,2741,2535,2580,2705,2381
5.4380,5438,OK,HAREKET,1,2442,2667,2489,2475,2719,2535
5.4390,5439,OK,HAREKET,1,2442,2803,2551,2629,2780,2481
5.4400,5440,OK,HAREKET,1,2518,2543,2522,2541,2715,2480
5.4410,5441,OK,HAREKET,1,2454,2812,2592,2466,2692,2433
5.4420,5442,OK,HAREKET,1,2406,2515,2570,2540,2865,2506
5.4430,5443,OK,HAREKET,1,2365,2737,2529,2530,2798,2511
5.4440,5444,OK,HAREKET,1,2391,2801,2476,2570,2786,2479
5.4450,5445,OK,HAREKET,1,2402,2758,2518,2530,2732,2463
5.4460,5446,OK,HAREKET,1,2465,2759,2583,2495,2790,2405
5.4470,5447,OK,HAREKET,1,2450,2636,2508,2505,2814,2594
5.4480,5448,OK,HAREKET,1,2488,2628,2580,2599,2893,2574
5.4490,5449,OK,HAREKET,1,2409,2841,2492,2566,2836,2461
5.4500,5450,OK,HAREKET,1,2416,2650,2589,2587,2837,2455
5.4510,5451,OK,HAREKET,1,2445,2739,2588,2622,2855,2547
5.4520,5452,OK,HAREKET,1,2434,2716,2535,2477,2806,2579
5.4530,5453,OK,HAREKET,1,2385,2672,2515,2599,2827,2506
5.4540,5454,OK,HAREKET,1,2357,2772,2686,2520,2797,2495
5.4550,5455,OK,HAREKET,1,2282,2791,2612,2438,2736,2492
5.4560,5456,OK,HAREKET,1,2423,2567,2424,2341,2780,2428
5.4570,5457,OK,HAREKET,1,2405,2730,2593,2445,2822,2425
5.4580,5458,OK,HAREKET,1,2399,2707,2641,2423,2749,2388
5.4590,5459,OK,HAREKET,1,2400,2733,2474,2355,2628,2375
5.4600,5460,OK,HAREKET,1,2370,2778,2389,2540,2755,2500
5.4610,5461,OK,HAREKET,1,2477,2790,2527,2516,2686,2426
5.4620,5462,OK,HAREKET,1,2370,2841,2498,2538,2771,2523
5.4630,5463,OK,HAREKET,1,2378,2799,2538,2468,2682,2444
5.4640,5464,OK,HAREKET,1,2485,2873,2476,2579,2711,2576
5.4650,5465,OK,HAREKET,1,2405,2816,2379,2564,2564,2396
5.4660,5466,OK,HAREKET,1,2443,2666,2440,2562,2731,2489
5.4670,5467,OK,HAREKET,1,2446,2758,2419,2558,2659,2396
5.4680,5468,OK,HAREKET,1,2436,2738,2557,2524,2829,2459
5.4690,5469,OK,HAREKET,1,2425,2768,2547,2509,2822,2530
5.4700,5470,OK,HAREKET,1,2384,2619,2486,2571,2715,2387
5.4710,5471,OK,HAREKET,1,2454,2775,2519,2524,2770,2557
5.4720,5472,OK,HAREKET,1,2481,2699,2550,2574,2835,2487
5.4730,5473,OK,HAREKET,1,2492,2832,2514,2527,2713,2511
5.4740,5474,OK,HAREKET,1,2484,2809,2546,2557,2736,2500
5.4750,5475,OK,HAREKET,1,2485,2670,2457,2520,2797,2518
5.4760,5476,OK,HAREKET,1,2490,2715,2577,2508,2886,2532
5.4770,5477,OK,HAREKET,1,2445,2636,2548,2528,2808,2510
5.4780,5478,OK,HAREKET,1,2462,2650,2557,2605,2644,2581
5.4790,5479,OK,HAREKET,1,2476,2604,2450,2480,2699,2550
5.4800,5480,OK,HAREKET,1,2364,2660,2563,2460,2679,2559
5.4810,5481,OK,HAREKET,1,2387,2812,2532,2475,2756,2430
5.4820,5482,OK,HAREKET,1,2353,2646,2574,2455,2824,2443
5.4830,5483,OK,HAREKET,1,2376,2684,2400,2457,2596,2417
5.4840,5484,OK,HAREKET,1,2370,2654,2495,2419,2844,2445
5.4850,5485,OK,HAREKET,1,2359,2721,2587,2466,2793,2402
5.4860,5486,OK,HAREKET,1,2421,2701,2434,2427,2780,2361
5.4870,5487,OK,HAREKET,1,2428,2758,2405,2491,2810,2454
5.4880,5488,OK,HAREKET,1,2399,2842,2524,2570,2575,2392
5.4890,5489,OK,HAREKET,1,2475,2832,2444,2533,2742,2404
5.4900,5490,OK,HAREKET,1,2452,2806,2422,2424,2740,2454
5.4910,5491,OK,HAREKET,1,2487,2758,2499,2496,2738,2509
5.4920,5492,OK,HAREKET,1,2425,2683,2536,2649,2726,2464
5.4930,5493,OK,HAREKET,1,2424,2726,2449,2600,2478,2496
5.4940,5494,OK,HAREKET,1,2495,2735,2529,2596,2781,2469
5.4950,5495,OK,HAREKET,1,2437,2677,2528,2551,2636,2537
5.4960,5496,OK,HAREKET,1,2444,2654,2490,2596,2849,2419
5.4970,5497,OK,HAREKET,1,2388,2764,2586,2517,2934,2547
5.4980,5498,OK,HAREKET,1,2423,2799,2505,2538,2788,2523
5.4990,5499,OK,HAREKET,1,2457,2667,2502,2626,2770,2486
5.5000,5500,OK,HAREKET,1,2500,2650,2521,2445,2798,2544
5.5010,5501,OK,HAREKET,1,2411,2756,2545,2604,2794,2543
5.5020,5502,OK,HAREKET,1,2530,2639,2452,2483,2672,2566
5.5030,5503,OK,HAREKET,1,2503,2573,2616,2449,2930,2554
5.5040,5504,OK,HAREKET,1,2457,2671,2621,2519,2753,2511
5.5050,5505,OK,HAREKET,1,2495,2703,2475,2515,2820,2628
5.5060,5506,OK,HAREKET,1,2412,2649,2642,2590,2812,2562
5.5070,5507,OK,HAREKET,1,2361,2610,2538,2572,2653,2669
5.5080,5508,OK,HAREKET,1,2425,2565,2528,2496,2698,2492
5.5090,5509,OK,HAREKET,1,2394,2703,2544,2472,2770,2542
5.5100,5510,OK,HAREKET,1,2359,2654,2482,2503,2769,2384
5.5110,5511,OK,HAREKET,1,2509,2703,2498,2521,2759,2435
5.5120,5512,OK,HAREKET,1,2411,2752,2575,2451,2843,2492
5.5130,5513,OK,HAREKET,1,2391,2810,2500,2510,2826,2364
5.5140,5514,OK,HAREKET,1,2451,2799,2490,2553,2734,2474
5.5150,5515,OK,HAREKET,1,2364,2791,2353,2528,2779,2474
5.5160,5516,OK,HAREKET,1,2419,2693,2442,2436,2712,2638
5.5170,5517,OK,HAREKET,1,2362,2841,2443,2516,2612,2580
5.5180,5518,OK,HAREKET,1,2519,2734,2496,2523,2677,2553
5.5190,5519,OK,HAREKET,1,2484,2659,2498,2591,2720,2543
5.5200,5520,OK,HAREKET,1,2449,2732,2521,2578,2702,2634
5.5210,5521,OK,HAREKET,1,2408,2744,2456,2482,2621,2554
5.5220,5522,OK,HAREKET,1,2421,2663,2529,2573,2659,2489
5.5230,5523,OK,HAREKET,1,2457,2763,2493,2508,2581,2521
5.5240,5524,OK,HAREKET,1,2433,2757,2468,2438,2765,2482
5.5250,5525,OK,HAREKET,1,2468,2694,2595,2560,2718,2540
5.5260,5526,OK,HAREKET,1,2480,2671,2424,2576,2751,2607
5.5270,5527,OK,HAREKET,1,2483,2698,2594,2535,2768,2569
5.5280,5528,OK,HAREKET,1,2359,2710,2537,2533,2783,2555
5.5290,5529,OK,HAREKET,1,2457,2822,2416,2508,2834,2503
5.5300,5530,OK,HAREKET,1,2520,2822,2557,2465,2786,2572
5.5310,5531,OK,HAREKET,1,2524,2797,2484,2519,2796,2606
5.5320,5532,OK,HAREKET,1,2432,2692,2597,2542,2771,2611
5.5330,5533,OK,HAREKET,1,2395,2624,2595,2482,2866,2559
5.5340,5534,OK,HAREKET,1,2577,2662,2454,2433,2704,2527
5.5350,5535,OK,HAREKET,1,2406,2635,2549,2457,2873,2519
5.5360,5536,OK,HAREKET,1,2416,2583,2411,2428,2823,2372
5.5370,5537,OK,HAREKET,1,2457,2694,2552,2477,2800,2462
5.5380,5538,OK,HAREKET,1,2445,2786,2497,2468,2727,2587
5.5390,5539,OK,HAREKET,1,2416,2699,2476,2425,2819,2437
5.5400,5540,OK,HAREKET,1,2412,2715,2369,2429,2704,2455
5.5410,5541,OK,HAREKET,1,2514,2659,2415,2464,2718,2483
5.5420,5542,OK,HAREKET,1,2402,2851,2422,2546,2657,2544
5.5430,5543,OK,HAREKET,1,2439,2792,2436,2501,2630,2520
5.5440,5544,OK,HAREKET,1,2390,2812,2479,2468,2687,2676
5.5450,5545,OK,HAREKET,1,2416,2819,2501,2558,2520,2489
5.5460,5546,OK,HAREKET,1,2419,2593,2486,2519,2683,2602
5.5470,5547,OK,HAREKET,1,2356,2631,2526,2614,2696,2491
5.5480,5548,OK,HAREKET,1,2506,2837,2454,2537,2747,2606
5.5490,5549,OK,HAREKET,1,2545,2731,2507,2624,2738,2483
5.5500,5550,OK,HAREKET,1,2470,2738,2646,2533,2772,2480
5.5510,5551,OK,HAREKET,1,2425,2688,2515,2514,2636,2536
5.5520,5552,OK,HAREKET,1,2477,2819,2528,2519,2705,2517
5.5530,5553,OK,HAREKET,1,2420,2680,2473,2479,2803,2592
5.5540,5554,OK,HAREKET,1,2591,2732,2496,2476,2810,2482
5.5550,5555,OK,HAREKET,1,2421,2671,2518,2564,2707,2590
5.5560,5556,OK,HAREKET,1,2474,2684,2507,2549,2758,2561
5.5570,5557,OK,HAREKET,1,2442,2691,2524,2503,2786,2607
5.5580,5558,OK,HAREKET,1,2441,2706,2496,2609,2854,2497
5.5590,5559,OK,HAREKET,1,2404,2698,2517,2522,2734,2587
5.5600,5560,OK,HAREKET,1,2429,2685,2518,2490,2626,2569
5.5610,5561,OK,HAREKET,1,2469,2680,2538,2513,2655,2457
5.5620,5562,OK,HAREKET,1,2444,2723,2589,2460,2844,2536
5.5630,5563,OK,HAREKET,1,2433,2726,2469,2420,2722,2558
5.5640,5564,OK,HAREKET,1,2463,2744,2550,2423,2800,2494
5.5650,5565,OK,HAREKET,1,2365,2690,2571,2423,2734,2488
5.5660,5566,OK,HAREKET,1,2443,2807,2455,2517,2711,2496
5.5670,5567,OK,HAREKET,1,2445,2797,2481,2411,2777,2428
5.5680,5568,OK,HAREKET,1,2381,2860,2558,2366,2557,2594
5.5690,5569,OK,HAREKET,1,2385,2875,2386,2436,2725,2479
5.5700,5570,OK,HAREKET,1,2410,2781,2416,2503,2702,2554
5.5710,5571,OK,HAREKET,1,2484,2728,2425,2594,2729,2571
5.5720,5572,OK,HAREKET,1,2428,2628,2534,2551,2635,2596
5.5730,5573,OK,HAREKET,1,2548,2626,2469,2518,2734,2479
5.5740,5574,OK,HAREKET,1,2517,2765,2502,2612,2612,2487
5.5750,5575,OK,HAREKET,1,2502,2665,2535,2523,2651,2494
5.5760,5576,OK,HAREKET,1,2508,2717,2487,2613,2754,2510
5.5770,5577,OK,HAREKET,1,2400,2719,2433,2565,2723,2619
5.5780,5578,OK,HAREKET,1,2401,2722,2480,2545,2697,2375
5.5790,5579,OK,HAREKET,1,2496,2780,2516,2598,2798,2626
5.5800,5580,OK,HAREKET,1,2594,2734,2401,2479,2856,2481
5.5810,5581,OK,HAREKET,1,2450,2623,2536,2525,2765,2517
5.5820,5582,OK,HAREKET,1,2487,2622,2566,2528,2714,2634
5.5830,5583,OK,HAREKET,1,2577,2657,2411,2555,2810,2528
5.5840,5584,OK,HAREKET,1,2499,2755,2491,2569,2761,2663
5.5850,5585,OK,HAREKET,1,2482,2750,2426,2540,2856,2625
5.5860,5586,OK,HAREKET,1,2556,2774,2460,2564,2713,2517
5.5870,5587,OK,HAREKET,1,2478,2643,2500,2484,2738,2572
5.5880,5588,OK,HAREKET,1,2533,2738,2625,2565,2624,2544
5.5890,5589,OK,HAREKET,1,2479,2634,2518,2488,2799,2540
5.5900,5590,OK,HAREKET,1,2358,2608,2477,2499,2707,2453
5.5910,5591,OK,HAREKET,1,2489,2756,2551,2428,2687,2492
5.5920,5592,OK,HAREKET,1,2447,2706,2498,2445,2653,2497
5.5930,5593,OK,HAREKET,1,2452,2733,2451,2469,2797,2518
5.5940,5594,OK,HAREKET,1,2499,2843,2470,2501,2739,2517
5.5950,5595,OK,HAREKET,1,2405,2794,2443,2494,2603,2546
5.5960,5596,OK,HAREKET,1,2396,2786,2464,2545,2747,2481
5.5970,5597,OK,HAREKET,1,2500,2767,2516,2520,2817,2522
5.5980,5598,OK,HAREKET,1,2502,2839,2457,2656,2626,2545
5.5990,5599,OK,HAREKET,1,2474,2785,2372,2557,2738,2451
5.6000,5600,OK,HAREKET,1,2398,2874,2410,2467,2619,2547
5.6010,5601,OK,HAREKET,1,2447,2693,2417,2542,2689,2433
5.6020,5602,OK,HAREKET,1,2453,2733,2407,2510,2580,2574
5.6030,5603,OK,HAREKET,1,2382,2775,2464,2509,2702,2549
5.6040,5604,OK,HAREKET,1,2533,2681,2503,2514,2815,2612
5.6050,5605,OK,HAREKET,1,2484,2678,2468,2513,2705,2579
5.6060,5606,OK,HAREKET,1,2396,2838,2435,2530,2689,2488
5.6070,5607,OK,HAREKET,1,2481,2825,2535,2504,2766,2546
5.6080,5608,OK,HAREKET,1,2429,2716,2432,2522,2865,2582
5.6090,5609,OK,HAREKET,1,2491,2816,2486,2496,2798,2601
5.6100,5610,OK,HAREKET,1,2509,2814,2510,2638,2820,2515
5.6110,5611,OK,HAREKET,1,2561,2793,2437,2556,2784,2569
5.6120,5612,OK,HAREKET,1,2538,2745,2480,2512,2722,2610
5.6130,5613,OK,HAREKET,1,2445,2734,2593,2545,2681,2551
5.6140,5614,OK,HAREKET,1,2383,2754,2492,2504,2686,2611
5.6150,5615,OK,HAREKET,1,2387,2742,2509,2475,2801,2554
5.6160,5616,OK,HAREKET,1,2423,2731,2585,2485,2683,2565
5.6170,5617,OK,HAREKET,1,2355,2761,2529,2411,2716,2467
5.6180,5618,OK,HAREKET,1,2415,2767,2549,2544,2781,2457
5.6190,5619,OK,HAREKET,1,2484,2688,2522,2374,2767,2514
5.6200,5620,OK,HAREKET,1,2383,2790,2482,2377,2749,2415
5.6210,5621,OK,HAREKET,1,2404,2685,2489,2438,2662,2539
5.6220,5622,OK,HAREKET,1,2469,2736,2359,2524,2761,2482
5.6230,5623,OK,HAREKET,1,2417,2913,2455,2485,2666,2525
5.6240,5624,OK,HAREKET,1,2434,2708,2501,2436,2641,2505
5.6250,5625,OK,HAREKET,1,2479,2822,2429,2446,2510,2423
5.6260,5626,OK,HAREKET,1,2513,2710,2492,2541,2631,2424
5.6270,5627,OK,HAREKET,1,2445,2797,2440,2434,2598,2538
5.6280,5628,OK,HAREKET,1,2475,2767,2468,2476,2631,2595
5.6290,5629,OK,HAREKET,1,2522,2673,2505,2579,2656,2483
5.6300,5630,OK,HAREKET,1,2431,2673,2577,2495,2698,2456
5.6310,5631,OK,HAREKET,1,2455,2657,2502,2538,2613,2615
5.6320,5632,OK,HAREKET,1,2505,2764,2482,2475,2655,2596
5.6330,5633,OK,HAREKET,1,2449,2799,2519,2529,2660,2598
5.6340,5634,OK,HAREKET,1,2502,2841,2524,2644,2592,2577
5.6350,5635,OK,HAREKET,1,2443,2763,2514,2575,2683,2506
5.6360,5636,OK,HAREKET,1,2570,2760,2549,2562,2861,2466
5.6370,5637,OK,HAREKET,1,2501,2857,2485,2517,2816,2645
5.6380,5638,OK,HAREKET,1,2452,2789,2396,2430,2706,2607
5.6390,5639,OK,HAREKET,1,2564,2707,2436,2607,2722,2542
5.6400,5640,OK,HAREKET,1,2506,2742,2547,2589,2725,2509
5.6410,5641,OK,HAREKET,1,2462,2906,2484,2517,2748,2590
5.6420,5642,OK,HAREKET,1,2412,2760,2440,2571,2665,2547
5.6430,5643,OK,HAREKET,1,2443,2741,2584,2526,2637,2504
5.6440,5644,OK,HAREKET,1,2428,2669,2441,2501,2814,2515
5.6450,5645,OK,HAREKET,1,2350,2686,2529,2398,2892,2484
5.6460,5646,OK,HAREKET,1,2429,2710,2520,2532,2734,2372
5.6470,5647,OK,HAREKET,1,2327,2815,2433,2386,2819,2442
5.6480,5648,OK,HAREKET,1,2318,2795,2471,2445,2717,2472
5.6490,5649,OK,HAREKET,1,2389,2875,2522,2411,2716,2504
5.6500,5650,OK,HAREKET,1,2496,2787,2374,2500,2689,2518
5.6510,5651,OK,HAREKET,1,2552,2944,2403,2487,2596,2565
5.6520,5652,OK,HAREKET,1,2418,2876,2324,2523,2601,2625
5.6530,5653,OK,HAREKET,1,2412,2758,2473,2528,2570,2508
5.6540,5654,OK,HAREKET,1,2467,2663,2439,2374,2618,2463
5.6550,5655,OK,HAREKET,1,2469,2715,2408,2434,2599,2582
5.6560,5656,OK,HAREKET,1,2459,2780,2541,2543,2583,2450
5.6570,5657,OK,HAREKET,1,2423,2662,2498,2418,2642,2479
5.6580,5658,OK,HAREKET,1,2514,2781,2465,2532,2807,2507
5.6590,5659,OK,HAREKET,1,2386,2723,2422,2562,2632,2559
5.6600,5660,OK,HAREKET,1,2523,2708,2414,2476,2753,2484
5.6610,5661,OK,HAREKET,1,2565,2700,2588,2471,2565,2653
5.6620,5662,OK,HAREKET,1,2510,2596,2526,2542,2723,2529
5.6630,5663,OK,HAREKET,1,2512,2755,2449,2535,2797,2480
5.6640,5664,OK,HAREKET,1,2427,2650,2445,2599,2780,2519
5.6650,5665,OK,HAREKET,1,2448,2812,2451,2564,2721,2608
5.6660,5666,OK,HAREKET,1,2411,2734,2492,2504,2785,2565
5.6670,5667,OK,HAREKET,1,2448,2735,2539,2461,2706,2494
5.6680,5668,OK,HAREKET,1,2411,2670,2569,2584,2859,2530
5.6690,5669,OK,HAREKET,1,2405,2588,2521,2436,2690,2570
5.6700,5670,OK,HAREKET,1,2423,2575,2596,2524,2715,2560
5.6710,5671,OK,HAREKET,1,2295,2656,2487,2413,2736,2552
5.6720,5672,OK,HAREKET,1,2464,2825,2440,2402,2787,2504
5.6730,5673,OK,HAREKET,1,2565,2671,2561,2392,2632,2391
5.6740,5674,OK,HAREKET,1,2423,2745,2543,2409,2775,2522
5.6750,5675,OK,HAREKET,1,2421,2759,2417,2507,2652,2504
5.6760,5676,OK,HAREKET,1,2449,2726,2544,2465,2644,2477
5.6770,5677,OK,HAREKET,1,2557,2857,2408,2399,2766,2480
5.6780,5678,OK,HAREKET,1,2541,2961,2494,2520,2840,2554
5.6790,5679,OK,HAREKET,1,2487,2948,2599,2427,2726,2637
5.6800,5680,OK,HAREKET,1,2474,2968,2366,2458,2529,2516
5.6810,5681,OK,HAREKET,1,2556,2764,2430,2422,2745,2548
5.6820,5682,OK,HAREKET,1,2446,2839,2439,2524,2673,2473
5.6830,5683,OK,HAREKET,1,2455,2791,2509,2510,2638,2621
5.6840,5684,OK,HAREKET,1,2399,2771,2534,2551,2644,2514
5.6850,5685,OK,HAREKET,1,2503,2834,2436,2516,2632,2542
5.6860,5686,OK,HAREKET,1,2531,2759,2468,2501,2679,2573
5.6870,5687,OK,HAREKET,1,2456,2773,2471,2405,2713,2528
5.6880,5688,OK,HAREKET,1,2503,2820,2442,2508,2699,2509
5.6890,5689,OK,HAREKET,1,2533,2797,2424,2520,2759,2686
5.6900,5690,OK,HAREKET,1,2554,2851,2506,2429,2651,2578
5.6910,5691,OK,HAREKET,1,2530,2750,2557,2483,2710,2477
5.6920,5692,OK,HAREKET,1,2470,2751,2543,2509,2759,2513
5.6930,5693,OK,HAREKET,1,2492,2629,2406,2511,2762,2487
5.6940,5694,OK,HAREKET,1,2431,2791,2427,2477,2750,2579
5.6950,5695,OK,HAREKET,1,2527,2738,2494,2520,2677,2576
5.6960,5696,OK,HAREKET,1,2508,2757,2423,2505,2740,2582
5.6970,5697,OK,HAREKET,1,2374,2709,2501,2489,2785,2464
5.6980,5698,OK,HAREKET,1,2417,2644,2496,2404,2695,2519
5.6990,5699,OK,HAREKET,1,2516,2884,2489,2425,2737,2445
5.7000,5700,OK,HAREKET,1,2436,2750,2474,2381,2866,2446
5.7010,5701,OK,HAREKET,1,2352,2788,2521,2396,2741,2591
5.7020,5702,OK,HAREKET,1,2413,2808,2365,2341,2755,2540
5.7030,5703,OK,HAREKET,1,2525,2966,2465,2383,2789,2471
5.7040,5704,OK,HAREKET,1,2495,2880,2419,2540,2821,2534
5.7050,5705,OK,HAREKET,1,2475,2879,2436,2530,2712,2594
5.7060,5706,OK,HAREKET,1,2494,2925,2459,2510,2654,2564
5.7070,5707,OK,HAREKET,1,2518,2813,2374,2487,2594,2496
5.7080,5708,OK,HAREKET,1,2398,2785,2371,2516,2655,2517
5.7090,5709,OK,HAREKET,1,2456,2759,2472,2553,2739,2619
5.7100,5710,OK,HAREKET,1,2321,2783,2518,2547,2596,2515
5.7110,5711,OK,HAREKET,1,2493,2844,2491,2557,2797,2573
5.7120,5712,OK,HAREKET,1,2521,2828,2489,2431,2580,2517
5.7130,5713,OK,HAREKET,1,2389,2777,2438,2527,2591,2558
5.7140,5714,OK,HAREKET,1,2493,2810,2470,2510,2858,2505
5.7150,5715,OK,HAREKET,1,2445,2740,2373,2483,2777,2540
5.7160,5716,OK,HAREKET,1,2536,2762,2503,2486,2791,2477
5.7170,5717,OK,HAREKET,1,2470,2583,2483,2404,2684,2496
5.7180,5718,OK,HAREKET,1,2556,2746,2508,2505,2868,2535
5.7190,5719,OK,HAREKET,1,2516,2727,2501,2514,2640,2511
5.7200,5720,OK,HAREKET,1,2482,2680,2484,2508,2740,2608
5.7210,5721,OK,HAREKET,1,2519,2693,2583,2489,2658,2562
5.7220,5722,OK,HAREKET,1,2445,2833,2565,2409,2798,2488
5.7230,5723,OK,HAREKET,1,2510,2823,2430,2411,2562,2624
5.7240,5724,OK,HAREKET,1,2428,2773,2481,2493,2672,2595
5.7250,5725,OK,HAREKET,1,2388,2577,2484,2473,2783,2461
5.7260,5726,OK,HAREKET,1,2414,2734,2447,2391,2732,2633
5.7270,5727,OK,HAREKET,1,2411,2708,2491,2362,2688,2523
5.7280,5728,OK,HAREKET,1,2520,2788,2391,2421,2750,2381
5.7290,5729,OK,HAREKET,1,2439,2826,2515,2465,2711,2506
5.7300,5730,OK,HAREKET,1,2451,2836,2486,2495,2826,2496
5.7310,5731,OK,HAREKET,1,2347,2911,2492,2443,2688,2547
5.7320,5732,OK,HAREKET,1,2541,2953,2380,2410,2731,2468
5.7330,5733,OK,HAREKET,1,2457,2797,2354,2505,2622,2574
5.7340,5734,OK,HAREKET,1,2463,2689,2362,2408,2561,2627
5.7350,5735,OK,HAREKET,1,2579,2804,2477,2451,2587,2577
5.7360,5736,OK,HAREKET,1,2485,2886,2531,2528,2569,2524
5.7370,5737,OK,HAREKET,1,2528,2662,2484,2442,2655,2590
5.7380,5738,OK,HAREKET,1,2501,2734,2442,2495,2448,2506
5.7390,5739,OK,HAREKET,1,2517,2731,2420,2430,2739,2589
5.7400,5740,OK,HAREKET,1,2495,2837,2613,2445,2685,2586
5.7410,5741,OK,HAREKET,1,2441,2836,2474,2418,2627,2526
5.7420,5742,OK,HAREKET,1,2581,2699,2445,2411,2691,2577
5.7430,5743,OK,HAREKET,1,2510,2718,2476,2382,2683,2470
5.7440,5744,OK,HAREKET,1,2499,2893,2457,2424,2714,2528
5.7450,5745,OK,HAREKET,1,2641,2835,2420,2476,2772,2547
5.7460,5746,OK,HAREKET,1,2569,2771,2432,2498,2712,2480
5.7470,5747,OK,HAREKET,1,2535,2788,2494,2539,2650,2681
5.7480,5748,OK,HAREKET,1,2493,2744,2418,2483,2705,2491
5.7490,5749,OK,HAREKET,1,2512,2676,2537,2462,2624,2558
5.7500,5750,OK,HAREKET,1,2445,2838,2547,2446,2729,2622
5.7510,5751,OK,HAREKET,1,2553,2776,2446,2440,2744,2548
5.7520,5752,OK,HAREKET,1,2481,2895,2432,2396,2902,2434
5.7530,5753,OK,HAREKET,1,2361,2873,2502,2407,2721,2524
5.7540,5754,OK,HAREKET,1,2461,2753,2560,2348,2607,2481
5.7550,5755,OK,HAREKET,1,2512,2858,2403,2301,2753,2625
5.7560,5756,OK,HAREKET,1,2391,2688,2514,2393,2757,2505
5.7570,5757,OK,HAREKET,1,2533,2896,2457,2370,2808,2469
5.7580,5758,OK,HAREKET,1,2464,2815,2500,2435,2740,2534
5.7590,5759,OK,HAREKET,1,2488,2845,2382,2472,2591,2513
5.7600,5760,OK,HAREKET,1,2366,2865,2390,2413,2643,2465
5.7610,5761,OK,HAREKET,1,2522,2713,2453,2444,2560,2485
5.7620,5762,OK,HAREKET,1,2444,2838,2390,2545,2676,2575
5.7630,5763,OK,HAREKET,1,2434,2921,2383,2491,2617,2588
5.7640,5764,OK,HAREKET,1,2458,2731,2548,2387,2703,2465
5.7650,5765,OK,HAREKET,1,2427,2822,2442,2504,2750,2521
5.7660,5766,OK,HAREKET,1,2461,2820,2406,2486,2694,2453
5.7670,5767,OK,HAREKET,1,2418,2770,2422,2332,2761,2598
5.7680,5768,OK,HAREKET,1,2435,2892,2482,2423,2728,2512
5.7690,5769,OK,HAREKET,1,2618,2864,2595,2453,2716,2437
5.7700,5770,OK,HAREKET,1,2424,2723,2545,2523,2778,2586
5.7710,5771,OK,HAREKET,1,2529,2750,2462,2536,2769,2601
5.7720,5772,OK,HAREKET,1,2486,2712,2544,2531,2666,2551
5.7730,5773,OK,HAREKET,1,2419,2803,2529,2425,2715,2584
5.7740,5774,OK,HAREKET,1,2481,2798,2549,2591,2652,2469
5.7750,5775,OK,HAREKET,1,2455,2689,2443,2416,2773,2518
5.7760,5776,OK,HAREKET,1,2461,2621,2518,2435,2624,2582
5.7770,5777,OK,HAREKET,1,2421,2629,2576,2571,2732,2569
5.7780,5778,OK,HAREKET,1,2453,2679,2540,2448,2759,2468
5.7790,5779,OK,HAREKET,1,2505,2748,2461,2414,2840,2478
5.7800,5780,OK,HAREKET,1,2478,2745,2441,2425,2772,2581
5.7810,5781,OK,HAREKET,1,2426,2672,2417,2405,2665,2510
5.7820,5782,OK,HAREKET,1,2470,2754,2598,2368,2758,2489
5.7830,5783,OK,HAREKET,1,2508,2755,2514,2346,2726,2515
5.7840,5784,OK,HAREKET,1,2382,2762,2461,2444,2722,2398
5.7850,5785,OK,HAREKET,1,2495,2775,2450,2489,2710,2499
5.7860,5786,OK,HAREKET,1,2473,2781,2488,2579,2652,2526
5.7870,5787,OK,HAREKET,1,2431,2834,2416,2497,2671,2511
5.7880,5788,OK,HAREKET,1,2468,2803,2414,2450,2727,2458
5.7890,5789,OK,HAREKET,1,2533,2886,2398,2543,2587,2447
5.7900,5790,OK,HAREKET,1,2497,2796,2509,2402,2563,2486
5.7910,5791,OK,HAREKET,1,2497,2634,2387,2413,2726,2452
5.7920,5792,OK,HAREKET,1,2445,2722,2442,2543,2612,2440
5.7930,5793,OK,HAREKET,1,2465,2625,2465,2412,2808,2496
5.7940,5794,OK,HAREKET,1,2527,2664,2493,2426,2578,2497
5.7950,5795,OK,HAREKET,1,2470,2831,2493,2494,2681,2590
5.7960,5796,OK,HAREKET,1,2488,2798,2432,2398,2704,2458
5.7970,5797,OK,HAREKET,1,2514,2764,2467,2518,2696,2570
5.7980,5798,OK,HAREKET,1,2485,2682,2513,2470,2842,2510
5.7990,5799,OK,HAREKET,1,2478,2882,2405,2480,2695,2542
5.8000,5800,OK,HAREKET,1,2577,2748,2557,2485,2744,2652
5.8010,5801,OK,HAREKET,1,2491,2749,2487,2446,2848,2541
5.8020,5802,OK,HAREKET,1,2488,2766,2575,2543,2756,2497
5.8030,5803,OK,HAREKET,1,2466,2726,2517,2515,2769,2596
5.8040,5804,OK,HAREKET,1,2501,2734,2507,2475,2737,2526
5.8050,5805,OK,HAREKET,1,2393,2700,2535,2437,2688,2634
5.8060,5806,OK,HAREKET,1,2399,2754,2536,2451,2787,2497
5.8070,5807,OK,HAREKET,1,2419,2769,2597,2461,2647,2487
5.8080,5808,OK,HAREKET,1,2439,2743,2512,2441,2784,2423
5.8090,5809,OK,HAREKET,1,2491,2849,2433,2424,2683,2403
5.8100,5810,OK,HAREKET,1,2408,2739,2493,2365,2762,2452
5.8110,5811,OK,HAREKET,1,2501,2763,2316,2298,2623,2458
5.8120,5812,OK,HAREKET,1,2544,2874,2426,2433,2718,2459
5.8130,5813,OK,HAREKET,1,2464,2832,2326,2489,2637,2402
5.8140,5814,OK,HAREKET,1,2491,2942,2440,2474,2644,2537
5.8150,5815,OK,HAREKET,1,2511,2945,2365,2533,2657,2490
5.8160,5816,OK,HAREKET,1,2503,2837,2436,2491,2551,2480
5.8170,5817,OK,HAREKET,1,2545,2690,2396,2495,2683,2478
5.8180,5818,OK,HAREKET,1,2504,2816,2498,2521,2484,2537
5.8190,5819,OK,HAREKET,1,2464,2858,2474,2491,2642,2635
5.8200,5820,OK,HAREKET,1,2496,2743,2532,2431,2505,2601
5.8210,5821,OK,HAREKET,1,2446,2766,2397,2463,2755,2525
5.8220,5822,OK,HAREKET,1,2544,2860,2620,2454,2680,2513
5.8230,5823,OK,HAREKET,1,2459,2829,2525,2503,2815,2492
5.8240,5824,OK,HAREKET,1,2479,2658,2450,2478,2770,2556
5.8250,5825,OK,HAREKET,1,2543,2840,2525,2508,2588,2544
5.8260,5826,OK,HAREKET,1,2550,2691,2470,2440,2844,2564
5.8270,5827,OK,HAREKET,1,2492,2846,2360,2459,2734,2610
5.8280,5828,OK,HAREKET,1,2372,2778,2482,2528,2867,2450
5.8290,5829,OK,HAREKET,1,2476,2751,2407,2505,2658,2612
5.8300,5830,OK,HAREKET,1,2466,2753,2459,2478,2716,2524
5.8310,5831,OK,HAREKET,1,2468,2723,2421,2474,2820,2498
5.8320,5832,OK,HAREKET,1,2354,2776,2490,2430,2778,2510
5.8330,5833,OK,HAREKET,1,2417,2949,2568,2339,2656,2471
5.8340,5834,OK,HAREKET,1,2375,2628,2583,2369,2797,2447
5.8350,5835,OK,HAREKET,1,2410,2738,2496,2400,2769,2411
5.8360,5836,OK,HAREKET,1,2422,2699,2423,2382,2736,2407
5.8370,5837,OK,HAREKET,1,2459,2760,2559,2404,2780,2501
5.8380,5838,OK,HAREKET,1,2366,2799,2458,2372,2807,2512
5.8390,5839,OK,HAREKET,1,2494,2861,2460,2518,2742,2499
5.8400,5840,OK,HAREKET,1,2479,2752,2386,2407,2653,2517
5.8410,5841,OK,HAREKET,1,2469,2801,2467,2394,2657,2565
5.8420,5842,OK,HAREKET,1,2428,2840,2411,2440,2610,2620
5.8430,5843,OK,HAREKET,1,2500,2675,2584,2472,2627,2484
5.8440,5844,OK,HAREKET,1,2520,2777,2462,2542,2630,2515
5.8450,5845,OK,HAREKET,1,2489,2843,2469,2558,2684,2546
5.8460,5846,OK,HAREKET,1,2440,2795,2432,2488,2571,2509
5.8470,5847,OK,HAREKET,1,2476,2806,2518,2487,2695,2397
5.8480,5848,OK,HAREKET,1,2461,2853,2478,2420,2742,2537
5.8490,5849,OK,HAREKET,1,2547,2663,2409,2450,2722,2405
5.8500,5850,OK,HAREKET,1,2617,2795,2493,2474,2738,2488
5.8510,5851,OK,HAREKET,1,2431,2818,2588,2504,2840,2454
5.8520,5852,OK,HAREKET,1,2422,2791,2404,2413,2763,2583
5.8530,5853,OK,HAREKET,1,2465,2709,2486,2523,2743,2624
5.8540,5854,OK,HAREKET,1,2593,2818,2445,2486,2754,2638
5.8550,5855,OK,HAREKET,1,2519,2764,2539,2453,2770,2536
5.8560,5856,OK,HAREKET,1,2462,2753,2546,2442,2747,2533
5.8570,5857,OK,HAREKET,1,2560,2727,2486,2484,2594,2538
5.8580,5858,OK,HAREKET,1,2413,2673,2537,2315,2823,2612
5.8590,5859,OK,HAREKET,1,2461,2735,2481,2384,2730,2582
5.8600,5860,OK,HAREKET,1,2554,2715,2656,2438,2614,2493
5.8610,5861,OK,HAREKET,1,2469,2911,2509,2440,2819,2450
5.8620,5862,OK,HAREKET,1,2447,2683,2507,2418,2782,2496
5.8630,5863,OK,HAREKET,1,2403,2802,2581,2370,2654,2510
5.8640,5864,OK,HAREKET,1,2510,2686,2424,2430,2870,2418
5.8650,5865,OK,HAREKET,1,2526,2845,2451,2485,2675,2491
5.8660,5866,OK,HAREKET,1,2451,2867,2380,2477,2712,2428
5.8670,5867,OK,HAREKET,1,2471,2933,2429,2503,2594,2530
5.8680,5868,OK,HAREKET,1,2560,2884,2449,2374,2591,2538
5.8690,5869,OK,HAREKET,1,2510,2808,2438,2418,2640,2501
5.8700,5870,OK,HAREKET,1,2396,2743,2467,2512,2608,2486
5.8710,5871,OK,HAREKET,1,2425,2721,2485,2485,2524,2404
5.8720,5872,OK,HAREKET,1,2545,2798,2501,2489,2621,2478
5.8730,5873,OK,HAREKET,1,2391,2813,2521,2516,2696,2501
5.8740,5874,OK,HAREKET,1,2482,2724,2523,2527,2658,2455
5.8750,5875,OK,HAREKET,1,2602,2751,2510,2519,2669,2354
5.8760,5876,OK,HAREKET,1,2501,2803,2532,2392,2656,2612
5.8770,5877,OK,HAREKET,1,2485,2773,2279,2412,2824,2513
5.8780,5878,OK,HAREKET,1,2378,2731,2493,2445,2870,2553
5.8790,5879,OK,HAREKET,1,2449,2700,2503,2369,2706,2558
5.8800,5880,OK,HAREKET,1,2556,2809,2509,2486,2819,2500
5.8810,5881,OK,HAREKET,1,2487,2747,2535,2515,2621,2500
5.8820,5882,OK,HAREKET,1,2490,2693,2475,2508,2731,2520
5.8830,5883,OK,HAREKET,1,2489,2725,2521,2558,2696,2547
5.8840,5884,OK,HAREKET,1,2470,2731,2540,2460,2682,2527
5.8850,5885,OK,HAREKET,1,2562,2756,2593,2477,2800,2565
5.8860,5886,OK,HAREKET,1,2511,2720,2607,2393,2818,2498
5.8870,5887,OK,HAREKET,1,2356,2595,2529,2478,2792,2455
5.8880,5888,OK,HAREKET,1,2283,2697,2504,2415,2828,2543
5.8890,5889,OK,HAREKET,1,2298,2678,2598,2362,2795,2502
5.8900,5890,OK,HAREKET,1,2561,2774,2548,2382,2886,2492
5.8910,5891,OK,HAREKET,1,2401,2784,2404,2370,2784,2521
5.8920,5892,OK,HAREKET,1,2467,2901,2451,2347,2748,2352
5.8930,5893,OK,HAREKET,1,2399,2901,2536,2404,2726,2371
5.8940,5894,OK,HAREKET,1,2462,2760,2445,2498,2573,2457
5.8950,5895,OK,HAREKET,1,2491,2614,2386,2489,2711,2513
5.8960,5896,OK,HAREKET,1,2448,2743,2355,2494,2693,2541
5.8970,5897,OK,HAREKET,1,2335,2739,2396,2459,2704,2443
5.8980,5898,OK,HAREKET,1,2427,2802,2512,2542,2773,2483
5.8990,5899,OK,HAREKET,1,2407,2662,2409,2453,2552,2425
5.9000,5900,OK,HAREKET,1,2511,2811,2534,2491,2769,2441
5.9010,5901,OK,HAREKET,1,2526,2759,2621,2461,2918,2544
5.9020,5902,OK,HAREKET,1,2359,2704,2568,2530,2708,2501
5.9030,5903,OK,HAREKET,1,2531,2782,2488,2497,2706,2512
5.9040,5904,OK,HAREKET,1,2482,2766,2479,2377,2817,2539
5.9050,5905,OK,HAREKET,1,2454,2629,2520,2491,2824,2472
5.9060,5906,OK,HAREKET,1,2561,2723,2513,2449,2779,2572
5.9070,5907,OK,HAREKET,1,2609,2665,2501,2418,2815,2485
5.9080,5908,OK,HAREKET,1,2403,2757,2563,2586,2752,2509
5.9090,5909,OK,HAREKET,1,2472,2808,2389,2509,2850,2534
5.9100,5910,OK,HAREKET,1,2536,2682,2567,2501,2758,2592
5.9110,5911,OK,HAREKET,1,2475,2605,2603,2431,2686,2551
5.9120,5912,OK,HAREKET,1,2515,2647,2532,2469,2711,2579
5.9130,5913,OK,HAREKET,1,2431,2698,2587,2449,2898,2478
5.9140,5914,OK,HAREKET,1,2438,2706,2558,2369,2831,2490
5.9150,5915,OK,HAREKET,1,2377,2775,2601,2422,2786,2516
5.9160,5916,OK,HAREKET,1,2332,2787,2590,2403,2730,2393
5.9170,5917,OK,HAREKET,1,2411,2827,2520,2413,2725,2489
5.9180,5918,OK,HAREKET,1,2417,2727,2469,2345,2863,2477
5.9190,5919,OK,HAREKET,1,2426,2794,2415,2440,2802,2491
5.9200,5920,OK,HAREKET,1,2436,2786,2538,2442,2675,2481
5.9210,5921,OK,HAREKET,1,2500,2915,2434,2500,2720,2395
5.9220,5922,OK,HAREKET,1,2492,2939,2497,2462,2566,2430
5.9230,5923,OK,HAREKET,1,2394,2764,2568,2436,2813,2476
5.9240,5924,OK,HAREKET,1,2489,2802,2521,2386,2634,2512
5.9250,5925,OK,HAREKET,1,2415,2837,2506,2540,2806,2500
5.9260,5926,OK,HAREKET,1,2512,2674,2404,2435,2670,2518
5.9270,5927,OK,HAREKET,1,2424,2828,2537,2487,2680,2433
5.9280,5928,OK,HAREKET,1,2480,2710,2457,2504,2740,2442
5.9290,5929,OK,HAREKET,1,2501,2845,2439,2484,2707,2378
5.9300,5930,OK,HAREKET,1,2513,2676,2599,2559,2669,2462
5.9310,5931,OK,HAREKET,1,2501,2786,2613,2471,2784,2468
5.9320,5932,OK,HAREKET,1,2469,2706,2564,2612,2805,2519
5.9330,5933,OK,HAREKET,1,2485,2767,2601,2562,2679,2552
5.9340,5934,OK,HAREKET,1,2444,2639,2519,2538,2801,2516
5.9350,5935,OK,HAREKET,1,2514,2855,2554,2406,2801,2543
5.9360,5936,OK,HAREKET,1,2586,2644,2473,2492,2739,2524
5.9370,5937,OK,HAREKET,1,2381,2691,2567,2525,2771,2530
5.9380,5938,OK,HAREKET,1,2413,2670,2422,2416,2733,2616
5.9390,5939,OK,HAREKET,1,2448,2628,2573,2486,2778,2524
5.9400,5940,OK,HAREKET,1,2322,2571,2574,2467,2721,2439
5.9410,5941,OK,HAREKET,1,2481,2766,2553,2503,2771,2573
5.9420,5942,OK,HAREKET,1,2338,2749,2604,2293,2810,2506
5.9430,5943,OK,HAREKET,1,2443,2752,2656,2283,2811,2420
5.9440,5944,OK,HAREKET,1,2480,2734,2555,2328,2758,2468
5.9450,5945,OK,HAREKET,1,2363,2874,2477,2482,2744,2480
5.9460,5946,OK,HAREKET,1,2289,2850,2490,2431,2696,2475
5.9470,5947,OK,HAREKET,1,2387,2785,2571,2421,2743,2406
5.9480,5948,OK,HAREKET,1,2579,2808,2532,2427,2658,2480
5.9490,5949,OK,HAREKET,1,2482,2747,2441,2531,2726,2400
5.9500,5950,OK,HAREKET,1,2468,2797,2406,2446,2650,2520
5.9510,5951,OK,HAREKET,1,2439,2744,2538,2421,2704,2449
5.9520,5952,OK,HAREKET,1,2478,2781,2377,2466,2651,2458
5.9530,5953,OK,HAREKET,1,2581,2788,2592,2466,2723,2483
5.9540,5954,OK,HAREKET,1,2372,2814,2554,2381,2760,2504
5.9550,5955,OK,HAREKET,1,2414,2813,2491,2501,2742,2507
5.9560,5956,OK,HAREKET,1,2445,2711,2546,2521,2770,2428
5.9570,5957,OK,HAREKET,1,2483,2778,2691,2507,2790,2383
5.9580,5958,OK,HAREKET,1,2519,2727,2555,2508,2831,2538
5.9590,5959,OK,HAREKET,1,2460,2829,2504,2484,2726,2575
5.9600,5960,OK,HAREKET,1,2462,2727,2582,2398,2857,2465
5.9610,5961,OK,HAREKET,1,2430,2787,2486,2491,2795,2539
5.9620,5962,OK,HAREKET,1,2509,2735,2615,2626,2802,2609
5.9630,5963,OK,HAREKET,1,2516,2752,2553,2504,2811,2571
5.9640,5964,OK,HAREKET,1,2492,2685,2548,2552,2805,2482
5.9650,5965,OK,HAREKET,1,2498,2873,2529,2528,2849,2407
5.9660,5966,OK,HAREKET,1,2392,2760,2586,2404,2827,2536
5.9670,5967,OK,HAREKET,1,2530,2569,2698,2484,2750,2500
5.9680,5968,OK,HAREKET,1,2398,2684,2538,2489,2748,2508
5.9690,5969,OK,HAREKET,1,2402,2703,2518,2468,2804,2332
5.9700,5970,OK,HAREKET,1,2416,2730,2634,2477,2752,2372
5.9710,5971,OK,HAREKET,1,2417,2749,2489,2406,2684,2397
5.9720,5972,OK,HAREKET,1,2382,2764,2483,2450,2868,2433
5.9730,5973,OK,HAREKET,1,2419,2854,2544,2461,2968,2509
5.9740,5974,OK,HAREKET,1,2527,2775,2531,2313,2755,2535
5.9750,5975,OK,HAREKET,1,2525,2846,2423,2452,2768,2485
5.9760,5976,OK,HAREKET,1,2475,2737,2563,2467,2699,2472
5.9770,5977,OK,HAREKET,1,2446,2896,2432,2436,2684,2488
5.9780,5978,OK,HAREKET,1,2491,2705,2557,2517,2571,2393
5.9790,5979,OK,HAREKET,1,2430,2748,2577,2471,2657,2451
5.9800,5980,OK,HAREKET,1,2559,2721,2500,2456,2645,2401
5.9810,5981,OK,HAREKET,1,2444,2773,2609,2428,2737,2488
5.9820,5982,OK,HAREKET,1,2377,2779,2516,2463,2622,2425
5.9830,5983,OK,HAREKET,1,2381,2728,2389,2383,2735,2494
5.9840,5984,OK,HAREKET,1,2424,2617,2491,2540,2767,2579
5.9850,5985,OK,HAREKET,1,2409,2746,2555,2470,2827,2523
5.9860,5986,OK,HAREKET,1,2430,2830,2501,2424,2662,2405
5.9870,5987,OK,HAREKET,1,2472,2690,2600,2569,2846,2494
5.9880,5988,OK,HAREKET,1,2517,2923,2490,2461,2806,2517
5.9890,5989,OK,HAREKET,1,2487,2757,2482,2572,2718,2493
5.9900,5990,OK,HAREKET,1,2469,2712,2566,2486,2812,2426
5.9910,5991,OK,HAREKET,1,2507,2702,2495,2483,2812,2537
5.9920,5992,OK,HAREKET,1,2397,2601,2635,2543,2764,2463
5.9930,5993,OK,HAREKET,1,2462,2623,2527,2557,2708,2475
5.9940,5994,OK,HAREKET,1,2420,2634,2652,2343,2929,2513
5.9950,5995,OK,HAREKET,1,2308,2715,2634,2436,2817,2355
5.9960,5996,OK,HAREKET,1,2309,2666,2572,2434,2772,2334
5.9970,5997,OK,HAREKET,1,2421,2644,2541,2481,2814,2441
5.9980,5998,OK,HAREKET,1,2339,2693,2609,2394,2835,2468
5.9990,5999,OK,HAREKET,1,2309,2814,2557,2444,2825,2451
6.0000,6000,ThumbUp,HAREKET,1,2409,2551,2883,2598,2639,2794
6.0010,6001,ThumbUp,HAREKET,1,2636,2723,2830,2640,2611,2737
6.0020,6002,ThumbUp,HAREKET,1,2477,2586,2861,2751,2584,2762
6.0030,6003,ThumbUp,HAREKET,1,2611,2747,2812,2498,2619,2778
6.0040,6004,ThumbUp,HAREKET,1,2561,2695,2883,2708,2728,2762
6.0050,6005,ThumbUp,HAREKET,1,2548,2674,2838,2583,2793,2753
6.0060,6006,ThumbUp,HAREKET,1,2570,2753,2675,2426,2645,2776
6.0070,6007,ThumbUp,HAREKET,1,2496,2740,2888,2564,2681,2686
6.0080,6008,ThumbUp,HAREKET,1,2593,2649,2852,2514,2643,2764
6.0090,6009,ThumbUp,HAREKET,1,2679,2688,2812,2514,2745,2644
6.0100,6010,ThumbUp,HAREKET,1,2606,2754,2705,2501,2668,2835
6.0110,6011,ThumbUp,HAREKET,1,2481,2768,2683,2492,2575,2739
6.0120,6012,ThumbUp,HAREKET,1,2478,2736,2688,2612,2606,2645
6.0130,6013,ThumbUp,HAREKET,1,2521,2627,2717,2522,2572,2693
6.0140,6014,ThumbUp,HAREKET,1,2477,2724,2678,2513,2617,2708
6.0150,6015,ThumbUp,HAREKET,1,2450,2672,2620,2660,2630,2637
6.0160,6016,ThumbUp,HAREKET,1,2541,2579,2777,2591,2607,2668
6.0170,6017,ThumbUp,HAREKET,1,2605,2576,2778,2517,2512,2715
6.0180,6018,ThumbUp,HAREKET,1,2477,2602,2705,2613,2577,2791
6.0190,6019,ThumbUp,HAREKET,1,2581,2682,2792,2531,2614,2702
6.0200,6020,ThumbUp,HAREKET,1,2601,2632,2836,2529,2578,2782
6.0210,6021,ThumbUp,HAREKET,1,2527,2735,2699,2434,2644,2606
6.0220,6022,ThumbUp,HAREKET,1,2630,2607,2731,2546,2638,2837
6.0230,6023,ThumbUp,HAREKET,1,2491,2616,2745,2452,2751,2800
6.0240,6024,ThumbUp,HAREKET,1,2359,2596,2762,2573,2444,2793
6.0250,6025,ThumbUp,HAREKET,1,2548,2711,2764,2638,2508,2778
6.0260,6026,ThumbUp,HAREKET,1,2532,2663,2799,2639,2553,2877
6.0270,6027,ThumbUp,HAREKET,1,2549,2662,2747,2569,2727,2854
6.0280,6028,ThumbUp,HAREKET,1,2556,2676,2715,2610,2600,2691
6.0290,6029,ThumbUp,HAREKET,1,2705,2614,2780,2588,2697,2717
6.0300,6030,ThumbUp,HAREKET,1,2549,2723,2782,2594,2661,2782
6.0310,6031,ThumbUp,HAREKET,1,2649,2740,2758,2571,2664,2732
6.0320,6032,ThumbUp,HAREKET,1,2601,2709,2997,2609,2641,2813
6.0330,6033,ThumbUp,HAREKET,1,2594,2747,2738,2588,2587,2756
6.0340,6034,ThumbUp,HAREKET,1,2593,2752,2897,2571,2614,2740
6.0350,6035,ThumbUp,HAREKET,1,2628,2642,2711,2573,2620,2830
6.0360,6036,ThumbUp,HAREKET,1,2521,2825,2914,2472,2658,2806
6.0370,6037,ThumbUp,HAREKET,1,2595,2708,2679,2525,2718,2731
6.0380,6038,ThumbUp,HAREKET,1,2657,2754,2843,2494,2674,2772
6.0390,6039,ThumbUp,HAREKET,1,2462,2702,2712,2606,2738,2735
6.0400,6040,ThumbUp,HAREKET,1,2529,2771,2685,2623,2638,2551
6.0410,6041,ThumbUp,HAREKET,1,2365,2687,2775,2427,2666,2767
6.0420,6042,ThumbUp,HAREKET,1,2443,2567,2846,2510,2699,2718
6.0430,6043,ThumbUp,HAREKET,1,2562,2602,2772,2536,2630,2805
6.0440,6044,ThumbUp,HAREKET,1,2497,2588,2889,2638,2605,2625
6.0450,6045,ThumbUp,HAREKET,1,2524,2672,2795,2453,2625,2814
6.0460,6046,ThumbUp,HAREKET,1,2546,2615,2705,2566,2587,2685
6.0470,6047,ThumbUp,HAREKET,1,2498,2733,2835,2563,2619,2870
6.0480,6048,ThumbUp,HAREKET,1,2575,2736,2751,2449,2631,2814
6.0490,6049,ThumbUp,HAREKET,1,2480,2597,2705,2553,2554,2802
6.0500,6050,ThumbUp,HAREKET,1,2539,2523,2734,2591,2559,2820
6.0510,6051,ThumbUp,HAREKET,1,2520,2692,2640,2474,2644,2806
6.0520,6052,ThumbUp,HAREKET,1,2535,2617,2847,2536,2541,2772
6.0530,6053,ThumbUp,HAREKET,1,2464,2553,2676,2645,2686,2849
6.0540,6054,ThumbUp,HAREKET,1,2571,2641,2757,2673,2615,2849
6.0550,6055,ThumbUp,HAREKET,1,2498,2679,2765,2572,2664,2861
6.0560,6056,ThumbUp,HAREKET,1,2545,2720,2772,2532,2585,2781
6.0570,6057,ThumbUp,HAREKET,1,2584,2674,2823,2558,2662,2727
6.0580,6058,ThumbUp,HAREKET,1,2615,2643,2773,2636,2562,2801
6.0590,6059,ThumbUp,HAREKET,1,2522,2713,2753,2658,2515,2711
6.0600,6060,ThumbUp,HAREKET,1,2525,2659,2712,2617,2562,2728
6.0610,6061,ThumbUp,HAREKET,1,2540,2745,2819,2586,2549,2750
6.0620,6062,ThumbUp,HAREKET,1,2670,2615,3001,2614,2653,2734
6.0630,6063,ThumbUp,HAREKET,1,2556,2842,2806,2476,2590,2682
6.0640,6064,ThumbUp,HAREKET,1,2558,2745,2843,2550,2702,2658
6.0650,6065,ThumbUp,HAREKET,1,2494,2644,2784,2466,2731,2747
6.0660,6066,ThumbUp,HAREKET,1,2540,2700,2769,2585,2676,2764
6.0670,6067,ThumbUp,HAREKET,1,2560,2676,2873,2526,2792,2697
6.0680,6068,ThumbUp,HAREKET,1,2611,2540,2664,2581,2848,2780
6.0690,6069,ThumbUp,HAREKET,1,2481,2718,2818,2506,2588,2799
6.0700,6070,ThumbUp,HAREKET,1,2483,2648,2660,2585,2647,2824
6.0710,6071,ThumbUp,HAREKET,1,2503,2489,2688,2527,2629,2682
6.0720,6072,ThumbUp,HAREKET,1,2430,2668,2792,2514,2586,2647
6.0730,6073,ThumbUp,HAREKET,1,2557,2645,2643,2404,2588,2800
6.0740,6074,ThumbUp,HAREKET,1,2459,2688,2813,2511,2583,2826
6.0750,6075,ThumbUp,HAREKET,1,2555,2553,2844,2517,2704,2813
6.0760,6076,ThumbUp,HAREKET,1,2524,2646,2783,2492,2595,2770
6.0770,6077,ThumbUp,HAREKET,1,2560,2632,2851,2599,2524,2829
6.0780,6078,ThumbUp,HAREKET,1,2581,2683,2666,2519,2574,2769
6.0790,6079,ThumbUp,HAREKET,1,2643,2792,2816,2514,2537,2980
6.0800,6080,ThumbUp,HAREKET,1,2495,2710,2839,2608,2614,2871
6.0810,6081,ThumbUp,HAREKET,1,2502,2582,2804,2679,2524,2919
6.0820,6082,ThumbUp,HAREKET,1,2552,2558,2814,2560,2614,2853
6.0830,6083,ThumbUp,HAREKET,1,2522,2798,2824,2564,2598,2853
6.0840,6084,ThumbUp,HAREKET,1,2521,2656,2717,2651,2696,2869
6.0850,6085,ThumbUp,HAREKET,1,2609,2741,2836,2655,2705,2689
6.0860,6086,ThumbUp,HAREKET,1,2599,2614,2842,2624,2659,2797
6.0870,6087,ThumbUp,HAREKET,1,2531,2772,2913,2497,2557,2723
6.0880,6088,ThumbUp,HAREKET,1,2619,2746,2870,2648,2743,2783
6.0890,6089,ThumbUp,HAREKET,1,2546,2779,2779,2490,2638,2653
6.0900,6090,ThumbUp,HAREKET,1,2566,2721,2951,2520,2686,2760
6.0910,6091,ThumbUp,HAREKET,1,2551,2621,2665,2554,2695,2838
6.0920,6092,ThumbUp,HAREKET,1,2480,2813,2874,2549,2655,2688
6.0930,6093,ThumbUp,HAREKET,1,2522,2593,2702,2450,2630,2848
6.0940,6094,ThumbUp,HAREKET,1,2632,2670,2635,2452,2677,2654
6.0950,6095,ThumbUp,HAREKET,1,2408,2562,2884,2595,2799,2768
6.0960,6096,ThumbUp,HAREKET,1,2436,2594,2792,2549,2758,2810
6.0970,6097,ThumbUp,HAREKET,1,2591,2748,2688,2562,2546,2794
6.0980,6098,ThumbUp,HAREKET,1,2453,2568,2697,2477,2636,2684
6.0990,6099,ThumbUp,HAREKET,1,2375,2718,2763,2605,2760,2808
6.1000,6100,ThumbUp,HAREKET,1,2550,2675,2749,2576,2713,2789
6.1010,6101,ThumbUp,HAREKET,1,2535,2649,2738,2686,2715,2665
6.1020,6102,ThumbUp,HAREKET,1,2458,2670,2798,2503,2661,2775
6.1030,6103,ThumbUp,HAREKET,1,2465,2658,2746,2491,2604,2750
6.1040,6104,ThumbUp,HAREKET,1,2611,2699,2765,2382,2591,2733
6.1050,6105,ThumbUp,HAREKET,1,2506,2723,2751,2474,2687,2884
6.1060,6106,ThumbUp,HAREKET,1,2428,2726,2722,2495,2647,2902
6.1070,6107,ThumbUp,HAREKET,1,2568,2576,2740,2493,2613,2826
6.1080,6108,ThumbUp,HAREKET,1,2457,2570,2848,2682,2705,2913
6.1090,6109,ThumbUp,HAREKET,1,2455,2619,2645,2618,2664,2854
6.1100,6110,ThumbUp,HAREKET,1,2538,2571,2698,2541,2693,2884
6.1110,6111,ThumbUp,HAREKET,1,2558,2635,2807,2529,2671,2842
6.1120,6112,ThumbUp,HAREKET,1,2637,2673,2821,2658,2567,2949
6.1130,6113,ThumbUp,HAREKET,1,2516,2701,2892,2647,2638,2686
6.1140,6114,ThumbUp,HAREKET,1,2614,2754,2900,2600,2724,2717
6.1150,6115,ThumbUp,HAREKET,1,2660,2640,2874,2573,2658,2666
6.1160,6116,ThumbUp,HAREKET,1,2523,2719,2771,2610,2597,2799
6.1170,6117,ThumbUp,HAREKET,1,2482,2757,3096,2467,2667,2709
6.1180,6118,ThumbUp,HAREKET,1,2691,2707,2786,2553,2561,2764
6.1190,6119,ThumbUp,HAREKET,1,2600,2827,2943,2534,2632,2729
6.1200,6120,ThumbUp,HAREKET,1,2537,2677,2684,2440,2813,2701
6.1210,6121,ThumbUp,HAREKET,1,2444,2657,2725,2515,2814,2797
6.1220,6122,ThumbUp,HAREKET,1,2556,2694,2637,2595,2650,2650
6.1230,6123,ThumbUp,HAREKET,1,2432,2644,2763,2529,2726,2768
6.1240,6124,ThumbUp,HAREKET,1,2474,2623,2914,2617,2661,2843
6.1250,6125,ThumbUp,HAREKET,1,2447,2693,2712,2482,2676,2763
6.1260,6126,ThumbUp,HAREKET,1,2385,2782,2673,2530,2648,2903
6.1270,6127,ThumbUp,HAREKET,1,2578,2802,2720,2417,2771,2723
6.1280,6128,ThumbUp,HAREKET,1,2538,2609,2813,2635,2621,2809
6.1290,6129,ThumbUp,HAREKET,1,2383,2623,2579,2512,2577,2718
6.1300,6130,ThumbUp,HAREKET,1,2595,2677,2821,2476,2634,2770
6.1310,6131,ThumbUp,HAREKET,1,2542,2662,2723,2507,2624,2754
6.1320,6132,ThumbUp,HAREKET,1,2525,2694,2755,2538,2568,2956
6.1330,6133,ThumbUp,HAREKET,1,2582,2655,2755,2534,2644,2794
6.1340,6134,ThumbUp,HAREKET,1,2471,2614,2848,2446,2748,2854
6.1350,6135,ThumbUp,HAREKET,1,2419,2678,2788,2667,2641,2855
6.1360,6136,ThumbUp,HAREKET,1,2528,2741,2860,2534,2631,2926
6.1370,6137,ThumbUp,HAREKET,1,2546,2615,2650,2574,2584,2808
6.1380,6138,ThumbUp,HAREKET,1,2567,2742,2813,2542,2641,2727
6.1390,6139,ThumbUp,HAREKET,1,2651,2722,2739,2506,2731,2774
6.1400,6140,ThumbUp,HAREKET,1,2547,2658,2985,2568,2668,2879
6.1410,6141,ThumbUp,HAREKET,1,2470,2699,2896,2638,2560,2793
6.1420,6142,ThumbUp,HAREKET,1,2536,2787,2866,2615,2710,2876
6.1430,6143,ThumbUp,HAREKET,1,2670,2777,2787,2668,2762,2767
6.1440,6144,ThumbUp,HAREKET,1,2645,2747,2865,2632,2650,2863
6.1450,6145,ThumbUp,HAREKET,1,2584,2773,2839,2522,2636,2929
6.1460,6146,ThumbUp,HAREKET,1,2526,2875,2888,2482,2618,2738
6.1470,6147,ThumbUp,HAREKET,1,2584,2721,2837,2539,2763,2875
6.1480,6148,ThumbUp,HAREKET,1,2555,2804,2762,2429,2729,2806
6.1490,6149,ThumbUp,HAREKET,1,2412,2669,2883,2484,2635,2689
6.1500,6150,ThumbUp,HAREKET,1,2507,2711,2878,2484,2695,2778
6.1510,6151,ThumbUp,HAREKET,1,2436,2673,2747,2478,2803,2758
6.1520,6152,ThumbUp,HAREKET,1,2522,2775,2767,2613,2829,2895
6.1530,6153,ThumbUp,HAREKET,1,2470,2611,2637,2456,2743,2745
6.1540,6154,ThumbUp,HAREKET,1,2521,2699,2764,2509,2697,2694
6.1550,6155,ThumbUp,HAREKET,1,2615,2553,2864,2674,2679,2662
6.1560,6156,ThumbUp,HAREKET,1,2466,2585,2760,2565,2696,2837
6.1570,6157,ThumbUp,HAREKET,1,2542,2638,2843,2603,2553,2799
6.1580,6158,ThumbUp,HAREKET,1,2549,2654,2908,2468,2533,2756
6.1590,6159,ThumbUp,HAREKET,1,2507,2698,2689,2549,2577,2835
6.1600,6160,ThumbUp,HAREKET,1,2467,2767,2810,2654,2537,2847
6.1610,6161,ThumbUp,HAREKET,1,2460,2741,2718,2389,2625,2768
6.1620,6162,ThumbUp,HAREKET,1,2538,2742,2669,2431,2566,2829
6.1630,6163,ThumbUp,HAREKET,1,2566,2814,2810,2599,2675,2927
6.1640,6164,ThumbUp,HAREKET,1,2434,2784,2856,2600,2537,2964
6.1650,6165,ThumbUp,HAREKET,1,2425,2600,2698,2473,2696,2757
6.1660,6166,ThumbUp,HAREKET,1,2532,2656,2796,2584,2627,2918
6.1670,6167,ThumbUp,HAREKET,1,2466,2737,2775,2456,2652,2832
6.1680,6168,ThumbUp,HAREKET,1,2525,2714,2929,2581,2703,2817
6.1690,6169,ThumbUp,HAREKET,1,2583,2709,2769,2526,2690,2868
6.1700,6170,ThumbUp,HAREKET,1,2637,2672,2790,2500,2656,2839
6.1710,6171,ThumbUp,HAREKET,1,2579,2773,2952,2682,2609,2832
6.1720,6172,ThumbUp,HAREKET,1,2574,2653,2869,2531,2771,2868
6.1730,6173,ThumbUp,HAREKET,1,2604,2745,2832,2469,2631,2882
6.1740,6174,ThumbUp,HAREKET,1,2613,2658,2762,2542,2646,2787
6.1750,6175,ThumbUp,HAREKET,1,2572,2747,2756,2611,2653,2711
6.1760,6176,ThumbUp,HAREKET,1,2562,2730,2823,2562,2773,2801
6.1770,6177,ThumbUp,HAREKET,1,2551,2684,2693,2464,2590,2832
6.1780,6178,ThumbUp,HAREKET,1,2522,2540,2733,2510,2758,2741
6.1790,6179,ThumbUp,HAREKET,1,2466,2618,2821,2546,2736,2849
6.1800,6180,ThumbUp,HAREKET,1,2446,2718,2646,2460,2744,2790
6.1810,6181,ThumbUp,HAREKET,1,2576,2616,2726,2525,2636,2609
6.1820,6182,ThumbUp,HAREKET,1,2567,2580,2795,2335,2601,2706
6.1830,6183,ThumbUp,HAREKET,1,2458,2542,2890,2463,2614,2748
6.1840,6184,ThumbUp,HAREKET,1,2537,2665,2805,2543,2605,2821
6.1850,6185,ThumbUp,HAREKET,1,2540,2736,2851,2494,2591,2689
6.1860,6186,ThumbUp,HAREKET,1,2603,2738,2792,2467,2465,2664
6.1870,6187,ThumbUp,HAREKET,1,2476,2590,2910,2483,2554,2900
6.1880,6188,ThumbUp,HAREKET,1,2447,2579,2769,2519,2598,2882
6.1890,6189,ThumbUp,HAREKET,1,2432,2650,2706,2560,2524,2879
6.1900,6190,ThumbUp,HAREKET,1,2515,2595,2779,2488,2637,2924
6.1910,6191,ThumbUp,HAREKET,1,2439,2622,2927,2588,2659,2770
6.1920,6192,ThumbUp,HAREKET,1,2441,2670,2760,2637,2727,2826
6.1930,6193,ThumbUp,HAREKET,1,2508,2664,2726,2469,2716,2869
6.1940,6194,ThumbUp,HAREKET,1,2508,2679,2741,2696,2668,2822
6.1950,6195,ThumbUp,HAREKET,1,2440,2682,2847,2572,2704,2883
6.1960,6196,ThumbUp,HAREKET,1,2603,2761,2880,2592,2719,2812
6.1970,6197,ThumbUp,HAREKET,1,2493,2693,2851,2542,2664,2719
6.1980,6198,ThumbUp,HAREKET,1,2594,2631,2876,2603,2647,2863
6.1990,6199,ThumbUp,HAREKET,1,2523,2773,2960,2468,2601,2872
6.2000,6200,ThumbUp,HAREKET,1,2529,2715,2989,2519,2630,2758
6.2010,6201,ThumbUp,HAREKET,1,2556,2694,2894,2635,2674,2843
6.2020,6202,ThumbUp,HAREKET,1,2581,2727,2946,2542,2724,2698
6.2030,6203,ThumbUp,HAREKET,1,2583,2571,2775,2550,2611,2805
6.2040,6204,ThumbUp,HAREKET,1,2496,2682,2893,2497,2676,2689
6.2050,6205,ThumbUp,HAREKET,1,2674,2798,2726,2485,2685,2938
6.2060,6206,ThumbUp,HAREKET,1,2535,2634,2840,2532,2732,2697
6.2070,6207,ThumbUp,HAREKET,1,2494,2523,2670,2585,2726,2735
6.2080,6208,ThumbUp,HAREKET,1,2610,2638,2808,2531,2755,2747
6.2090,6209,ThumbUp,HAREKET,1,2366,2621,2870,2431,2763,2729
6.2100,6210,ThumbUp,HAREKET,1,2476,2613,2754,2553,2697,2717
6.2110,6211,ThumbUp,HAREKET,1,2442,2754,2764,2542,2703,2702
6.2120,6212,ThumbUp,HAREKET,1,2444,2569,2771,2540,2583,2722
6.2130,6213,ThumbUp,HAREKET,1,2436,2576,2835,2496,2562,2819
6.2140,6214,ThumbUp,HAREKET,1,2449,2615,2824,2457,2600,2955
6.2150,6215,ThumbUp,HAREKET,1,2428,2736,2844,2457,2585,2812
6.2160,6216,ThumbUp,HAREKET,1,2563,2666,2882,2548,2583,2853
6.2170,6217,ThumbUp,HAREKET,1,2508,2670,2905,2549,2658,2829
6.2180,6218,ThumbUp,HAREKET,1,2454,2569,2774,2500,2586,2956
6.2190,6219,ThumbUp,HAREKET,1,2429,2570,2903,2552,2709,2902
6.2200,6220,ThumbUp,HAREKET,1,2458,2605,2786,2578,2647,2924
6.2210,6221,ThumbUp,HAREKET,1,2509,2580,2803,2540,2705,2862
6.2220,6222,ThumbUp,HAREKET,1,2546,2657,2776,2622,2570,2900
6.2230,6223,ThumbUp,HAREKET,1,2623,2721,2763,2699,2669,2730
6.2240,6224,ThumbUp,HAREKET,1,2556,2578,2788,2629,2740,2781
6.2250,6225,ThumbUp,HAREKET,1,2514,2733,2912,2673,2532,2748
6.2260,6226,ThumbUp,HAREKET,1,2604,2585,2905,2628,2669,2844
6.2270,6227,ThumbUp,HAREKET,1,2626,2689,2873,2555,2721,2838
6.2280,6228,ThumbUp,HAREKET,1,2585,2854,2870,2565,2644,2772
6.2290,6229,ThumbUp,HAREKET,1,2651,2706,2916,2515,2725,2723
6.2300,6230,ThumbUp,HAREKET,1,2502,2757,2810,2605,2597,2776
6.2310,6231,ThumbUp,HAREKET,1,2560,2860,2784,2515,2553,2704
6.2320,6232,ThumbUp,HAREKET,1,2517,2635,2843,2565,2500,2775
6.2330,6233,ThumbUp,HAREKET,1,2466,2665,2786,2462,2666,2876
6.2340,6234,ThumbUp,HAREKET,1,2522,2593,2766,2635,2750,2813
6.2350,6235,ThumbUp,HAREKET,1,2586,2578,2700,2602,2703,2793
6.2360,6236,ThumbUp,HAREKET,1,2372,2598,2776,2655,2633,2740
6.2370,6237,ThumbUp,HAREKET,1,2507,2641,2910,2533,2676,2747
6.2380,6238,ThumbUp,HAREKET,1,2584,2517,2683,2497,2612,2863
6.2390,6239,ThumbUp,HAREKET,1,2432,2678,2681,2515,2669,2777
6.2400,6240,ThumbUp,HAREKET,1,2533,2704,2862,2542,2683,2741
6.2410,6241,ThumbUp,HAREKET,1,2479,2749,2738,2482,2623,2931
6.2420,6242,ThumbUp,HAREKET,1,2537,2704,2888,2478,2653,2847
6.2430,6243,ThumbUp,HAREKET,1,2553,2584,2870,2570,2613,2866
6.2440,6244,ThumbUp,HAREKET,1,2450,2622,2819,2525,2626,2910
6.2450,6245,ThumbUp,HAREKET,1,2527,2727,2804,2545,2572,2853
6.2460,6246,ThumbUp,HAREKET,1,2494,2599,2773,2586,2615,2747
6.2470,6247,ThumbUp,HAREKET,1,2370,2640,2727,2537,2629,2922
6.2480,6248,ThumbUp,HAREKET,1,2479,2668,2815,2617,2827,3008
6.2490,6249,ThumbUp,HAREKET,1,2541,2770,2820,2561,2634,2805
6.2500,6250,ThumbUp,HAREKET,1,2462,2727,2821,2527,2604,2898
6.2510,6251,ThumbUp,HAREKET,1,2548,2595,2873,2550,2575,2832
6.2520,6252,ThumbUp,HAREKET,1,2634,2712,2856,2619,2561,2741
6.2530,6253,ThumbUp,HAREKET,1,2628,2680,2698,2704,2654,2826
6.2540,6254,ThumbUp,HAREKET,1,2568,2761,2864,2621,2622,2882
6.2550,6255,ThumbUp,HAREKET,1,2616,2638,2901,2529,2672,2799
6.2560,6256,ThumbUp,HAREKET,1,2610,2685,2859,2472,2648,2709
6.2570,6257,ThumbUp,HAREKET,1,2475,2641,2779,2533,2695,2759
6.2580,6258,ThumbUp,HAREKET,1,2492,2722,2844,2543,2678,2852
6.2590,6259,ThumbUp,HAREKET,1,2540,2757,2914,2484,2637,2849
6.2600,6260,ThumbUp,HAREKET,1,2599,2789,2828,2540,2694,2785
6.2610,6261,ThumbUp,HAREKET,1,2489,2651,2945,2582,2647,2663
6.2620,6262,ThumbUp,HAREKET,1,2504,2718,2849,2498,2704,2722
6.2630,6263,ThumbUp,HAREKET,1,2452,2618,2804,2557,2634,2846
6.2640,6264,ThumbUp,HAREKET,1,2550,2585,2796,2493,2659,2776
6.2650,6265,ThumbUp,HAREKET,1,2490,2629,2810,2559,2578,2788
6.2660,6266,ThumbUp,HAREKET,1,2493,2521,2817,2534,2692,2822
6.2670,6267,ThumbUp,HAREKET,1,2535,2666,2924,2495,2527,2856
6.2680,6268,ThumbUp,HAREKET,1,2525,2597,3040,2511,2631,2952
6.2690,6269,ThumbUp,HAREKET,1,2598,2601,2792,2606,2515,2825
6.2700,6270,ThumbUp,HAREKET,1,2455,2519,2854,2492,2548,2827
6.2710,6271,ThumbUp,HAREKET,1,2580,2686,2812,2508,2699,3009
6.2720,6272,ThumbUp,HAREKET,1,2627,2668,2764,2433,2488,2914
6.2730,6273,ThumbUp,HAREKET,1,2488,2718,2879,2612,2551,2822
6.2740,6274,ThumbUp,HAREKET,1,2545,2642,2721,2574,2580,2811
6.2750,6275,ThumbUp,HAREKET,1,2456,2671,2859,2614,2624,2728
6.2760,6276,ThumbUp,HAREKET,1,2512,2658,2766,2654,2649,2919
6.2770,6277,ThumbUp,HAREKET,1,2478,2693,2875,2554,2673,2758
6.2780,6278,ThumbUp,HAREKET,1,2542,2485,2826,2635,2614,2871
6.2790,6279,ThumbUp,HAREKET,1,2585,2620,2807,2585,2626,2875
6.2800,6280,ThumbUp,HAREKET,1,2615,2802,2936,2612,2797,2781
6.2810,6281,ThumbUp,HAREKET,1,2546,2751,2987,2551,2610,2855
6.2820,6282,ThumbUp,HAREKET,1,2565,2652,2916,2594,2682,2672
6.2830,6283,ThumbUp,HAREKET,1,2630,2773,2895,2664,2764,2882
6.2840,6284,ThumbUp,HAREKET,1,2582,2809,2868,2562,2762,2797
6.2850,6285,ThumbUp,HAREKET,1,2583,2633,2962,2470,2636,2857
6.2860,6286,ThumbUp,HAREKET,1,2573,2719,2952,2538,2674,2911
6.2870,6287,ThumbUp,HAREKET,1,2416,2572,2821,2361,2685,2825
6.2880,6288,ThumbUp,HAREKET,1,2554,2741,2761,2555,2603,2796
6.2890,6289,ThumbUp,HAREKET,1,2522,2702,2700,2580,2649,2930
6.2900,6290,ThumbUp,HAREKET,1,2563,2647,2719,2466,2588,2748
6.2910,6291,ThumbUp,HAREKET,1,2475,2626,2708,2572,2685,2832
6.2920,6292,ThumbUp,HAREKET,1,2561,2605,2680,2570,2814,2806
6.2930,6293,ThumbUp,HAREKET,1,2405,2590,2730,2516,2671,2896
6.2940,6294,ThumbUp,HAREKET,1,2472,2578,2820,2477,2511,2831
6.2950,6295,ThumbUp,HAREKET,1,2468,2563,2767,2522,2633,2713
6.2960,6296,ThumbUp,HAREKET,1,2543,2668,2718,2525,2622,2742
6.2970,6297,ThumbUp,HAREKET,1,2504,2539,2883,2507,2528,2832
6.2980,6298,ThumbUp,HAREKET,1,2493,2737,2674,2510,2648,2856
6.2990,6299,ThumbUp,HAREKET,1,2533,2655,2964,2619,2660,2804
6.3000,6300,ThumbUp,HAREKET,1,2472,2612,2918,2501,2562,2751
6.3010,6301,ThumbUp,HAREKET,1,2445,2647,2805,2448,2579,2892
6.3020,6302,ThumbUp,HAREKET,1,2513,2713,2772,2535,2543,2771
6.3030,6303,ThumbUp,HAREKET,1,2584,2655,2748,2574,2605,2820
6.3040,6304,ThumbUp,HAREKET,1,2618,2745,2851,2517,2628,2909
6.3050,6305,ThumbUp,HAREKET,1,2549,2701,2863,2652,2704,2840
6.3060,6306,ThumbUp,HAREKET,1,2565,2704,2776,2684,2701,2767
6.3070,6307,ThumbUp,HAREKET,1,2614,2718,2599,2635,2678,2784
6.3080,6308,ThumbUp,HAREKET,1,2585,2774,2883,2609,2612,2841
6.3090,6309,ThumbUp,HAREKET,1,2571,2784,2863,2652,2611,2760
6.3100,6310,ThumbUp,HAREKET,1,2613,2741,3033,2631,2645,2839
6.3110,6311,ThumbUp,HAREKET,1,2675,2827,2881,2657,2649,2832
6.3120,6312,ThumbUp,HAREKET,1,2477,2759,2779,2442,2512,2866
6.3130,6313,ThumbUp,HAREKET,1,2580,2629,2885,2621,2654,2781
6.3140,6314,ThumbUp,HAREKET,1,2428,2737,2808,2576,2692,2793
6.3150,6315,ThumbUp,HAREKET,1,2463,2703,2867,2468,2688,2707
6.3160,6316,ThumbUp,HAREKET,1,2625,2639,2968,2496,2660,2818
6.3170,6317,ThumbUp,HAREKET,1,2565,2492,2758,2587,2671,2659
6.3180,6318,ThumbUp,HAREKET,1,2541,2638,2792,2629,2570,2760
6.3190,6319,ThumbUp,HAREKET,1,2469,2650,2672,2517,2602,2704
6.3200,6320,ThumbUp,HAREKET,1,2469,2758,2798,2641,2669,2669
6.3210,6321,ThumbUp,HAREKET,1,2533,2478,2811,2601,2664,2811
6.3220,6322,ThumbUp,HAREKET,1,2477,2638,2814,2475,2603,2876
6.3230,6323,ThumbUp,HAREKET,1,2636,2637,2706,2516,2670,2715
6.3240,6324,ThumbUp,HAREKET,1,2542,2658,2876,2564,2548,2857
6.3250,6325,ThumbUp,HAREKET,1,2541,2591,2742,2505,2536,2739
6.3260,6326,ThumbUp,HAREKET,1,2460,2624,2797,2505,2537,2738
6.3270,6327,ThumbUp,HAREKET,1,2493,2658,2840,2498,2609,2968
6.3280,6328,ThumbUp,HAREKET,1,2537,2714,2716,2647,2606,2684
6.3290,6329,ThumbUp,HAREKET,1,2533,2631,2808,2573,2563,2944
6.3300,6330,ThumbUp,HAREKET,1,2586,2589,2862,2510,2676,2803
6.3310,6331,ThumbUp,HAREKET,1,2512,2688,2864,2522,2694,2835
6.3320,6332,ThumbUp,HAREKET,1,2547,2702,2845,2508,2631,2808
6.3330,6333,ThumbUp,HAREKET,1,2588,2710,2815,2611,2603,2814
6.3340,6334,ThumbUp,HAREKET,1,2555,2650,2866,2547,2546,2774
6.3350,6335,ThumbUp,HAREKET,1,2593,2473,2944,2631,2605,2764
6.3360,6336,ThumbUp,HAREKET,1,2558,2624,2860,2647,2581,2758
6.3370,6337,ThumbUp,HAREKET,1,2593,2819,2920,2659,2707,2915
6.3380,6338,ThumbUp,HAREKET,1,2546,2686,2929,2527,2559,2821
6.3390,6339,ThumbUp,HAREKET,1,2505,2776,2785,2587,2657,2661
6.3400,6340,ThumbUp,HAREKET,1,2595,2721,2729,2596,2655,2682
6.3410,6341,ThumbUp,HAREKET,1,2532,2715,3016,2542,2642,2945
6.3420,6342,ThumbUp,HAREKET,1,2662,2724,2888,2613,2639,2842
6.3430,6343,ThumbUp,HAREKET,1,2667,2694,2835,2604,2714,2727
6.3440,6344,ThumbUp,HAREKET,1,2572,2623,2843,2468,2698,2673
6.3450,6345,ThumbUp,HAREKET,1,2575,2646,2807,2544,2751,2753
6.3460,6346,ThumbUp,HAREKET,1,2538,2610,2780,2502,2680,2752
6.3470,6347,ThumbUp,HAREKET,1,2534,2548,2864,2586,2642,2658
6.3480,6348,ThumbUp,HAREKET,1,2509,2668,2728,2500,2584,2807
6.3490,6349,ThumbUp,HAREKET,1,2459,2633,2792,2601,2649,2787
6.3500,6350,ThumbUp,HAREKET,1,2558,2520,2832,2512,2632,2746
6.3510,6351,ThumbUp,HAREKET,1,2590,2544,2674,2408,2666,2712
6.3520,6352,ThumbUp,HAREKET,1,2535,2683,2819,2554,2566,2726
6.3530,6353,ThumbUp,HAREKET,1,2518,2692,2883,2484,2578,2696
6.3540,6354,ThumbUp,HAREKET,1,2594,2633,2842,2451,2473,2831
6.3550,6355,ThumbUp,HAREKET,1,2549,2614,2810,2571,2503,2950
6.3560,6356,ThumbUp,HAREKET,1,2621,2578,2668,2543,2675,2835
6.3570,6357,ThumbUp,HAREKET,1,2487,2622,2773,2584,2577,2719
6.3580,6358,ThumbUp,HAREKET,1,2588,2672,2844,2551,2617,2735
6.3590,6359,ThumbUp,HAREKET,1,2560,2576,2810,2677,2617,2934
6.3600,6360,ThumbUp,HAREKET,1,2605,2590,2634,2644,2552,2873
6.3610,6361,ThumbUp,HAREKET,1,2569,2739,2759,2625,2581,2764
6.3620,6362,ThumbUp,HAREKET,1,2677,2654,2912,2607,2653,2903
6.3630,6363,ThumbUp,HAREKET,1,2596,2647,2936,2663,2581,2802
6.3640,6364,ThumbUp,HAREKET,1,2650,2703,2858,2738,2586,2727
6.3650,6365,ThumbUp,HAREKET,1,2512,2599,2931,2656,2589,2644
6.3660,6366,ThumbUp,HAREKET,1,2558,2707,2835,2594,2611,2918
6.3670,6367,ThumbUp,HAREKET,1,2607,2592,2994,2589,2554,2766
6.3680,6368,ThumbUp,HAREKET,1,2682,2714,2911,2570,2580,2885
6.3690,6369,ThumbUp,HAREKET,1,2590,2702,2908,2628,2627,2905
6.3700,6370,ThumbUp,HAREKET,1,2541,2639,2886,2599,2617,2753
6.3710,6371,ThumbUp,HAREKET,1,2579,2630,2819,2652,2644,2762
6.3720,6372,ThumbUp,HAREKET,1,2510,2765,2956,2602,2632,2812
6.3730,6373,ThumbUp,HAREKET,1,2443,2572,2673,2634,2611,2777
6.3740,6374,ThumbUp,HAREKET,1,2500,2720,2868,2703,2622,2685
6.3750,6375,ThumbUp,HAREKET,1,2552,2566,2710,2601,2714,2771
6.3760,6376,ThumbUp,HAREKET,1,2540,2628,2774,2657,2646,2798
6.3770,6377,ThumbUp,HAREKET,1,2468,2529,2798,2639,2652,2630
6.3780,6378,ThumbUp,HAREKET,1,2551,2519,2900,2548,2491,2721
6.3790,6379,ThumbUp,HAREKET,1,2501,2714,2825,2579,2545,2613
6.3800,6380,ThumbUp,HAREKET,1,2471,2615,2884,2555,2602,2771
6.3810,6381,ThumbUp,HAREKET,1,2603,2550,2873,2615,2454,2922
6.3820,6382,ThumbUp,HAREKET,1,2517,2619,2872,2671,2613,2841
6.3830,6383,ThumbUp,HAREKET,1,2514,2671,2818,2573,2578,2892
6.3840,6384,ThumbUp,HAREKET,1,2544,2624,2822,2674,2617,2996
6.3850,6385,ThumbUp,HAREKET,1,2498,2506,2822,2679,2575,2950
6.3860,6386,ThumbUp,HAREKET,1,2499,2648,2776,2527,2576,2784
6.3870,6387,ThumbUp,HAREKET,1,2606,2644,2736,2673,2632,2753
6.3880,6388,ThumbUp,HAREKET,1,2509,2640,2807,2579,2562,2766
6.3890,6389,ThumbUp,HAREKET,1,2616,2584,2894,2599,2714,2804
6.3900,6390,ThumbUp,HAREKET,1,2636,2617,2869,2758,2646,2681
6.3910,6391,ThumbUp,HAREKET,1,2662,2568,2769,2646,2633,2828
6.3920,6392,ThumbUp,HAREKET,1,2633,2692,2702,2689,2621,2900
6.3930,6393,ThumbUp,HAREKET,1,2617,2691,2822,2533,2589,2844
6.3940,6394,ThumbUp,HAREKET,1,2656,2786,2866,2540,2570,2711
6.3950,6395,ThumbUp,HAREKET,1,2583,2618,2872,2661,2604,2801
6.3960,6396,ThumbUp,HAREKET,1,2587,2677,2913,2628,2596,2828
6.3970,6397,ThumbUp,HAREKET,1,2470,2687,2785,2523,2598,2797
6.3980,6398,ThumbUp,HAREKET,1,2627,2626,2890,2591,2645,2704
6.3990,6399,ThumbUp,HAREKET,1,2558,2644,2693,2540,2680,2866
6.4000,6400,ThumbUp,HAREKET,1,2470,2594,2892,2570,2515,2755
6.4010,6401,ThumbUp,HAREKET,1,2586,2627,2758,2600,2608,2817
6.4020,6402,ThumbUp,HAREKET,1,2499,2640,2734,2575,2647,2744
6.4030,6403,ThumbUp,HAREKET,1,2509,2630,2740,2502,2607,2645
6.4040,6404,ThumbUp,HAREKET,1,2513,2565,2763,2562,2592,2766
6.4050,6405,ThumbUp,HAREKET,1,2526,2619,2921,2611,2418,2805
6.4060,6406,ThumbUp,HAREKET,1,2531,2663,2688,2679,2562,2870
6.4070,6407,ThumbUp,HAREKET,1,2548,2575,2801,2588,2440,2729
6.4080,6408,ThumbUp,HAREKET,1,2473,2575,2849,2546,2518,2745
6.4090,6409,ThumbUp,HAREKET,1,2584,2588,2833,2592,2612,2772
6.4100,6410,ThumbUp,HAREKET,1,2487,2468,2901,2444,2594,2859
6.4110,6411,ThumbUp,HAREKET,1,2605,2554,2760,2566,2575,2797
6.4120,6412,ThumbUp,HAREKET,1,2555,2754,2805,2542,2544,2808
6.4130,6413,ThumbUp,HAREKET,1,2488,2644,2804,2508,2584,2750
6.4140,6414,ThumbUp,HAREKET,1,2520,2566,2883,2555,2648,2862
6.4150,6415,ThumbUp,HAREKET,1,2659,2603,2781,2615,2699,2861
6.4160,6416,ThumbUp,HAREKET,1,2637,2558,2749,2654,2500,2869
6.4170,6417,ThumbUp,HAREKET,1,2595,2610,2840,2691,2598,2824
6.4180,6418,ThumbUp,HAREKET,1,2638,2588,2735,2706,2643,2661
6.4190,6419,ThumbUp,HAREKET,1,2660,2670,2895,2656,2646,2693
6.4200,6420,ThumbUp,HAREKET,1,2597,2743,2911,2629,2538,2730
6.4210,6421,ThumbUp,HAREKET,1,2559,2672,2928,2625,2575,2759
6.4220,6422,ThumbUp,HAREKET,1,2645,2733,2965,2450,2694,2767
6.4230,6423,ThumbUp,HAREKET,1,2650,2649,2889,2592,2663,2712
6.4240,6424,ThumbUp,HAREKET,1,2724,2658,2918,2516,2556,2728
6.4250,6425,ThumbUp,HAREKET,1,2582,2657,2951,2491,2700,2714
6.4260,6426,ThumbUp,HAREKET,1,2715,2597,2861,2575,2714,2861
6.4270,6427,ThumbUp,HAREKET,1,2553,2484,2895,2537,2552,2860
6.4280,6428,ThumbUp,HAREKET,1,2614,2625,2680,2644,2594,2691
6.4290,6429,ThumbUp,HAREKET,1,2529,2597,2801,2543,2636,2703
6.4300,6430,ThumbUp,HAREKET,1,2595,2659,2765,2458,2597,2832
6.4310,6431,ThumbUp,HAREKET,1,2588,2660,2719,2644,2563,2666
6.4320,6432,ThumbUp,HAREKET,1,2650,2609,2754,2601,2581,2737
6.4330,6433,ThumbUp,HAREKET,1,2648,2643,2831,2622,2579,2627
6.4340,6434,ThumbUp,HAREKET,1,2557,2530,2946,2563,2570,2883
6.4350,6435,ThumbUp,HAREKET,1,2551,2599,2718,2551,2555,2798
6.4360,6436,ThumbUp,HAREKET,1,2489,2628,2770,2511,2387,2823
6.4370,6437,ThumbUp,HAREKET,1,2585,2499,2831,2556,2632,2841
6.4380,6438,ThumbUp,HAREKET,1,2549,2674,2802,2503,2544,2715
6.4390,6439,ThumbUp,HAREKET,1,2655,2586,2918,2541,2518,2884
6.4400,6440,ThumbUp,HAREKET,1,2513,2630,2771,2527,2491,2863
6.4410,6441,ThumbUp,HAREKET,1,2522,2605,2758,2564,2640,2819
6.4420,6442,ThumbUp,HAREKET,1,2603,2592,2781,2604,2600,2835
6.4430,6443,ThumbUp,HAREKET,1,2576,2549,2714,2627,2646,2901
6.4440,6444,ThumbUp,HAREKET,1,2602,2653,2817,2540,2568,2964
6.4450,6445,ThumbUp,HAREKET,1,2613,2566,2706,2693,2705,2644
6.4460,6446,ThumbUp,HAREKET,1,2658,2541,2839,2612,2609,2622
6.4470,6447,ThumbUp,HAREKET,1,2709,2620,2973,2639,2617,2753
6.4480,6448,ThumbUp,HAREKET,1,2589,2614,2798,2660,2654,2796
6.4490,6449,ThumbUp,HAREKET,1,2685,2648,2976,2668,2654,2857
6.4500,6450,ThumbUp,HAREKET,1,2648,2624,2915,2676,2640,2778
6.4510,6451,ThumbUp,HAREKET,1,2596,2535,2787,2552,2600,2763
6.4520,6452,ThumbUp,HAREKET,1,2676,2643,2964,2651,2675,2677
6.4530,6453,ThumbUp,HAREKET,1,2529,2697,2901,2531,2683,2721
6.4540,6454,ThumbUp,HAREKET,1,2560,2576,2668,2488,2649,2794
6.4550,6455,ThumbUp,HAREKET,1,2649,2722,2815,2529,2591,2705
6.4560,6456,ThumbUp,HAREKET,1,2582,2637,2714,2629,2638,2950
6.4570,6457,ThumbUp,HAREKET,1,2596,2587,2795,2603,2696,2790
6.4580,6458,ThumbUp,HAREKET,1,2580,2515,2718,2617,2583,2752
6.4590,6459,ThumbUp,HAREKET,1,2588,2516,2779,2499,2735,2621
6.4600,6460,ThumbUp,HAREKET,1,2582,2624,2760,2677,2537,2769
6.4610,6461,ThumbUp,HAREKET,1,2537,2631,2820,2559,2529,2714
6.4620,6462,ThumbUp,HAREKET,1,2540,2517,2632,2595,2644,2742
6.4630,6463,ThumbUp,HAREKET,1,2678,2604,2733,2482,2532,2710
6.4640,6464,ThumbUp,HAREKET,1,2545,2652,2789,2496,2559,2901
6.4650,6465,ThumbUp,HAREKET,1,2503,2724,2841,2587,2437,2824
6.4660,6466,ThumbUp,HAREKET,1,2545,2669,2781,2558,2520,2801
6.4670,6467,ThumbUp,HAREKET,1,2580,2690,2853,2540,2549,2838
6.4680,6468,ThumbUp,HAREKET,1,2519,2611,2654,2653,2557,2694
6.4690,6469,ThumbUp,HAREKET,1,2494,2632,2771,2683,2580,2751
6.4700,6470,ThumbUp,HAREKET,1,2569,2554,2796,2685,2559,2890
6.4710,6471,ThumbUp,HAREKET,1,2545,2622,2807,2640,2683,2880
6.4720,6472,ThumbUp,HAREKET,1,2532,2448,2842,2632,2659,2685
6.4730,6473,ThumbUp,HAREKET,1,2657,2636,2806,2648,2686,2888
6.4740,6474,ThumbUp,HAREKET,1,2627,2532,2952,2678,2565,2722
6.4750,6475,ThumbUp,HAREKET,1,2647,2684,2870,2684,2510,2708
6.4760,6476,ThumbUp,HAREKET,1,2615,2707,2842,2775,2560,2759
6.4770,6477,ThumbUp,HAREKET,1,2618,2707,2624,2622,2599,2907
6.4780,6478,ThumbUp,HAREKET,1,2607,2657,2873,2599,2643,2796
6.4790,6479,ThumbUp,HAREKET,1,2627,2705,2871,2709,2567,2672
6.4800,6480,ThumbUp,HAREKET,1,2560,2713,2828,2592,2658,2828
6.4810,6481,ThumbUp,HAREKET,1,2569,2744,2825,2502,2622,2794
6.4820,6482,ThumbUp,HAREKET,1,2521,2628,2815,2597,2667,2590
6.4830,6483,ThumbUp,HAREKET,1,2522,2684,2762,2652,2690,2806
6.4840,6484,ThumbUp,HAREKET,1,2601,2636,2825,2586,2628,2654
6.4850,6485,ThumbUp,HAREKET,1,2546,2678,2819,2591,2664,2670
6.4860,6486,ThumbUp,HAREKET,1,2531,2548,2742,2590,2690,2571
6.4870,6487,ThumbUp,HAREKET,1,2572,2591,2884,2609,2600,2613
6.4880,6488,ThumbUp,HAREKET,1,2525,2630,2691,2650,2572,2555
6.4890,6489,ThumbUp,HAREKET,1,2466,2548,2739,2605,2524,2784
6.4900,6490,ThumbUp,HAREKET,1,2627,2495,2731,2563,2599,2655
6.4910,6491,ThumbUp,HAREKET,1,2646,2508,2812,2568,2605,2835
6.4920,6492,ThumbUp,HAREKET,1,2557,2468,2736,2538,2498,2687
6.4930,6493,ThumbUp,HAREKET,1,2508,2592,2903,2545,2453,2813
6.4940,6494,ThumbUp,HAREKET,1,2630,2603,2864,2512,2578,2964
6.4950,6495,ThumbUp,HAREKET,1,2520,2616,2736,2573,2462,2669
6.4960,6496,ThumbUp,HAREKET,1,2628,2655,2787,2682,2535,2909
6.4970,6497,ThumbUp,HAREKET,1,2482,2536,2713,2642,2586,2818
6.4980,6498,ThumbUp,HAREKET,1,2523,2740,2812,2607,2504,2764
6.4990,6499,ThumbUp,HAREKET,1,2582,2546,2838,2611,2538,2848
6.5000,6500,ThumbUp,HAREKET,1,2495,2614,2804,2659,2589,2707
6.5010,6501,ThumbUp,HAREKET,1,2544,2762,2808,2687,2654,2776
6.5020,6502,ThumbUp,HAREKET,1,2594,2671,2849,2670,2720,2776
6.5030,6503,ThumbUp,HAREKET,1,2592,2683,2958,2729,2590,2862
6.5040,6504,ThumbUp,HAREKET,1,2583,2622,2945,2664,2659,2706
6.5050,6505,ThumbUp,HAREKET,1,2586,2755,2889,2516,2489,2789
6.5060,6506,ThumbUp,HAREKET,1,2553,2641,2819,2595,2628,2785
6.5070,6507,ThumbUp,HAREKET,1,2499,2747,2890,2591,2574,2815
6.5080,6508,ThumbUp,HAREKET,1,2679,2547,2858,2568,2612,2682
6.5090,6509,ThumbUp,HAREKET,1,2634,2726,2851,2562,2618,2632
6.5100,6510,ThumbUp,HAREKET,1,2526,2673,2822,2588,2678,2773
6.5110,6511,ThumbUp,HAREKET,1,2579,2491,2819,2648,2595,2614
6.5120,6512,ThumbUp,HAREKET,1,2650,2625,2730,2530,2710,2783
6.5130,6513,ThumbUp,HAREKET,1,2570,2605,2673,2559,2650,2732
6.5140,6514,ThumbUp,HAREKET,1,2565,2588,2756,2486,2723,2676
6.5150,6515,ThumbUp,HAREKET,1,2545,2572,2701,2595,2662,2629
6.5160,6516,ThumbUp,HAREKET,1,2488,2646,2799,2560,2535,2789
6.5170,6517,ThumbUp,HAREKET,1,2631,2546,2731,2581,2568,2701
6.5180,6518,ThumbUp,HAREKET,1,2573,2514,2931,2520,2519,2749
6.5190,6519,ThumbUp,HAREKET,1,2530,2643,2677,2566,2668,2707
6.5200,6520,ThumbUp,HAREKET,1,2504,2610,2923,2534,2558,2902
6.5210,6521,ThumbUp,HAREKET,1,2531,2789,2774,2601,2467,2777
6.5220,6522,ThumbUp,HAREKET,1,2541,2651,2716,2507,2722,2839
6.5230,6523,ThumbUp,HAREKET,1,2500,2532,2773,2591,2588,2844
6.5240,6524,ThumbUp,HAREKET,1,2668,2705,2714,2588,2616,2813
6.5250,6525,ThumbUp,HAREKET,1,2618,2607,2646,2553,2555,2812
6.5260,6526,ThumbUp,HAREKET,1,2478,2573,2887,2641,2617,2839
6.5270,6527,ThumbUp,HAREKET,1,2554,2555,2813,2599,2590,2783
6.5280,6528,ThumbUp,HAREKET,1,2673,2705,2852,2624,2653,2707
6.5290,6529,ThumbUp,HAREKET,1,2643,2625,2853,2613,2581,2785
6.5300,6530,ThumbUp,HAREKET,1,2648,2576,2873,2622,2698,2736
6.5310,6531,ThumbUp,HAREKET,1,2773,2662,2898,2594,2528,2665
6.5320,6532,ThumbUp,HAREKET,1,2586,2743,2832,2518,2633,2667
6.5330,6533,ThumbUp,HAREKET,1,2515,2717,2871,2618,2603,2761
6.5340,6534,ThumbUp,HAREKET,1,2691,2718,2860,2739,2667,2722
6.5350,6535,ThumbUp,HAREKET,1,2669,2670,2861,2548,2538,2764
6.5360,6536,ThumbUp,HAREKET,1,2595,2627,2942,2710,2692,2828
6.5370,6537,ThumbUp,HAREKET,1,2517,2705,2760,2609,2729,2707
6.5380,6538,ThumbUp,HAREKET,1,2482,2668,2696,2459,2556,2724
6.5390,6539,ThumbUp,HAREKET,1,2633,2676,2636,2520,2610,2627
6.5400,6540,ThumbUp,HAREKET,1,2547,2651,2650,2443,2648,2672
6.5410,6541,ThumbUp,HAREKET,1,2535,2513,2609,2559,2650,2825
6.5420,6542,ThumbUp,HAREKET,1,2472,2516,2748,2673,2647,2708
6.5430,6543,ThumbUp,HAREKET,1,2606,2639,2695,2520,2606,2845
6.5440,6544,ThumbUp,HAREKET,1,2574,2492,2779,2637,2579,2670
6.5450,6545,ThumbUp,HAREKET,1,2485,2604,2807,2627,2664,2711
6.5460,6546,ThumbUp,HAREKET,1,2582,2650,2933,2546,2764,2744
6.5470,6547,ThumbUp,HAREKET,1,2566,2684,2764,2643,2543,2657
6.5480,6548,ThumbUp,HAREKET,1,2602,2661,2689,2552,2576,2784
6.5490,6549,ThumbUp,HAREKET,1,2600,2544,2804,2607,2489,2920
6.5500,6550,ThumbUp,HAREKET,1,2527,2605,2652,2606,2673,2686
6.5510,6551,ThumbUp,HAREKET,1,2674,2606,2677,2572,2589,2729
6.5520,6552,ThumbUp,HAREKET,1,2621,2649,2724,2669,2606,2908
6.5530,6553,ThumbUp,HAREKET,1,2492,2575,2766,2630,2538,2846
6.5540,6554,ThumbUp,HAREKET,1,2548,2695,2825,2548,2633,2902
6.5550,6555,ThumbUp,HAREKET,1,2539,2628,2822,2669,2577,2729
6.5560,6556,ThumbUp,HAREKET,1,2605,2557,2866,2650,2550,2809
6.5570,6557,ThumbUp,HAREKET,1,2630,2612,2880,2605,2625,2661
6.5580,6558,ThumbUp,HAREKET,1,2704,2519,2787,2708,2616,2715
6.5590,6559,ThumbUp,HAREKET,1,2547,2730,2737,2609,2710,2686
6.5600,6560,ThumbUp,HAREKET,1,2594,2705,2840,2718,2671,2712
6.5610,6561,ThumbUp,HAREKET,1,2627,2717,2821,2555,2640,2854
6.5620,6562,ThumbUp,HAREKET,1,2597,2628,2893,2706,2589,2803
6.5630,6563,ThumbUp,HAREKET,1,2581,2646,2759,2564,2700,2820
6.5640,6564,ThumbUp,HAREKET,1,2534,2714,2765,2646,2718,2737
6.5650,6565,ThumbUp,HAREKET,1,2544,2654,2616,2539,2690,2762
6.5660,6566,ThumbUp,HAREKET,1,2554,2673,2709,2618,2706,2657
6.5670,6567,ThumbUp,HAREKET,1,2579,2694,2890,2518,2675,2721
6.5680,6568,ThumbUp,HAREKET,1,2542,2475,2781,2617,2757,2634
6.5690,6569,ThumbUp,HAREKET,1,2673,2554,2749,2510,2733,2758
6.5700,6570,ThumbUp,HAREKET,1,2620,2561,2792,2596,2604,2685
6.5710,6571,ThumbUp,HAREKET,1,2579,2589,2688,2567,2660,2602
6.5720,6572,ThumbUp,HAREKET,1,2581,2516,2718,2523,2707,2523
6.5730,6573,ThumbUp,HAREKET,1,2643,2526,2855,2548,2552,2774
6.5740,6574,ThumbUp,HAREKET,1,2617,2623,2735,2535,2566,2686
6.5750,6575,ThumbUp,HAREKET,1,2501,2587,2660,2567,2598,2829
6.5760,6576,ThumbUp,HAREKET,1,2515,2692,2723,2615,2581,2712
6.5770,6577,ThumbUp,HAREKET,1,2575,2621,2723,2570,2475,2808
6.5780,6578,ThumbUp,HAREKET,1,2473,2650,2727,2539,2486,2908
6.5790,6579,ThumbUp,HAREKET,1,2542,2678,2706,2536,2559,2797
6.5800,6580,ThumbUp,HAREKET,1,2590,2669,2759,2644,2626,2731
6.5810,6581,ThumbUp,HAREKET,1,2618,2647,2724,2508,2618,2794
6.5820,6582,ThumbUp,HAREKET,1,2659,2660,2835,2611,2579,2737
6.5830,6583,ThumbUp,HAREKET,1,2563,2606,2865,2558,2699,2637
6.5840,6584,ThumbUp,HAREKET,1,2702,2611,2900,2671,2707,2749
6.5850,6585,ThumbUp,HAREKET,1,2515,2648,2837,2703,2573,2810
6.5860,6586,ThumbUp,HAREKET,1,2611,2713,2919,2635,2705,2745
6.5870,6587,ThumbUp,HAREKET,1,2600,2728,2948,2711,2656,2739
6.5880,6588,ThumbUp,HAREKET,1,2686,2798,2825,2534,2596,2714
6.5890,6589,ThumbUp,HAREKET,1,2678,2707,2759,2609,2633,2674
6.5900,6590,ThumbUp,HAREKET,1,2678,2669,2809,2570,2742,2583
6.5910,6591,ThumbUp,HAREKET,1,2436,2751,2890,2584,2606,2698
6.5920,6592,ThumbUp,HAREKET,1,2662,2703,2893,2668,2556,2713
6.5930,6593,ThumbUp,HAREKET,1,2575,2604,2836,2602,2606,2705
6.5940,6594,ThumbUp,HAREKET,1,2442,2639,2685,2641,2750,2796
6.5950,6595,ThumbUp,HAREKET,1,2590,2586,2702,2574,2670,2723
6.5960,6596,ThumbUp,HAREKET,1,2563,2450,2730,2612,2774,2628
6.5970,6597,ThumbUp,HAREKET,1,2558,2651,2798,2665,2701,2677
6.5980,6598,ThumbUp,HAREKET,1,2523,2613,2650,2715,2740,2748
6.5990,6599,ThumbUp,HAREKET,1,2601,2565,2735,2679,2543,2663
6.6000,6600,ThumbUp,HAREKET,1,2600,2554,2589,2612,2668,2679
6.6010,6601,ThumbUp,HAREKET,1,2548,2511,2719,2506,2567,2745
6.6020,6602,ThumbUp,HAREKET,1,2606,2612,2679,2473,2569,2767
6.6030,6603,ThumbUp,HAREKET,1,2511,2625,2886,2539,2491,2757
6.6040,6604,ThumbUp,HAREKET,1,2543,2594,2782,2546,2594,2809
6.6050,6605,ThumbUp,HAREKET,1,2558,2772,2744,2578,2557,2746
6.6060,6606,ThumbUp,HAREKET,1,2562,2564,2784,2683,2565,2846
6.6070,6607,ThumbUp,HAREKET,1,2609,2690,2785,2495,2527,2759
6.6080,6608,ThumbUp,HAREKET,1,2504,2588,2842,2490,2656,3036
6.6090,6609,ThumbUp,HAREKET,1,2552,2622,2718,2578,2632,2859
6.6100,6610,ThumbUp,HAREKET,1,2584,2634,2729,2684,2480,2688
6.6110,6611,ThumbUp,HAREKET,1,2600,2611,2780,2625,2549,2718
6.6120,6612,ThumbUp,HAREKET,1,2514,2598,2724,2526,2540,2737
6.6130,6613,ThumbUp,HAREKET,1,2697,2540,2863,2714,2662,2819
6.6140,6614,ThumbUp,HAREKET,1,2535,2671,2761,2640,2575,2728
6.6150,6615,ThumbUp,HAREKET,1,2512,2745,2743,2646,2611,2623
6.6160,6616,ThumbUp,HAREKET,1,2615,2531,2751,2617,2523,2773
6.6170,6617,ThumbUp,HAREKET,1,2603,2582,2858,2553,2691,2768
6.6180,6618,ThumbUp,HAREKET,1,2729,2710,2829,2559,2671,2738
6.6190,6619,ThumbUp,HAREKET,1,2574,2649,2819,2622,2665,2843
6.6200,6620,ThumbUp,HAREKET,1,2532,2666,2823,2526,2648,2652
6.6210,6621,ThumbUp,HAREKET,1,2589,2637,2761,2621,2637,2691
6.6220,6622,ThumbUp,HAREKET,1,2520,2660,2795,2609,2657,2745
6.6230,6623,ThumbUp,HAREKET,1,2455,2660,2690,2607,2719,2789
6.6240,6624,ThumbUp,HAREKET,1,2617,2562,2658,2575,2669,2694
6.6250,6625,ThumbUp,HAREKET,1,2500,2580,2668,2557,2679,2648
6.6260,6626,ThumbUp,HAREKET,1,2433,2651,2694,2518,2587,2659
6.6270,6627,ThumbUp,HAREKET,1,2549,2645,2674,2579,2676,2705
6.6280,6628,ThumbUp,HAREKET,1,2561,2599,2788,2588,2611,2677
6.6290,6629,ThumbUp,HAREKET,1,2565,2517,2698,2580,2421,2683
6.6300,6630,ThumbUp,HAREKET,1,2557,2611,2631,2528,2540,2680
6.6310,6631,ThumbUp,HAREKET,1,2573,2720,2723,2589,2603,2822
6.6320,6632,ThumbUp,HAREKET,1,2573,2683,2854,2477,2581,2818
6.6330,6633,ThumbUp,HAREKET,1,2502,2594,2756,2555,2597,2784
6.6340,6634,ThumbUp,HAREKET,1,2457,2627,2721,2582,2586,2838
6.6350,6635,ThumbUp,HAREKET,1,2426,2631,2666,2505,2569,2859
6.6360,6636,ThumbUp,HAREKET,1,2548,2590,2750,2628,2608,2808
6.6370,6637,ThumbUp,HAREKET,1,2559,2686,2736,2638,2607,2842
6.6380,6638,ThumbUp,HAREKET,1,2546,2668,2764,2508,2611,2945
6.6390,6639,ThumbUp,HAREKET,1,2562,2633,2773,2596,2547,2867
6.6400,6640,ThumbUp,HAREKET,1,2725,2606,2687,2606,2727,2990
6.6410,6641,ThumbUp,HAREKET,1,2645,2603,2873,2706,2664,2813
6.6420,6642,ThumbUp,HAREKET,1,2613,2775,2761,2725,2711,2776
6.6430,6643,ThumbUp,HAREKET,1,2659,2640,2709,2537,2703,2819
6.6440,6644,ThumbUp,HAREKET,1,2521,2758,2871,2655,2621,2704
6.6450,6645,ThumbUp,HAREKET,1,2661,2730,2816,2641,2647,2754
6.6460,6646,ThumbUp,HAREKET,1,2611,2654,2891,2638,2633,2763
6.6470,6647,ThumbUp,HAREKET,1,2674,2643,2797,2479,2702,2564
6.6480,6648,ThumbUp,HAREKET,1,2611,2757,2780,2575,2556,2765
6.6490,6649,ThumbUp,HAREKET,1,2567,2647,2877,2573,2667,2818
6.6500,6650,ThumbUp,HAREKET,1,2581,2620,2758,2490,2658,2627
6.6510,6651,ThumbUp,HAREKET,1,2587,2691,2661,2509,2685,2744
6.6520,6652,ThumbUp,HAREKET,1,2599,2541,2663,2446,2757,2593
6.6530,6653,ThumbUp,HAREKET,1,2490,2551,2662,2656,2658,2783
6.6540,6654,ThumbUp,HAREKET,1,2522,2583,2781,2584,2598,2740
6.6550,6655,ThumbUp,HAREKET,1,2629,2629,2739,2628,2500,2734
6.6560,6656,ThumbUp,HAREKET,1,2573,2590,2885,2535,2525,2769
6.6570,6657,ThumbUp,HAREKET,1,2559,2605,2695,2663,2561,2690
6.6580,6658,ThumbUp,HAREKET,1,2439,2577,2743,2457,2583,2862
6.6590,6659,ThumbUp,HAREKET,1,2488,2745,2741,2570,2602,2797
6.6600,6660,ThumbUp,HAREKET,1,2500,2592,2845,2541,2555,2873
6.6610,6661,ThumbUp,HAREKET,1,2490,2645,2818,2489,2708,2766
6.6620,6662,ThumbUp,HAREKET,1,2452,2753,2770,2526,2540,2810
6.6630,6663,ThumbUp,HAREKET,1,2505,2596,2774,2495,2644,2718
6.6640,6664,ThumbUp,HAREKET,1,2564,2626,2719,2558,2682,2849
6.6650,6665,ThumbUp,HAREKET,1,2560,2550,2807,2624,2662,2863
6.6660,6666,ThumbUp,HAREKET,1,2480,2614,2756,2621,2606,2799
6.6670,6667,ThumbUp,HAREKET,1,2571,2614,2621,2591,2677,2708
6.6680,6668,ThumbUp,HAREKET,1,2588,2624,2898,2538,2552,2637
6.6690,6669,ThumbUp,HAREKET,1,2595,2581,2765,2673,2737,2801
6.6700,6670,ThumbUp,HAREKET,1,2609,2704,2856,2704,2586,2730
6.6710,6671,ThumbUp,HAREKET,1,2532,2599,2918,2714,2652,2685
6.6720,6672,ThumbUp,HAREKET,1,2485,2777,2804,2654,2649,2828
6.6730,6673,ThumbUp,HAREKET,1,2569,2705,2822,2643,2636,2741
6.6740,6674,ThumbUp,HAREKET,1,2590,2752,2679,2511,2565,2695
6.6750,6675,ThumbUp,HAREKET,1,2524,2727,2695,2650,2652,2706
6.6760,6676,ThumbUp,HAREKET,1,2686,2803,2669,2574,2814,2677
6.6770,6677,ThumbUp,HAREKET,1,2570,2686,2824,2549,2683,2758
6.6780,6678,ThumbUp,HAREKET,1,2522,2579,2642,2589,2706,2612
6.6790,6679,ThumbUp,HAREKET,1,2469,2652,2619,2594,2733,2700
6.6800,6680,ThumbUp,HAREKET,1,2634,2566,2702,2527,2654,2655
6.6810,6681,ThumbUp,HAREKET,1,2507,2612,2734,2546,2626,2684
6.6820,6682,ThumbUp,HAREKET,1,2539,2620,2744,2499,2505,2661
6.6830,6683,ThumbUp,HAREKET,1,2561,2688,2818,2452,2622,2697
6.6840,6684,ThumbUp,HAREKET,1,2545,2561,2770,2651,2482,2737
6.6850,6685,ThumbUp,HAREKET,1,2477,2590,2743,2431,2514,2645
6.6860,6686,ThumbUp,HAREKET,1,2586,2589,2768,2625,2635,2682
6.6870,6687,ThumbUp,HAREKET,1,2539,2577,2737,2449,2500,2813
6.6880,6688,ThumbUp,HAREKET,1,2527,2581,2796,2447,2617,2869
6.6890,6689,ThumbUp,HAREKET,1,2564,2539,2729,2508,2649,2745
6.6900,6690,ThumbUp,HAREKET,1,2443,2723,2826,2488,2591,2822
6.6910,6691,ThumbUp,HAREKET,1,2510,2689,2638,2519,2683,2798
6.6920,6692,ThumbUp,HAREKET,1,2439,2648,2843,2617,2803,2835
6.6930,6693,ThumbUp,HAREKET,1,2575,2561,2606,2627,2719,2776
6.6940,6694,ThumbUp,HAREKET,1,2505,2675,2763,2715,2740,2719
6.6950,6695,ThumbUp,HAREKET,1,2615,2635,2804,2529,2717,2878
6.6960,6696,ThumbUp,HAREKET,1,2640,2741,2814,2577,2678,2550
6.6970,6697,ThumbUp,HAREKET,1,2595,2643,2691,2611,2656,2804
6.6980,6698,ThumbUp,HAREKET,1,2511,2712,2801,2569,2566,2750
6.6990,6699,ThumbUp,HAREKET,1,2591,2741,2949,2613,2625,2724
6.7000,6700,ThumbUp,HAREKET,1,2688,2665,2790,2606,2705,2725
6.7010,6701,ThumbUp,HAREKET,1,2544,2738,2902,2437,2715,2905
6.7020,6702,ThumbUp,HAREKET,1,2653,2647,2844,2508,2623,2699
6.7030,6703,ThumbUp,HAREKET,1,2469,2638,2666,2599,2649,2696
6.7040,6704,ThumbUp,HAREKET,1,2576,2610,2754,2501,2768,2718
6.7050,6705,ThumbUp,HAREKET,1,2541,2675,2818,2506,2666,2837
6.7060,6706,ThumbUp,HAREKET,1,2490,2722,2687,2440,2614,2754
6.7070,6707,ThumbUp,HAREKET,1,2558,2670,2760,2559,2646,2727
6.7080,6708,ThumbUp,HAREKET,1,2533,2673,2631,2610,2743,2769
6.7090,6709,ThumbUp,HAREKET,1,2518,2584,2639,2619,2625,2603
6.7100,6710,ThumbUp,HAREKET,1,2584,2664,2964,2462,2663,2802
6.7110,6711,ThumbUp,HAREKET,1,2538,2563,2761,2423,2535,2720
6.7120,6712,ThumbUp,HAREKET,1,2525,2741,2842,2630,2551,2760
6.7130,6713,ThumbUp,HAREKET,1,2568,2612,2696,2572,2638,2734
6.7140,6714,ThumbUp,HAREKET,1,2529,2584,2766,2506,2543,2781
6.7150,6715,ThumbUp,HAREKET,1,2476,2632,2761,2631,2638,2811
6.7160,6716,ThumbUp,HAREKET,1,2599,2562,2647,2434,2518,2961
6.7170,6717,ThumbUp,HAREKET,1,2462,2681,2812,2428,2645,2934
6.7180,6718,ThumbUp,HAREKET,1,2511,2756,2795,2540,2683,2845
6.7190,6719,ThumbUp,HAREKET,1,2625,2641,2664,2532,2600,2946
6.7200,6720,ThumbUp,HAREKET,1,2526,2769,2769,2539,2693,2649
6.7210,6721,ThumbUp,HAREKET,1,2541,2767,2753,2538,2603,2892
6.7220,6722,ThumbUp,HAREKET,1,2499,2634,2824,2651,2512,2703
6.7230,6723,ThumbUp,HAREKET,1,2528,2704,2765,2591,2608,2873
6.7240,6724,ThumbUp,HAREKET,1,2478,2658,2898,2691,2651,2752
6.7250,6725,ThumbUp,HAREKET,1,2641,2669,2876,2546,2652,2712
6.7260,6726,ThumbUp,HAREKET,1,2581,2784,2688,2513,2764,2687
6.7270,6727,ThumbUp,HAREKET,1,2520,2696,2886,2556,2620,2806
6.7280,6728,ThumbUp,HAREKET,1,2593,2761,2973,2510,2754,2874
6.7290,6729,ThumbUp,HAREKET,1,2594,2763,3015,2497,2645,2765
6.7300,6730,ThumbUp,HAREKET,1,2596,2775,2768,2553,2688,2916
6.7310,6731,ThumbUp,HAREKET,1,2579,2720,2954,2514,2586,2747
6.7320,6732,ThumbUp,HAREKET,1,2534,2788,2857,2458,2682,2783
6.7330,6733,ThumbUp,HAREKET,1,2564,2602,2741,2591,2616,2840
6.7340,6734,ThumbUp,HAREKET,1,2468,2643,2761,2613,2750,2768
6.7350,6735,ThumbUp,HAREKET,1,2429,2696,2701,2582,2710,2781
6.7360,6736,ThumbUp,HAREKET,1,2540,2637,2672,2540,2630,2709
6.7370,6737,ThumbUp,HAREKET,1,2463,2476,2730,2535,2554,2658
6.7380,6738,ThumbUp,HAREKET,1,2501,2559,2809,2477,2733,2690
6.7390,6739,ThumbUp,HAREKET,1,2461,2646,2798,2519,2740,2698
6.7400,6740,ThumbUp,HAREKET,1,2588,2614,2736,2567,2686,2717
6.7410,6741,ThumbUp,HAREKET,1,2444,2662,2724,2520,2511,2811
6.7420,6742,ThumbUp,HAREKET,1,2515,2703,2700,2608,2525,2726
6.7430,6743,ThumbUp,HAREKET,1,2471,2730,2711,2520,2590,2812
6.7440,6744,ThumbUp,HAREKET,1,2459,2709,2772,2607,2565,2791
6.7450,6745,ThumbUp,HAREKET,1,2549,2748,2712,2536,2619,2831
6.7460,6746,ThumbUp,HAREKET,1,2515,2682,2789,2542,2630,2858
6.7470,6747,ThumbUp,HAREKET,1,2546,2666,2726,2575,2587,2817
6.7480,6748,ThumbUp,HAREKET,1,2427,2630,2780,2487,2503,2858
6.7490,6749,ThumbUp,HAREKET,1,2548,2682,2732,2634,2654,2865
6.7500,6750,ThumbUp,HAREKET,1,2611,2745,2704,2575,2682,2890
6.7510,6751,ThumbUp,HAREKET,1,2642,2588,2760,2594,2762,2892
6.7520,6752,ThumbUp,HAREKET,1,2551,2655,2811,2562,2629,2845
6.7530,6753,ThumbUp,HAREKET,1,2601,2553,2715,2646,2737,2669
6.7540,6754,ThumbUp,HAREKET,1,2554,2663,2956,2454,2611,2781
6.7550,6755,ThumbUp,HAREKET,1,2568,2644,2840,2602,2669,2694
6.7560,6756,ThumbUp,HAREKET,1,2669,2851,2826,2615,2601,2884
6.7570,6757,ThumbUp,HAREKET,1,2677,2745,2715,2498,2646,2880
6.7580,6758,ThumbUp,HAREKET,1,2653,2691,2704,2493,2721,2789
6.7590,6759,ThumbUp,HAREKET,1,2597,2744,2813,2423,2755,2782
6.7600,6760,ThumbUp,HAREKET,1,2517,2658,2705,2484,2692,2681
6.7610,6761,ThumbUp,HAREKET,1,2601,2696,2592,2443,2574,2922
6.7620,6762,ThumbUp,HAREKET,1,2388,2677,2791,2435,2742,2770
6.7630,6763,ThumbUp,HAREKET,1,2417,2600,2599,2586,2679,2730
6.7640,6764,ThumbUp,HAREKET,1,2473,2563,2769,2466,2637,2719
6.7650,6765,ThumbUp,HAREKET,1,2542,2608,2695,2485,2593,2693
6.7660,6766,ThumbUp,HAREKET,1,2415,2668,2693,2518,2734,2843
6.7670,6767,ThumbUp,HAREKET,1,2459,2662,2751,2425,2575,2825
6.7680,6768,ThumbUp,HAREKET,1,2579,2603,2811,2530,2578,2912
6.7690,6769,ThumbUp,HAREKET,1,2510,2607,2751,2476,2644,2797
6.7700,6770,ThumbUp,HAREKET,1,2548,2668,2811,2461,2628,2836
6.7710,6771,ThumbUp,HAREKET,1,2449,2671,2730,2436,2601,2840
6.7720,6772,ThumbUp,HAREKET,1,2466,2693,2701,2680,2630,2928
6.7730,6773,ThumbUp,HAREKET,1,2463,2645,2789,2471,2471,2848
6.7740,6774,ThumbUp,HAREKET,1,2545,2732,2745,2602,2595,2847
6.7750,6775,ThumbUp,HAREKET,1,2442,2681,2858,2499,2720,2932
6.7760,6776,ThumbUp,HAREKET,1,2570,2624,2777,2576,2602,2872
6.7770,6777,ThumbUp,HAREKET,1,2635,2615,2875,2556,2834,2866
6.7780,6778,ThumbUp,HAREKET,1,2537,2645,2740,2694,2752,2723
6.7790,6779,ThumbUp,HAREKET,1,2559,2729,2840,2620,2747,2844
6.7800,6780,ThumbUp,HAREKET,1,2529,2733,2841,2662,2587,2815
6.7810,6781,ThumbUp,HAREKET,1,2464,2707,2874,2678,2762,2694
6.7820,6782,ThumbUp,HAREKET,1,2482,2750,2930,2656,2595,2831
6.7830,6783,ThumbUp,HAREKET,1,2569,2636,2778,2634,2729,2720
6.7840,6784,ThumbUp,HAREKET,1,2546,2730,2791,2549,2680,2733
6.7850,6785,ThumbUp,HAREKET,1,2660,2651,2991,2563,2710,2885
6.7860,6786,ThumbUp,HAREKET,1,2489,2778,2880,2409,2592,2853
6.7870,6787,ThumbUp,HAREKET,1,2491,2678,2797,2483,2780,2808
6.7880,6788,ThumbUp,HAREKET,1,2517,2710,2672,2363,2720,2870
6.7890,6789,ThumbUp,HAREKET,1,2525,2567,2889,2599,2690,2794
6.7900,6790,ThumbUp,HAREKET,1,2426,2703,2666,2542,2739,2727
6.7910,6791,ThumbUp,HAREKET,1,2535,2703,2670,2579,2661,2758
6.7920,6792,ThumbUp,HAREKET,1,2549,2613,2557,2557,2568,2633
6.7930,6793,ThumbUp,HAREKET,1,2464,2525,2727,2494,2663,2809
6.7940,6794,ThumbUp,HAREKET,1,2450,2686,2752,2430,2661,2697
6.7950,6795,ThumbUp,HAREKET,1,2614,2676,2768,2510,2587,2731
6.7960,6796,ThumbUp,HAREKET,1,2520,2648,2713,2608,2584,2664
6.7970,6797,ThumbUp,HAREKET,1,2546,2740,2780,2447,2548,2817
6.7980,6798,ThumbUp,HAREKET,1,2607,2642,2659,2458,2679,2690
6.7990,6799,ThumbUp,HAREKET,1,2506,2676,2826,2496,2578,2891
6.8000,6800,ThumbUp,HAREKET,1,2422,2758,2802,2407,2546,2859
6.8010,6801,ThumbUp,HAREKET,1,2564,2662,2802,2505,2582,2795
6.8020,6802,ThumbUp,HAREKET,1,2474,2608,2701,2603,2647,2916
6.8030,6803,ThumbUp,HAREKET,1,2546,2679,2853,2642,2503,2876
6.8040,6804,ThumbUp,HAREKET,1,2363,2808,2657,2555,2726,2885
6.8050,6805,ThumbUp,HAREKET,1,2542,2578,2754,2548,2634,2756
6.8060,6806,ThumbUp,HAREKET,1,2558,2562,2873,2601,2671,2737
6.8070,6807,ThumbUp,HAREKET,1,2476,2600,2813,2527,2769,2678
6.8080,6808,ThumbUp,HAREKET,1,2478,2641,2834,2565,2640,2808
6.8090,6809,ThumbUp,HAREKET,1,2563,2753,2942,2553,2690,2791
6.8100,6810,ThumbUp,HAREKET,1,2624,2764,2797,2605,2651,2879
6.8110,6811,ThumbUp,HAREKET,1,2493,2763,2831,2569,2620,2771
6.8120,6812,ThumbUp,HAREKET,1,2543,2825,2707,2575,2679,2668
6.8130,6813,ThumbUp,HAREKET,1,2497,2800,2791,2544,2630,2830
6.8140,6814,ThumbUp,HAREKET,1,2599,2684,2746,2556,2719,2683
6.8150,6815,ThumbUp,HAREKET,1,2405,2763,2772,2493,2644,2747
6.8160,6816,ThumbUp,HAREKET,1,2518,2672,2762,2642,2785,2716
6.8170,6817,ThumbUp,HAREKET,1,2481,2619,2704,2484,2682,2684
6.8180,6818,ThumbUp,HAREKET,1,2552,2688,2828,2445,2723,2771
6.8190,6819,ThumbUp,HAREKET,1,2400,2721,2680,2463,2669,2847
6.8200,6820,ThumbUp,HAREKET,1,2580,2621,2820,2540,2754,2739
6.8210,6821,ThumbUp,HAREKET,1,2511,2510,2776,2596,2651,2826
6.8220,6822,ThumbUp,HAREKET,1,2430,2666,2651,2627,2636,2741
6.8230,6823,ThumbUp,HAREKET,1,2552,2623,2825,2442,2647,2792
6.8240,6824,ThumbUp,HAREKET,1,2470,2532,2802,2484,2610,2762
6.8250,6825,ThumbUp,HAREKET,1,2470,2678,2768,2472,2586,2891
6.8260,6826,ThumbUp,HAREKET,1,2530,2699,2735,2589,2433,2831
6.8270,6827,ThumbUp,HAREKET,1,2484,2697,2807,2500,2522,2809
6.8280,6828,ThumbUp,HAREKET,1,2484,2662,2762,2505,2666,2881
6.8290,6829,ThumbUp,HAREKET,1,2544,2690,2770,2629,2694,2902
6.8300,6830,ThumbUp,HAREKET,1,2423,2683,2819,2601,2699,2713
6.8310,6831,ThumbUp,HAREKET,1,2423,2661,2743,2601,2616,2822
6.8320,6832,ThumbUp,HAREKET,1,2481,2590,2817,2571,2710,2782
6.8330,6833,ThumbUp,HAREKET,1,2509,2599,2886,2536,2733,2839
6.8340,6834,ThumbUp,HAREKET,1,2545,2779,2777,2651,2654,2865
6.8350,6835,ThumbUp,HAREKET,1,2568,2739,2840,2661,2593,2732
6.8360,6836,ThumbUp,HAREKET,1,2571,2674,2711,2548,2606,2821
6.8370,6837,ThumbUp,HAREKET,1,2565,2727,2820,2575,2787,2667
6.8380,6838,ThumbUp,HAREKET,1,2556,2634,2894,2551,2680,2742
6.8390,6839,ThumbUp,HAREKET,1,2565,2811,2833,2646,2674,2747
6.8400,6840,ThumbUp,HAREKET,1,2602,2745,2919,2490,2722,2877
6.8410,6841,ThumbUp,HAREKET,1,2416,2632,2783,2617,2733,2693
6.8420,6842,ThumbUp,HAREKET,1,2508,2669,2744,2594,2718,2756
6.8430,6843,ThumbUp,HAREKET,1,2457,2824,2731,2504,2660,2780
6.8440,6844,ThumbUp,HAREKET,1,2514,2706,2853,2545,2735,2725
6.8450,6845,ThumbUp,HAREKET,1,2501,2719,2733,2533,2723,2785
6.8460,6846,ThumbUp,HAREKET,1,2444,2676,2933,2541,2691,2659
6.8470,6847,ThumbUp,HAREKET,1,2567,2546,2793,2586,2728,2734
6.8480,6848,ThumbUp,HAREKET,1,2563,2536,2729,2574,2631,2767
6.8490,6849,ThumbUp,HAREKET,1,2508,2585,2750,2455,2766,2899
6.8500,6850,ThumbUp,HAREKET,1,2548,2637,2858,2524,2658,2673
6.8510,6851,ThumbUp,HAREKET,1,2446,2588,2847,2435,2665,2744
6.8520,6852,ThumbUp,HAREKET,1,2542,2723,2887,2637,2577,2858
6.8530,6853,ThumbUp,HAREKET,1,2434,2595,2864,2584,2659,2932
6.8540,6854,ThumbUp,HAREKET,1,2527,2644,2795,2552,2705,2896
6.8550,6855,ThumbUp,HAREKET,1,2477,2663,2700,2585,2588,2886
6.8560,6856,ThumbUp,HAREKET,1,2496,2673,2606,2558,2528,2869
6.8570,6857,ThumbUp,HAREKET,1,2498,2697,2723,2550,2646,2964
6.8580,6858,ThumbUp,HAREKET,1,2583,2599,2802,2499,2565,2799
6.8590,6859,ThumbUp,HAREKET,1,2480,2674,2866,2509,2643,2794
6.8600,6860,ThumbUp,HAREKET,1,2494,2728,2798,2565,2583,2873
6.8610,6861,ThumbUp,HAREKET,1,2484,2666,2876,2693,2592,2787
6.8620,6862,ThumbUp,HAREKET,1,2625,2631,2872,2643,2599,2897
6.8630,6863,ThumbUp,HAREKET,1,2574,2603,2688,2532,2723,2802
6.8640,6864,ThumbUp,HAREKET,1,2519,2749,2905,2552,2639,2768
6.8650,6865,ThumbUp,HAREKET,1,2524,2707,2826,2689,2626,2851
6.8660,6866,ThumbUp,HAREKET,1,2576,2644,2916,2650,2724,2774
6.8670,6867,ThumbUp,HAREKET,1,2548,2741,2928,2490,2671,2800
6.8680,6868,ThumbUp,HAREKET,1,2599,2823,2887,2518,2782,2787
6.8690,6869,ThumbUp,HAREKET,1,2538,2710,2856,2467,2764,2841
6.8700,6870,ThumbUp,HAREKET,1,2560,2591,2762,2479,2691,2681
6.8710,6871,ThumbUp,HAREKET,1,2502,2682,2820,2512,2671,2816
6.8720,6872,ThumbUp,HAREKET,1,2459,2703,2816,2604,2757,2836
6.8730,6873,ThumbUp,HAREKET,1,2436,2625,2763,2552,2648,2774
6.8740,6874,ThumbUp,HAREKET,1,2537,2754,2681,2506,2687,2758
6.8750,6875,ThumbUp,HAREKET,1,2498,2645,2572,2403,2618,2898
6.8760,6876,ThumbUp,HAREKET,1,2515,2542,2840,2494,2716,2651
6.8770,6877,ThumbUp,HAREKET,1,2528,2605,2693,2561,2617,2752
6.8780,6878,ThumbUp,HAREKET,1,2376,2610,2820,2449,2743,2823
6.8790,6879,ThumbUp,HAREKET,1,2483,2630,2777,2642,2562,2833
6.8800,6880,ThumbUp,HAREKET,1,2507,2756,2696,2580,2606,2813
6.8810,6881,ThumbUp,HAREKET,1,2542,2685,2883,2527,2605,2692
6.8820,6882,ThumbUp,HAREKET,1,2432,2633,2852,2457,2623,2855
6.8830,6883,ThumbUp,HAREKET,1,2563,2818,2720,2574,2537,2915
6.8840,6884,ThumbUp,HAREKET,1,2553,2633,2669,2504,2595,2826
6.8850,6885,ThumbUp,HAREKET,1,2488,2625,2888,2530,2536,2853
6.8860,6886,ThumbUp,HAREKET,1,2471,2691,2883,2549,2703,2795
6.8870,6887,ThumbUp,HAREKET,1,2488,2673,2870,2740,2621,2778
6.8880,6888,ThumbUp,HAREKET,1,2490,2566,2803,2434,2702,2845
6.8890,6889,ThumbUp,HAREKET,1,2554,2595,2800,2534,2676,2778
6.8900,6890,ThumbUp,HAREKET,1,2494,2694,2839,2667,2708,2862
6.8910,6891,ThumbUp,HAREKET,1,2473,2676,2776,2625,2700,2763
6.8920,6892,ThumbUp,HAREKET,1,2526,2744,2903,2585,2606,2960
6.8930,6893,ThumbUp,HAREKET,1,2429,2743,2907,2547,2654,2763
6.8940,6894,ThumbUp,HAREKET,1,2510,2767,2743,2515,2654,2789
6.8950,6895,ThumbUp,HAREKET,1,2507,2694,2946,2592,2785,2781
6.8960,6896,ThumbUp,HAREKET,1,2560,2691,2876,2504,2754,2895
6.8970,6897,ThumbUp,HAREKET,1,2515,2623,2829,2491,2617,2745
6.8980,6898,ThumbUp,HAREKET,1,2461,2683,2741,2473,2753,2891
6.8990,6899,ThumbUp,HAREKET,1,2473,2698,2708,2529,2630,2845
6.9000,6900,ThumbUp,HAREKET,1,2598,2701,2708,2561,2687,2838
6.9010,6901,ThumbUp,HAREKET,1,2460,2522,2735,2470,2647,2789
6.9020,6902,ThumbUp,HAREKET,1,2599,2587,2850,2531,2784,2838
6.9030,6903,ThumbUp,HAREKET,1,2524,2571,2801,2561,2750,2701
6.9040,6904,ThumbUp,HAREKET,1,2456,2641,2788,2585,2658,2627
6.9050,6905,ThumbUp,HAREKET,1,2514,2785,2696,2534,2683,2666
6.9060,6906,ThumbUp,HAREKET,1,2476,2649,2736,2480,2616,2801
6.9070,6907,ThumbUp,HAREKET,1,2533,2610,2848,2535,2531,2863
6.9080,6908,ThumbUp,HAREKET,1,2444,2663,2680,2517,2534,2655
6.9090,6909,ThumbUp,HAREKET,1,2535,2696,2668,2530,2412,2717
6.9100,6910,ThumbUp,HAREKET,1,2460,2600,2786,2354,2518,2753
6.9110,6911,ThumbUp,HAREKET,1,2500,2677,2829,2475,2617,2815
6.9120,6912,ThumbUp,HAREKET,1,2450,2783,2918,2506,2577,2707
6.9130,6913,ThumbUp,HAREKET,1,2502,2778,2729,2553,2642,2897
6.9140,6914,ThumbUp,HAREKET,1,2550,2604,2737,2506,2607,2862
6.9150,6915,ThumbUp,HAREKET,1,2436,2628,2735,2563,2692,2762
6.9160,6916,ThumbUp,HAREKET,1,2488,2693,2779,2557,2636,2878
6.9170,6917,ThumbUp,HAREKET,1,2504,2702,2790,2627,2750,2737
6.9180,6918,ThumbUp,HAREKET,1,2557,2657,2903,2629,2665,2641
6.9190,6919,ThumbUp,HAREKET,1,2536,2700,2716,2640,2668,2818
6.9200,6920,ThumbUp,HAREKET,1,2533,2736,2955,2607,2631,2767
6.9210,6921,ThumbUp,HAREKET,1,2604,2840,2838,2598,2676,2607
6.9220,6922,ThumbUp,HAREKET,1,2530,2674,2894,2533,2650,2810
6.9230,6923,ThumbUp,HAREKET,1,2574,2782,2937,2453,2747,2763
6.9240,6924,ThumbUp,HAREKET,1,2563,2698,2810,2664,2700,2777
6.9250,6925,ThumbUp,HAREKET,1,2464,2748,2862,2576,2679,2780
6.9260,6926,ThumbUp,HAREKET,1,2486,2653,2821,2499,2665,2838
6.9270,6927,ThumbUp,HAREKET,1,2500,2689,2827,2423,2635,2875
6.9280,6928,ThumbUp,HAREKET,1,2521,2727,2748,2494,2642,2879
6.9290,6929,ThumbUp,HAREKET,1,2560,2642,2684,2628,2650,2642
6.9300,6930,ThumbUp,HAREKET,1,2489,2642,2655,2476,2770,2798
6.9310,6931,ThumbUp,HAREKET,1,2526,2590,2678,2605,2629,2721
6.9320,6932,ThumbUp,HAREKET,1,2635,2567,2762,2490,2754,2768
6.9330,6933,ThumbUp,HAREKET,1,2568,2590,2879,2530,2595,2756
6.9340,6934,ThumbUp,HAREKET,1,2518,2629,2767,2518,2550,2761
6.9350,6935,ThumbUp,HAREKET,1,2415,2663,2777,2540,2566,2731
6.9360,6936,ThumbUp,HAREKET,1,2533,2539,2692,2515,2600,2738
6.9370,6937,ThumbUp,HAREKET,1,2557,2758,2909,2572,2531,2814
6.9380,6938,ThumbUp,HAREKET,1,2498,2640,2784,2562,2507,2793
6.9390,6939,ThumbUp,HAREKET,1,2421,2606,2922,2558,2514,2887
6.9400,6940,ThumbUp,HAREKET,1,2479,2529,2659,2541,2539,2874
6.9410,6941,ThumbUp,HAREKET,1,2510,2542,2855,2529,2612,2909
6.9420,6942,ThumbUp,HAREKET,1,2539,2614,2813,2623,2482,2804
6.9430,6943,ThumbUp,HAREKET,1,2504,2696,2773,2687,2641,2878
6.9440,6944,ThumbUp,HAREKET,1,2519,2628,2706,2549,2702,2905
6.9450,6945,ThumbUp,HAREKET,1,2580,2644,2803,2743,2647,2848
6.9460,6946,ThumbUp,HAREKET,1,2526,2600,2951,2607,2711,2826
6.9470,6947,ThumbUp,HAREKET,1,2561,2685,2871,2597,2610,2861
6.9480,6948,ThumbUp,HAREKET,1,2607,2737,3035,2605,2580,2778
6.9490,6949,ThumbUp,HAREKET,1,2466,2707,2844,2583,2658,2801
6.9500,6950,ThumbUp,HAREKET,1,2682,2693,2696,2649,2647,2873
6.9510,6951,ThumbUp,HAREKET,1,2594,2716,2950,2600,2640,2829
6.9520,6952,ThumbUp,HAREKET,1,2596,2809,2985,2604,2655,2819
6.9530,6953,ThumbUp,HAREKET,1,2529,2808,2700,2607,2671,2919
6.9540,6954,ThumbUp,HAREKET,1,2546,2766,2849,2607,2619,2629
6.9550,6955,ThumbUp,HAREKET,1,2487,2648,2788,2651,2626,2665
6.9560,6956,ThumbUp,HAREKET,1,2520,2609,2747,2640,2818,2848
6.9570,6957,ThumbUp,HAREKET,1,2505,2666,2842,2457,2859,2802
6.9580,6958,ThumbUp,HAREKET,1,2453,2641,2779,2513,2659,2770
6.9590,6959,ThumbUp,HAREKET,1,2466,2601,2727,2552,2676,2647
6.9600,6960,ThumbUp,HAREKET,1,2499,2653,2787,2511,2729,2783
6.9610,6961,ThumbUp,HAREKET,1,2552,2519,2808,2493,2644,2758
6.9620,6962,ThumbUp,HAREKET,1,2565,2711,2897,2571,2572,2774
6.9630,6963,ThumbUp,HAREKET,1,2540,2614,2756,2536,2507,2818
6.9640,6964,ThumbUp,HAREKET,1,2486,2596,2728,2426,2605,2855
6.9650,6965,ThumbUp,HAREKET,1,2582,2617,2906,2610,2561,2978
6.9660,6966,ThumbUp,HAREKET,1,2540,2634,2892,2616,2520,2838
6.9670,6967,ThumbUp,HAREKET,1,2456,2630,2803,2494,2697,2815
6.9680,6968,ThumbUp,HAREKET,1,2425,2660,2665,2588,2670,2901
6.9690,6969,ThumbUp,HAREKET,1,2428,2717,2832,2521,2654,2938
6.9700,6970,ThumbUp,HAREKET,1,2560,2697,2811,2576,2607,2942
6.9710,6971,ThumbUp,HAREKET,1,2444,2588,2791,2686,2555,2775
6.9720,6972,ThumbUp,HAREKET,1,2550,2609,2866,2611,2713,2789
6.9730,6973,ThumbUp,HAREKET,1,2541,2563,2769,2656,2588,2754
6.9740,6974,ThumbUp,HAREKET,1,2605,2733,2947,2659,2556,2815
6.9750,6975,ThumbUp,HAREKET,1,2681,2616,2859,2588,2566,2857
6.9760,6976,ThumbUp,HAREKET,1,2580,2641,2939,2675,2695,2877
6.9770,6977,ThumbUp,HAREKET,1,2514,2790,2860,2600,2618,2774
6.9780,6978,ThumbUp,HAREKET,1,2672,2655,2932,2602,2673,2816
6.9790,6979,ThumbUp,HAREKET,1,2574,2681,2932,2633,2674,2746
6.9800,6980,ThumbUp,HAREKET,1,2556,2740,2980,2469,2645,2781
6.9810,6981,ThumbUp,HAREKET,1,2524,2776,2938,2536,2615,2809
6.9820,6982,ThumbUp,HAREKET,1,2499,2717,2856,2588,2610,2746
6.9830,6983,ThumbUp,HAREKET,1,2458,2741,2777,2637,2660,2794
6.9840,6984,ThumbUp,HAREKET,1,2474,2510,2735,2515,2646,2700
6.9850,6985,ThumbUp,HAREKET,1,2516,2566,2869,2528,2713,2729
6.9860,6986,ThumbUp,HAREKET,1,2513,2697,2828,2444,2649,2734
6.9870,6987,ThumbUp,HAREKET,1,2454,2610,2680,2528,2635,2638
6.9880,6988,ThumbUp,HAREKET,1,2524,2579,2634,2514,2592,2671
6.9890,6989,ThumbUp,HAREKET,1,2567,2697,2779,2499,2528,2750
6.9900,6990,ThumbUp,HAREKET,1,2505,2598,2733,2579,2572,2775
6.9910,6991,ThumbUp,HAREKET,1,2489,2753,2690,2544,2552,2854
6.9920,6992,ThumbUp,HAREKET,1,2500,2559,2710,2482,2551,2866
6.9930,6993,ThumbUp,HAREKET,1,2487,2584,2809,2583,2424,2972
6.9940,6994,ThumbUp,HAREKET,1,2580,2658,2769,2505,2547,2829
6.9950,6995,ThumbUp,HAREKET,1,2527,2707,2820,2497,2614,2807
6.9960,6996,ThumbUp,HAREKET,1,2434,2602,2862,2615,2526,2930
6.9970,6997,ThumbUp,HAREKET,1,2490,2637,2751,2567,2695,2860
6.9980,6998,ThumbUp,HAREKET,1,2614,2513,2923,2560,2690,2823
6.9990,6999,ThumbUp,HAREKET,1,2676,2607,2811,2614,2713,2888
7.0000,7000,ThumbDn,HAREKET,1,2579,2607,2662,2523,2650,2798
7.0010,7001,ThumbDn,HAREKET,1,2659,2810,2796,2652,2619,2622
7.0020,7002,ThumbDn,HAREKET,1,2499,2670,2701,2581,2662,2871
7.0030,7003,ThumbDn,HAREKET,1,2590,2723,2632,2682,2603,2761
7.0040,7004,ThumbDn,HAREKET,1,2610,2712,2743,2627,2693,2676
7.0050,7005,ThumbDn,HAREKET,1,2611,2624,2771,2641,2634,2726
7.0060,7006,ThumbDn,HAREKET,1,2510,2833,2618,2674,2594,2784
7.0070,7007,ThumbDn,HAREKET,1,2437,2642,2743,2615,2598,2816
7.0080,7008,ThumbDn,HAREKET,1,2562,2771,2667,2611,2567,2645
7.0090,7009,ThumbDn,HAREKET,1,2544,2649,2783,2529,2645,2739
7.0100,7010,ThumbDn,HAREKET,1,2563,2694,2838,2692,2666,2622
7.0110,7011,ThumbDn,HAREKET,1,2678,2768,2766,2572,2644,2779
7.0120,7012,ThumbDn,HAREKET,1,2566,2762,2795,2531,2680,2581
7.0130,7013,ThumbDn,HAREKET,1,2627,2582,2761,2610,2752,2571
7.0140,7014,ThumbDn,HAREKET,1,2536,2735,2764,2691,2764,2656
7.0150,7015,ThumbDn,HAREKET,1,2564,2702,2761,2713,2660,2705
7.0160,7016,ThumbDn,HAREKET,1,2602,2552,2781,2761,2841,2749
7.0170,7017,ThumbDn,HAREKET,1,2489,2610,2810,2594,2671,2771
7.0180,7018,ThumbDn,HAREKET,1,2552,2623,2843,2650,2649,2782
7.0190,7019,ThumbDn,HAREKET,1,2429,2624,2907,2621,2577,2725
7.0200,7020,ThumbDn,HAREKET,1,2571,2716,2830,2737,2672,2772
7.0210,7021,ThumbDn,HAREKET,1,2561,2639,2806,2673,2660,2873
7.0220,7022,ThumbDn,HAREKET,1,2449,2708,2810,2563,2584,2786
7.0230,7023,ThumbDn,HAREKET,1,2553,2720,2716,2506,2571,2790
7.0240,7024,ThumbDn,HAREKET,1,2497,2754,2765,2542,2780,2881
7.0250,7025,ThumbDn,HAREKET,1,2572,2775,2775,2557,2649,2746
7.0260,7026,ThumbDn,HAREKET,1,2523,2738,2869,2585,2641,2822
7.0270,7027,ThumbDn,HAREKET,1,2532,2688,2643,2729,2610,2812
7.0280,7028,ThumbDn,HAREKET,1,2552,2763,2687,2552,2593,2744
7.0290,7029,ThumbDn,HAREKET,1,2645,2697,2721,2630,2659,2759
7.0300,7030,ThumbDn,HAREKET,1,2572,2795,2802,2606,2573,2846
7.0310,7031,ThumbDn,HAREKET,1,2477,2698,2794,2582,2631,2741
7.0320,7032,ThumbDn,HAREKET,1,2585,2653,2758,2586,2650,2720
7.0330,7033,ThumbDn,HAREKET,1,2580,2755,2827,2607,2727,2681
7.0340,7034,ThumbDn,HAREKET,1,2620,2586,2849,2654,2712,2685
7.0350,7035,ThumbDn,HAREKET,1,2548,2812,2843,2642,2575,2814
7.0360,7036,ThumbDn,HAREKET,1,2592,2768,2822,2573,2782,2637
7.0370,7037,ThumbDn,HAREKET,1,2632,2705,2711,2493,2611,2739
7.0380,7038,ThumbDn,HAREKET,1,2624,2834,2761,2554,2689,2713
7.0390,7039,ThumbDn,HAREKET,1,2564,2779,2737,2673,2597,2742
7.0400,7040,ThumbDn,HAREKET,1,2550,2778,2798,2537,2701,2642
7.0410,7041,ThumbDn,HAREKET,1,2608,2734,2829,2578,2736,2614
7.0420,7042,ThumbDn,HAREKET,1,2548,2678,2887,2675,2824,2657
7.0430,7043,ThumbDn,HAREKET,1,2595,2745,2657,2745,2836,2755
7.0440,7044,ThumbDn,HAREKET,1,2545,2661,2722,2499,2812,2665
7.0450,7045,ThumbDn,HAREKET,1,2539,2626,2790,2663,2724,2815
7.0460,7046,ThumbDn,HAREKET,1,2550,2670,2906,2681,2754,2899
7.0470,7047,ThumbDn,HAREKET,1,2515,2651,2756,2685,2764,2812
7.0480,7048,ThumbDn,HAREKET,1,2464,2689,2873,2624,2619,2715
7.0490,7049,ThumbDn,HAREKET,1,2504,2725,2923,2624,2723,2728
7.0500,7050,ThumbDn,HAREKET,1,2468,2669,2959,2670,2779,2769
7.0510,7051,ThumbDn,HAREKET,1,2428,2649,2781,2433,2712,2715
7.0520,7052,ThumbDn,HAREKET,1,2467,2666,2843,2491,2639,2762
7.0530,7053,ThumbDn,HAREKET,1,2455,2640,2708,2607,2636,2615
7.0540,7054,ThumbDn,HAREKET,1,2511,2609,2740,2566,2691,2782
7.0550,7055,ThumbDn,HAREKET,1,2560,2589,2737,2472,2675,2765
7.0560,7056,ThumbDn,HAREKET,1,2538,2646,2698,2622,2696,2809
7.0570,7057,ThumbDn,HAREKET,1,2571,2809,2753,2491,2691,2727
7.0580,7058,ThumbDn,HAREKET,1,2570,2636,2696,2639,2696,2778
7.0590,7059,ThumbDn,HAREKET,1,2597,2730,2764,2692,2846,2844
7.0600,7060,ThumbDn,HAREKET,1,2590,2620,2855,2537,2691,2727
7.0610,7061,ThumbDn,HAREKET,1,2611,2709,2814,2662,2506,2656
7.0620,7062,ThumbDn,HAREKET,1,2631,2801,2638,2617,2609,2719
7.0630,7063,ThumbDn,HAREKET,1,2578,2658,2858,2567,2644,2649
7.0640,7064,ThumbDn,HAREKET,1,2629,2587,2723,2520,2727,2728
7.0650,7065,ThumbDn,HAREKET,1,2585,2863,2789,2538,2743,2702
7.0660,7066,ThumbDn,HAREKET,1,2567,2801,2882,2565,2772,2885
7.0670,7067,ThumbDn,HAREKET,1,2483,2783,2799,2505,2736,2642
7.0680,7068,ThumbDn,HAREKET,1,2538,2722,2868,2647,2714,2615
7.0690,7069,ThumbDn,HAREKET,1,2614,2672,2790,2589,2699,2621
7.0700,7070,ThumbDn,HAREKET,1,2609,2682,2680,2662,2681,2601
7.0710,7071,ThumbDn,HAREKET,1,2509,2746,2742,2566,2695,2657
7.0720,7072,ThumbDn,HAREKET,1,2602,2519,2785,2649,2734,2753
7.0730,7073,ThumbDn,HAREKET,1,2717,2697,2748,2587,2845,2744
7.0740,7074,ThumbDn,HAREKET,1,2572,2604,2790,2685,2615,2777
7.0750,7075,ThumbDn,HAREKET,1,2451,2532,2741,2650,2656,2743
7.0760,7076,ThumbDn,HAREKET,1,2504,2540,2824,2721,2570,2868
7.0770,7077,ThumbDn,HAREKET,1,2425,2809,2881,2490,2565,2880
7.0780,7078,ThumbDn,HAREKET,1,2481,2603,2786,2597,2676,2699
7.0790,7079,ThumbDn,HAREKET,1,2541,2683,2748,2461,2678,2806
7.0800,7080,ThumbDn,HAREKET,1,2445,2781,2791,2602,2571,2824
7.0810,7081,ThumbDn,HAREKET,1,2490,2776,2641,2546,2799,2754
7.0820,7082,ThumbDn,HAREKET,1,2605,2654,2863,2552,2704,2737
7.0830,7083,ThumbDn,HAREKET,1,2591,2707,2706,2533,2658,2719
7.0840,7084,ThumbDn,HAREKET,1,2605,2660,2770,2613,2697,2804
7.0850,7085,ThumbDn,HAREKET,1,2499,2770,2705,2507,2636,2822
7.0860,7086,ThumbDn,HAREKET,1,2621,2789,2845,2600,2713,2644
7.0870,7087,ThumbDn,HAREKET,1,2599,2790,2860,2596,2711,2692
7.0880,7088,ThumbDn,HAREKET,1,2500,2631,2738,2681,2737,2666
7.0890,7089,ThumbDn,HAREKET,1,2606,2581,2830,2702,2753,2691
7.0900,7090,ThumbDn,HAREKET,1,2533,2736,2777,2599,2727,2701
7.0910,7091,ThumbDn,HAREKET,1,2499,2702,2743,2572,2562,2640
7.0920,7092,ThumbDn,HAREKET,1,2598,2686,2695,2589,2712,2802
7.0930,7093,ThumbDn,HAREKET,1,2499,2775,2704,2569,2688,2706
7.0940,7094,ThumbDn,HAREKET,1,2541,2573,2777,2457,2656,2706
7.0950,7095,ThumbDn,HAREKET,1,2550,2690,2748,2433,2783,2759
7.0960,7096,ThumbDn,HAREKET,1,2536,2779,2728,2525,2654,2637
7.0970,7097,ThumbDn,HAREKET,1,2678,2708,2766,2591,2840,2696
7.0980,7098,ThumbDn,HAREKET,1,2498,2688,2711,2641,2641,2732
7.0990,7099,ThumbDn,HAREKET,1,2576,2725,2790,2643,2633,2742
7.1000,7100,ThumbDn,HAREKET,1,2560,2549,2874,2731,2685,2736
7.1010,7101,ThumbDn,HAREKET,1,2491,2608,2700,2645,2728,2717
7.1020,7102,ThumbDn,HAREKET,1,2460,2601,2751,2724,2769,2838
7.1030,7103,ThumbDn,HAREKET,1,2467,2507,2762,2580,2729,2688
7.1040,7104,ThumbDn,HAREKET,1,2476,2669,2951,2566,2630,2825
7.1050,7105,ThumbDn,HAREKET,1,2412,2744,2767,2601,2676,2823
7.1060,7106,ThumbDn,HAREKET,1,2456,2747,2809,2651,2577,2730
7.1070,7107,ThumbDn,HAREKET,1,2605,2719,2792,2509,2563,2813
7.1080,7108,ThumbDn,HAREKET,1,2482,2571,2869,2458,2592,2816
7.1090,7109,ThumbDn,HAREKET,1,2547,2650,2733,2539,2746,2772
7.1100,7110,ThumbDn,HAREKET,1,2612,2771,2632,2644,2686,2780
7.1110,7111,ThumbDn,HAREKET,1,2512,2770,2732,2457,2656,2748
7.1120,7112,ThumbDn,HAREKET,1,2681,2621,2677,2553,2722,2763
7.1130,7113,ThumbDn,HAREKET,1,2460,2580,2752,2575,2732,2732
7.1140,7114,ThumbDn,HAREKET,1,2662,2560,2713,2664,2821,2689
7.1150,7115,ThumbDn,HAREKET,1,2660,2745,2572,2483,2669,2776
7.1160,7116,ThumbDn,HAREKET,1,2606,2620,2674,2566,2665,2828
7.1170,7117,ThumbDn,HAREKET,1,2561,2508,2894,2650,2763,2715
7.1180,7118,ThumbDn,HAREKET,1,2663,2582,2711,2538,2770,2664
7.1190,7119,ThumbDn,HAREKET,1,2572,2703,2800,2561,2786,2527
7.1200,7120,ThumbDn,HAREKET,1,2527,2695,2755,2614,2631,2592
7.1210,7121,ThumbDn,HAREKET,1,2674,2653,2817,2458,2629,2769
7.1220,7122,ThumbDn,HAREKET,1,2577,2746,2725,2602,2701,2718
7.1230,7123,ThumbDn,HAREKET,1,2632,2773,2729,2626,2646,2579
7.1240,7124,ThumbDn,HAREKET,1,2640,2546,2732,2646,2763,2596
7.1250,7125,ThumbDn,HAREKET,1,2486,2522,2747,2627,2696,2631
7.1260,7126,ThumbDn,HAREKET,1,2645,2572,2763,2604,2818,2772
7.1270,7127,ThumbDn,HAREKET,1,2607,2618,2832,2640,2593,2562
7.1280,7128,ThumbDn,HAREKET,1,2485,2622,2760,2746,2835,2730
7.1290,7129,ThumbDn,HAREKET,1,2673,2502,2698,2606,2666,2678
7.1300,7130,ThumbDn,HAREKET,1,2671,2728,2711,2627,2737,2880
7.1310,7131,ThumbDn,HAREKET,1,2596,2595,2866,2601,2647,2730
7.1320,7132,ThumbDn,HAREKET,1,2491,2553,2874,2554,2653,2818
7.1330,7133,ThumbDn,HAREKET,1,2472,2533,2925,2591,2644,2690
7.1340,7134,ThumbDn,HAREKET,1,2503,2577,2890,2631,2714,2736
7.1350,7135,ThumbDn,HAREKET,1,2419,2721,2761,2578,2612,2681
7.1360,7136,ThumbDn,HAREKET,1,2577,2602,2894,2596,2624,2746
7.1370,7137,ThumbDn,HAREKET,1,2646,2673,2708,2596,2600,2843
7.1380,7138,ThumbDn,HAREKET,1,2578,2732,2722,2576,2610,2730
7.1390,7139,ThumbDn,HAREKET,1,2550,2650,2753,2609,2675,2755
7.1400,7140,ThumbDn,HAREKET,1,2555,2701,2703,2577,2613,2694
7.1410,7141,ThumbDn,HAREKET,1,2575,2728,2745,2601,2756,2748
7.1420,7142,ThumbDn,HAREKET,1,2543,2739,2770,2568,2678,2803
7.1430,7143,ThumbDn,HAREKET,1,2521,2641,2739,2589,2630,2816
7.1440,7144,ThumbDn,HAREKET,1,2561,2578,2760,2603,2802,2569
7.1450,7145,ThumbDn,HAREKET,1,2637,2734,2755,2559,2723,2686
7.1460,7146,ThumbDn,HAREKET,1,2607,2670,2878,2593,2725,2726
7.1470,7147,ThumbDn,HAREKET,1,2608,2696,2712,2465,2727,2671
7.1480,7148,ThumbDn,HAREKET,1,2421,2768,2859,2519,2634,2735
7.1490,7149,ThumbDn,HAREKET,1,2564,2689,2749,2588,2797,2691
7.1500,7150,ThumbDn,HAREKET,1,2519,2636,2745,2502,2685,2599
7.1510,7151,ThumbDn,HAREKET,1,2537,2702,2667,2553,2650,2479
7.1520,7152,ThumbDn,HAREKET,1,2639,2602,2716,2596,2733,2632
7.1530,7153,ThumbDn,HAREKET,1,2642,2660,2779,2739,2766,2552
7.1540,7154,ThumbDn,HAREKET,1,2537,2541,2736,2565,2769,2645
7.1550,7155,ThumbDn,HAREKET,1,2561,2566,2814,2705,2771,2732
7.1560,7156,ThumbDn,HAREKET,1,2529,2564,2770,2671,2785,2832
7.1570,7157,ThumbDn,HAREKET,1,2629,2601,2818,2653,2806,2769
7.1580,7158,ThumbDn,HAREKET,1,2477,2633,2934,2603,2680,2855
7.1590,7159,ThumbDn,HAREKET,1,2514,2565,2758,2558,2616,2802
7.1600,7160,ThumbDn,HAREKET,1,2531,2638,2929,2582,2741,2889
7.1610,7161,ThumbDn,HAREKET,1,2482,2574,2764,2500,2596,2783
7.1620,7162,ThumbDn,HAREKET,1,2583,2654,2785,2655,2568,2701
7.1630,7163,ThumbDn,HAREKET,1,2505,2626,2749,2641,2645,2772
7.1640,7164,ThumbDn,HAREKET,1,2491,2530,2789,2572,2671,2832
7.1650,7165,ThumbDn,HAREKET,1,2479,2649,2636,2545,2743,2748
7.1660,7166,ThumbDn,HAREKET,1,2516,2637,2536,2504,2692,2763
7.1670,7167,ThumbDn,HAREKET,1,2536,2712,2796,2508,2661,2657
7.1680,7168,ThumbDn,HAREKET,1,2642,2602,2686,2580,2727,2798
7.1690,7169,ThumbDn,HAREKET,1,2493,2576,2782,2578,2658,2638
7.1700,7170,ThumbDn,HAREKET,1,2505,2600,2758,2581,2550,2756
7.1710,7171,ThumbDn,HAREKET,1,2633,2695,2720,2501,2675,2850
7.1720,7172,ThumbDn,HAREKET,1,2509,2621,2713,2571,2625,2867
7.1730,7173,ThumbDn,HAREKET,1,2554,2624,2723,2654,2720,2726
7.1740,7174,ThumbDn,HAREKET,1,2635,2715,2805,2590,2662,2696
7.1750,7175,ThumbDn,HAREKET,1,2643,2691,2782,2660,2708,2686
7.1760,7176,ThumbDn,HAREKET,1,2491,2703,2712,2595,2763,2473
7.1770,7177,ThumbDn,HAREKET,1,2552,2661,2739,2505,2701,2737
7.1780,7178,ThumbDn,HAREKET,1,2468,2702,2677,2616,2841,2584
7.1790,7179,ThumbDn,HAREKET,1,2542,2736,2789,2594,2812,2660
7.1800,7180,ThumbDn,HAREKET,1,2674,2671,2779,2655,2782,2586
7.1810,7181,ThumbDn,HAREKET,1,2548,2698,2705,2629,2732,2758
7.1820,7182,ThumbDn,HAREKET,1,2650,2768,2800,2655,2808,2644
7.1830,7183,ThumbDn,HAREKET,1,2568,2611,2783,2525,2695,2785
7.1840,7184,ThumbDn,HAREKET,1,2605,2702,2885,2584,2701,2677
7.1850,7185,ThumbDn,HAREKET,1,2450,2654,2748,2657,2727,2734
7.1860,7186,ThumbDn,HAREKET,1,2598,2546,2839,2664,2716,2798
7.1870,7187,ThumbDn,HAREKET,1,2539,2649,2851,2643,2569,2808
7.1880,7188,ThumbDn,HAREKET,1,2480,2704,2900,2574,2613,2719
7.1890,7189,ThumbDn,HAREKET,1,2482,2608,2825,2559,2645,2734
7.1900,7190,ThumbDn,HAREKET,1,2576,2573,2750,2478,2781,2754
7.1910,7191,ThumbDn,HAREKET,1,2657,2548,2768,2527,2634,2664
7.1920,7192,ThumbDn,HAREKET,1,2675,2711,2746,2491,2715,2747
7.1930,7193,ThumbDn,HAREKET,1,2581,2657,2764,2489,2663,2670
7.1940,7194,ThumbDn,HAREKET,1,2620,2775,2669,2477,2676,2740
7.1950,7195,ThumbDn,HAREKET,1,2597,2735,2791,2555,2698,2721
7.1960,7196,ThumbDn,HAREKET,1,2637,2699,2603,2580,2774,2729
7.1970,7197,ThumbDn,HAREKET,1,2620,2615,2620,2618,2752,2823
7.1980,7198,ThumbDn,HAREKET,1,2589,2620,2715,2543,2649,2668
7.1990,7199,ThumbDn,HAREKET,1,2558,2584,2637,2605,2751,2698
7.2000,7200,ThumbDn,HAREKET,1,2575,2593,2609,2562,2657,2627
7.2010,7201,ThumbDn,HAREKET,1,2581,2646,2659,2598,2702,2683
7.2020,7202,ThumbDn,HAREKET,1,2547,2687,2742,2540,2752,2655
7.2030,7203,ThumbDn,HAREKET,1,2592,2574,2808,2523,2698,2728
7.2040,7204,ThumbDn,HAREKET,1,2533,2717,2789,2590,2608,2551
7.2050,7205,ThumbDn,HAREKET,1,2562,2665,2649,2591,2673,2686
7.2060,7206,ThumbDn,HAREKET,1,2551,2676,2798,2553,2838,2669
7.2070,7207,ThumbDn,HAREKET,1,2643,2660,2730,2608,2837,2677
7.2080,7208,ThumbDn,HAREKET,1,2651,2694,2673,2650,2709,2615
7.2090,7209,ThumbDn,HAREKET,1,2530,2703,2694,2645,2771,2687
7.2100,7210,ThumbDn,HAREKET,1,2632,2629,2735,2559,2859,2697
7.2110,7211,ThumbDn,HAREKET,1,2578,2563,2828,2557,2718,2834
7.2120,7212,ThumbDn,HAREKET,1,2587,2530,2726,2649,2713,2605
7.2130,7213,ThumbDn,HAREKET,1,2381,2590,2753,2600,2635,2705
7.2140,7214,ThumbDn,HAREKET,1,2435,2611,2737,2588,2543,2808
7.2150,7215,ThumbDn,HAREKET,1,2435,2532,2745,2599,2750,2821
7.2160,7216,ThumbDn,HAREKET,1,2587,2657,2874,2603,2648,2825
7.2170,7217,ThumbDn,HAREKET,1,2451,2598,2821,2439,2509,2819
7.2180,7218,ThumbDn,HAREKET,1,2576,2771,2774,2524,2633,2828
7.2190,7219,ThumbDn,HAREKET,1,2610,2532,2728,2516,2651,2716
7.2200,7220,ThumbDn,HAREKET,1,2587,2663,2722,2381,2645,2708
7.2210,7221,ThumbDn,HAREKET,1,2558,2624,2759,2545,2756,2644
7.2220,7222,ThumbDn,HAREKET,1,2524,2721,2959,2515,2722,2762
7.2230,7223,ThumbDn,HAREKET,1,2606,2782,2780,2469,2630,2678
7.2240,7224,ThumbDn,HAREKET,1,2504,2633,2755,2646,2686,2837
7.2250,7225,ThumbDn,HAREKET,1,2619,2741,2709,2568,2670,2618
7.2260,7226,ThumbDn,HAREKET,1,2561,2691,2842,2455,2570,2711
7.2270,7227,ThumbDn,HAREKET,1,2632,2573,2641,2464,2805,2728
7.2280,7228,ThumbDn,HAREKET,1,2503,2760,2791,2581,2759,2669
7.2290,7229,ThumbDn,HAREKET,1,2518,2780,2889,2642,2718,2709
7.2300,7230,ThumbDn,HAREKET,1,2603,2668,2716,2520,2766,2654
7.2310,7231,ThumbDn,HAREKET,1,2544,2577,2685,2520,2710,2730
7.2320,7232,ThumbDn,HAREKET,1,2650,2704,2744,2682,2554,2680
7.2330,7233,ThumbDn,HAREKET,1,2722,2674,2675,2520,2671,2636
7.2340,7234,ThumbDn,HAREKET,1,2629,2666,2838,2575,2657,2557
7.2350,7235,ThumbDn,HAREKET,1,2589,2683,2735,2599,2762,2654
7.2360,7236,ThumbDn,HAREKET,1,2675,2606,2662,2598,2762,2736
7.2370,7237,ThumbDn,HAREKET,1,2667,2649,2768,2629,2647,2617
7.2380,7238,ThumbDn,HAREKET,1,2585,2540,2820,2619,2805,2701
7.2390,7239,ThumbDn,HAREKET,1,2640,2626,2834,2699,2648,2630
7.2400,7240,ThumbDn,HAREKET,1,2711,2582,2813,2567,2606,2697
7.2410,7241,ThumbDn,HAREKET,1,2582,2715,2851,2716,2663,2665
7.2420,7242,ThumbDn,HAREKET,1,2480,2680,2662,2589,2516,2719
7.2430,7243,ThumbDn,HAREKET,1,2593,2592,2808,2648,2725,2817
7.2440,7244,ThumbDn,HAREKET,1,2566,2562,2854,2704,2630,2854
7.2450,7245,ThumbDn,HAREKET,1,2563,2731,2786,2511,2495,2757
7.2460,7246,ThumbDn,HAREKET,1,2515,2597,2867,2491,2525,2647
7.2470,7247,ThumbDn,HAREKET,1,2555,2704,2660,2482,2626,2786
7.2480,7248,ThumbDn,HAREKET,1,2491,2687,2889,2568,2631,2682
7.2490,7249,ThumbDn,HAREKET,1,2580,2650,2735,2520,2645,2717
7.2500,7250,ThumbDn,HAREKET,1,2611,2549,2557,2567,2695,2751
7.2510,7251,ThumbDn,HAREKET,1,2607,2646,2819,2526,2669,2670
7.2520,7252,ThumbDn,HAREKET,1,2749,2723,2681,2640,2635,2787
7.2530,7253,ThumbDn,HAREKET,1,2527,2623,2669,2592,2685,2821
7.2540,7254,ThumbDn,HAREKET,1,2663,2598,2748,2544,2698,2714
7.2550,7255,ThumbDn,HAREKET,1,2555,2556,2829,2559,2735,2576
7.2560,7256,ThumbDn,HAREKET,1,2664,2740,2700,2540,2714,2720
7.2570,7257,ThumbDn,HAREKET,1,2570,2658,2769,2622,2731,2681
7.2580,7258,ThumbDn,HAREKET,1,2647,2785,2724,2564,2609,2563
7.2590,7259,ThumbDn,HAREKET,1,2514,2777,2661,2502,2675,2800
7.2600,7260,ThumbDn,HAREKET,1,2625,2754,2771,2467,2620,2722
7.2610,7261,ThumbDn,HAREKET,1,2597,2659,2742,2583,2704,2578
7.2620,7262,ThumbDn,HAREKET,1,2650,2669,2795,2591,2804,2453
7.2630,7263,ThumbDn,HAREKET,1,2607,2632,2708,2531,2812,2650
7.2640,7264,ThumbDn,HAREKET,1,2600,2640,2663,2551,2732,2572
7.2650,7265,ThumbDn,HAREKET,1,2610,2624,2733,2642,2818,2669
7.2660,7266,ThumbDn,HAREKET,1,2621,2637,2793,2623,2734,2657
7.2670,7267,ThumbDn,HAREKET,1,2692,2592,2805,2550,2664,2845
7.2680,7268,ThumbDn,HAREKET,1,2513,2688,2792,2571,2604,2791
7.2690,7269,ThumbDn,HAREKET,1,2502,2573,2834,2525,2715,2731
7.2700,7270,ThumbDn,HAREKET,1,2456,2640,2803,2661,2658,2724
7.2710,7271,ThumbDn,HAREKET,1,2524,2513,2758,2420,2553,2813
7.2720,7272,ThumbDn,HAREKET,1,2545,2724,2643,2625,2646,2771
7.2730,7273,ThumbDn,HAREKET,1,2524,2514,2865,2617,2629,2725
7.2740,7274,ThumbDn,HAREKET,1,2602,2630,2691,2512,2525,2691
7.2750,7275,ThumbDn,HAREKET,1,2595,2515,2766,2444,2711,2642
7.2760,7276,ThumbDn,HAREKET,1,2670,2531,2747,2419,2724,2743
7.2770,7277,ThumbDn,HAREKET,1,2607,2608,2714,2629,2642,2854
7.2780,7278,ThumbDn,HAREKET,1,2671,2734,2624,2504,2672,2648
7.2790,7279,ThumbDn,HAREKET,1,2492,2763,2689,2635,2565,2724
7.2800,7280,ThumbDn,HAREKET,1,2670,2573,2766,2558,2643,2735
7.2810,7281,ThumbDn,HAREKET,1,2633,2794,2586,2573,2660,2778
7.2820,7282,ThumbDn,HAREKET,1,2617,2641,2674,2562,2669,2675
7.2830,7283,ThumbDn,HAREKET,1,2611,2683,2779,2638,2807,2746
7.2840,7284,ThumbDn,HAREKET,1,2612,2672,2674,2547,2792,2763
7.2850,7285,ThumbDn,HAREKET,1,2678,2679,2674,2558,2700,2665
7.2860,7286,ThumbDn,HAREKET,1,2536,2659,2718,2682,2685,2564
7.2870,7287,ThumbDn,HAREKET,1,2591,2673,2796,2560,2676,2709
7.2880,7288,ThumbDn,HAREKET,1,2658,2670,2719,2475,2750,2638
7.2890,7289,ThumbDn,HAREKET,1,2707,2774,2688,2691,2703,2619
7.2900,7290,ThumbDn,HAREKET,1,2689,2676,2784,2587,2658,2677
7.2910,7291,ThumbDn,HAREKET,1,2626,2739,2741,2597,2787,2670
7.2920,7292,ThumbDn,HAREKET,1,2593,2655,2690,2575,2765,2605
7.2930,7293,ThumbDn,HAREKET,1,2700,2503,2637,2677,2777,2649
7.2940,7294,ThumbDn,HAREKET,1,2594,2691,2656,2699,2710,2606
7.2950,7295,ThumbDn,HAREKET,1,2663,2688,2738,2639,2687,2691
7.2960,7296,ThumbDn,HAREKET,1,2536,2529,2793,2661,2497,2638
7.2970,7297,ThumbDn,HAREKET,1,2448,2558,2737,2569,2755,2718
7.2980,7298,ThumbDn,HAREKET,1,2502,2530,2740,2559,2710,2700
7.2990,7299,ThumbDn,HAREKET,1,2554,2640,2683,2454,2730,2712
7.3000,7300,ThumbDn,HAREKET,1,2513,2701,2795,2570,2557,2698
7.3010,7301,ThumbDn,HAREKET,1,2520,2544,2661,2674,2494,2865
7.3020,7302,ThumbDn,HAREKET,1,2562,2537,2740,2471,2641,2670
7.3030,7303,ThumbDn,HAREKET,1,2510,2654,2804,2447,2558,2839
7.3040,7304,ThumbDn,HAREKET,1,2698,2678,2636,2552,2451,2900
7.3050,7305,ThumbDn,HAREKET,1,2515,2634,2722,2444,2672,2824
7.3060,7306,ThumbDn,HAREKET,1,2549,2716,2694,2543,2694,2764
7.3070,7307,ThumbDn,HAREKET,1,2614,2612,2617,2457,2600,2759
7.3080,7308,ThumbDn,HAREKET,1,2674,2642,2619,2536,2727,2692
7.3090,7309,ThumbDn,HAREKET,1,2671,2611,2720,2528,2648,2776
7.3100,7310,ThumbDn,HAREKET,1,2525,2567,2633,2580,2741,2682
7.3110,7311,ThumbDn,HAREKET,1,2616,2647,2673,2548,2743,2718
7.3120,7312,ThumbDn,HAREKET,1,2582,2720,2751,2610,2795,2659
7.3130,7313,ThumbDn,HAREKET,1,2580,2686,2656,2618,2623,2636
7.3140,7314,ThumbDn,HAREKET,1,2549,2642,2789,2585,2653,2640
7.3150,7315,ThumbDn,HAREKET,1,2575,2707,2624,2546,2635,2664
7.3160,7316,ThumbDn,HAREKET,1,2634,2744,2729,2632,2708,2635
7.3170,7317,ThumbDn,HAREKET,1,2612,2818,2660,2597,2595,2461
7.3180,7318,ThumbDn,HAREKET,1,2681,2732,2792,2585,2695,2628
7.3190,7319,ThumbDn,HAREKET,1,2612,2726,2614,2633,2701,2766
7.3200,7320,ThumbDn,HAREKET,1,2612,2733,2826,2544,2750,2606
7.3210,7321,ThumbDn,HAREKET,1,2610,2611,2622,2813,2761,2679
7.3220,7322,ThumbDn,HAREKET,1,2557,2793,2742,2556,2858,2729
7.3230,7323,ThumbDn,HAREKET,1,2556,2693,2644,2662,2560,2673
7.3240,7324,ThumbDn,HAREKET,1,2606,2605,2718,2561,2649,2809
7.3250,7325,ThumbDn,HAREKET,1,2496,2648,2755,2732,2547,2919
7.3260,7326,ThumbDn,HAREKET,1,2503,2566,2734,2617,2535,2764
7.3270,7327,ThumbDn,HAREKET,1,2691,2695,2873,2573,2615,2736
7.3280,7328,ThumbDn,HAREKET,1,2582,2651,2624,2646,2558,2666
7.3290,7329,ThumbDn,HAREKET,1,2578,2672,2732,2520,2608,2765
7.3300,7330,ThumbDn,HAREKET,1,2563,2724,2755,2495,2638,2685
7.3310,7331,ThumbDn,HAREKET,1,2540,2627,2650,2623,2758,2814
7.3320,7332,ThumbDn,HAREKET,1,2635,2669,2674,2562,2601,2762
7.3330,7333,ThumbDn,HAREKET,1,2704,2594,2582,2508,2674,2797
7.3340,7334,ThumbDn,HAREKET,1,2589,2640,2639,2536,2619,2666
7.3350,7335,ThumbDn,HAREKET,1,2613,2649,2632,2574,2657,2746
7.3360,7336,ThumbDn,HAREKET,1,2757,2629,2637,2524,2597,2783
7.3370,7337,ThumbDn,HAREKET,1,2647,2659,2724,2619,2657,2731
7.3380,7338,ThumbDn,HAREKET,1,2552,2588,2725,2661,2778,2644
7.3390,7339,ThumbDn,HAREKET,1,2660,2775,2640,2575,2580,2682
7.3400,7340,ThumbDn,HAREKET,1,2648,2716,2715,2635,2655,2709
7.3410,7341,ThumbDn,HAREKET,1,2536,2761,2630,2481,2626,2761
7.3420,7342,ThumbDn,HAREKET,1,2642,2700,2842,2531,2551,2494
7.3430,7343,ThumbDn,HAREKET,1,2660,2766,2745,2587,2607,2616
7.3440,7344,ThumbDn,HAREKET,1,2529,2640,2642,2651,2680,2620
7.3450,7345,ThumbDn,HAREKET,1,2709,2777,2747,2708,2626,2584
7.3460,7346,ThumbDn,HAREKET,1,2724,2778,2808,2629,2682,2562
7.3470,7347,ThumbDn,HAREKET,1,2519,2709,2768,2609,2694,2524
7.3480,7348,ThumbDn,HAREKET,1,2609,2724,2697,2615,2723,2658
7.3490,7349,ThumbDn,HAREKET,1,2531,2773,2721,2617,2530,2664
7.3500,7350,ThumbDn,HAREKET,1,2647,2643,2628,2529,2600,2697
7.3510,7351,ThumbDn,HAREKET,1,2569,2645,2711,2610,2734,2750
7.3520,7352,ThumbDn,HAREKET,1,2508,2725,2806,2664,2606,2970
7.3530,7353,ThumbDn,HAREKET,1,2524,2708,2854,2571,2583,2753
7.3540,7354,ThumbDn,HAREKET,1,2608,2552,2707,2601,2587,2731
7.3550,7355,ThumbDn,HAREKET,1,2526,2620,2862,2751,2730,2740
7.3560,7356,ThumbDn,HAREKET,1,2543,2677,2866,2562,2514,2736
7.3570,7357,ThumbDn,HAREKET,1,2521,2680,2883,2501,2637,2809
7.3580,7358,ThumbDn,HAREKET,1,2572,2644,2789,2402,2483,2785
7.3590,7359,ThumbDn,HAREKET,1,2522,2746,2698,2600,2682,2673
7.3600,7360,ThumbDn,HAREKET,1,2611,2752,2734,2408,2648,2768
7.3610,7361,ThumbDn,HAREKET,1,2656,2575,2781,2658,2623,2810
7.3620,7362,ThumbDn,HAREKET,1,2651,2718,2734,2706,2838,2727
7.3630,7363,ThumbDn,HAREKET,1,2640,2792,2722,2716,2701,2669
7.3640,7364,ThumbDn,HAREKET,1,2693,2725,2611,2615,2727,2734
7.3650,7365,ThumbDn,HAREKET,1,2672,2585,2615,2520,2709,2764
7.3660,7366,ThumbDn,HAREKET,1,2617,2746,2831,2637,2667,2649
7.3670,7367,ThumbDn,HAREKET,1,2671,2797,2758,2582,2614,2737
7.3680,7368,ThumbDn,HAREKET,1,2603,2804,2670,2581,2618,2672
7.3690,7369,ThumbDn,HAREKET,1,2641,2678,2750,2464,2690,2550
7.3700,7370,ThumbDn,HAREKET,1,2606,2634,2776,2542,2685,2669
7.3710,7371,ThumbDn,HAREKET,1,2651,2804,2722,2615,2626,2601
7.3720,7372,ThumbDn,HAREKET,1,2624,2781,2808,2699,2716,2601
7.3730,7373,ThumbDn,HAREKET,1,2625,2585,2825,2549,2568,2638
7.3740,7374,ThumbDn,HAREKET,1,2643,2767,2677,2601,2613,2642
7.3750,7375,ThumbDn,HAREKET,1,2669,2672,2736,2579,2694,2687
7.3760,7376,ThumbDn,HAREKET,1,2604,2701,2674,2652,2728,2593
7.3770,7377,ThumbDn,HAREKET,1,2568,2653,2677,2638,2642,2678
7.3780,7378,ThumbDn,HAREKET,1,2674,2614,2869,2671,2639,2678
7.3790,7379,ThumbDn,HAREKET,1,2659,2676,2709,2640,2661,2803
7.3800,7380,ThumbDn,HAREKET,1,2467,2546,2813,2552,2549,2652
7.3810,7381,ThumbDn,HAREKET,1,2592,2593,2869,2724,2716,2754
7.3820,7382,ThumbDn,HAREKET,1,2598,2582,2793,2527,2656,2823
7.3830,7383,ThumbDn,HAREKET,1,2536,2631,2856,2562,2586,2866
7.3840,7384,ThumbDn,HAREKET,1,2518,2612,2674,2628,2554,2737
7.3850,7385,ThumbDn,HAREKET,1,2643,2573,2864,2599,2600,2586
7.3860,7386,ThumbDn,HAREKET,1,2634,2662,2654,2401,2645,2724
7.3870,7387,ThumbDn,HAREKET,1,2687,2608,2667,2658,2665,2817
7.3880,7388,ThumbDn,HAREKET,1,2599,2679,2753,2530,2623,2750
7.3890,7389,ThumbDn,HAREKET,1,2684,2691,2594,2550,2605,2613
7.3900,7390,ThumbDn,HAREKET,1,2582,2825,2655,2574,2576,2697
7.3910,7391,ThumbDn,HAREKET,1,2603,2610,2786,2621,2778,2747
7.3920,7392,ThumbDn,HAREKET,1,2608,2643,2565,2704,2624,2634
7.3930,7393,ThumbDn,HAREKET,1,2661,2730,2632,2642,2613,2635
7.3940,7394,ThumbDn,HAREKET,1,2686,2616,2728,2578,2628,2732
7.3950,7395,ThumbDn,HAREKET,1,2596,2747,2623,2579,2708,2745
7.3960,7396,ThumbDn,HAREKET,1,2516,2713,2621,2627,2564,2694
7.3970,7397,ThumbDn,HAREKET,1,2489,2804,2603,2561,2532,2577
7.3980,7398,ThumbDn,HAREKET,1,2613,2679,2750,2608,2750,2731
7.3990,7399,ThumbDn,HAREKET,1,2702,2663,2771,2615,2567,2660
7.4000,7400,ThumbDn,HAREKET,1,2714,2683,2712,2727,2721,2770
7.4010,7401,ThumbDn,HAREKET,1,2571,2738,2627,2615,2566,2655
7.4020,7402,ThumbDn,HAREKET,1,2618,2815,2720,2583,2708,2614
7.4030,7403,ThumbDn,HAREKET,1,2635,2707,2710,2664,2651,2749
7.4040,7404,ThumbDn,HAREKET,1,2609,2730,2756,2661,2708,2663
7.4050,7405,ThumbDn,HAREKET,1,2615,2790,2734,2624,2740,2827
7.4060,7406,ThumbDn,HAREKET,1,2646,2706,2638,2723,2735,2737
7.4070,7407,ThumbDn,HAREKET,1,2611,2670,2710,2646,2656,2714
7.4080,7408,ThumbDn,HAREKET,1,2562,2670,2741,2670,2670,2790
7.4090,7409,ThumbDn,HAREKET,1,2595,2596,2728,2684,2523,2830
7.4100,7410,ThumbDn,HAREKET,1,2580,2715,2746,2518,2664,2821
7.4110,7411,ThumbDn,HAREKET,1,2604,2632,2770,2593,2607,2665
7.4120,7412,ThumbDn,HAREKET,1,2646,2782,2715,2557,2744,2895
7.4130,7413,ThumbDn,HAREKET,1,2627,2703,2669,2602,2610,2683
7.4140,7414,ThumbDn,HAREKET,1,2552,2653,2679,2471,2679,2763
7.4150,7415,ThumbDn,HAREKET,1,2627,2668,2801,2574,2581,2687
7.4160,7416,ThumbDn,HAREKET,1,2528,2718,2646,2593,2622,2782
7.4170,7417,ThumbDn,HAREKET,1,2580,2651,2709,2544,2567,2717
7.4180,7418,ThumbDn,HAREKET,1,2686,2554,2784,2665,2604,2734
7.4190,7419,ThumbDn,HAREKET,1,2574,2748,2675,2566,2572,2747
7.4200,7420,ThumbDn,HAREKET,1,2559,2735,2620,2547,2527,2710
7.4210,7421,ThumbDn,HAREKET,1,2635,2777,2681,2485,2555,2879
7.4220,7422,ThumbDn,HAREKET,1,2617,2643,2670,2595,2671,2800
7.4230,7423,ThumbDn,HAREKET,1,2514,2606,2732,2569,2693,2664
7.4240,7424,ThumbDn,HAREKET,1,2653,2594,2674,2557,2643,2675
7.4250,7425,ThumbDn,HAREKET,1,2586,2768,2664,2670,2618,2708
7.4260,7426,ThumbDn,HAREKET,1,2657,2774,2667,2539,2629,2631
7.4270,7427,ThumbDn,HAREKET,1,2734,2697,2777,2658,2570,2661
7.4280,7428,ThumbDn,HAREKET,1,2648,2726,2688,2567,2697,2585
7.4290,7429,ThumbDn,HAREKET,1,2566,2716,2626,2680,2670,2626
7.4300,7430,ThumbDn,HAREKET,1,2618,2741,2607,2601,2657,2561
7.4310,7431,ThumbDn,HAREKET,1,2767,2743,2759,2497,2752,2740
7.4320,7432,ThumbDn,HAREKET,1,2558,2729,2685,2567,2557,2694
7.4330,7433,ThumbDn,HAREKET,1,2607,2644,2922,2710,2637,2577
7.4340,7434,ThumbDn,HAREKET,1,2527,2560,2712,2690,2700,2729
7.4350,7435,ThumbDn,HAREKET,1,2590,2587,2784,2779,2758,2846
7.4360,7436,ThumbDn,HAREKET,1,2594,2689,2749,2647,2657,2687
7.4370,7437,ThumbDn,HAREKET,1,2481,2669,2818,2655,2526,2837
7.4380,7438,ThumbDn,HAREKET,1,2563,2623,2814,2601,2594,2841
7.4390,7439,ThumbDn,HAREKET,1,2544,2681,2859,2477,2451,2688
7.4400,7440,ThumbDn,HAREKET,1,2454,2691,2735,2521,2703,2771
7.4410,7441,ThumbDn,HAREKET,1,2547,2600,2852,2491,2604,2675
7.4420,7442,ThumbDn,HAREKET,1,2583,2752,2831,2551,2599,2719
7.4430,7443,ThumbDn,HAREKET,1,2653,2690,2737,2554,2623,2760
7.4440,7444,ThumbDn,HAREKET,1,2674,2523,2666,2619,2578,2720
7.4450,7445,ThumbDn,HAREKET,1,2555,2762,2737,2581,2670,2752
7.4460,7446,ThumbDn,HAREKET,1,2648,2682,2636,2604,2675,2738
7.4470,7447,ThumbDn,HAREKET,1,2533,2651,2700,2563,2550,2887
7.4480,7448,ThumbDn,HAREKET,1,2560,2780,2563,2547,2666,2797
7.4490,7449,ThumbDn,HAREKET,1,2648,2734,2589,2579,2782,2772
7.4500,7450,ThumbDn,HAREKET,1,2612,2673,2678,2620,2557,2809
7.4510,7451,ThumbDn,HAREKET,1,2573,2620,2631,2699,2635,2812
7.4520,7452,ThumbDn,HAREKET,1,2570,2825,2589,2693,2542,2719
7.4530,7453,ThumbDn,HAREKET,1,2562,2699,2745,2719,2528,2748
7.4540,7454,ThumbDn,HAREKET,1,2737,2770,2641,2568,2684,2725
7.4550,7455,ThumbDn,HAREKET,1,2599,2720,2632,2541,2703,2670
7.4560,7456,ThumbDn,HAREKET,1,2675,2825,2800,2615,2708,2646
7.4570,7457,ThumbDn,HAREKET,1,2633,2683,2734,2556,2612,2663
7.4580,7458,ThumbDn,HAREKET,1,2663,2707,2614,2706,2759,2655
7.4590,7459,ThumbDn,HAREKET,1,2725,2589,2647,2693,2593,2735
7.4600,7460,ThumbDn,HAREKET,1,2528,2768,2745,2684,2727,2719
7.4610,7461,ThumbDn,HAREKET,1,2597,2603,2753,2675,2661,2795
7.4620,7462,ThumbDn,HAREKET,1,2458,2658,2878,2668,2640,2625
7.4630,7463,ThumbDn,HAREKET,1,2626,2675,2744,2656,2806,2759
7.4640,7464,ThumbDn,HAREKET,1,2626,2696,2953,2642,2633,2817
7.4650,7465,ThumbDn,HAREKET,1,2568,2729,2778,2567,2551,2707
7.4660,7466,ThumbDn,HAREKET,1,2473,2630,2660,2508,2554,2789
7.4670,7467,ThumbDn,HAREKET,1,2514,2571,2855,2601,2639,2769
7.4680,7468,ThumbDn,HAREKET,1,2659,2548,2813,2652,2588,2732
7.4690,7469,ThumbDn,HAREKET,1,2629,2678,2724,2668,2602,2796
7.4700,7470,ThumbDn,HAREKET,1,2543,2724,2859,2493,2477,2757
7.4710,7471,ThumbDn,HAREKET,1,2575,2765,2732,2530,2624,2848
7.4720,7472,ThumbDn,HAREKET,1,2573,2684,2713,2535,2645,2868
7.4730,7473,ThumbDn,HAREKET,1,2651,2625,2598,2512,2530,2851
7.4740,7474,ThumbDn,HAREKET,1,2601,2649,2559,2459,2598,2832
7.4750,7475,ThumbDn,HAREKET,1,2718,2725,2624,2643,2635,2836
7.4760,7476,ThumbDn,HAREKET,1,2572,2706,2705,2762,2644,2655
7.4770,7477,ThumbDn,HAREKET,1,2568,2640,2700,2549,2645,2832
7.4780,7478,ThumbDn,HAREKET,1,2724,2667,2707,2575,2610,2772
7.4790,7479,ThumbDn,HAREKET,1,2583,2742,2695,2546,2640,2599
7.4800,7480,ThumbDn,HAREKET,1,2579,2653,2743,2656,2572,2809
7.4810,7481,ThumbDn,HAREKET,1,2660,2754,2743,2539,2538,2620
7.4820,7482,ThumbDn,HAREKET,1,2683,2759,2732,2597,2654,2795
7.4830,7483,ThumbDn,HAREKET,1,2600,2748,2709,2551,2585,2685
7.4840,7484,ThumbDn,HAREKET,1,2646,2816,2744,2571,2727,2753
7.4850,7485,ThumbDn,HAREKET,1,2610,2742,2719,2684,2785,2602
7.4860,7486,ThumbDn,HAREKET,1,2666,2705,2809,2809,2659,2843
7.4870,7487,ThumbDn,HAREKET,1,2618,2734,2638,2607,2752,2739
7.4880,7488,ThumbDn,HAREKET,1,2526,2758,2714,2638,2611,2683
7.4890,7489,ThumbDn,HAREKET,1,2519,2700,2879,2634,2736,2609
7.4900,7490,ThumbDn,HAREKET,1,2555,2733,2756,2705,2764,2785
7.4910,7491,ThumbDn,HAREKET,1,2512,2647,2810,2667,2508,2657
7.4920,7492,ThumbDn,HAREKET,1,2624,2630,2666,2642,2608,2655
7.4930,7493,ThumbDn,HAREKET,1,2474,2722,2831,2687,2606,2684
7.4940,7494,ThumbDn,HAREKET,1,2512,2619,2631,2633,2486,2821
7.4950,7495,ThumbDn,HAREKET,1,2622,2666,2868,2595,2565,2671
7.4960,7496,ThumbDn,HAREKET,1,2625,2702,2742,2664,2530,2777
7.4970,7497,ThumbDn,HAREKET,1,2661,2718,2599,2703,2543,2573
7.4980,7498,ThumbDn,HAREKET,1,2400,2637,2863,2684,2571,2927
7.4990,7499,ThumbDn,HAREKET,1,2654,2688,2626,2574,2541,2726
7.5000,7500,ThumbDn,HAREKET,1,2592,2703,2765,2562,2571,2925
7.5010,7501,ThumbDn,HAREKET,1,2557,2650,2586,2550,2681,2776
7.5020,7502,ThumbDn,HAREKET,1,2654,2721,2700,2678,2614,2825
7.5030,7503,ThumbDn,HAREKET,1,2642,2819,2741,2540,2698,2626
7.5040,7504,ThumbDn,HAREKET,1,2586,2690,2790,2653,2671,2744
7.5050,7505,ThumbDn,HAREKET,1,2681,2700,2740,2701,2616,2814
7.5060,7506,ThumbDn,HAREKET,1,2513,2805,2862,2590,2703,2816
7.5070,7507,ThumbDn,HAREKET,1,2608,2709,2678,2604,2612,2704
7.5080,7508,ThumbDn,HAREKET,1,2643,2695,2627,2666,2581,2551
7.5090,7509,ThumbDn,HAREKET,1,2617,2698,2719,2604,2633,2764
7.5100,7510,ThumbDn,HAREKET,1,2599,2794,2698,2497,2706,2695
7.5110,7511,ThumbDn,HAREKET,1,2673,2733,2756,2590,2632,2584
7.5120,7512,ThumbDn,HAREKET,1,2617,2732,2681,2700,2654,2735
7.5130,7513,ThumbDn,HAREKET,1,2669,2874,2836,2586,2591,2800
7.5140,7514,ThumbDn,HAREKET,1,2607,2790,2596,2620,2772,2678
7.5150,7515,ThumbDn,HAREKET,1,2515,2684,2794,2615,2667,2634
7.5160,7516,ThumbDn,HAREKET,1,2683,2747,2603,2739,2726,2828
7.5170,7517,ThumbDn,HAREKET,1,2701,2662,2870,2713,2652,2807
7.5180,7518,ThumbDn,HAREKET,1,2530,2615,2709,2650,2681,2734
7.5190,7519,ThumbDn,HAREKET,1,2486,2710,2815,2731,2561,2722
7.5200,7520,ThumbDn,HAREKET,1,2550,2673,2783,2571,2529,2750
7.5210,7521,ThumbDn,HAREKET,1,2432,2637,2750,2608,2529,2833
7.5220,7522,ThumbDn,HAREKET,1,2428,2550,2792,2568,2484,2729
7.5230,7523,ThumbDn,HAREKET,1,2597,2636,2782,2542,2623,2602
7.5240,7524,ThumbDn,HAREKET,1,2487,2798,2766,2610,2585,2709
7.5250,7525,ThumbDn,HAREKET,1,2568,2725,2893,2538,2620,2730
7.5260,7526,ThumbDn,HAREKET,1,2564,2685,2733,2466,2482,2738
7.5270,7527,ThumbDn,HAREKET,1,2648,2764,2839,2594,2487,2765
7.5280,7528,ThumbDn,HAREKET,1,2642,2688,2692,2709,2475,2711
7.5290,7529,ThumbDn,HAREKET,1,2585,2818,2809,2627,2691,2720
7.5300,7530,ThumbDn,HAREKET,1,2578,2757,2719,2602,2678,2827
7.5310,7531,ThumbDn,HAREKET,1,2657,2731,2665,2609,2681,2759
7.5320,7532,ThumbDn,HAREKET,1,2621,2707,2803,2656,2574,2623
7.5330,7533,ThumbDn,HAREKET,1,2603,2738,2764,2520,2612,2761
7.5340,7534,ThumbDn,HAREKET,1,2561,2815,2671,2713,2539,2746
7.5350,7535,ThumbDn,HAREKET,1,2621,2773,2756,2628,2681,2715
7.5360,7536,ThumbDn,HAREKET,1,2580,2713,2822,2681,2603,2781
7.5370,7537,ThumbDn,HAREKET,1,2591,2697,2744,2625,2471,2787
7.5380,7538,ThumbDn,HAREKET,1,2610,2853,2622,2730,2716,2652
7.5390,7539,ThumbDn,HAREKET,1,2573,2775,2825,2626,2701,2689
7.5400,7540,ThumbDn,HAREKET,1,2640,2685,2748,2647,2700,2623
7.5410,7541,ThumbDn,HAREKET,1,2712,2756,2787,2621,2652,2645
7.5420,7542,ThumbDn,HAREKET,1,2570,2833,2654,2740,2682,2756
7.5430,7543,ThumbDn,HAREKET,1,2611,2755,2743,2789,2629,2784
7.5440,7544,ThumbDn,HAREKET,1,2597,2692,2710,2718,2658,2673
7.5450,7545,ThumbDn,HAREKET,1,2595,2676,2799,2602,2746,2787
7.5460,7546,ThumbDn,HAREKET,1,2470,2619,2747,2783,2683,2741
7.5470,7547,ThumbDn,HAREKET,1,2570,2719,2744,2701,2547,2812
7.5480,7548,ThumbDn,HAREKET,1,2530,2635,2872,2672,2696,2848
7.5490,7549,ThumbDn,HAREKET,1,2609,2659,2773,2589,2482,2942
7.5500,7550,ThumbDn,HAREKET,1,2430,2620,2689,2652,2597,2861
7.5510,7551,ThumbDn,HAREKET,1,2592,2748,2802,2418,2631,2800
7.5520,7552,ThumbDn,HAREKET,1,2477,2785,2746,2427,2528,2709
7.5530,7553,ThumbDn,HAREKET,1,2522,2726,2805,2526,2706,2771
7.5540,7554,ThumbDn,HAREKET,1,2498,2682,2711,2555,2612,2944
7.5550,7555,ThumbDn,HAREKET,1,2553,2732,2607,2612,2695,2834
7.5560,7556,ThumbDn,HAREKET,1,2628,2664,2797,2597,2576,2722
7.5570,7557,ThumbDn,HAREKET,1,2527,2628,2785,2614,2565,2818
7.5580,7558,ThumbDn,HAREKET,1,2488,2793,2797,2519,2601,2790
7.5590,7559,ThumbDn,HAREKET,1,2645,2889,2774,2645,2684,2689
7.5600,7560,ThumbDn,HAREKET,1,2643,2834,2636,2613,2702,2865
7.5610,7561,ThumbDn,HAREKET,1,2520,2741,2771,2633,2652,2864
7.5620,7562,ThumbDn,HAREKET,1,2613,2729,2610,2586,2630,2807
7.5630,7563,ThumbDn,HAREKET,1,2561,2797,2839,2639,2589,2842
7.5640,7564,ThumbDn,HAREKET,1,2665,2721,2764,2689,2471,2789
7.5650,7565,ThumbDn,HAREKET,1,2578,2653,2731,2615,2775,2661
7.5660,7566,ThumbDn,HAREKET,1,2678,2917,2653,2686,2694,2708
7.5670,7567,ThumbDn,HAREKET,1,2587,2910,2755,2709,2670,2683
7.5680,7568,ThumbDn,HAREKET,1,2602,2804,2702,2682,2695,2623
7.5690,7569,ThumbDn,HAREKET,1,2611,2787,2712,2699,2672,2683
7.5700,7570,ThumbDn,HAREKET,1,2641,2797,2757,2755,2689,2799
7.5710,7571,ThumbDn,HAREKET,1,2523,2801,2743,2689,2563,2683
7.5720,7572,ThumbDn,HAREKET,1,2549,2732,2864,2643,2646,2716
7.5730,7573,ThumbDn,HAREKET,1,2572,2712,2791,2671,2673,2680
7.5740,7574,ThumbDn,HAREKET,1,2663,2635,2705,2654,2749,2758
7.5750,7575,ThumbDn,HAREKET,1,2540,2581,2903,2622,2540,2861
7.5760,7576,ThumbDn,HAREKET,1,2509,2562,2743,2585,2476,2804
7.5770,7577,ThumbDn,HAREKET,1,2487,2702,2928,2643,2572,2703
7.5780,7578,ThumbDn,HAREKET,1,2561,2713,2841,2646,2567,2878
7.5790,7579,ThumbDn,HAREKET,1,2475,2726,2938,2626,2561,2711
7.5800,7580,ThumbDn,HAREKET,1,2594,2679,2728,2545,2738,2734
7.5810,7581,ThumbDn,HAREKET,1,2489,2723,2740,2693,2534,2806
7.5820,7582,ThumbDn,HAREKET,1,2529,2769,2838,2457,2612,2810
7.5830,7583,ThumbDn,HAREKET,1,2597,2672,2862,2637,2574,2715
7.5840,7584,ThumbDn,HAREKET,1,2625,2655,2701,2503,2574,2932
7.5850,7585,ThumbDn,HAREKET,1,2388,2636,2755,2748,2676,2748
7.5860,7586,ThumbDn,HAREKET,1,2453,2732,2643,2640,2672,2666
7.5870,7587,ThumbDn,HAREKET,1,2683,2731,2676,2512,2614,2728
7.5880,7588,ThumbDn,HAREKET,1,2516,2765,2695,2600,2624,2802
7.5890,7589,ThumbDn,HAREKET,1,2583,2793,2848,2758,2749,2829
7.5900,7590,ThumbDn,HAREKET,1,2528,2713,2774,2587,2715,2789
7.5910,7591,ThumbDn,HAREKET,1,2533,2811,2718,2732,2721,2790
7.5920,7592,ThumbDn,HAREKET,1,2549,2791,2734,2575,2689,2680
7.5930,7593,ThumbDn,HAREKET,1,2639,2729,2664,2712,2592,2750
7.5940,7594,ThumbDn,HAREKET,1,2670,2795,2841,2612,2622,2776
7.5950,7595,ThumbDn,HAREKET,1,2478,2724,2751,2721,2486,2624
7.5960,7596,ThumbDn,HAREKET,1,2684,2696,2737,2595,2880,2721
7.5970,7597,ThumbDn,HAREKET,1,2529,2672,2719,2596,2690,2798
7.5980,7598,ThumbDn,HAREKET,1,2586,2601,2694,2596,2832,2799
7.5990,7599,ThumbDn,HAREKET,1,2505,2705,2782,2715,2606,2787
7.6000,7600,ThumbDn,HAREKET,1,2549,2827,2666,2734,2725,2706
7.6010,7601,ThumbDn,HAREKET,1,2480,2627,2731,2668,2642,2912
7.6020,7602,ThumbDn,HAREKET,1,2483,2672,2885,2693,2604,2790
7.6030,7603,ThumbDn,HAREKET,1,2453,2537,2903,2740,2638,2921
7.6040,7604,ThumbDn,HAREKET,1,2517,2759,2785,2646,2492,2739
7.6050,7605,ThumbDn,HAREKET,1,2518,2652,2751,2555,2502,2948
7.6060,7606,ThumbDn,HAREKET,1,2547,2809,2781,2620,2803,2894
7.6070,7607,ThumbDn,HAREKET,1,2577,2746,2794,2493,2537,2811
7.6080,7608,ThumbDn,HAREKET,1,2544,2718,2901,2568,2512,2842
7.6090,7609,ThumbDn,HAREKET,1,2521,2811,2829,2607,2605,2853
7.6100,7610,ThumbDn,HAREKET,1,2478,2799,2759,2660,2616,2747
7.6110,7611,ThumbDn,HAREKET,1,2693,2800,2764,2609,2622,2761
7.6120,7612,ThumbDn,HAREKET,1,2632,2629,2715,2573,2729,2823
7.6130,7613,ThumbDn,HAREKET,1,2637,2793,2740,2551,2677,2894
7.6140,7614,ThumbDn,HAREKET,1,2567,2717,2694,2627,2616,2766
7.6150,7615,ThumbDn,HAREKET,1,2671,2733,2753,2703,2529,2767
7.6160,7616,ThumbDn,HAREKET,1,2691,2644,2800,2724,2501,2882
7.6170,7617,ThumbDn,HAREKET,1,2533,2639,2750,2484,2778,2728
7.6180,7618,ThumbDn,HAREKET,1,2534,2731,2804,2612,2739,2848
7.6190,7619,ThumbDn,HAREKET,1,2639,2744,2728,2551,2593,2730
7.6200,7620,ThumbDn,HAREKET,1,2591,2833,2891,2676,2739,2729
7.6210,7621,ThumbDn,HAREKET,1,2569,2782,2705,2458,2825,2691
7.6220,7622,ThumbDn,HAREKET,1,2585,2782,2714,2572,2640,2767
7.6230,7623,ThumbDn,HAREKET,1,2642,2743,2769,2673,2731,2709
7.6240,7624,ThumbDn,HAREKET,1,2490,2768,2897,2680,2719,2740
7.6250,7625,ThumbDn,HAREKET,1,2633,2788,2774,2646,2644,2731
7.6260,7626,ThumbDn,HAREKET,1,2698,2690,2780,2636,2681,2709
7.6270,7627,ThumbDn,HAREKET,1,2602,2752,2679,2726,2701,2768
7.6280,7628,ThumbDn,HAREKET,1,2572,2764,2674,2726,2631,2839
7.6290,7629,ThumbDn,HAREKET,1,2470,2698,2765,2565,2584,2856
7.6300,7630,ThumbDn,HAREKET,1,2445,2684,2847,2721,2568,2859
7.6310,7631,ThumbDn,HAREKET,1,2561,2519,2838,2624,2650,2905
7.6320,7632,ThumbDn,HAREKET,1,2539,2601,2805,2600,2666,2882
7.6330,7633,ThumbDn,HAREKET,1,2667,2718,2925,2638,2669,2811
7.6340,7634,ThumbDn,HAREKET,1,2492,2658,2765,2670,2748,2777
7.6350,7635,ThumbDn,HAREKET,1,2627,2644,2928,2597,2519,2874
7.6360,7636,ThumbDn,HAREKET,1,2491,2676,2851,2507,2600,2770
7.6370,7637,ThumbDn,HAREKET,1,2601,2710,2673,2549,2602,2860
7.6380,7638,ThumbDn,HAREKET,1,2519,2590,2775,2401,2656,2772
7.6390,7639,ThumbDn,HAREKET,1,2669,2804,2582,2644,2536,2797
7.6400,7640,ThumbDn,HAREKET,1,2598,2559,2721,2634,2644,2775
7.6410,7641,ThumbDn,HAREKET,1,2530,2776,2679,2626,2627,2767
7.6420,7642,ThumbDn,HAREKET,1,2566,2680,2758,2630,2541,2842
7.6430,7643,ThumbDn,HAREKET,1,2582,2776,2703,2650,2602,2714
7.6440,7644,ThumbDn,HAREKET,1,2477,2661,2695,2675,2754,2738
7.6450,7645,ThumbDn,HAREKET,1,2538,2727,2626,2681,2591,2611
7.6460,7646,ThumbDn,HAREKET,1,2594,2767,2754,2593,2558,2651
7.6470,7647,ThumbDn,HAREKET,1,2502,2745,2666,2592,2614,2751
7.6480,7648,ThumbDn,HAREKET,1,2635,2760,2729,2658,2737,2722
7.6490,7649,ThumbDn,HAREKET,1,2524,2752,2887,2628,2662,2654
7.6500,7650,ThumbDn,HAREKET,1,2569,2800,2769,2566,2693,2729
7.6510,7651,ThumbDn,HAREKET,1,2596,2881,2697,2609,2676,2491
7.6520,7652,ThumbDn,HAREKET,1,2564,2714,2740,2678,2688,2632
7.6530,7653,ThumbDn,HAREKET,1,2535,2630,2764,2691,2627,2876
7.6540,7654,ThumbDn,HAREKET,1,2548,2703,2753,2635,2688,2758
7.6550,7655,ThumbDn,HAREKET,1,2610,2745,2729,2714,2783,2885
7.6560,7656,ThumbDn,HAREKET,1,2556,2635,2625,2636,2706,2755
7.6570,7657,ThumbDn,HAREKET,1,2495,2531,2670,2686,2626,2607
7.6580,7658,ThumbDn,HAREKET,1,2551,2592,2772,2752,2680,2926
7.6590,7659,ThumbDn,HAREKET,1,2489,2567,2771,2593,2607,2689
7.6600,7660,ThumbDn,HAREKET,1,2471,2623,2821,2620,2466,2880
7.6610,7661,ThumbDn,HAREKET,1,2564,2581,2784,2544,2638,2738
7.6620,7662,ThumbDn,HAREKET,1,2359,2776,2883,2560,2581,2851
7.6630,7663,ThumbDn,HAREKET,1,2593,2708,2744,2507,2557,2814
7.6640,7664,ThumbDn,HAREKET,1,2511,2728,2701,2589,2625,2767
7.6650,7665,ThumbDn,HAREKET,1,2594,2598,2726,2466,2560,2609
7.6660,7666,ThumbDn,HAREKET,1,2597,2670,2802,2633,2569,2770
7.6670,7667,ThumbDn,HAREKET,1,2590,2631,2750,2619,2739,2687
7.6680,7668,ThumbDn,HAREKET,1,2545,2648,2739,2617,2566,2761
7.6690,7669,ThumbDn,HAREKET,1,2482,2630,2693,2682,2700,2771
7.6700,7670,ThumbDn,HAREKET,1,2552,2675,2773,2637,2740,2786
7.6710,7671,ThumbDn,HAREKET,1,2622,2656,2813,2681,2685,2771
7.6720,7672,ThumbDn,HAREKET,1,2554,2678,2656,2629,2636,2823
7.6730,7673,ThumbDn,HAREKET,1,2485,2775,2735,2583,2648,2876
7.6740,7674,ThumbDn,HAREKET,1,2456,2739,2809,2626,2641,2787
7.6750,7675,ThumbDn,HAREKET,1,2580,2597,2714,2659,2555,2848
7.6760,7676,ThumbDn,HAREKET,1,2607,2762,2742,2631,2672,2711
7.6770,7677,ThumbDn,HAREKET,1,2616,2751,2790,2676,2721,2568
7.6780,7678,ThumbDn,HAREKET,1,2557,2802,2695,2675,2778,2678
7.6790,7679,ThumbDn,HAREKET,1,2677,2737,2696,2582,2698,2571
7.6800,7680,ThumbDn,HAREKET,1,2642,2622,2722,2584,2684,2616
7.6810,7681,ThumbDn,HAREKET,1,2636,2674,2835,2699,2819,2664
7.6820,7682,ThumbDn,HAREKET,1,2569,2692,2752,2610,2748,2756
7.6830,7683,ThumbDn,HAREKET,1,2480,2703,2903,2667,2716,2650
7.6840,7684,ThumbDn,HAREKET,1,2565,2838,2788,2715,2736,2720
7.6850,7685,ThumbDn,HAREKET,1,2596,2725,2798,2623,2742,2760
7.6860,7686,ThumbDn,HAREKET,1,2550,2645,2784,2717,2725,2772
7.6870,7687,ThumbDn,HAREKET,1,2528,2651,2894,2635,2624,2843
7.6880,7688,ThumbDn,HAREKET,1,2426,2632,2943,2616,2575,2682
7.6890,7689,ThumbDn,HAREKET,1,2406,2562,2777,2491,2662,2828
7.6900,7690,ThumbDn,HAREKET,1,2574,2671,2941,2544,2636,2840
7.6910,7691,ThumbDn,HAREKET,1,2595,2620,2738,2477,2602,2732
7.6920,7692,ThumbDn,HAREKET,1,2551,2662,2861,2554,2610,2796
7.6930,7693,ThumbDn,HAREKET,1,2521,2751,2790,2579,2618,2851
7.6940,7694,ThumbDn,HAREKET,1,2516,2727,2681,2672,2705,2787
7.6950,7695,ThumbDn,HAREKET,1,2627,2632,2722,2656,2594,2700
7.6960,7696,ThumbDn,HAREKET,1,2652,2690,2777,2635,2511,2829
7.6970,7697,ThumbDn,HAREKET,1,2554,2617,2697,2519,2837,2743
7.6980,7698,ThumbDn,HAREKET,1,2510,2730,2637,2615,2715,2802
7.6990,7699,ThumbDn,HAREKET,1,2680,2511,2759,2519,2565,2763
7.7000,7700,ThumbDn,HAREKET,1,2517,2558,2718,2560,2630,2782
7.7010,7701,ThumbDn,HAREKET,1,2566,2640,2754,2627,2742,2665
7.7020,7702,ThumbDn,HAREKET,1,2597,2780,2748,2629,2634,2738
7.7030,7703,ThumbDn,HAREKET,1,2500,2762,2789,2593,2710,2704
7.7040,7704,ThumbDn,HAREKET,1,2585,2852,2678,2544,2714,2783
7.7050,7705,ThumbDn,HAREKET,1,2600,2822,2826,2601,2548,2634
7.7060,7706,ThumbDn,HAREKET,1,2584,2827,2701,2605,2777,2639
7.7070,7707,ThumbDn,HAREKET,1,2606,2717,2696,2573,2583,2675
7.7080,7708,ThumbDn,HAREKET,1,2614,2646,2778,2601,2669,2745
7.7090,7709,ThumbDn,HAREKET,1,2521,2730,2791,2648,2680,2737
7.7100,7710,ThumbDn,HAREKET,1,2565,2685,2840,2641,2752,2715
7.7110,7711,ThumbDn,HAREKET,1,2634,2704,2887,2685,2758,2684
7.7120,7712,ThumbDn,HAREKET,1,2481,2516,2779,2668,2712,2747
7.7130,7713,ThumbDn,HAREKET,1,2439,2578,2655,2619,2634,2776
7.7140,7714,ThumbDn,HAREKET,1,2539,2450,2858,2554,2639,2776
7.7150,7715,ThumbDn,HAREKET,1,2474,2633,2813,2727,2669,2856
7.7160,7716,ThumbDn,HAREKET,1,2465,2651,2805,2519,2615,2812
7.7170,7717,ThumbDn,HAREKET,1,2458,2627,2858,2540,2757,2728
7.7180,7718,ThumbDn,HAREKET,1,2507,2670,2684,2487,2610,2773
7.7190,7719,ThumbDn,HAREKET,1,2411,2670,2797,2586,2537,2611
7.7200,7720,ThumbDn,HAREKET,1,2590,2733,2799,2532,2676,2731
7.7210,7721,ThumbDn,HAREKET,1,2518,2722,2886,2595,2641,2760
7.7220,7722,ThumbDn,HAREKET,1,2647,2736,2764,2507,2591,2789
7.7230,7723,ThumbDn,HAREKET,1,2583,2813,2744,2669,2603,2690
7.7240,7724,ThumbDn,HAREKET,1,2446,2552,2687,2570,2772,2707
7.7250,7725,ThumbDn,HAREKET,1,2444,2616,2711,2478,2668,2735
7.7260,7726,ThumbDn,HAREKET,1,2575,2599,2708,2564,2698,2841
7.7270,7727,ThumbDn,HAREKET,1,2523,2700,2726,2590,2709,2748
7.7280,7728,ThumbDn,HAREKET,1,2598,2684,2775,2520,2810,2815
7.7290,7729,ThumbDn,HAREKET,1,2561,2676,2716,2554,2608,2669
7.7300,7730,ThumbDn,HAREKET,1,2466,2738,2810,2608,2643,2510
7.7310,7731,ThumbDn,HAREKET,1,2526,2599,2806,2578,2648,2748
7.7320,7732,ThumbDn,HAREKET,1,2675,2775,2770,2468,2596,2713
7.7330,7733,ThumbDn,HAREKET,1,2619,2729,2699,2634,2657,2602
7.7340,7734,ThumbDn,HAREKET,1,2553,2713,2829,2630,2690,2678
7.7350,7735,ThumbDn,HAREKET,1,2494,2763,2715,2592,2763,2772
7.7360,7736,ThumbDn,HAREKET,1,2501,2665,2823,2632,2761,2757
7.7370,7737,ThumbDn,HAREKET,1,2672,2667,2785,2662,2702,2749
7.7380,7738,ThumbDn,HAREKET,1,2480,2710,2626,2549,2632,2758
7.7390,7739,ThumbDn,HAREKET,1,2583,2658,2786,2634,2630,2732
7.7400,7740,ThumbDn,HAREKET,1,2625,2764,2663,2768,2621,2760
7.7410,7741,ThumbDn,HAREKET,1,2529,2652,2883,2697,2643,2873
7.7420,7742,ThumbDn,HAREKET,1,2491,2466,2853,2545,2754,2743
7.7430,7743,ThumbDn,HAREKET,1,2442,2514,2880,2506,2539,2735
7.7440,7744,ThumbDn,HAREKET,1,2543,2637,2769,2521,2655,2840
7.7450,7745,ThumbDn,HAREKET,1,2448,2670,2856,2487,2694,2719
7.7460,7746,ThumbDn,HAREKET,1,2487,2607,2665,2468,2603,2696
7.7470,7747,ThumbDn,HAREKET,1,2438,2689,2729,2469,2669,2706
7.7480,7748,ThumbDn,HAREKET,1,2535,2684,2719,2553,2577,2730
7.7490,7749,ThumbDn,HAREKET,1,2505,2773,2668,2561,2541,2663
7.7500,7750,ThumbDn,HAREKET,1,2643,2660,2747,2670,2674,2881
7.7510,7751,ThumbDn,HAREKET,1,2519,2757,2772,2494,2773,2827
7.7520,7752,ThumbDn,HAREKET,1,2591,2734,2741,2629,2710,2716
7.7530,7753,ThumbDn,HAREKET,1,2545,2730,2816,2555,2666,2645
7.7540,7754,ThumbDn,HAREKET,1,2556,2561,2692,2621,2733,2611
7.7550,7755,ThumbDn,HAREKET,1,2452,2672,2617,2513,2791,2801
7.7560,7756,ThumbDn,HAREKET,1,2494,2650,2619,2525,2630,2664
7.7570,7757,ThumbDn,HAREKET,1,2641,2634,2815,2591,2607,2654
7.7580,7758,ThumbDn,HAREKET,1,2602,2685,2927,2617,2699,2702
7.7590,7759,ThumbDn,HAREKET,1,2557,2733,2902,2611,2765,2712
7.7600,7760,ThumbDn,HAREKET,1,2571,2679,2705,2628,2684,2693
7.7610,7761,ThumbDn,HAREKET,1,2633,2684,2868,2577,2644,2667
7.7620,7762,ThumbDn,HAREKET,1,2653,2600,2815,2589,2741,2610
7.7630,7763,ThumbDn,HAREKET,1,2656,2712,2798,2740,2722,2635
7.7640,7764,ThumbDn,HAREKET,1,2600,2703,2821,2733,2685,2649
7.7650,7765,ThumbDn,HAREKET,1,2559,2697,2843,2610,2686,2701
7.7660,7766,ThumbDn,HAREKET,1,2628,2579,2750,2584,2686,2736
7.7670,7767,ThumbDn,HAREKET,1,2670,2660,2930,2665,2663,2738
7.7680,7768,ThumbDn,HAREKET,1,2518,2582,2861,2600,2633,2804
7.7690,7769,ThumbDn,HAREKET,1,2567,2627,2786,2651,2703,2766
7.7700,7770,ThumbDn,HAREKET,1,2559,2703,2850,2636,2536,2796
7.7710,7771,ThumbDn,HAREKET,1,2520,2497,2867,2572,2656,2700
7.7720,7772,ThumbDn,HAREKET,1,2482,2748,2652,2485,2634,2852
7.7730,7773,ThumbDn,HAREKET,1,2520,2708,2887,2581,2667,2813
7.7740,7774,ThumbDn,HAREKET,1,2580,2621,2797,2567,2576,2622
7.7750,7775,ThumbDn,HAREKET,1,2670,2659,2826,2595,2447,2691
7.7760,7776,ThumbDn,HAREKET,1,2489,2725,2725,2549,2674,2669
7.7770,7777,ThumbDn,HAREKET,1,2517,2522,2732,2609,2796,2787
7.7780,7778,ThumbDn,HAREKET,1,2570,2579,2794,2637,2686,2701
7.7790,7779,ThumbDn,HAREKET,1,2616,2650,2607,2471,2688,2813
7.7800,7780,ThumbDn,HAREKET,1,2568,2680,2751,2599,2671,2779
7.7810,7781,ThumbDn,HAREKET,1,2610,2580,2767,2634,2784,2619
7.7820,7782,ThumbDn,HAREKET,1,2609,2692,2739,2512,2668,2741
7.7830,7783,ThumbDn,HAREKET,1,2500,2592,2668,2590,2811,2722
7.7840,7784,ThumbDn,HAREKET,1,2535,2743,2879,2588,2625,2787
7.7850,7785,ThumbDn,HAREKET,1,2536,2680,2758,2505,2682,2727
7.7860,7786,ThumbDn,HAREKET,1,2505,2899,2857,2597,2708,2750
7.7870,7787,ThumbDn,HAREKET,1,2468,2712,2810,2553,2659,2668
7.7880,7788,ThumbDn,HAREKET,1,2532,2721,2844,2569,2710,2751
7.7890,7789,ThumbDn,HAREKET,1,2639,2701,2840,2569,2799,2606
7.7900,7790,ThumbDn,HAREKET,1,2628,2774,2727,2632,2816,2707
7.7910,7791,ThumbDn,HAREKET,1,2605,2782,2854,2638,2744,2508
7.7920,7792,ThumbDn,HAREKET,1,2573,2704,2721,2493,2780,2678
7.7930,7793,ThumbDn,HAREKET,1,2499,2677,2831,2676,2594,2898
7.7940,7794,ThumbDn,HAREKET,1,2615,2612,2798,2723,2680,2663
7.7950,7795,ThumbDn,HAREKET,1,2557,2642,2819,2640,2751,2733
7.7960,7796,ThumbDn,HAREKET,1,2500,2616,2687,2510,2732,2690
7.7970,7797,ThumbDn,HAREKET,1,2534,2594,2659,2559,2687,2860
7.7980,7798,ThumbDn,HAREKET,1,2530,2486,2806,2620,2640,2748
7.7990,7799,ThumbDn,HAREKET,1,2446,2639,2968,2635,2615,2656
7.8000,7800,ThumbDn,HAREKET,1,2494,2590,2782,2650,2669,2715
7.8010,7801,ThumbDn,HAREKET,1,2568,2643,2811,2509,2611,2796
7.8020,7802,ThumbDn,HAREKET,1,2456,2683,2803,2648,2687,2721
7.8030,7803,ThumbDn,HAREKET,1,2493,2567,2822,2638,2742,2673
7.8040,7804,ThumbDn,HAREKET,1,2581,2589,2753,2456,2701,2771
7.8050,7805,ThumbDn,HAREKET,1,2576,2681,2690,2421,2741,2680
7.8060,7806,ThumbDn,HAREKET,1,2538,2598,2749,2720,2699,2743
7.8070,7807,ThumbDn,HAREKET,1,2619,2588,2807,2608,2574,2805
7.8080,7808,ThumbDn,HAREKET,1,2522,2614,2713,2562,2642,2731
7.8090,7809,ThumbDn,HAREKET,1,2624,2632,2677,2567,2695,2710
7.8100,7810,ThumbDn,HAREKET,1,2521,2698,2619,2610,2543,2669
7.8110,7811,ThumbDn,HAREKET,1,2590,2654,2821,2609,2641,2661
7.8120,7812,ThumbDn,HAREKET,1,2579,2640,2773,2458,2732,2723
7.8130,7813,ThumbDn,HAREKET,1,2625,2673,2786,2533,2689,2615
7.8140,7814,ThumbDn,HAREKET,1,2612,2721,2759,2592,2755,2641
7.8150,7815,ThumbDn,HAREKET,1,2670,2693,2808,2538,2740,2624
7.8160,7816,ThumbDn,HAREKET,1,2553,2775,2769,2507,2749,2645
7.8170,7817,ThumbDn,HAREKET,1,2627,2718,2648,2542,2709,2739
7.8180,7818,ThumbDn,HAREKET,1,2655,2773,2762,2633,2730,2688
7.8190,7819,ThumbDn,HAREKET,1,2596,2651,2761,2594,2661,2651
7.8200,7820,ThumbDn,HAREKET,1,2679,2684,2722,2555,2826,2713
7.8210,7821,ThumbDn,HAREKET,1,2584,2542,2707,2656,2901,2824
7.8220,7822,ThumbDn,HAREKET,1,2558,2544,2696,2701,2725,2627
7.8230,7823,ThumbDn,HAREKET,1,2649,2548,2732,2665,2634,2862
7.8240,7824,ThumbDn,HAREKET,1,2496,2596,2813,2544,2716,2717
7.8250,7825,ThumbDn,HAREKET,1,2403,2671,2906,2609,2725,2746
7.8260,7826,ThumbDn,HAREKET,1,2518,2568,2789,2563,2858,2787
7.8270,7827,ThumbDn,HAREKET,1,2465,2561,2825,2517,2625,2769
7.8280,7828,ThumbDn,HAREKET,1,2482,2663,2683,2562,2630,2786
7.8290,7829,ThumbDn,HAREKET,1,2422,2669,2831,2513,2548,2719
7.8300,7830,ThumbDn,HAREKET,1,2433,2645,2815,2539,2575,2785
7.8310,7831,ThumbDn,HAREKET,1,2551,2743,2696,2473,2597,2798
7.8320,7832,ThumbDn,HAREKET,1,2604,2722,2731,2494,2702,2760
7.8330,7833,ThumbDn,HAREKET,1,2531,2721,2698,2552,2591,2678
7.8340,7834,ThumbDn,HAREKET,1,2599,2624,2860,2537,2619,2759
7.8350,7835,ThumbDn,HAREKET,1,2615,2608,2743,2641,2680,2692
7.8360,7836,ThumbDn,HAREKET,1,2567,2704,2651,2509,2733,2723
7.8370,7837,ThumbDn,HAREKET,1,2524,2669,2665,2527,2744,2662
7.8380,7838,ThumbDn,HAREKET,1,2597,2712,2666,2490,2779,2566
7.8390,7839,ThumbDn,HAREKET,1,2554,2691,2844,2572,2607,2682
7.8400,7840,ThumbDn,HAREKET,1,2603,2720,2776,2629,2740,2626
7.8410,7841,ThumbDn,HAREKET,1,2579,2707,2641,2560,2782,2702
7.8420,7842,ThumbDn,HAREKET,1,2456,2790,2706,2563,2648,2656
7.8430,7843,ThumbDn,HAREKET,1,2597,2639,2747,2622,2676,2622
7.8440,7844,ThumbDn,HAREKET,1,2562,2759,2642,2558,2614,2632
7.8450,7845,ThumbDn,HAREKET,1,2558,2656,2714,2579,2722,2786
7.8460,7846,ThumbDn,HAREKET,1,2621,2619,2799,2549,2669,2657
7.8470,7847,ThumbDn,HAREKET,1,2588,2754,2672,2574,2749,2674
7.8480,7848,ThumbDn,HAREKET,1,2594,2691,2793,2646,2653,2718
7.8490,7849,ThumbDn,HAREKET,1,2602,2577,2844,2677,2669,2617
7.8500,7850,ThumbDn,HAREKET,1,2607,2737,2660,2659,2731,2782
7.8510,7851,ThumbDn,HAREKET,1,2534,2557,2849,2660,2735,2680
7.8520,7852,ThumbDn,HAREKET,1,2446,2647,2921,2681,2661,2778
7.8530,7853,ThumbDn,HAREKET,1,2603,2634,2781,2614,2676,2685
7.8540,7854,ThumbDn,HAREKET,1,2548,2577,2773,2549,2626,2593
7.8550,7855,ThumbDn,HAREKET,1,2461,2643,2766,2574,2709,2716
7.8560,7856,ThumbDn,HAREKET,1,2573,2641,2711,2515,2652,2897
7.8570,7857,ThumbDn,HAREKET,1,2437,2532,2819,2627,2721,2810
7.8580,7858,ThumbDn,HAREKET,1,2413,2630,2686,2587,2618,2583
7.8590,7859,ThumbDn,HAREKET,1,2552,2631,2637,2552,2676,2739
7.8600,7860,ThumbDn,HAREKET,1,2585,2794,2670,2562,2678,2642
7.8610,7861,ThumbDn,HAREKET,1,2527,2623,2750,2610,2541,2741
7.8620,7862,ThumbDn,HAREKET,1,2543,2698,2712,2618,2707,2733
7.8630,7863,ThumbDn,HAREKET,1,2640,2707,2814,2548,2562,2653
7.8640,7864,ThumbDn,HAREKET,1,2598,2502,2632,2562,2719,2747
7.8650,7865,ThumbDn,HAREKET,1,2595,2654,2648,2581,2694,2808
7.8660,7866,ThumbDn,HAREKET,1,2607,2604,2612,2594,2661,2677
7.8670,7867,ThumbDn,HAREKET,1,2457,2687,2867,2619,2790,2825
7.8680,7868,ThumbDn,HAREKET,1,2445,2673,2681,2549,2718,2737
7.8690,7869,ThumbDn,HAREKET,1,2603,2657,2851,2523,2798,2738
7.8700,7870,ThumbDn,HAREKET,1,2633,2791,2598,2628,2742,2697
7.8710,7871,ThumbDn,HAREKET,1,2655,2742,2797,2498,2667,2649
7.8720,7872,ThumbDn,HAREKET,1,2619,2685,2823,2473,2737,2617
7.8730,7873,ThumbDn,HAREKET,1,2604,2695,2744,2577,2724,2611
7.8740,7874,ThumbDn,HAREKET,1,2479,2700,2627,2612,2694,2646
7.8750,7875,ThumbDn,HAREKET,1,2699,2649,2874,2610,2741,2756
7.8760,7876,ThumbDn,HAREKET,1,2634,2675,2755,2611,2823,2578
7.8770,7877,ThumbDn,HAREKET,1,2581,2667,2710,2647,2764,2684
7.8780,7878,ThumbDn,HAREKET,1,2478,2719,2859,2604,2829,2714
7.8790,7879,ThumbDn,HAREKET,1,2569,2740,2907,2618,2740,2779
7.8800,7880,ThumbDn,HAREKET,1,2613,2624,2746,2496,2692,2760
7.8810,7881,ThumbDn,HAREKET,1,2510,2607,2925,2613,2652,2780
7.8820,7882,ThumbDn,HAREKET,1,2540,2604,2796,2493,2761,2838
7.8830,7883,ThumbDn,HAREKET,1,2502,2609,2779,2438,2566,2769
7.8840,7884,ThumbDn,HAREKET,1,2539,2626,2730,2579,2643,2679
7.8850,7885,ThumbDn,HAREKET,1,2577,2555,2806,2495,2656,2678
7.8860,7886,ThumbDn,HAREKET,1,2528,2623,2801,2461,2633,2703
7.8870,7887,ThumbDn,HAREKET,1,2569,2608,2788,2583,2643,2676
7.8880,7888,ThumbDn,HAREKET,1,2613,2635,2628,2531,2734,2696
7.8890,7889,ThumbDn,HAREKET,1,2666,2688,2616,2546,2697,2828
7.8900,7890,ThumbDn,HAREKET,1,2546,2638,2633,2545,2597,2769
7.8910,7891,ThumbDn,HAREKET,1,2563,2691,2498,2526,2725,2714
7.8920,7892,ThumbDn,HAREKET,1,2608,2583,2736,2537,2764,2564
7.8930,7893,ThumbDn,HAREKET,1,2508,2601,2743,2556,2657,2724
7.8940,7894,ThumbDn,HAREKET,1,2613,2721,2736,2558,2693,2841
7.8950,7895,ThumbDn,HAREKET,1,2587,2761,2719,2508,2718,2788
7.8960,7896,ThumbDn,HAREKET,1,2671,2652,2707,2545,2728,2625
7.8970,7897,ThumbDn,HAREKET,1,2593,2613,2798,2704,2644,2714
7.8980,7898,ThumbDn,HAREKET,1,2581,2696,2613,2506,2711,2660
7.8990,7899,ThumbDn,HAREKET,1,2489,2655,2687,2543,2670,2588
7.9000,7900,ThumbDn,HAREKET,1,2588,2642,2754,2602,2694,2631
7.9010,7901,ThumbDn,HAREKET,1,2514,2757,2712,2644,2767,2587
7.9020,7902,ThumbDn,HAREKET,1,2632,2594,2703,2603,2689,2658
7.9030,7903,ThumbDn,HAREKET,1,2598,2682,2694,2633,2694,2690
7.9040,7904,ThumbDn,HAREKET,1,2586,2775,2738,2597,2626,2818
7.9050,7905,ThumbDn,HAREKET,1,2559,2540,2697,2639,2756,2672
7.9060,7906,ThumbDn,HAREKET,1,2408,2580,2711,2538,2798,2676
7.9070,7907,ThumbDn,HAREKET,1,2562,2641,2741,2541,2610,2712
7.9080,7908,ThumbDn,HAREKET,1,2591,2713,2869,2725,2694,2752
7.9090,7909,ThumbDn,HAREKET,1,2621,2593,2809,2608,2759,2606
7.9100,7910,ThumbDn,HAREKET,1,2583,2620,2752,2543,2683,2843
7.9110,7911,ThumbDn,HAREKET,1,2520,2689,2737,2476,2696,2681
7.9120,7912,ThumbDn,HAREKET,1,2533,2640,2765,2615,2690,2870
7.9130,7913,ThumbDn,HAREKET,1,2553,2608,2865,2502,2597,2761
7.9140,7914,ThumbDn,HAREKET,1,2564,2686,2769,2590,2714,2699
7.9150,7915,ThumbDn,HAREKET,1,2571,2671,2685,2541,2683,2795
7.9160,7916,ThumbDn,HAREKET,1,2555,2680,2794,2556,2676,2691
7.9170,7917,ThumbDn,HAREKET,1,2623,2563,2633,2613,2614,2719
7.9180,7918,ThumbDn,HAREKET,1,2658,2650,2778,2518,2629,2755
7.9190,7919,ThumbDn,HAREKET,1,2597,2606,2700,2607,2713,2592
7.9200,7920,ThumbDn,HAREKET,1,2593,2654,2692,2562,2610,2707
7.9210,7921,ThumbDn,HAREKET,1,2578,2710,2759,2535,2577,2663
7.9220,7922,ThumbDn,HAREKET,1,2591,2683,2678,2583,2640,2749
7.9230,7923,ThumbDn,HAREKET,1,2590,2721,2641,2531,2758,2802
7.9240,7924,ThumbDn,HAREKET,1,2478,2692,2719,2479,2602,2714
7.9250,7925,ThumbDn,HAREKET,1,2575,2601,2720,2540,2724,2709
7.9260,7926,ThumbDn,HAREKET,1,2632,2732,2667,2577,2715,2633
7.9270,7927,ThumbDn,HAREKET,1,2535,2765,2670,2527,2861,2639
7.9280,7928,ThumbDn,HAREKET,1,2747,2642,2772,2549,2721,2649
7.9290,7929,ThumbDn,HAREKET,1,2582,2636,2786,2540,2755,2671
7.9300,7930,ThumbDn,HAREKET,1,2572,2691,2721,2570,2771,2587
7.9310,7931,ThumbDn,HAREKET,1,2586,2530,2775,2572,2658,2629
7.9320,7932,ThumbDn,HAREKET,1,2579,2730,2699,2526,2712,2714
7.9330,7933,ThumbDn,HAREKET,1,2651,2693,2725,2597,2749,2744
7.9340,7934,ThumbDn,HAREKET,1,2537,2564,2843,2621,2650,2718
7.9350,7935,ThumbDn,HAREKET,1,2494,2608,2835,2676,2713,2683
7.9360,7936,ThumbDn,HAREKET,1,2569,2538,2839,2627,2780,2690
7.9370,7937,ThumbDn,HAREKET,1,2414,2529,2742,2631,2686,2605
7.9380,7938,ThumbDn,HAREKET,1,2581,2609,2685,2637,2769,2770
7.9390,7939,ThumbDn,HAREKET,1,2485,2728,2814,2604,2534,2725
7.9400,7940,ThumbDn,HAREKET,1,2563,2643,2736,2551,2637,2788
7.9410,7941,ThumbDn,HAREKET,1,2563,2596,2887,2494,2640,2776
7.9420,7942,ThumbDn,HAREKET,1,2579,2782,2814,2566,2568,2733
7.9430,7943,ThumbDn,HAREKET,1,2537,2677,2752,2514,2528,2673
7.9440,7944,ThumbDn,HAREKET,1,2674,2635,2618,2492,2696,2662
7.9450,7945,ThumbDn,HAREKET,1,2507,2707,2648,2614,2684,2698
7.9460,7946,ThumbDn,HAREKET,1,2655,2697,2733,2476,2562,2666
7.9470,7947,ThumbDn,HAREKET,1,2633,2571,2630,2516,2809,2726
7.9480,7948,ThumbDn,HAREKET,1,2710,2653,2688,2551,2576,2676
7.9490,7949,ThumbDn,HAREKET,1,2669,2666,2674,2563,2733,2851
7.9500,7950,ThumbDn,HAREKET,1,2513,2431,2646,2501,2647,2767
7.9510,7951,ThumbDn,HAREKET,1,2684,2637,2653,2525,2615,2685
7.9520,7952,ThumbDn,HAREKET,1,2505,2699,2756,2524,2836,2657
7.9530,7953,ThumbDn,HAREKET,1,2661,2665,2793,2643,2683,2579
7.9540,7954,ThumbDn,HAREKET,1,2597,2686,2724,2669,2761,2686
7.9550,7955,ThumbDn,HAREKET,1,2633,2739,2790,2545,2720,2673
7.9560,7956,ThumbDn,HAREKET,1,2651,2714,2685,2600,2818,2677
7.9570,7957,ThumbDn,HAREKET,1,2756,2716,2653,2556,2784,2640
7.9580,7958,ThumbDn,HAREKET,1,2703,2697,2618,2650,2792,2844
7.9590,7959,ThumbDn,HAREKET,1,2559,2509,2661,2575,2686,2812
7.9600,7960,ThumbDn,HAREKET,1,2547,2656,2815,2457,2676,2645
7.9610,7961,ThumbDn,HAREKET,1,2527,2648,2780,2670,2633,2811
7.9620,7962,ThumbDn,HAREKET,1,2516,2720,2838,2560,2761,2702
7.9630,7963,ThumbDn,HAREKET,1,2596,2528,2790,2667,2668,2705
7.9640,7964,ThumbDn,HAREKET,1,2537,2613,2656,2671,2715,2692
7.9650,7965,ThumbDn,HAREKET,1,2511,2569,2791,2662,2682,2872
7.9660,7966,ThumbDn,HAREKET,1,2504,2699,2651,2584,2629,2625
7.9670,7967,ThumbDn,HAREKET,1,2500,2629,2761,2416,2664,2714
7.9680,7968,ThumbDn,HAREKET,1,2486,2691,2688,2500,2664,2598
7.9690,7969,ThumbDn,HAREKET,1,2643,2710,2631,2659,2594,2866
7.9700,7970,ThumbDn,HAREKET,1,2562,2702,2645,2450,2596,2702
7.9710,7971,ThumbDn,HAREKET,1,2648,2707,2674,2547,2652,2571
7.9720,7972,ThumbDn,HAREKET,1,2569,2611,2592,2547,2513,2690
7.9730,7973,ThumbDn,HAREKET,1,2560,2710,2728,2460,2619,2721
7.9740,7974,ThumbDn,HAREKET,1,2547,2561,2588,2551,2608,2794
7.9750,7975,ThumbDn,HAREKET,1,2596,2593,2577,2636,2697,2767
7.9760,7976,ThumbDn,HAREKET,1,2667,2595,2743,2539,2699,2749
7.9770,7977,ThumbDn,HAREKET,1,2626,2697,2752,2521,2668,2640
7.9780,7978,ThumbDn,HAREKET,1,2541,2596,2698,2630,2555,2818
7.9790,7979,ThumbDn,HAREKET,1,2587,2653,2661,2595,2609,2562
7.9800,7980,ThumbDn,HAREKET,1,2579,2750,2653,2553,2657,2635
7.9810,7981,ThumbDn,HAREKET,1,2561,2772,2781,2577,2671,2717
7.9820,7982,ThumbDn,HAREKET,1,2637,2830,2853,2548,2655,2712
7.9830,7983,ThumbDn,HAREKET,1,2666,2838,2783,2600,2751,2684
7.9840,7984,ThumbDn,HAREKET,1,2709,2604,2709,2558,2612,2573
7.9850,7985,ThumbDn,HAREKET,1,2650,2661,2728,2587,2735,2612
7.9860,7986,ThumbDn,HAREKET,1,2604,2723,2629,2544,2715,2636
7.9870,7987,ThumbDn,HAREKET,1,2684,2642,2762,2599,2788,2723
7.9880,7988,ThumbDn,HAREKET,1,2518,2615,2680,2694,2612,2669
7.9890,7989,ThumbDn,HAREKET,1,2589,2578,2761,2727,2608,2644
7.9900,7990,ThumbDn,HAREKET,1,2654,2556,2844,2670,2675,2720
7.9910,7991,ThumbDn,HAREKET,1,2620,2732,2666,2623,2693,2727
7.9920,7992,ThumbDn,HAREKET,1,2566,2575,2634,2555,2555,2793
7.9930,7993,ThumbDn,HAREKET,1,2622,2657,2796,2539,2662,2847
7.9940,7994,ThumbDn,HAREKET,1,2527,2670,2861,2627,2560,2663
7.9950,7995,ThumbDn,HAREKET,1,2625,2653,2671,2645,2604,2738
7.9960,7996,ThumbDn,HAREKET,1,2623,2639,2790,2480,2655,2600
7.9970,7997,ThumbDn,HAREKET,1,2520,2652,2802,2600,2570,2526
7.9980,7998,ThumbDn,HAREKET,1,2569,2612,2780,2477,2516,2726
7.9990,7999,ThumbDn,HAREKET,1,2575,2648,2838,2524,2602,2792
8.0000,8000,Grasp,HAREKET,1,2757,2777,2828,2729,2808,2742
8.0010,8001,Grasp,HAREKET,1,2839,2655,2808,2827,2877,2802
8.0020,8002,Grasp,HAREKET,1,2902,2924,2951,2745,2892,2889
8.0030,8003,Grasp,HAREKET,1,2901,2781,2903,2576,2924,2847
8.0040,8004,Grasp,HAREKET,1,2777,2896,2815,2730,2794,2720
8.0050,8005,Grasp,HAREKET,1,2739,2968,2729,2703,2784,2687
8.0060,8006,Grasp,HAREKET,1,2667,2863,2917,2770,2648,2692
8.0070,8007,Grasp,HAREKET,1,2764,2886,2878,2854,2878,2789
8.0080,8008,Grasp,HAREKET,1,2638,2726,2757,2826,2593,2777
8.0090,8009,Grasp,HAREKET,1,2716,2861,2753,2818,2734,2656
8.0100,8010,Grasp,HAREKET,1,2722,2916,2794,2683,2750,2601
8.0110,8011,Grasp,HAREKET,1,2799,2714,2634,2811,2772,2697
8.0120,8012,Grasp,HAREKET,1,2716,2836,2875,2906,2805,2676
8.0130,8013,Grasp,HAREKET,1,2679,2747,2878,2859,2783,2703
8.0140,8014,Grasp,HAREKET,1,2696,2842,2864,2662,2823,2569
8.0150,8015,Grasp,HAREKET,1,2609,2895,2766,2686,2812,2740
8.0160,8016,Grasp,HAREKET,1,2672,2902,2680,2721,2890,2653
8.0170,8017,Grasp,HAREKET,1,2637,3029,2674,2616,2817,2814
8.0180,8018,Grasp,HAREKET,1,2631,2838,2883,2644,2816,2644
8.0190,8019,Grasp,HAREKET,1,2695,2910,2822,2702,2775,2813
8.0200,8020,Grasp,HAREKET,1,2726,2904,2741,2736,2826,2845
8.0210,8021,Grasp,HAREKET,1,2759,2911,2680,2713,2883,2611
8.0220,8022,Grasp,HAREKET,1,2660,2806,2765,2802,2813,2646
8.0230,8023,Grasp,HAREKET,1,2579,2788,2801,2578,2827,2837
8.0240,8024,Grasp,HAREKET,1,2678,2699,2709,2614,2838,2702
8.0250,8025,Grasp,HAREKET,1,2741,2770,2759,2656,2757,2742
8.0260,8026,Grasp,HAREKET,1,2768,2725,2741,2637,2878,2967
8.0270,8027,Grasp,HAREKET,1,2835,2806,2769,2772,2840,2733
8.0280,8028,Grasp,HAREKET,1,2686,2726,2889,2579,2806,2785
8.0290,8029,Grasp,HAREKET,1,2735,2769,2752,2728,2761,2750
8.0300,8030,Grasp,HAREKET,1,2646,2850,2776,2838,2854,2637
8.0310,8031,Grasp,HAREKET,1,2597,2769,2904,2685,2614,2708
8.0320,8032,Grasp,HAREKET,1,2714,2906,2830,2637,2644,2569
8.0330,8033,Grasp,HAREKET,1,2745,2812,2811,2715,2676,2612
8.0340,8034,Grasp,HAREKET,1,2858,2898,2848,2666,2693,2686
8.0350,8035,Grasp,HAREKET,1,2762,2822,2727,2899,2878,2708
8.0360,8036,Grasp,HAREKET,1,2748,2843,2730,2707,2728,2801
8.0370,8037,Grasp,HAREKET,1,2597,2864,2647,2747,2697,2790
8.0380,8038,Grasp,HAREKET,1,2493,2940,2789,2866,2799,2657
8.0390,8039,Grasp,HAREKET,1,2665,2947,2732,2691,3003,2732
8.0400,8040,Grasp,HAREKET,1,2757,2896,2813,2785,2829,2679
8.0410,8041,Grasp,HAREKET,1,2656,2895,2700,2631,2857,2851
8.0420,8042,Grasp,HAREKET,1,2592,2966,2801,2590,2836,2665
8.0430,8043,Grasp,HAREKET,1,2744,2837,2766,2670,2929,2596
8.0440,8044,Grasp,HAREKET,1,2556,2732,2772,2669,2756,2888
8.0450,8045,Grasp,HAREKET,1,2635,2774,2618,2706,2863,2793
8.0460,8046,Grasp,HAREKET,1,2604,2731,2668,2700,2844,2783
8.0470,8047,Grasp,HAREKET,1,2764,2846,2732,2709,3017,2873
8.0480,8048,Grasp,HAREKET,1,2957,2829,2834,2665,2904,2809
8.0490,8049,Grasp,HAREKET,1,2837,2809,2517,2754,2882,2881
8.0500,8050,Grasp,HAREKET,1,2634,2724,2767,2713,2848,2889
8.0510,8051,Grasp,HAREKET,1,2711,2808,2800,2652,2832,2768
8.0520,8052,Grasp,HAREKET,1,2735,2836,2983,2671,2656,2729
8.0530,8053,Grasp,HAREKET,1,2842,2842,2928,2674,2850,2750
8.0540,8054,Grasp,HAREKET,1,2763,2736,2769,2703,2846,2677
8.0550,8055,Grasp,HAREKET,1,2719,2809,2816,2687,2716,2661
8.0560,8056,Grasp,HAREKET,1,2742,2847,2667,2780,2782,2712
8.0570,8057,Grasp,HAREKET,1,2748,2852,2794,2781,2703,2665
8.0580,8058,Grasp,HAREKET,1,2735,2712,2810,2846,2856,2600
8.0590,8059,Grasp,HAREKET,1,2593,2799,2680,2862,2696,2650
8.0600,8060,Grasp,HAREKET,1,2594,2774,2766,2728,2879,2645
8.0610,8061,Grasp,HAREKET,1,2768,2851,2736,2783,2733,2601
8.0620,8062,Grasp,HAREKET,1,2635,2896,2912,2658,2725,2721
8.0630,8063,Grasp,HAREKET,1,2782,2881,2792,2617,2688,2693
8.0640,8064,Grasp,HAREKET,1,2654,2969,2648,2561,2738,2858
8.0650,8065,Grasp,HAREKET,1,2775,3025,2836,2542,2937,2793
8.0660,8066,Grasp,HAREKET,1,2810,2795,2678,2609,2841,2790
8.0670,8067,Grasp,HAREKET,1,2719,2927,2658,2674,2762,2744
8.0680,8068,Grasp,HAREKET,1,2762,2747,2700,2714,2944,2747
8.0690,8069,Grasp,HAREKET,1,2702,2864,2650,2786,2900,2665
8.0700,8070,Grasp,HAREKET,1,2720,2930,2818,2733,2961,2745
8.0710,8071,Grasp,HAREKET,1,2841,2899,2845,2644,2923,2882
8.0720,8072,Grasp,HAREKET,1,2860,2821,2643,2611,2814,2919
8.0730,8073,Grasp,HAREKET,1,2845,2869,2692,2681,2862,2765
8.0740,8074,Grasp,HAREKET,1,2724,2789,2847,2783,2929,2798
8.0750,8075,Grasp,HAREKET,1,2733,2771,2797,2763,2782,2752
8.0760,8076,Grasp,HAREKET,1,2729,2840,2784,2672,2787,2612
8.0770,8077,Grasp,HAREKET,1,2666,2887,2873,2510,2665,2866
8.0780,8078,Grasp,HAREKET,1,2634,2743,2843,2666,2814,2737
8.0790,8079,Grasp,HAREKET,1,2621,2814,2833,2800,2738,2799
8.0800,8080,Grasp,HAREKET,1,2752,2858,2797,2723,2747,2655
8.0810,8081,Grasp,HAREKET,1,2723,2950,2778,2696,2816,2640
8.0820,8082,Grasp,HAREKET,1,2614,2750,2766,2799,2737,2569
8.0830,8083,Grasp,HAREKET,1,2782,2911,2750,2691,2705,2622
8.0840,8084,Grasp,HAREKET,1,2772,2876,2694,2726,2748,2662
8.0850,8085,Grasp,HAREKET,1,2795,2915,2838,2732,2976,2652
8.0860,8086,Grasp,HAREKET,1,2724,2972,2807,2716,2859,2544
8.0870,8087,Grasp,HAREKET,1,2739,2848,2875,2536,2769,2818
8.0880,8088,Grasp,HAREKET,1,2839,2918,2675,2611,2724,2911
8.0890,8089,Grasp,HAREKET,1,2715,2847,2903,2573,2912,2631
8.0900,8090,Grasp,HAREKET,1,2682,2901,2840,2576,2955,2806
8.0910,8091,Grasp,HAREKET,1,2657,2930,2655,2567,2891,2855
8.0920,8092,Grasp,HAREKET,1,2759,2838,2676,2735,2788,2688
8.0930,8093,Grasp,HAREKET,1,2738,2920,2762,2592,2899,2886
8.0940,8094,Grasp,HAREKET,1,2754,2788,2847,2666,2937,2766
8.0950,8095,Grasp,HAREKET,1,2729,2738,2642,2726,2972,2762
8.0960,8096,Grasp,HAREKET,1,2905,2715,2743,2609,2958,2794
8.0970,8097,Grasp,HAREKET,1,2848,2814,2731,2651,2918,2723
8.0980,8098,Grasp,HAREKET,1,2786,2824,2802,2709,2853,2793
8.0990,8099,Grasp,HAREKET,1,2668,2697,2897,2790,2827,2699
8.1000,8100,Grasp,HAREKET,1,2649,2867,2828,2717,2814,2684
8.1010,8101,Grasp,HAREKET,1,2792,2791,2988,2664,2879,2668
8.1020,8102,Grasp,HAREKET,1,2657,2805,2834,2735,2693,2712
8.1030,8103,Grasp,HAREKET,1,2699,2756,2716,2682,2726,2858
8.1040,8104,Grasp,HAREKET,1,2662,2956,2681,2754,2684,2675
8.1050,8105,Grasp,HAREKET,1,2678,2684,2734,2733,2714,2652
8.1060,8106,Grasp,HAREKET,1,2823,2695,2733,2825,2823,2679
8.1070,8107,Grasp,HAREKET,1,2787,2777,2776,2786,2798,2754
8.1080,8108,Grasp,HAREKET,1,2752,2968,2725,2896,2836,2703
8.1090,8109,Grasp,HAREKET,1,2721,2849,2720,2717,2863,2872
8.1100,8110,Grasp,HAREKET,1,2670,2770,2825,2681,2830,2747
8.1110,8111,Grasp,HAREKET,1,2719,2995,2823,2598,2763,2797
8.1120,8112,Grasp,HAREKET,1,2708,2966,2929,2637,2859,2616
8.1130,8113,Grasp,HAREKET,1,2670,2875,2667,2627,2930,2679
8.1140,8114,Grasp,HAREKET,1,2694,2899,2770,2744,2773,2650
8.1150,8115,Grasp,HAREKET,1,2607,2823,2781,2677,2840,2772
8.1160,8116,Grasp,HAREKET,1,2727,2864,2706,2668,2831,2775
8.1170,8117,Grasp,HAREKET,1,2630,2796,2701,2603,2956,2860
8.1180,8118,Grasp,HAREKET,1,2736,2783,2837,2677,3022,2810
8.1190,8119,Grasp,HAREKET,1,2727,2836,2723,2714,2853,2792
8.1200,8120,Grasp,HAREKET,1,2784,2714,2815,2615,2891,2699
8.1210,8121,Grasp,HAREKET,1,2761,2873,2789,2845,2952,2842
8.1220,8122,Grasp,HAREKET,1,2669,2825,2653,2755,2859,2753
8.1230,8123,Grasp,HAREKET,1,2747,2665,2823,2661,2983,2751
8.1240,8124,Grasp,HAREKET,1,2761,2877,2848,2754,2891,2897
8.1250,8125,Grasp,HAREKET,1,2769,2855,2865,2785,2823,2834
8.1260,8126,Grasp,HAREKET,1,2723,2875,2764,2666,2705,2747
8.1270,8127,Grasp,HAREKET,1,2732,2776,2750,2690,2854,2827
8.1280,8128,Grasp,HAREKET,1,2778,2943,2757,2743,2727,2678
8.1290,8129,Grasp,HAREKET,1,2661,2737,2733,2815,2756,2759
8.1300,8130,Grasp,HAREKET,1,2753,2862,2764,2818,2887,2633
8.1310,8131,Grasp,HAREKET,1,2761,2728,2812,2741,2764,2692
8.1320,8132,Grasp,HAREKET,1,2785,2957,2740,2816,2940,2691
8.1330,8133,Grasp,HAREKET,1,2689,2958,2850,2722,2812,2683
8.1340,8134,Grasp,HAREKET,1,2747,2890,2767,2768,2848,2781
8.1350,8135,Grasp,HAREKET,1,2600,2877,2830,2606,2967,2918
8.1360,8136,Grasp,HAREKET,1,2718,2930,2779,2688,2865,2847
8.1370,8137,Grasp,HAREKET,1,2541,3048,2741,2752,2783,2820
8.1380,8138,Grasp,HAREKET,1,2738,2952,2853,2640,2833,2621
8.1390,8139,Grasp,HAREKET,1,2767,2835,2752,2595,2929,2726
8.1400,8140,Grasp,HAREKET,1,2578,2787,2685,2550,2850,2836
8.1410,8141,Grasp,HAREKET,1,2844,2755,2572,2589,2875,2899
8.1420,8142,Grasp,HAREKET,1,2724,2705,2717,2665,2913,2837
8.1430,8143,Grasp,HAREKET,1,2792,2801,2708,2722,2920,2877
8.1440,8144,Grasp,HAREKET,1,2834,2832,2720,2723,3040,2866
8.1450,8145,Grasp,HAREKET,1,2675,2806,2685,2592,2829,2848
8.1460,8146,Grasp,HAREKET,1,2830,2631,2840,2727,2963,2752
8.1470,8147,Grasp,HAREKET,1,2806,2669,2779,2624,2922,2908
8.1480,8148,Grasp,HAREKET,1,2780,2859,2938,2776,2874,2740
8.1490,8149,Grasp,HAREKET,1,2816,2727,2915,2722,2762,2863
8.1500,8150,Grasp,HAREKET,1,2674,2739,2769,2759,2791,2754
8.1510,8151,Grasp,HAREKET,1,2658,2716,2755,2729,2865,2655
8.1520,8152,Grasp,HAREKET,1,2658,2798,2801,2772,2865,2757
8.1530,8153,Grasp,HAREKET,1,2636,2832,2698,2751,2810,2679
8.1540,8154,Grasp,HAREKET,1,2854,2904,2766,2816,2774,2675
8.1550,8155,Grasp,HAREKET,1,2712,2859,2722,2755,2760,2708
8.1560,8156,Grasp,HAREKET,1,2740,2842,2743,2775,2959,2602
8.1570,8157,Grasp,HAREKET,1,2656,2953,2671,2898,2835,2752
8.1580,8158,Grasp,HAREKET,1,2651,3039,2635,2716,2987,2825
8.1590,8159,Grasp,HAREKET,1,2741,2878,2838,2641,2741,2700
8.1600,8160,Grasp,HAREKET,1,2691,2967,2685,2627,2822,2734
8.1610,8161,Grasp,HAREKET,1,2726,3041,2756,2734,2816,2709
8.1620,8162,Grasp,HAREKET,1,2581,2916,2696,2512,2839,2759
8.1630,8163,Grasp,HAREKET,1,2626,2924,2650,2591,2816,2795
8.1640,8164,Grasp,HAREKET,1,2796,2809,2723,2636,2871,2804
8.1650,8165,Grasp,HAREKET,1,2741,2832,2625,2627,2827,2728
8.1660,8166,Grasp,HAREKET,1,2847,2662,2736,2745,3045,2945
8.1670,8167,Grasp,HAREKET,1,2796,2689,2724,2761,2939,2861
8.1680,8168,Grasp,HAREKET,1,2724,2683,2816,2726,2921,2879
8.1690,8169,Grasp,HAREKET,1,2786,2861,2833,2647,2895,2831
8.1700,8170,Grasp,HAREKET,1,2664,2690,2851,2722,2768,2848
8.1710,8171,Grasp,HAREKET,1,2841,2775,2833,2739,2844,2822
8.1720,8172,Grasp,HAREKET,1,2638,2881,2798,2709,2785,2831
8.1730,8173,Grasp,HAREKET,1,2762,2833,2785,2780,2799,2733
8.1740,8174,Grasp,HAREKET,1,2781,2711,2688,2520,2960,2773
8.1750,8175,Grasp,HAREKET,1,2706,2708,2762,2583,2680,2766
8.1760,8176,Grasp,HAREKET,1,2625,2663,2749,2718,2772,2699
8.1770,8177,Grasp,HAREKET,1,2619,2704,2700,2809,2902,2649
8.1780,8178,Grasp,HAREKET,1,2762,2751,2772,2869,2804,2695
8.1790,8179,Grasp,HAREKET,1,2746,2648,2769,2840,2825,2740
8.1800,8180,Grasp,HAREKET,1,2723,2892,2634,2704,2994,2784
8.1810,8181,Grasp,HAREKET,1,2716,2858,2697,2710,2852,2825
8.1820,8182,Grasp,HAREKET,1,2686,2882,2827,2726,2922,2668
8.1830,8183,Grasp,HAREKET,1,2728,2879,2709,2731,2763,2831
8.1840,8184,Grasp,HAREKET,1,2714,2933,2746,2651,2820,2796
8.1850,8185,Grasp,HAREKET,1,2697,3052,2608,2634,2828,2753
8.1860,8186,Grasp,HAREKET,1,2642,2845,2643,2679,2722,2800
8.1870,8187,Grasp,HAREKET,1,2711,2721,2534,2710,2899,2579
8.1880,8188,Grasp,HAREKET,1,2762,2832,2538,2656,2916,2744
8.1890,8189,Grasp,HAREKET,1,2653,2920,2817,2724,2990,2802
8.1900,8190,Grasp,HAREKET,1,2793,2744,2668,2659,2973,2763
8.1910,8191,Grasp,HAREKET,1,2642,2778,2754,2721,2951,2877
8.1920,8192,Grasp,HAREKET,1,2883,2658,2696,2661,2874,2789
8.1930,8193,Grasp,HAREKET,1,2870,2608,2674,2700,2784,2878
8.1940,8194,Grasp,HAREKET,1,2692,2758,2757,2754,2748,2825
8.1950,8195,Grasp,HAREKET,1,2694,2837,2732,2681,2775,2763
8.1960,8196,Grasp,HAREKET,1,2592,2837,2845,2725,2723,2778
8.1970,8197,Grasp,HAREKET,1,2614,2881,2765,2660,2752,2646
8.1980,8198,Grasp,HAREKET,1,2794,2767,2701,2772,2743,2716
8.1990,8199,Grasp,HAREKET,1,2699,2816,2891,2659,2801,2680
8.2000,8200,Grasp,HAREKET,1,2641,2797,2804,2560,2672,2739
8.2010,8201,Grasp,HAREKET,1,2609,2645,2682,2662,2826,2756
8.2020,8202,Grasp,HAREKET,1,2835,2857,2604,2857,2847,2729
8.2030,8203,Grasp,HAREKET,1,2747,2766,2730,2779,2839,2727
8.2040,8204,Grasp,HAREKET,1,2661,2802,2736,2748,2895,2691
8.2050,8205,Grasp,HAREKET,1,2614,2892,2671,2718,2764,2727
8.2060,8206,Grasp,HAREKET,1,2772,2824,2729,2594,2929,2807
8.2070,8207,Grasp,HAREKET,1,2772,2812,2755,2597,2815,2752
8.2080,8208,Grasp,HAREKET,1,2806,2849,2696,2567,2914,2857
8.2090,8209,Grasp,HAREKET,1,2777,2858,2701,2787,2756,2797
8.2100,8210,Grasp,HAREKET,1,2657,2819,2599,2740,2957,2788
8.2110,8211,Grasp,HAREKET,1,2735,2838,2765,2668,2885,2851
8.2120,8212,Grasp,HAREKET,1,2728,2761,2795,2622,2975,2837
8.2130,8213,Grasp,HAREKET,1,2770,2691,2799,2632,2819,2714
8.2140,8214,Grasp,HAREKET,1,2861,2723,2630,2797,3037,2789
8.2150,8215,Grasp,HAREKET,1,2768,2664,2707,2668,2944,2776
8.2160,8216,Grasp,HAREKET,1,2859,2761,2791,2598,3013,2827
8.2170,8217,Grasp,HAREKET,1,2821,2882,2804,2695,2892,2733
8.2180,8218,Grasp,HAREKET,1,2786,2888,2754,2697,2796,2915
8.2190,8219,Grasp,HAREKET,1,2705,2868,2679,2593,2735,2793
8.2200,8220,Grasp,HAREKET,1,2736,3003,2660,2633,2714,2780
8.2210,8221,Grasp,HAREKET,1,2781,2739,2664,2795,2668,2766
8.2220,8222,Grasp,HAREKET,1,2637,2866,2686,2669,2875,2684
8.2230,8223,Grasp,HAREKET,1,2622,2864,2688,2798,2734,2659
8.2240,8224,Grasp,HAREKET,1,2717,2919,2818,2732,2934,2597
8.2250,8225,Grasp,HAREKET,1,2635,2966,2758,2678,2746,2817
8.2260,8226,Grasp,HAREKET,1,2744,2772,2876,2749,2838,2764
8.2270,8227,Grasp,HAREKET,1,2623,2792,2712,2798,2915,2805
8.2280,8228,Grasp,HAREKET,1,2792,2881,2717,2846,2912,2803
8.2290,8229,Grasp,HAREKET,1,2739,2943,2580,2791,2953,2800
8.2300,8230,Grasp,HAREKET,1,2737,3033,2797,2716,2798,2876
8.2310,8231,Grasp,HAREKET,1,2614,2896,2709,2684,2865,2656
8.2320,8232,Grasp,HAREKET,1,2670,2877,2684,2779,2814,2778
8.2330,8233,Grasp,HAREKET,1,2871,2867,2742,2714,2839,2825
8.2340,8234,Grasp,HAREKET,1,2591,2770,2654,2537,2996,2671
8.2350,8235,Grasp,HAREKET,1,2645,2774,2683,2617,2871,2792
8.2360,8236,Grasp,HAREKET,1,2693,3057,2603,2582,2883,2769
8.2370,8237,Grasp,HAREKET,1,2642,2761,2617,2678,2834,2875
8.2380,8238,Grasp,HAREKET,1,2795,2840,2693,2747,3000,2884
8.2390,8239,Grasp,HAREKET,1,2717,2813,2759,2716,3087,2713
8.2400,8240,Grasp,HAREKET,1,2659,2767,2894,2641,2790,2791
8.2410,8241,Grasp,HAREKET,1,2812,2876,2756,2757,2912,2701
8.2420,8242,Grasp,HAREKET,1,2700,2883,2799,2694,2718,2896
8.2430,8243,Grasp,HAREKET,1,2718,2755,2699,2907,2857,2732
8.2440,8244,Grasp,HAREKET,1,2813,2810,2814,2809,2648,2856
8.2450,8245,Grasp,HAREKET,1,2593,2853,2872,2821,2713,2633
8.2460,8246,Grasp,HAREKET,1,2582,2642,2694,2753,2795,2672
8.2470,8247,Grasp,HAREKET,1,2647,2856,2785,2725,2818,2765
8.2480,8248,Grasp,HAREKET,1,2684,2786,2817,2724,2693,2706
8.2490,8249,Grasp,HAREKET,1,2672,2845,2720,2722,2839,2677
8.2500,8250,Grasp,HAREKET,1,2668,3022,2674,2748,2791,2657
8.2510,8251,Grasp,HAREKET,1,2693,2902,2640,2745,2918,2673
8.2520,8252,Grasp,HAREKET,1,2619,2854,2585,2776,2924,2819
8.2530,8253,Grasp,HAREKET,1,2714,2889,2795,2618,2811,2937
8.2540,8254,Grasp,HAREKET,1,2548,2921,2781,2631,2795,2838
8.2550,8255,Grasp,HAREKET,1,2609,2952,2724,2793,2818,2873
8.2560,8256,Grasp,HAREKET,1,2631,2958,2575,2723,2938,2851
8.2570,8257,Grasp,HAREKET,1,2759,2806,2553,2719,2910,2824
8.2580,8258,Grasp,HAREKET,1,2686,2912,2752,2491,2843,2797
8.2590,8259,Grasp,HAREKET,1,2828,2727,2715,2573,2940,2774
8.2600,8260,Grasp,HAREKET,1,2670,2715,2570,2644,2942,2728
8.2610,8261,Grasp,HAREKET,1,2809,2752,2615,2666,3041,2740
8.2620,8262,Grasp,HAREKET,1,2689,2824,2685,2810,2990,2844
8.2630,8263,Grasp,HAREKET,1,2813,2690,2801,2747,3026,2794
8.2640,8264,Grasp,HAREKET,1,2818,2844,2692,2730,2955,2744
8.2650,8265,Grasp,HAREKET,1,2851,2661,2741,2744,2806,2928
8.2660,8266,Grasp,HAREKET,1,2717,2900,2949,2784,2834,2793
8.2670,8267,Grasp,HAREKET,1,2791,2952,2864,2698,2751,2718
8.2680,8268,Grasp,HAREKET,1,2553,2875,2833,2687,2815,2687
8.2690,8269,Grasp,HAREKET,1,2588,2834,2748,2580,2692,2715
8.2700,8270,Grasp,HAREKET,1,2723,2782,2867,2738,2645,2777
8.2710,8271,Grasp,HAREKET,1,2617,2765,2620,2690,2720,2748
8.2720,8272,Grasp,HAREKET,1,2623,2679,2665,2785,2650,2654
8.2730,8273,Grasp,HAREKET,1,2669,2846,2704,2748,2783,2727
8.2740,8274,Grasp,HAREKET,1,2653,2778,2599,2718,2832,2731
8.2750,8275,Grasp,HAREKET,1,2686,2868,2699,2762,2871,2768
8.2760,8276,Grasp,HAREKET,1,2699,2910,2661,2730,2873,2698
8.2770,8277,Grasp,HAREKET,1,2698,2881,2642,2714,2790,2744
8.2780,8278,Grasp,HAREKET,1,2621,2750,2770,2676,2813,2797
8.2790,8279,Grasp,HAREKET,1,2582,2909,2757,2657,2885,2845
8.2800,8280,Grasp,HAREKET,1,2640,2905,2698,2675,2846,2772
8.2810,8281,Grasp,HAREKET,1,2575,2886,2721,2711,2840,2755
8.2820,8282,Grasp,HAREKET,1,2721,2910,2692,2576,2766,2722
8.2830,8283,Grasp,HAREKET,1,2744,2915,2667,2771,2818,2780
8.2840,8284,Grasp,HAREKET,1,2664,2728,2668,2712,3081,2713
8.2850,8285,Grasp,HAREKET,1,2643,2751,2825,2779,2861,2908
8.2860,8286,Grasp,HAREKET,1,2821,2916,2709,2592,2942,2819
8.2870,8287,Grasp,HAREKET,1,2766,2924,2630,2696,2926,2818
8.2880,8288,Grasp,HAREKET,1,2709,2856,2680,2788,2803,2755
8.2890,8289,Grasp,HAREKET,1,2834,2826,2770,2583,2794,2836
8.2900,8290,Grasp,HAREKET,1,2699,2916,2776,2767,2718,2779
8.2910,8291,Grasp,HAREKET,1,2633,2937,2734,2646,2817,2836
8.2920,8292,Grasp,HAREKET,1,2738,2808,2680,2677,2751,2775
8.2930,8293,Grasp,HAREKET,1,2734,2873,2656,2791,2828,2642
8.2940,8294,Grasp,HAREKET,1,2700,2886,2793,2748,2731,2599
8.2950,8295,Grasp,HAREKET,1,2734,2966,2736,2724,2870,2717
8.2960,8296,Grasp,HAREKET,1,2690,2814,2707,2844,2886,2718
8.2970,8297,Grasp,HAREKET,1,2704,2764,2640,2767,2778,2733
8.2980,8298,Grasp,HAREKET,1,2596,2841,2593,2709,2825,2803
8.2990,8299,Grasp,HAREKET,1,2485,2947,2719,2598,2768,2789
8.3000,8300,Grasp,HAREKET,1,2661,2774,2692,2842,2855,2729
8.3010,8301,Grasp,HAREKET,1,2709,2934,2725,2748,2758,2814
8.3020,8302,Grasp,HAREKET,1,2606,2925,2645,2730,2816,2798
8.3030,8303,Grasp,HAREKET,1,2754,2926,2751,2756,2813,2774
8.3040,8304,Grasp,HAREKET,1,2641,2941,2684,2483,2730,2677
8.3050,8305,Grasp,HAREKET,1,2644,2887,2749,2723,2843,2859
8.3060,8306,Grasp,HAREKET,1,2578,2941,2740,2740,2982,2691
8.3070,8307,Grasp,HAREKET,1,2727,2966,2745,2649,2990,2800
8.3080,8308,Grasp,HAREKET,1,2566,2798,2696,2644,2922,2792
8.3090,8309,Grasp,HAREKET,1,2688,2839,2749,2714,2941,2767
8.3100,8310,Grasp,HAREKET,1,2751,2684,2724,2662,2946,2835
8.3110,8311,Grasp,HAREKET,1,2866,2676,2772,2752,2809,2928
8.3120,8312,Grasp,HAREKET,1,2742,2822,2882,2780,2976,2764
8.3130,8313,Grasp,HAREKET,1,2786,2820,2806,2722,2972,2936
8.3140,8314,Grasp,HAREKET,1,2769,2730,2815,2789,2827,2735
8.3150,8315,Grasp,HAREKET,1,2603,2831,2752,2656,2871,2752
8.3160,8316,Grasp,HAREKET,1,2651,2866,2809,2655,2748,2810
8.3170,8317,Grasp,HAREKET,1,2629,2851,2789,2717,2855,2714
8.3180,8318,Grasp,HAREKET,1,2603,2916,2782,2824,2821,2669
8.3190,8319,Grasp,HAREKET,1,2656,2735,2669,2724,2813,2592
8.3200,8320,Grasp,HAREKET,1,2698,2687,2708,2740,2732,2670
8.3210,8321,Grasp,HAREKET,1,2625,2904,2738,2815,2792,2696
8.3220,8322,Grasp,HAREKET,1,2704,2927,2675,2642,2765,2714
8.3230,8323,Grasp,HAREKET,1,2744,2940,2688,2790,2724,2811
8.3240,8324,Grasp,HAREKET,1,2685,2804,2676,2697,2788,2800
8.3250,8325,Grasp,HAREKET,1,2620,2932,2858,2708,2849,2839
8.3260,8326,Grasp,HAREKET,1,2588,2872,2743,2660,2841,2813
8.3270,8327,Grasp,HAREKET,1,2584,2803,2675,2634,2760,2658
8.3280,8328,Grasp,HAREKET,1,2683,2871,2651,2563,2827,2861
8.3290,8329,Grasp,HAREKET,1,2787,2957,2734,2888,2927,2776
8.3300,8330,Grasp,HAREKET,1,2593,2759,2678,2762,3070,2835
8.3310,8331,Grasp,HAREKET,1,2831,2786,2651,2722,2841,2791
8.3320,8332,Grasp,HAREKET,1,2678,2698,2638,2622,2876,2727
8.3330,8333,Grasp,HAREKET,1,2553,2896,2670,2693,2910,2731
8.3340,8334,Grasp,HAREKET,1,2856,3028,2702,2678,2948,2824
8.3350,8335,Grasp,HAREKET,1,2812,2790,2757,2738,2839,2865
8.3360,8336,Grasp,HAREKET,1,2713,2642,2751,2759,2802,2780
8.3370,8337,Grasp,HAREKET,1,2665,2908,2789,2668,2888,2787
8.3380,8338,Grasp,HAREKET,1,2710,2739,2806,2761,2879,2856
8.3390,8339,Grasp,HAREKET,1,2748,2798,2731,2732,2855,2786
8.3400,8340,Grasp,HAREKET,1,2635,2740,2870,2689,2729,2643
8.3410,8341,Grasp,HAREKET,1,2667,2827,2828,2807,2645,2606
8.3420,8342,Grasp,HAREKET,1,2556,2820,2679,2742,2705,2739
8.3430,8343,Grasp,HAREKET,1,2611,2800,2766,2691,2872,2701
8.3440,8344,Grasp,HAREKET,1,2640,2710,2730,2865,2755,2594
8.3450,8345,Grasp,HAREKET,1,2780,2800,2769,2673,2788,2711
8.3460,8346,Grasp,HAREKET,1,2642,2900,2601,2748,2830,2911
8.3470,8347,Grasp,HAREKET,1,2669,2954,2620,2708,2847,2679
8.3480,8348,Grasp,HAREKET,1,2616,2840,2698,2705,2894,2636
8.3490,8349,Grasp,HAREKET,1,2565,3090,2682,2792,2622,2720
8.3500,8350,Grasp,HAREKET,1,2700,2885,2676,2634,2849,2774
8.3510,8351,Grasp,HAREKET,1,2654,2853,2689,2646,2855,2842
8.3520,8352,Grasp,HAREKET,1,2607,2881,2644,2574,2869,2732
8.3530,8353,Grasp,HAREKET,1,2673,2937,2781,2709,2791,2789
8.3540,8354,Grasp,HAREKET,1,2670,3050,2651,2683,2930,2678
8.3550,8355,Grasp,HAREKET,1,2719,2869,2683,2574,2919,2568
8.3560,8356,Grasp,HAREKET,1,2722,2906,2778,2697,2963,2748
8.3570,8357,Grasp,HAREKET,1,2720,2763,2739,2618,2916,2916
8.3580,8358,Grasp,HAREKET,1,2791,2741,2749,2731,2921,2797
8.3590,8359,Grasp,HAREKET,1,2715,2706,2709,2608,2818,2805
8.3600,8360,Grasp,HAREKET,1,2681,2797,2712,2639,2774,2692
8.3610,8361,Grasp,HAREKET,1,2782,2953,2799,2724,2922,2776
8.3620,8362,Grasp,HAREKET,1,2534,2846,2763,2727,2979,2655
8.3630,8363,Grasp,HAREKET,1,2668,2732,2699,2698,2775,2678
8.3640,8364,Grasp,HAREKET,1,2713,2872,2802,2827,2696,2649
8.3650,8365,Grasp,HAREKET,1,2753,2833,2756,2715,2704,2648
8.3660,8366,Grasp,HAREKET,1,2640,2944,2769,2653,2856,2772
8.3670,8367,Grasp,HAREKET,1,2739,2825,2684,2797,3044,2767
8.3680,8368,Grasp,HAREKET,1,2646,2787,2835,2816,2601,2805
8.3690,8369,Grasp,HAREKET,1,2699,2859,2662,2703,2896,2754
8.3700,8370,Grasp,HAREKET,1,2645,2914,2737,2857,2913,2688
8.3710,8371,Grasp,HAREKET,1,2582,3072,2601,2762,2957,2753
8.3720,8372,Grasp,HAREKET,1,2739,2895,2718,2768,2878,2819
8.3730,8373,Grasp,HAREKET,1,2587,2860,2719,2783,2758,2720
8.3740,8374,Grasp,HAREKET,1,2668,2964,2675,2726,2678,2785
8.3750,8375,Grasp,HAREKET,1,2627,3004,2679,2668,3016,2804
8.3760,8376,Grasp,HAREKET,1,2656,2879,2700,2797,2888,2782
8.3770,8377,Grasp,HAREKET,1,2686,3032,2709,2725,2889,2787
8.3780,8378,Grasp,HAREKET,1,2693,2804,2649,2783,2934,2800
8.3790,8379,Grasp,HAREKET,1,2791,2992,2726,2772,2947,2660
8.3800,8380,Grasp,HAREKET,1,2726,2681,2727,2614,2950,2791
8.3810,8381,Grasp,HAREKET,1,2671,2821,2764,2629,2841,2851
8.3820,8382,Grasp,HAREKET,1,2755,2845,2830,2808,2829,2795
8.3830,8383,Grasp,HAREKET,1,2803,2840,2581,2707,2896,2778
8.3840,8384,Grasp,HAREKET,1,2618,2774,2806,2764,2967,2703
8.3850,8385,Grasp,HAREKET,1,2778,2788,2864,2834,2706,2836
8.3860,8386,Grasp,HAREKET,1,2812,2698,2879,2785,2738,2744
8.3870,8387,Grasp,HAREKET,1,2707,2847,2653,2653,2925,2630
8.3880,8388,Grasp,HAREKET,1,2559,2932,2788,2625,2821,2757
8.3890,8389,Grasp,HAREKET,1,2637,2938,2719,2710,2949,2810
8.3900,8390,Grasp,HAREKET,1,2663,2792,2636,2934,2814,2535
8.3910,8391,Grasp,HAREKET,1,2622,2931,2841,2667,2829,2667
8.3920,8392,Grasp,HAREKET,1,2602,2853,2733,2720,2751,2785
8.3930,8393,Grasp,HAREKET,1,2758,3017,2689,2890,3008,2703
8.3940,8394,Grasp,HAREKET,1,2656,2811,2714,2909,2772,2696
8.3950,8395,Grasp,HAREKET,1,2806,2852,2648,2734,2813,2658
8.3960,8396,Grasp,HAREKET,1,2585,2880,2705,2791,2801,2749
8.3970,8397,Grasp,HAREKET,1,2701,2975,2657,2676,2709,2782
8.3980,8398,Grasp,HAREKET,1,2461,2941,2705,2661,2715,2869
8.3990,8399,Grasp,HAREKET,1,2776,2938,2741,2732,2711,2850
8.4000,8400,Grasp,HAREKET,1,2679,2971,2617,2624,2753,2769
8.4010,8401,Grasp,HAREKET,1,2659,2819,2612,2596,2908,2824
8.4020,8402,Grasp,HAREKET,1,2750,2779,2552,2724,2835,2718
8.4030,8403,Grasp,HAREKET,1,2818,2872,2700,2735,2913,2810
8.4040,8404,Grasp,HAREKET,1,2821,2790,2778,2778,2989,2868
8.4050,8405,Grasp,HAREKET,1,2791,2658,2824,2823,2919,2786
8.4060,8406,Grasp,HAREKET,1,2678,2870,2651,2732,2851,2883
8.4070,8407,Grasp,HAREKET,1,2880,2731,2830,2755,2931,2947
8.4080,8408,Grasp,HAREKET,1,2570,2928,2879,2718,2652,2761
8.4090,8409,Grasp,HAREKET,1,2734,2917,2845,2752,2887,2805
8.4100,8410,Grasp,HAREKET,1,2546,2873,2703,2802,2788,2730
8.4110,8411,Grasp,HAREKET,1,2657,2865,2646,2721,2762,2656
8.4120,8412,Grasp,HAREKET,1,2625,2850,3010,2667,2775,2744
8.4130,8413,Grasp,HAREKET,1,2682,2821,2662,2787,2871,2637
8.4140,8414,Grasp,HAREKET,1,2525,2792,2726,2757,2710,2701
8.4150,8415,Grasp,HAREKET,1,2622,2859,2773,2800,2819,2750
8.4160,8416,Grasp,HAREKET,1,2556,2776,2675,2840,2693,2662
8.4170,8417,Grasp,HAREKET,1,2603,2926,2738,2704,2859,2701
8.4180,8418,Grasp,HAREKET,1,2716,2875,2598,2835,2815,2715
8.4190,8419,Grasp,HAREKET,1,2786,2780,2779,2685,2879,2750
8.4200,8420,Grasp,HAREKET,1,2747,2764,2635,2764,2984,2708
8.4210,8421,Grasp,HAREKET,1,2583,2983,2645,2731,2904,2707
8.4220,8422,Grasp,HAREKET,1,2565,2902,2838,2587,2729,2739
8.4230,8423,Grasp,HAREKET,1,2685,2981,2623,2706,2612,2891
8.4240,8424,Grasp,HAREKET,1,2579,2949,2739,2612,2851,2734
8.4250,8425,Grasp,HAREKET,1,2641,2921,2681,2714,2819,2747
8.4260,8426,Grasp,HAREKET,1,2693,2942,2675,2753,2768,2589
8.4270,8427,Grasp,HAREKET,1,2616,2838,2517,2634,3046,2904
8.4280,8428,Grasp,HAREKET,1,2747,2778,2595,2746,2885,2827
8.4290,8429,Grasp,HAREKET,1,2691,2723,2662,2894,2932,2760
8.4300,8430,Grasp,HAREKET,1,2706,2981,2653,2779,2887,2848
8.4310,8431,Grasp,HAREKET,1,2744,2836,2652,2630,2736,2818
8.4320,8432,Grasp,HAREKET,1,2786,2784,2781,2719,2901,2811
8.4330,8433,Grasp,HAREKET,1,2751,3006,2801,2669,2743,2639
8.4340,8434,Grasp,HAREKET,1,2689,2859,2731,2709,2733,2839
8.4350,8435,Grasp,HAREKET,1,2695,2800,2841,2776,2780,2667
8.4360,8436,Grasp,HAREKET,1,2575,2811,2728,2712,2768,2662
8.4370,8437,Grasp,HAREKET,1,2554,2849,2815,2828,2808,2706
8.4380,8438,Grasp,HAREKET,1,2669,2920,2733,2788,2824,2739
8.4390,8439,Grasp,HAREKET,1,2642,2794,2574,2941,2822,2675
8.4400,8440,Grasp,HAREKET,1,2661,2838,2749,2828,2737,2695
8.4410,8441,Grasp,HAREKET,1,2657,2737,2793,2670,2691,2690
8.4420,8442,Grasp,HAREKET,1,2691,2878,2836,2661,2749,2661
8.4430,8443,Grasp,HAREKET,1,2503,2852,2628,2790,2710,2681
8.4440,8444,Grasp,HAREKET,1,2577,3018,2803,2787,2799,2737
8.4450,8445,Grasp,HAREKET,1,2704,2937,2682,2757,2743,2801
8.4460,8446,Grasp,HAREKET,1,2621,2942,2672,2790,2822,2762
8.4470,8447,Grasp,HAREKET,1,2590,2923,2577,2732,2750,2637
8.4480,8448,Grasp,HAREKET,1,2599,2884,2571,2673,2807,2715
8.4490,8449,Grasp,HAREKET,1,2578,2839,2656,2620,2858,2629
8.4500,8450,Grasp,HAREKET,1,2606,2886,2717,2662,2991,2867
8.4510,8451,Grasp,HAREKET,1,2783,2772,2588,2692,2973,2723
8.4520,8452,Grasp,HAREKET,1,2638,2774,2726,2724,2801,2709
8.4530,8453,Grasp,HAREKET,1,2586,2763,2874,2744,3023,2869
8.4540,8454,Grasp,HAREKET,1,2790,2809,2788,2807,2899,2811
8.4550,8455,Grasp,HAREKET,1,2724,2730,2693,2805,2768,2753
8.4560,8456,Grasp,HAREKET,1,2735,2809,2873,2829,2710,2713
8.4570,8457,Grasp,HAREKET,1,2766,2740,2885,2598,2829,2740
8.4580,8458,Grasp,HAREKET,1,2678,2814,2856,2781,2719,2745
8.4590,8459,Grasp,HAREKET,1,2604,3016,2791,2754,2672,2637
8.4600,8460,Grasp,HAREKET,1,2631,2852,2690,2765,2728,2605
8.4610,8461,Grasp,HAREKET,1,2542,2850,2766,2777,2779,2663
8.4620,8462,Grasp,HAREKET,1,2623,2856,2767,2747,2605,2625
8.4630,8463,Grasp,HAREKET,1,2598,2886,2702,2749,2692,2603
8.4640,8464,Grasp,HAREKET,1,2700,2836,2565,2644,2801,2510
8.4650,8465,Grasp,HAREKET,1,2807,2888,2706,2764,2806,2653
8.4660,8466,Grasp,HAREKET,1,2609,2950,2768,2857,2691,2630
8.4670,8467,Grasp,HAREKET,1,2656,2894,2673,2652,2735,2806
8.4680,8468,Grasp,HAREKET,1,2718,3044,2727,2562,2953,2749
8.4690,8469,Grasp,HAREKET,1,2591,2934,2751,2708,2862,2779
8.4700,8470,Grasp,HAREKET,1,2580,2975,2648,2714,2763,2739
8.4710,8471,Grasp,HAREKET,1,2576,2911,2785,2588,2808,2742
8.4720,8472,Grasp,HAREKET,1,2586,2899,2621,2575,2857,2735
8.4730,8473,Grasp,HAREKET,1,2643,2851,2854,2715,2857,2760
8.4740,8474,Grasp,HAREKET,1,2748,2970,2623,2680,2849,2750
8.4750,8475,Grasp,HAREKET,1,2712,2872,2596,2676,2879,2700
8.4760,8476,Grasp,HAREKET,1,2734,2899,2763,2751,2877,2682
8.4770,8477,Grasp,HAREKET,1,2718,2854,2737,2754,2871,2724
8.4780,8478,Grasp,HAREKET,1,2748,2832,2833,2872,2818,2759
8.4790,8479,Grasp,HAREKET,1,2681,3018,2799,2698,2668,2646
8.4800,8480,Grasp,HAREKET,1,2665,2840,2847,2897,2732,2758
8.4810,8481,Grasp,HAREKET,1,2599,2826,2775,2796,2745,2830
8.4820,8482,Grasp,HAREKET,1,2754,2971,2937,2662,2748,2733
8.4830,8483,Grasp,HAREKET,1,2664,2738,2858,2760,2725,2722
8.4840,8484,Grasp,HAREKET,1,2635,3019,2836,2766,2759,2703
8.4850,8485,Grasp,HAREKET,1,2623,2796,2640,2725,2627,2674
8.4860,8486,Grasp,HAREKET,1,2578,2820,2668,2732,2801,2763
8.4870,8487,Grasp,HAREKET,1,2577,2731,2741,2925,2877,2669
8.4880,8488,Grasp,HAREKET,1,2626,2945,2785,2751,2769,2661
8.4890,8489,Grasp,HAREKET,1,2593,2770,2716,2879,2870,2689
8.4900,8490,Grasp,HAREKET,1,2645,2992,2750,2730,2872,2754
8.4910,8491,Grasp,HAREKET,1,2634,2892,2784,2801,2771,2603
8.4920,8492,Grasp,HAREKET,1,2540,2854,2815,2756,2815,2657
8.4930,8493,Grasp,HAREKET,1,2656,3016,2610,2728,2652,2612
8.4940,8494,Grasp,HAREKET,1,2581,3000,2721,2582,2939,2626
8.4950,8495,Grasp,HAREKET,1,2787,2929,2784,2790,2740,2594
8.4960,8496,Grasp,HAREKET,1,2684,3037,2781,2671,2833,2745
8.4970,8497,Grasp,HAREKET,1,2693,2906,2757,2652,2853,2735
8.4980,8498,Grasp,HAREKET,1,2765,2932,2734,2784,2935,2648
8.4990,8499,Grasp,HAREKET,1,2730,3017,2717,2686,2841,2662
8.5000,8500,Grasp,HAREKET,1,2828,2838,2865,2669,2910,2891
8.5010,8501,Grasp,HAREKET,1,2689,2840,2731,2703,2792,2836
8.5020,8502,Grasp,HAREKET,1,2675,2858,2714,2707,2714,2897
8.5030,8503,Grasp,HAREKET,1,2635,2877,2875,2687,2929,2678
8.5040,8504,Grasp,HAREKET,1,2792,2775,2800,2714,2746,2758
8.5050,8505,Grasp,HAREKET,1,2677,2830,2742,2900,2875,2783
8.5060,8506,Grasp,HAREKET,1,2776,2850,2773,2820,2692,2636
8.5070,8507,Grasp,HAREKET,1,2681,2891,2886,2798,2710,2770
8.5080,8508,Grasp,HAREKET,1,2747,2893,2940,2746,2872,2821
8.5090,8509,Grasp,HAREKET,1,2667,2843,2709,2878,2659,2541
8.5100,8510,Grasp,HAREKET,1,2661,2820,2788,2782,2825,2799
8.5110,8511,Grasp,HAREKET,1,2692,2799,2770,2847,2793,2602
8.5120,8512,Grasp,HAREKET,1,2528,2799,2665,2891,2806,2536
8.5130,8513,Grasp,HAREKET,1,2539,2956,2838,2843,2647,2639
8.5140,8514,Grasp,HAREKET,1,2702,2814,2723,2710,2699,2683
8.5150,8515,Grasp,HAREKET,1,2648,3034,2543,2786,2747,2799
8.5160,8516,Grasp,HAREKET,1,2606,2965,2687,2726,2709,2655
8.5170,8517,Grasp,HAREKET,1,2656,2860,2701,2624,2863,2696
8.5180,8518,Grasp,HAREKET,1,2609,2967,2874,2786,2783,2615
8.5190,8519,Grasp,HAREKET,1,2777,2955,2711,2745,2769,2800
8.5200,8520,Grasp,HAREKET,1,2675,2823,2508,2589,2841,2714
8.5210,8521,Grasp,HAREKET,1,2706,2927,2767,2596,2822,2743
8.5220,8522,Grasp,HAREKET,1,2795,2896,2571,2777,2836,2722
8.5230,8523,Grasp,HAREKET,1,2639,2938,2809,2849,2911,2703
8.5240,8524,Grasp,HAREKET,1,2786,2945,2772,2728,2880,2731
8.5250,8525,Grasp,HAREKET,1,2724,2891,2798,2775,2803,2807
8.5260,8526,Grasp,HAREKET,1,2826,2809,2727,2730,2907,2807
8.5270,8527,Grasp,HAREKET,1,2738,2868,2852,2809,2850,2914
8.5280,8528,Grasp,HAREKET,1,2819,2832,2784,2799,2794,2748
8.5290,8529,Grasp,HAREKET,1,2664,2790,2783,2815,2790,2785
8.5300,8530,Grasp,HAREKET,1,2547,2785,2843,2832,2788,2688
8.5310,8531,Grasp,HAREKET,1,2712,2870,2808,2747,2757,2872
8.5320,8532,Grasp,HAREKET,1,2617,2799,2797,2833,2783,2679
8.5330,8533,Grasp,HAREKET,1,2641,2970,2777,2884,2630,2528
8.5340,8534,Grasp,HAREKET,1,2541,2855,2712,2952,2756,2633
8.5350,8535,Grasp,HAREKET,1,2857,2960,2771,2714,2849,2606
8.5360,8536,Grasp,HAREKET,1,2561,2817,2773,2884,2838,2750
8.5370,8537,Grasp,HAREKET,1,2661,3016,2661,2824,2888,2684
8.5380,8538,Grasp,HAREKET,1,2693,2823,2757,2766,2835,2605
8.5390,8539,Grasp,HAREKET,1,2745,2869,2692,2730,2820,2795
8.5400,8540,Grasp,HAREKET,1,2632,2900,2673,2687,2743,2716
8.5410,8541,Grasp,HAREKET,1,2653,3114,2782,2603,2664,2687
8.5420,8542,Grasp,HAREKET,1,2812,2929,2758,2557,2865,2767
8.5430,8543,Grasp,HAREKET,1,2714,2953,2718,2658,2970,2773
8.5440,8544,Grasp,HAREKET,1,2788,2883,2666,2820,2912,2783
8.5450,8545,Grasp,HAREKET,1,2668,2984,2765,2700,2770,2675
8.5460,8546,Grasp,HAREKET,1,2702,2749,2664,2763,2814,2903
8.5470,8547,Grasp,HAREKET,1,2759,2821,2808,2646,2833,2810
8.5480,8548,Grasp,HAREKET,1,2738,2849,2731,2680,2711,2740
8.5490,8549,Grasp,HAREKET,1,2758,2861,2787,2743,2885,2901
8.5500,8550,Grasp,HAREKET,1,2863,2951,2766,2758,2892,2674
8.5510,8551,Grasp,HAREKET,1,2649,2839,2769,2741,2781,2789
8.5520,8552,Grasp,HAREKET,1,2842,2661,2791,2589,2780,2682
8.5530,8553,Grasp,HAREKET,1,2799,2804,2847,2722,2648,2894
8.5540,8554,Grasp,HAREKET,1,2702,2958,2808,2691,2845,2668
8.5550,8555,Grasp,HAREKET,1,2773,2788,2859,2784,2718,2592
8.5560,8556,Grasp,HAREKET,1,2708,2826,2677,2770,2640,2770
8.5570,8557,Grasp,HAREKET,1,2664,2878,2778,2708,2715,2604
8.5580,8558,Grasp,HAREKET,1,2623,2914,2660,2799,2736,2749
8.5590,8559,Grasp,HAREKET,1,2779,2714,2721,2780,2877,2679
8.5600,8560,Grasp,HAREKET,1,2581,2806,2708,2770,2688,2687
8.5610,8561,Grasp,HAREKET,1,2633,2924,2686,2862,2775,2671
8.5620,8562,Grasp,HAREKET,1,2626,2991,2790,2821,2811,2728
8.5630,8563,Grasp,HAREKET,1,2615,2844,2732,2720,2964,2775
8.5640,8564,Grasp,HAREKET,1,2693,2837,2696,2677,2792,2761
8.5650,8565,Grasp,HAREKET,1,2631,2954,2811,2633,2834,2842
8.5660,8566,Grasp,HAREKET,1,2691,2975,2807,2657,2672,2690
8.5670,8567,Grasp,HAREKET,1,2597,2783,2782,2703,2762,2816
8.5680,8568,Grasp,HAREKET,1,2541,2712,2649,2648,2871,2667
8.5690,8569,Grasp,HAREKET,1,2790,3040,2735,2707,2900,2662
8.5700,8570,Grasp,HAREKET,1,2695,2940,2756,2626,2756,2901
8.5710,8571,Grasp,HAREKET,1,2812,2787,2782,2846,2851,2739
8.5720,8572,Grasp,HAREKET,1,2697,3006,2717,2781,3055,2827
8.5730,8573,Grasp,HAREKET,1,2703,2806,2747,2760,2766,2648
8.5740,8574,Grasp,HAREKET,1,2786,2857,2869,2665,2865,2852
8.5750,8575,Grasp,HAREKET,1,2725,2774,2822,2718,2815,2668
8.5760,8576,Grasp,HAREKET,1,2697,2927,2808,2615,2890,2740
8.5770,8577,Grasp,HAREKET,1,2690,2879,2849,2612,2742,2721
8.5780,8578,Grasp,HAREKET,1,2768,2975,2802,2811,2671,2605
8.5790,8579,Grasp,HAREKET,1,2652,3000,2796,2779,2745,2834
8.5800,8580,Grasp,HAREKET,1,2783,2796,2762,2816,2862,2669
8.5810,8581,Grasp,HAREKET,1,2638,2916,2644,2705,2838,2714
8.5820,8582,Grasp,HAREKET,1,2779,2816,2786,2770,2848,2721
8.5830,8583,Grasp,HAREKET,1,2681,2847,2751,2825,2760,2661
8.5840,8584,Grasp,HAREKET,1,2659,2804,2794,2778,2752,2583
8.5850,8585,Grasp,HAREKET,1,2679,2779,2698,2794,2908,2585
8.5860,8586,Grasp,HAREKET,1,2617,2882,2698,2732,2807,2739
8.5870,8587,Grasp,HAREKET,1,2645,2914,2821,2847,2732,2684
8.5880,8588,Grasp,HAREKET,1,2608,2929,2746,2578,2767,2756
8.5890,8589,Grasp,HAREKET,1,2717,3006,2846,2784,2839,2707
8.5900,8590,Grasp,HAREKET,1,2683,2842,2604,2703,2929,2769
8.5910,8591,Grasp,HAREKET,1,2737,2970,2869,2592,2692,2721
8.5920,8592,Grasp,HAREKET,1,2810,2886,2866,2581,2898,2711
8.5930,8593,Grasp,HAREKET,1,2593,2873,2721,2840,2869,2745
8.5940,8594,Grasp,HAREKET,1,2765,2890,2804,2740,2888,2696
8.5950,8595,Grasp,HAREKET,1,2816,2799,2828,2641,2861,2694
8.5960,8596,Grasp,HAREKET,1,2845,2741,2824,2726,2920,2670
8.5970,8597,Grasp,HAREKET,1,2741,2692,2881,2741,2787,2764
8.5980,8598,Grasp,HAREKET,1,2832,2694,2889,2825,2739,2852
8.5990,8599,Grasp,HAREKET,1,2783,2844,2796,2685,2832,2932
8.6000,8600,Grasp,HAREKET,1,2809,2875,2762,2758,2785,2684
8.6010,8601,Grasp,HAREKET,1,2753,2896,2880,2699,2768,2630
8.6020,8602,Grasp,HAREKET,1,2719,2924,2840,2746,2783,2646
8.6030,8603,Grasp,HAREKET,1,2744,2768,2888,2654,2703,2570
8.6040,8604,Grasp,HAREKET,1,2533,2858,2770,2765,2680,2588
8.6050,8605,Grasp,HAREKET,1,2727,2880,2804,2806,2616,2801
8.6060,8606,Grasp,HAREKET,1,2637,2748,2735,2775,2874,2607
8.6070,8607,Grasp,HAREKET,1,2624,3002,2665,2767,2662,2688
8.6080,8608,Grasp,HAREKET,1,2591,2751,2754,2793,2819,2696
8.6090,8609,Grasp,HAREKET,1,2696,2819,2680,2834,2676,2686
8.6100,8610,Grasp,HAREKET,1,2637,2780,2728,2738,2582,2782
8.6110,8611,Grasp,HAREKET,1,2687,3049,2804,2822,2825,2778
8.6120,8612,Grasp,HAREKET,1,2817,2937,2865,2685,2893,2756
8.6130,8613,Grasp,HAREKET,1,2618,2846,2730,2668,2765,2570
8.6140,8614,Grasp,HAREKET,1,2557,2854,2698,2635,2725,2674
8.6150,8615,Grasp,HAREKET,1,2585,2873,2760,2789,2703,2711
8.6160,8616,Grasp,HAREKET,1,2704,2851,2799,2788,3030,2762
8.6170,8617,Grasp,HAREKET,1,2659,2931,2799,2737,2793,2588
8.6180,8618,Grasp,HAREKET,1,2879,2802,2676,2773,2852,2792
8.6190,8619,Grasp,HAREKET,1,2786,2808,2776,2796,2959,2879
8.6200,8620,Grasp,HAREKET,1,2919,2700,2727,2741,2916,2770
8.6210,8621,Grasp,HAREKET,1,2797,2791,2767,2769,2946,2696
8.6220,8622,Grasp,HAREKET,1,2758,2824,2874,2697,2913,2751
8.6230,8623,Grasp,HAREKET,1,2858,2727,2897,2797,2795,2742
8.6240,8624,Grasp,HAREKET,1,2615,2780,2771,2656,2665,2763
8.6250,8625,Grasp,HAREKET,1,2660,2935,2912,2774,2750,2654
8.6260,8626,Grasp,HAREKET,1,2571,2854,2828,2875,2720,2551
8.6270,8627,Grasp,HAREKET,1,2617,2884,2876,2699,2680,2700
8.6280,8628,Grasp,HAREKET,1,2664,2806,2799,2764,2780,2668
8.6290,8629,Grasp,HAREKET,1,2791,3009,2879,2709,2865,2763
8.6300,8630,Grasp,HAREKET,1,2687,2841,2909,2782,2819,2656
8.6310,8631,Grasp,HAREKET,1,2734,2996,2742,2741,2747,2716
8.6320,8632,Grasp,HAREKET,1,2681,2819,2835,2751,2764,2809
8.6330,8633,Grasp,HAREKET,1,2740,2936,2634,2799,2753,2591
8.6340,8634,Grasp,HAREKET,1,2614,2973,2606,2624,2976,2726
8.6350,8635,Grasp,HAREKET,1,2675,2978,2759,2725,2959,2762
8.6360,8636,Grasp,HAREKET,1,2638,3003,2804,2618,2677,2763
8.6370,8637,Grasp,HAREKET,1,2648,2954,2836,2607,2860,2688
8.6380,8638,Grasp,HAREKET,1,2732,2927,2780,2700,2807,2725
8.6390,8639,Grasp,HAREKET,1,2687,2834,2719,2715,2703,2717
8.6400,8640,Grasp,HAREKET,1,2565,2804,2724,2578,2797,2681
8.6410,8641,Grasp,HAREKET,1,2768,2860,2725,2684,2943,2770
8.6420,8642,Grasp,HAREKET,1,2703,2824,2717,2730,2877,2760
8.6430,8643,Grasp,HAREKET,1,2785,2768,2730,2742,3011,2550
8.6440,8644,Grasp,HAREKET,1,2780,2839,2866,2689,2903,2831
8.6450,8645,Grasp,HAREKET,1,2738,2737,2834,2550,2788,2717
8.6460,8646,Grasp,HAREKET,1,2805,2953,2750,2770,2859,2652
8.6470,8647,Grasp,HAREKET,1,2777,2903,2768,2824,2842,2787
8.6480,8648,Grasp,HAREKET,1,2700,2857,2836,2610,2725,2739
8.6490,8649,Grasp,HAREKET,1,2795,2957,2846,2715,2796,2622
8.6500,8650,Grasp,HAREKET,1,2788,2806,2694,2770,2761,2847
8.6510,8651,Grasp,HAREKET,1,2712,2839,2726,2751,2916,2611
8.6520,8652,Grasp,HAREKET,1,2722,2928,2767,2680,2805,2674
8.6530,8653,Grasp,HAREKET,1,2691,2767,2904,2687,2856,2562
8.6540,8654,Grasp,HAREKET,1,2621,2801,2837,2834,2811,2581
8.6550,8655,Grasp,HAREKET,1,2637,2887,2740,2763,2710,2555
8.6560,8656,Grasp,HAREKET,1,2733,2866,2813,2786,2773,2719
8.6570,8657,Grasp,HAREKET,1,2761,3005,2800,2681,2836,2625
8.6580,8658,Grasp,HAREKET,1,2595,2840,2905,2791,2704,2760
8.6590,8659,Grasp,HAREKET,1,2699,2900,2700,2661,2734,2655
8.6600,8660,Grasp,HAREKET,1,2725,2889,2881,2649,2737,2761
8.6610,8661,Grasp,HAREKET,1,2767,3046,2749,2712,2786,2746
8.6620,8662,Grasp,HAREKET,1,2825,3033,2680,2680,2785,2888
8.6630,8663,Grasp,HAREKET,1,2711,2824,2608,2658,2750,2734
8.6640,8664,Grasp,HAREKET,1,2867,2841,2684,2675,2910,2655
8.6650,8665,Grasp,HAREKET,1,2666,2707,2734,2788,2844,2800
8.6660,8666,Grasp,HAREKET,1,2576,2816,2619,2528,2953,2713
8.6670,8667,Grasp,HAREKET,1,2915,2691,2662,2729,3003,2780
8.6680,8668,Grasp,HAREKET,1,2831,2792,2792,2675,2899,2694
8.6690,8669,Grasp,HAREKET,1,2842,2762,2744,2752,2901,2629
8.6700,8670,Grasp,HAREKET,1,2762,2739,2801,2674,2770,2822
8.6710,8671,Grasp,HAREKET,1,2849,2894,2759,2770,2840,2705
8.6720,8672,Grasp,HAREKET,1,2884,2940,2836,2611,2964,2711
8.6730,8673,Grasp,HAREKET,1,2665,2736,2883,2731,2884,2746
8.6740,8674,Grasp,HAREKET,1,2756,2726,2755,2649,2942,2756
8.6750,8675,Grasp,HAREKET,1,2711,2859,2846,2749,2841,2671
8.6760,8676,Grasp,HAREKET,1,2738,2890,2686,2793,2767,2687
8.6770,8677,Grasp,HAREKET,1,2680,2839,2676,2750,2710,2600
8.6780,8678,Grasp,HAREKET,1,2652,2938,2807,2956,2889,2656
8.6790,8679,Grasp,HAREKET,1,2558,2799,2831,2756,2812,2717
8.6800,8680,Grasp,HAREKET,1,2772,2988,2671,2861,2807,2684
8.6810,8681,Grasp,HAREKET,1,2766,2900,2810,2764,2754,2787
8.6820,8682,Grasp,HAREKET,1,2666,2915,2781,2726,2793,2705
8.6830,8683,Grasp,HAREKET,1,2628,2806,2811,2701,2848,2640
8.6840,8684,Grasp,HAREKET,1,2684,2959,2830,2636,2835,2755
8.6850,8685,Grasp,HAREKET,1,2644,2914,2639,2705,2729,2759
8.6860,8686,Grasp,HAREKET,1,2697,2865,2879,2538,2770,2687
8.6870,8687,Grasp,HAREKET,1,2752,2897,2800,2572,2832,2693
8.6880,8688,Grasp,HAREKET,1,2840,2697,2653,2731,2827,2768
8.6890,8689,Grasp,HAREKET,1,2773,2843,2793,2682,2880,2796
8.6900,8690,Grasp,HAREKET,1,2742,2709,2816,2680,3012,2907
8.6910,8691,Grasp,HAREKET,1,2907,2835,2792,2733,2756,2755
8.6920,8692,Grasp,HAREKET,1,2670,2743,2650,2631,2639,2940
8.6930,8693,Grasp,HAREKET,1,2861,2741,2786,2723,2755,2714
8.6940,8694,Grasp,HAREKET,1,2711,2941,2960,2706,2840,2732
8.6950,8695,Grasp,HAREKET,1,2694,2853,2967,2663,2826,2788
8.6960,8696,Grasp,HAREKET,1,2731,2852,2881,2571,2848,2658
8.6970,8697,Grasp,HAREKET,1,2658,2903,2927,2732,2698,2697
8.6980,8698,Grasp,HAREKET,1,2699,2990,2783,2808,2754,2740
8.6990,8699,Grasp,HAREKET,1,2763,2697,2779,2797,2799,2684
8.7000,8700,Grasp,HAREKET,1,2641,2959,2890,2741,2858,2626
8.7010,8701,Grasp,HAREKET,1,2602,3003,2712,2710,2841,2594
8.7020,8702,Grasp,HAREKET,1,2714,2887,2883,2837,2804,2599
8.7030,8703,Grasp,HAREKET,1,2655,2829,2743,2697,2801,2776
8.7040,8704,Grasp,HAREKET,1,2745,2750,2790,2742,2801,2643
8.7050,8705,Grasp,HAREKET,1,2608,2882,2850,2698,2906,2755
8.7060,8706,Grasp,HAREKET,1,2639,2792,2708,2600,2761,2728
8.7070,8707,Grasp,HAREKET,1,2765,3003,2755,2673,2772,2713
8.7080,8708,Grasp,HAREKET,1,2698,2829,2641,2674,2705,2794
8.7090,8709,Grasp,HAREKET,1,2732,2772,2766,2671,2794,2577
8.7100,8710,Grasp,HAREKET,1,2752,2832,2742,2766,2854,2703
8.7110,8711,Grasp,HAREKET,1,2808,2839,2763,2535,2860,2839
8.7120,8712,Grasp,HAREKET,1,2782,2818,2522,2685,2785,2749
8.7130,8713,Grasp,HAREKET,1,2868,2787,2683,2654,2990,2756
8.7140,8714,Grasp,HAREKET,1,2664,2925,2741,2584,2920,2725
8.7150,8715,Grasp,HAREKET,1,2784,2709,2791,2622,3004,2709
8.7160,8716,Grasp,HAREKET,1,2816,2796,2723,2681,2883,2838
8.7170,8717,Grasp,HAREKET,1,2756,2773,2860,2549,2744,2834
8.7180,8718,Grasp,HAREKET,1,2687,2832,2770,2874,2790,2814
8.7190,8719,Grasp,HAREKET,1,2687,2732,2917,2614,2674,2778
8.7200,8720,Grasp,HAREKET,1,2757,2795,2876,2781,2983,2802
8.7210,8721,Grasp,HAREKET,1,2541,2865,2791,2691,2689,2891
8.7220,8722,Grasp,HAREKET,1,2694,2740,2714,2718,2834,2676
8.7230,8723,Grasp,HAREKET,1,2598,2918,2877,2841,2853,2629
8.7240,8724,Grasp,HAREKET,1,2664,2842,2698,2714,2981,2739
8.7250,8725,Grasp,HAREKET,1,2742,2778,2701,2788,2918,2688
8.7260,8726,Grasp,HAREKET,1,2844,2874,2867,2761,2890,2630
8.7270,8727,Grasp,HAREKET,1,2780,2918,2852,2753,2819,2651
8.7280,8728,Grasp,HAREKET,1,2733,2840,2834,2751,2837,2733
8.7290,8729,Grasp,HAREKET,1,2660,2936,2755,2692,2774,2701
8.7300,8730,Grasp,HAREKET,1,2685,2832,2803,2498,2822,2641
8.7310,8731,Grasp,HAREKET,1,2786,2960,2808,2748,2746,2821
8.7320,8732,Grasp,HAREKET,1,2647,3012,2736,2600,2700,2782
8.7330,8733,Grasp,HAREKET,1,2696,2842,2677,2708,2881,2735
8.7340,8734,Grasp,HAREKET,1,2654,2751,2861,2650,2887,2656
8.7350,8735,Grasp,HAREKET,1,2850,2821,2629,2576,2790,2699
8.7360,8736,Grasp,HAREKET,1,2675,2883,2670,2727,2983,2612
8.7370,8737,Grasp,HAREKET,1,2685,2886,2595,2561,3022,2720
8.7380,8738,Grasp,HAREKET,1,2800,2746,2826,2701,2873,2804
8.7390,8739,Grasp,HAREKET,1,2785,2698,2837,2663,2748,2786
8.7400,8740,Grasp,HAREKET,1,2815,2766,2835,2804,2941,2849
8.7410,8741,Grasp,HAREKET,1,2796,2878,2901,2737,2747,2934
8.7420,8742,Grasp,HAREKET,1,2655,2787,2855,2609,2896,2786
8.7430,8743,Grasp,HAREKET,1,2694,2873,2777,2673,2847,2786
8.7440,8744,Grasp,HAREKET,1,2601,2721,2875,2545,2842,2699
8.7450,8745,Grasp,HAREKET,1,2775,2863,2683,2676,2671,2611
8.7460,8746,Grasp,HAREKET,1,2600,2955,2864,2779,2779,2679
8.7470,8747,Grasp,HAREKET,1,2637,2924,2755,2661,2750,2774
8.7480,8748,Grasp,HAREKET,1,2828,2882,2785,2715,2926,2613
8.7490,8749,Grasp,HAREKET,1,2700,2775,2637,2765,2729,2780
8.7500,8750,Grasp,HAREKET,1,2736,2829,2721,2913,2878,2588
8.7510,8751,Grasp,HAREKET,1,2755,2774,2695,2695,2878,2656
8.7520,8752,Grasp,HAREKET,1,2661,2852,2668,2739,2882,2725
8.7530,8753,Grasp,HAREKET,1,2650,2817,2938,2651,2885,2822
8.7540,8754,Grasp,HAREKET,1,2824,2896,2799,2617,2778,2834
8.7550,8755,Grasp,HAREKET,1,2721,2885,2774,2767,2938,2683
8.7560,8756,Grasp,HAREKET,1,2724,2879,2688,2614,2726,2860
8.7570,8757,Grasp,HAREKET,1,2675,2885,2746,2623,2719,2798
8.7580,8758,Grasp,HAREKET,1,2667,2805,2695,2594,2930,2736
8.7590,8759,Grasp,HAREKET,1,2901,2832,2773,2706,3006,2772
8.7600,8760,Grasp,HAREKET,1,2688,2748,2839,2539,2884,2706
8.7610,8761,Grasp,HAREKET,1,2717,2650,2589,2623,2900,2890
8.7620,8762,Grasp,HAREKET,1,2762,2609,2686,2611,2861,2715
8.7630,8763,Grasp,HAREKET,1,2689,2788,2892,2680,2832,2828
8.7640,8764,Grasp,HAREKET,1,2755,2828,2865,2722,2903,2837
8.7650,8765,Grasp,HAREKET,1,2723,2831,2912,2540,2806,2910
8.7660,8766,Grasp,HAREKET,1,2799,2691,2935,2716,2986,2769
8.7670,8767,Grasp,HAREKET,1,2833,2772,2904,2764,2867,2732
8.7680,8768,Grasp,HAREKET,1,2591,2710,2846,2724,2705,2745
8.7690,8769,Grasp,HAREKET,1,2568,2882,2818,2833,2919,2693
8.7700,8770,Grasp,HAREKET,1,2706,2834,2792,2718,2755,2625
8.7710,8771,Grasp,HAREKET,1,2591,2909,3027,2628,2838,2740
8.7720,8772,Grasp,HAREKET,1,2693,2828,2805,2735,2774,2730
8.7730,8773,Grasp,HAREKET,1,2801,2829,2785,2748,2858,2798
8.7740,8774,Grasp,HAREKET,1,2801,2873,2680,2860,2830,2783
8.7750,8775,Grasp,HAREKET,1,2711,2908,2714,2693,2908,2759
8.7760,8776,Grasp,HAREKET,1,2768,2781,2745,2800,2766,2753
8.7770,8777,Grasp,HAREKET,1,2737,2765,2757,2722,2862,2647
8.7780,8778,Grasp,HAREKET,1,2666,2900,2774,2710,2876,2728
8.7790,8779,Grasp,HAREKET,1,2760,2920,2687,2695,2859,2650
8.7800,8780,Grasp,HAREKET,1,2811,2991,2763,2655,2907,2738
8.7810,8781,Grasp,HAREKET,1,2619,2897,2884,2686,2946,2836
8.7820,8782,Grasp,HAREKET,1,2713,2818,2720,2793,2879,2694
8.7830,8783,Grasp,HAREKET,1,2787,2761,2599,2736,2893,2745
8.7840,8784,Grasp,HAREKET,1,2782,2776,2787,2524,2930,2633
8.7850,8785,Grasp,HAREKET,1,2758,2719,2788,2654,2881,2841
8.7860,8786,Grasp,HAREKET,1,2779,2765,2804,2655,2850,2919
8.7870,8787,Grasp,HAREKET,1,2735,2832,2703,2640,2931,2805
8.7880,8788,Grasp,HAREKET,1,2757,2728,2831,2641,2915,2935
8.7890,8789,Grasp,HAREKET,1,2657,2955,2877,2632,2756,2811
8.7900,8790,Grasp,HAREKET,1,2597,2749,2878,2738,2873,2637
8.7910,8791,Grasp,HAREKET,1,2870,2745,2861,2674,2881,2721
8.7920,8792,Grasp,HAREKET,1,2686,2810,2817,2636,2672,2698
8.7930,8793,Grasp,HAREKET,1,2860,2862,2710,2790,2767,2731
8.7940,8794,Grasp,HAREKET,1,2735,2844,2791,2741,2795,2682
8.7950,8795,Grasp,HAREKET,1,2566,2712,2807,2753,2795,2783
8.7960,8796,Grasp,HAREKET,1,2644,2852,2762,2720,2881,2759
8.7970,8797,Grasp,HAREKET,1,2742,2812,2877,2813,2906,2733
8.7980,8798,Grasp,HAREKET,1,2703,2807,2645,2796,2704,2576
8.7990,8799,Grasp,HAREKET,1,2690,2766,2747,2901,2721,2707
8.8000,8800,Grasp,HAREKET,1,2698,2927,2701,2658,2839,2816
8.8010,8801,Grasp,HAREKET,1,2757,2872,2695,2793,2874,2700
8.8020,8802,Grasp,HAREKET,1,2607,2930,2717,2671,2847,2773
8.8030,8803,Grasp,HAREKET,1,2746,2805,2648,2619,2745,2846
8.8040,8804,Grasp,HAREKET,1,2859,2887,2735,2542,2865,2633
8.8050,8805,Grasp,HAREKET,1,2609,2849,2664,2635,2783,2818
8.8060,8806,Grasp,HAREKET,1,2587,2820,2658,2685,2901,2713
8.8070,8807,Grasp,HAREKET,1,2786,2779,2648,2706,2944,2655
8.8080,8808,Grasp,HAREKET,1,2887,2903,2759,2815,2871,2689
8.8090,8809,Grasp,HAREKET,1,2642,2663,2664,2563,2897,2798
8.8100,8810,Grasp,HAREKET,1,2706,2811,2786,2660,3033,2794
8.8110,8811,Grasp,HAREKET,1,2778,2748,2884,2740,2873,2871
8.8120,8812,Grasp,HAREKET,1,2755,2859,2853,2660,2928,2828
8.8130,8813,Grasp,HAREKET,1,2767,2849,2724,2641,2895,2706
8.8140,8814,Grasp,HAREKET,1,2684,2720,2685,2684,2837,2722
8.8150,8815,Grasp,HAREKET,1,2747,2867,2810,2689,2857,2812
8.8160,8816,Grasp,HAREKET,1,2678,2895,2711,2636,2782,2789
8.8170,8817,Grasp,HAREKET,1,2635,2921,2701,2709,2781,2793
8.8180,8818,Grasp,HAREKET,1,2703,2927,2656,2663,2874,2634
8.8190,8819,Grasp,HAREKET,1,2812,2813,2729,2695,2781,2795
8.8200,8820,Grasp,HAREKET,1,2705,2894,2704,2710,2982,2753
8.8210,8821,Grasp,HAREKET,1,2791,2827,2687,2802,2916,2601
8.8220,8822,Grasp,HAREKET,1,2664,2849,2836,2768,2753,2688
8.8230,8823,Grasp,HAREKET,1,2585,2926,2846,2733,2858,2682
8.8240,8824,Grasp,HAREKET,1,2744,2906,2641,2587,2887,2719
8.8250,8825,Grasp,HAREKET,1,2672,2824,2693,2676,2795,2833
8.8260,8826,Grasp,HAREKET,1,2683,2880,2751,2563,2929,2779
8.8270,8827,Grasp,HAREKET,1,2756,3021,2712,2552,2892,2746
8.8280,8828,Grasp,HAREKET,1,2741,2993,2662,2744,2818,2794
8.8290,8829,Grasp,HAREKET,1,2677,2947,2724,2707,2960,2756
8.8300,8830,Grasp,HAREKET,1,2845,2881,2690,2651,2975,2853
8.8310,8831,Grasp,HAREKET,1,2646,2857,2616,2635,2805,2745
8.8320,8832,Grasp,HAREKET,1,2743,2859,2602,2588,2896,2766
8.8330,8833,Grasp,HAREKET,1,2608,2768,2574,2748,2956,2776
8.8340,8834,Grasp,HAREKET,1,2697,2769,2780,2736,2921,2849
8.8350,8835,Grasp,HAREKET,1,2795,2882,2768,2758,2889,2888
8.8360,8836,Grasp,HAREKET,1,2706,2807,2755,2674,2932,2816
8.8370,8837,Grasp,HAREKET,1,2626,2926,2878,2691,2874,2871
8.8380,8838,Grasp,HAREKET,1,2831,2816,2881,2701,2841,2795
8.8390,8839,Grasp,HAREKET,1,2663,2883,2758,2609,2700,2816
8.8400,8840,Grasp,HAREKET,1,2614,2743,2817,2774,2771,2697
8.8410,8841,Grasp,HAREKET,1,2827,2723,2775,2688,2948,2711
8.8420,8842,Grasp,HAREKET,1,2634,2716,2786,2704,2820,2683
8.8430,8843,Grasp,HAREKET,1,2597,2836,2660,2758,2850,2721
8.8440,8844,Grasp,HAREKET,1,2761,2719,2730,2753,2842,2759
8.8450,8845,Grasp,HAREKET,1,2702,2933,2809,2736,2851,2750
8.8460,8846,Grasp,HAREKET,1,2662,2746,2873,2767,2881,2854
8.8470,8847,Grasp,HAREKET,1,2635,2831,2632,2696,2799,2815
8.8480,8848,Grasp,HAREKET,1,2743,2869,2630,2607,2761,2915
8.8490,8849,Grasp,HAREKET,1,2747,2846,2729,2551,2803,2780
8.8500,8850,Grasp,HAREKET,1,2649,2920,2738,2734,2804,2676
8.8510,8851,Grasp,HAREKET,1,2731,2834,2699,2689,2809,2750
8.8520,8852,Grasp,HAREKET,1,2620,2790,2720,2551,2844,2766
8.8530,8853,Grasp,HAREKET,1,2695,2799,2675,2603,2804,2802
8.8540,8854,Grasp,HAREKET,1,2790,2805,2708,2647,2897,2773
8.8550,8855,Grasp,HAREKET,1,2779,2688,2688,2666,2873,2672
8.8560,8856,Grasp,HAREKET,1,2637,2742,2755,2674,3033,2831
8.8570,8857,Grasp,HAREKET,1,2800,2779,2708,2867,2943,2864
8.8580,8858,Grasp,HAREKET,1,2801,2772,2882,2774,2967,2909
8.8590,8859,Grasp,HAREKET,1,2896,2815,2716,2739,2804,2747
8.8600,8860,Grasp,HAREKET,1,2766,2749,2795,2680,2883,2908
8.8610,8861,Grasp,HAREKET,1,2864,2848,2796,2681,2885,2765
8.8620,8862,Grasp,HAREKET,1,2800,2829,2884,2630,2845,2796
8.8630,8863,Grasp,HAREKET,1,2774,2645,2878,2744,2623,2755
8.8640,8864,Grasp,HAREKET,1,2664,2878,2652,2709,2878,2761
8.8650,8865,Grasp,HAREKET,1,2665,2907,2688,2679,2622,2718
8.8660,8866,Grasp,HAREKET,1,2722,3008,2693,2651,2803,2693
8.8670,8867,Grasp,HAREKET,1,2669,2820,2710,2855,2960,2676
8.8680,8868,Grasp,HAREKET,1,2713,2827,2893,2746,2955,2733
8.8690,8869,Grasp,HAREKET,1,2641,2714,2770,2861,2813,2803
8.8700,8870,Grasp,HAREKET,1,2631,2929,2627,2645,2791,2749
8.8710,8871,Grasp,HAREKET,1,2636,2866,2766,2737,2758,2819
8.8720,8872,Grasp,HAREKET,1,2735,2975,2701,2719,2898,2728
8.8730,8873,Grasp,HAREKET,1,2732,2703,2637,2538,2879,2797
8.8740,8874,Grasp,HAREKET,1,2794,2955,2768,2594,2861,2879
8.8750,8875,Grasp,HAREKET,1,2679,2770,2809,2648,2874,2831
8.8760,8876,Grasp,HAREKET,1,2686,2849,2835,2827,2784,2772
8.8770,8877,Grasp,HAREKET,1,2692,2878,2695,2662,2946,2776
8.8780,8878,Grasp,HAREKET,1,2666,2806,2565,2630,2812,2936
8.8790,8879,Grasp,HAREKET,1,2744,2820,2699,2704,2892,2822
8.8800,8880,Grasp,HAREKET,1,2664,2802,2778,2730,2768,2722
8.8810,8881,Grasp,HAREKET,1,2836,2754,2692,2809,2976,2948
8.8820,8882,Grasp,HAREKET,1,2787,2721,2830,2638,2901,2838
8.8830,8883,Grasp,HAREKET,1,2853,2706,2727,2717,2957,2814
8.8840,8884,Grasp,HAREKET,1,2835,2680,2664,2713,2945,2835
8.8850,8885,Grasp,HAREKET,1,2763,2726,2882,2741,2824,2783
8.8860,8886,Grasp,HAREKET,1,2650,2706,2773,2726,2796,2778
8.8870,8887,Grasp,HAREKET,1,2676,2731,2795,2783,2791,2675
8.8880,8888,Grasp,HAREKET,1,2701,2823,2831,2800,2858,2856
8.8890,8889,Grasp,HAREKET,1,2697,2860,2804,2798,2777,2758
8.8900,8890,Grasp,HAREKET,1,2721,2913,2825,2721,2781,2714
8.8910,8891,Grasp,HAREKET,1,2651,2771,2781,2664,2853,2690
8.8920,8892,Grasp,HAREKET,1,2646,2931,2693,2767,2745,2675
8.8930,8893,Grasp,HAREKET,1,2746,2899,2682,2781,2933,2700
8.8940,8894,Grasp,HAREKET,1,2746,2865,2748,2743,2885,2823
8.8950,8895,Grasp,HAREKET,1,2622,2921,2724,2736,3065,2878
8.8960,8896,Grasp,HAREKET,1,2675,3007,2698,2638,2835,2809
8.8970,8897,Grasp,HAREKET,1,2725,2766,2644,2577,2814,2704
8.8980,8898,Grasp,HAREKET,1,2517,2800,2715,2713,2812,2767
8.8990,8899,Grasp,HAREKET,1,2699,2900,2699,2697,2810,2784
8.9000,8900,Grasp,HAREKET,1,2507,2981,2737,2586,2977,2749
8.9010,8901,Grasp,HAREKET,1,2826,2855,2731,2639,2888,2725
8.9020,8902,Grasp,HAREKET,1,2712,2869,2648,2706,2932,2722
8.9030,8903,Grasp,HAREKET,1,2686,2745,2643,2786,2981,2786
8.9040,8904,Grasp,HAREKET,1,2751,2745,2686,2642,2971,2946
8.9050,8905,Grasp,HAREKET,1,2746,2840,2629,2702,2806,2808
8.9060,8906,Grasp,HAREKET,1,2806,2823,2762,2718,2910,2806
8.9070,8907,Grasp,HAREKET,1,2692,2788,2820,2644,2962,2729
8.9080,8908,Grasp,HAREKET,1,2892,2854,2605,2597,2805,2821
8.9090,8909,Grasp,HAREKET,1,2617,2901,2684,2744,2955,2748
8.9100,8910,Grasp,HAREKET,1,2626,2741,2764,2714,2892,2870
8.9110,8911,Grasp,HAREKET,1,2741,2834,2774,2708,2732,2632
8.9120,8912,Grasp,HAREKET,1,2680,2792,2788,2591,2682,2706
8.9130,8913,Grasp,HAREKET,1,2735,2939,2787,2723,2894,2691
8.9140,8914,Grasp,HAREKET,1,2523,2786,2709,2797,2688,2733
8.9150,8915,Grasp,HAREKET,1,2600,2842,2709,2730,2942,2727
8.9160,8916,Grasp,HAREKET,1,2693,2870,2639,2883,2894,2760
8.9170,8917,Grasp,HAREKET,1,2610,2777,2644,2826,2828,2822
8.9180,8918,Grasp,HAREKET,1,2770,2928,2679,2601,2893,2771
8.9190,8919,Grasp,HAREKET,1,2640,2861,2718,2713,2855,2811
8.9200,8920,Grasp,HAREKET,1,2727,2910,2741,2696,2879,2796
8.9210,8921,Grasp,HAREKET,1,2657,2777,2611,2640,2923,2790
8.9220,8922,Grasp,HAREKET,1,2669,2891,2797,2676,2898,2805
8.9230,8923,Grasp,HAREKET,1,2764,2914,2585,2642,2848,2902
8.9240,8924,Grasp,HAREKET,1,2734,2876,2617,2780,2913,2798
8.9250,8925,Grasp,HAREKET,1,2715,2753,2642,2563,2863,2776
8.9260,8926,Grasp,HAREKET,1,2640,2734,2667,2727,2920,2889
8.9270,8927,Grasp,HAREKET,1,2597,2839,2533,2724,2984,2830
8.9280,8928,Grasp,HAREKET,1,2709,2755,2669,2643,2969,2848
8.9290,8929,Grasp,HAREKET,1,2694,2824,2722,2700,2952,2813
8.9300,8930,Grasp,HAREKET,1,2804,2809,2793,2705,2903,2748
8.9310,8931,Grasp,HAREKET,1,2795,2802,2712,2656,2895,2899
8.9320,8932,Grasp,HAREKET,1,2687,2722,2923,2675,2856,2903
8.9330,8933,Grasp,HAREKET,1,2790,2893,2822,2708,2750,2868
8.9340,8934,Grasp,HAREKET,1,2678,2727,2833,2730,2832,2653
8.9350,8935,Grasp,HAREKET,1,2695,2917,2794,2466,2742,2664
8.9360,8936,Grasp,HAREKET,1,2668,2707,2726,2665,2786,2678
8.9370,8937,Grasp,HAREKET,1,2758,2839,2789,2620,2790,2562
8.9380,8938,Grasp,HAREKET,1,2690,2769,2607,2625,2826,2631
8.9390,8939,Grasp,HAREKET,1,2653,2930,2906,2911,2835,2704
8.9400,8940,Grasp,HAREKET,1,2682,2803,2666,2755,2824,2767
8.9410,8941,Grasp,HAREKET,1,2744,2742,2758,2736,2912,2714
8.9420,8942,Grasp,HAREKET,1,2777,2777,2669,2719,2661,2769
8.9430,8943,Grasp,HAREKET,1,2606,2873,2657,2793,2716,2765
8.9440,8944,Grasp,HAREKET,1,2631,2953,2733,2702,2814,2815
8.9450,8945,Grasp,HAREKET,1,2478,2805,2869,2679,2896,2771
8.9460,8946,Grasp,HAREKET,1,2576,2892,2768,2492,2861,2807
8.9470,8947,Grasp,HAREKET,1,2635,3020,2564,2542,2840,2839
8.9480,8948,Grasp,HAREKET,1,2701,2725,2781,2756,2835,2792
8.9490,8949,Grasp,HAREKET,1,2782,2855,2724,2603,2895,2780
8.9500,8950,Grasp,HAREKET,1,2610,2872,2746,2657,2963,2814
8.9510,8951,Grasp,HAREKET,1,2701,2812,2711,2645,2805,2910
8.9520,8952,Grasp,HAREKET,1,2768,2795,2741,2658,3114,2721
8.9530,8953,Grasp,HAREKET,1,2655,2712,2703,2626,3012,2877
8.9540,8954,Grasp,HAREKET,1,2684,2868,2636,2720,2855,2735
8.9550,8955,Grasp,HAREKET,1,2899,2831,2830,2606,2846,2768
8.9560,8956,Grasp,HAREKET,1,2826,2777,2792,2789,2815,2861
8.9570,8957,Grasp,HAREKET,1,2623,2981,2809,2740,2809,2723
8.9580,8958,Grasp,HAREKET,1,2735,2810,2791,2537,2781,2743
8.9590,8959,Grasp,HAREKET,1,2573,2912,2772,2795,2739,2826
8.9600,8960,Grasp,HAREKET,1,2630,2905,2672,2782,2865,2737
8.9610,8961,Grasp,HAREKET,1,2727,2911,2638,2683,2726,2668
8.9620,8962,Grasp,HAREKET,1,2677,2852,2700,2772,2899,2674
8.9630,8963,Grasp,HAREKET,1,2540,2914,2730,2767,2732,2749
8.9640,8964,Grasp,HAREKET,1,2597,2852,2739,2788,2953,2779
8.9650,8965,Grasp,HAREKET,1,2675,2824,2616,2766,2893,2837
8.9660,8966,Grasp,HAREKET,1,2641,2987,2727,2705,2890,2783
8.9670,8967,Grasp,HAREKET,1,2628,2825,2717,2802,2816,2711
8.9680,8968,Grasp,HAREKET,1,2679,2888,2649,2723,3000,2743
8.9690,8969,Grasp,HAREKET,1,2637,2940,2808,2752,2586,2843
8.9700,8970,Grasp,HAREKET,1,2590,3031,2690,2702,2712,2763
8.9710,8971,Grasp,HAREKET,1,2572,2748,2686,2563,2944,2815
8.9720,8972,Grasp,HAREKET,1,2711,2863,2692,2646,2870,2800
8.9730,8973,Grasp,HAREKET,1,2687,2876,2533,2545,2789,2716
8.9740,8974,Grasp,HAREKET,1,2627,2784,2577,2704,2885,2817
8.9750,8975,Grasp,HAREKET,1,2694,2874,2746,2728,2783,2672
8.9760,8976,Grasp,HAREKET,1,2774,2925,2762,2544,2926,2752
8.9770,8977,Grasp,HAREKET,1,2811,2720,2726,2856,2882,2848
8.9780,8978,Grasp,HAREKET,1,2638,2700,2676,2804,2992,2954
8.9790,8979,Grasp,HAREKET,1,2602,3041,2798,2725,2670,2864
8.9800,8980,Grasp,HAREKET,1,2768,2811,2667,2676,2962,2882
8.9810,8981,Grasp,HAREKET,1,2654,2890,2808,2691,2701,2804
8.9820,8982,Grasp,HAREKET,1,2740,2816,2735,2607,2722,2742
8.9830,8983,Grasp,HAREKET,1,2622,2750,2696,2727,2884,2682
8.9840,8984,Grasp,HAREKET,1,2523,2889,2709,2776,2727,2796
8.9850,8985,Grasp,HAREKET,1,2532,2768,2811,2701,2868,2743
8.9860,8986,Grasp,HAREKET,1,2688,2796,2757,2846,2792,2746
8.9870,8987,Grasp,HAREKET,1,2604,2924,2760,2752,2913,2793
8.9880,8988,Grasp,HAREKET,1,2609,2907,2671,2756,2783,2725
8.9890,8989,Grasp,HAREKET,1,2726,2912,2841,2553,2690,2814
8.9900,8990,Grasp,HAREKET,1,2654,2810,2800,2799,2759,2779
8.9910,8991,Grasp,HAREKET,1,2718,2824,2761,2732,2805,2845
8.9920,8992,Grasp,HAREKET,1,2705,2943,2724,2660,2800,2845
8.9930,8993,Grasp,HAREKET,1,2737,2842,2741,2819,2829,2927
8.9940,8994,Grasp,HAREKET,1,2665,2849,2810,2779,2899,2678
8.9950,8995,Grasp,HAREKET,1,2601,2976,2691,2659,2869,2728
8.9960,8996,Grasp,HAREKET,1,2721,2859,2551,2807,2887,2766
8.9970,8997,Grasp,HAREKET,1,2754,2842,2600,2627,3008,2851
8.9980,8998,Grasp,HAREKET,1,2725,2783,2710,2682,2878,2815
8.9990,8999,Grasp,HAREKET,1,2701,2797,2561,2562,2993,2781
9.0000,9000,Pinch,HAREKET,1,2350,2821,2414,2289,2606,2453
9.0010,9001,Pinch,HAREKET,1,2382,2743,2481,2409,2561,2457
9.0020,9002,Pinch,HAREKET,1,2285,2713,2313,2405,2660,2431
9.0030,9003,Pinch,HAREKET,1,2210,2777,2329,2419,2610,2406
9.0040,9004,Pinch,HAREKET,1,2306,2669,2308,2337,2479,2391
9.0050,9005,Pinch,HAREKET,1,2336,2672,2436,2413,2598,2355
9.0060,9006,Pinch,HAREKET,1,2269,2782,2338,2418,2614,2410
9.0070,9007,Pinch,HAREKET,1,2212,2770,2407,2336,2635,2451
9.0080,9008,Pinch,HAREKET,1,2299,2731,2367,2319,2580,2403
9.0090,9009,Pinch,HAREKET,1,2269,2777,2346,2239,2739,2535
9.0100,9010,Pinch,HAREKET,1,2297,2653,2383,2390,2623,2446
9.0110,9011,Pinch,HAREKET,1,2383,2730,2403,2349,2504,2428
9.0120,9012,Pinch,HAREKET,1,2244,2630,2433,2361,2588,2473
9.0130,9013,Pinch,HAREKET,1,2217,2735,2356,2291,2710,2450
9.0140,9014,Pinch,HAREKET,1,2278,2697,2492,2296,2688,2437
9.0150,9015,Pinch,HAREKET,1,2353,2510,2390,2385,2809,2555
9.0160,9016,Pinch,HAREKET,1,2282,2723,2343,2338,2660,2470
9.0170,9017,Pinch,HAREKET,1,2346,2626,2444,2389,2595,2575
9.0180,9018,Pinch,HAREKET,1,2241,2788,2475,2361,2707,2508
9.0190,9019,Pinch,HAREKET,1,2408,2673,2405,2382,2713,2472
9.0200,9020,Pinch,HAREKET,1,2377,2809,2479,2365,2616,2495
9.0210,9021,Pinch,HAREKET,1,2319,2791,2426,2455,2731,2340
9.0220,9022,Pinch,HAREKET,1,2279,2789,2401,2261,2659,2380
9.0230,9023,Pinch,HAREKET,1,2316,2709,2442,2377,2722,2450
9.0240,9024,Pinch,HAREKET,1,2262,2739,2418,2350,2631,2427
9.0250,9025,Pinch,HAREKET,1,2257,2722,2357,2353,2638,2414
9.0260,9026,Pinch,HAREKET,1,2368,2778,2432,2310,2661,2419
9.0270,9027,Pinch,HAREKET,1,2294,2915,2392,2325,2598,2484
9.0280,9028,Pinch,HAREKET,1,2342,2738,2466,2326,2593,2460
9.0290,9029,Pinch,HAREKET,1,2380,2761,2410,2354,2519,2445
9.0300,9030,Pinch,HAREKET,1,2234,2774,2314,2309,2620,2421
9.0310,9031,Pinch,HAREKET,1,2332,2774,2401,2395,2564,2502
9.0320,9032,Pinch,HAREKET,1,2268,2731,2360,2401,2644,2446
9.0330,9033,Pinch,HAREKET,1,2278,2772,2372,2369,2709,2505
9.0340,9034,Pinch,HAREKET,1,2312,2775,2369,2379,2599,2424
9.0350,9035,Pinch,HAREKET,1,2296,2719,2362,2379,2544,2406
9.0360,9036,Pinch,HAREKET,1,2315,2749,2365,2452,2680,2513
9.0370,9037,Pinch,HAREKET,1,2388,2770,2379,2356,2707,2548
9.0380,9038,Pinch,HAREKET,1,2291,2693,2430,2422,2633,2498
9.0390,9039,Pinch,HAREKET,1,2306,2687,2360,2303,2602,2491
9.0400,9040,Pinch,HAREKET,1,2351,2685,2440,2348,2762,2591
9.0410,9041,Pinch,HAREKET,1,2252,2828,2457,2385,2558,2463
9.0420,9042,Pinch,HAREKET,1,2307,2657,2372,2358,2782,2465
9.0430,9043,Pinch,HAREKET,1,2276,2683,2410,2309,2675,2504
9.0440,9044,Pinch,HAREKET,1,2251,2649,2396,2385,2840,2471
9.0450,9045,Pinch,HAREKET,1,2306,2735,2330,2348,2617,2492
9.0460,9046,Pinch,HAREKET,1,2390,2500,2351,2427,2597,2484
9.0470,9047,Pinch,HAREKET,1,2306,2627,2447,2283,2755,2496
9.0480,9048,Pinch,HAREKET,1,2329,2588,2401,2206,2747,2381
9.0490,9049,Pinch,HAREKET,1,2354,2643,2452,2398,2613,2490
9.0500,9050,Pinch,HAREKET,1,2363,2801,2429,2319,2737,2453
9.0510,9051,Pinch,HAREKET,1,2358,2814,2419,2311,2580,2493
9.0520,9052,Pinch,HAREKET,1,2373,2774,2462,2343,2662,2347
9.0530,9053,Pinch,HAREKET,1,2339,2713,2445,2378,2709,2413
9.0540,9054,Pinch,HAREKET,1,2355,2755,2421,2284,2704,2363
9.0550,9055,Pinch,HAREKET,1,2379,2831,2378,2280,2589,2394
9.0560,9056,Pinch,HAREKET,1,2365,2788,2386,2279,2675,2485
9.0570,9057,Pinch,HAREKET,1,2323,2733,2396,2263,2678,2434
9.0580,9058,Pinch,HAREKET,1,2267,2762,2370,2365,2561,2476
9.0590,9059,Pinch,HAREKET,1,2287,2696,2450,2273,2607,2448
9.0600,9060,Pinch,HAREKET,1,2278,2739,2397,2445,2745,2445
9.0610,9061,Pinch,HAREKET,1,2351,2775,2329,2347,2695,2373
9.0620,9062,Pinch,HAREKET,1,2349,2711,2345,2454,2608,2428
9.0630,9063,Pinch,HAREKET,1,2293,2820,2409,2388,2705,2385
9.0640,9064,Pinch,HAREKET,1,2338,2892,2351,2391,2619,2443
9.0650,9065,Pinch,HAREKET,1,2266,2903,2340,2404,2550,2449
9.0660,9066,Pinch,HAREKET,1,2270,2867,2435,2517,2599,2414
9.0670,9067,Pinch,HAREKET,1,2303,2799,2452,2439,2725,2483
9.0680,9068,Pinch,HAREKET,1,2252,2710,2434,2404,2676,2455
9.0690,9069,Pinch,HAREKET,1,2271,2644,2435,2364,2656,2436
9.0700,9070,Pinch,HAREKET,1,2346,2660,2454,2335,2639,2414
9.0710,9071,Pinch,HAREKET,1,2258,2773,2453,2283,2752,2532
9.0720,9072,Pinch,HAREKET,1,2284,2557,2468,2327,2716,2580
9.0730,9073,Pinch,HAREKET,1,2355,2618,2415,2317,2640,2416
9.0740,9074,Pinch,HAREKET,1,2237,2767,2465,2404,2691,2462
9.0750,9075,Pinch,HAREKET,1,2253,2647,2438,2366,2647,2560
9.0760,9076,Pinch,HAREKET,1,2363,2690,2469,2287,2682,2492
9.0770,9077,Pinch,HAREKET,1,2357,2813,2498,2355,2737,2412
9.0780,9078,Pinch,HAREKET,1,2342,2655,2391,2395,2790,2517
9.0790,9079,Pinch,HAREKET,1,2480,2617,2493,2320,2636,2393
9.0800,9080,Pinch,HAREKET,1,2414,2875,2565,2292,2686,2530
9.0810,9081,Pinch,HAREKET,1,2351,2704,2540,2424,2576,2444
9.0820,9082,Pinch,HAREKET,1,2331,2667,2409,2372,2671,2397
9.0830,9083,Pinch,HAREKET,1,2312,2715,2441,2380,2715,2395
9.0840,9084,Pinch,HAREKET,1,2315,2749,2453,2332,2753,2417
9.0850,9085,Pinch,HAREKET,1,2435,2831,2360,2302,2692,2428
9.0860,9086,Pinch,HAREKET,1,2311,2793,2410,2351,2686,2458
9.0870,9087,Pinch,HAREKET,1,2257,2782,2493,2265,2655,2378
9.0880,9088,Pinch,HAREKET,1,2200,2785,2468,2223,2621,2488
9.0890,9089,Pinch,HAREKET,1,2355,2721,2419,2381,2607,2474
9.0900,9090,Pinch,HAREKET,1,2197,2741,2354,2307,2626,2427
9.0910,9091,Pinch,HAREKET,1,2271,2779,2416,2484,2703,2403
9.0920,9092,Pinch,HAREKET,1,2332,2572,2342,2460,2520,2420
9.0930,9093,Pinch,HAREKET,1,2358,2747,2416,2437,2550,2385
9.0940,9094,Pinch,HAREKET,1,2304,2891,2363,2471,2524,2478
9.0950,9095,Pinch,HAREKET,1,2320,2703,2455,2395,2563,2412
9.0960,9096,Pinch,HAREKET,1,2376,2717,2420,2392,2606,2491
9.0970,9097,Pinch,HAREKET,1,2409,2734,2451,2360,2552,2425
9.0980,9098,Pinch,HAREKET,1,2300,2767,2444,2375,2611,2419
9.0990,9099,Pinch,HAREKET,1,2253,2711,2450,2343,2754,2555
9.1000,9100,Pinch,HAREKET,1,2237,2717,2425,2320,2669,2461
9.1010,9101,Pinch,HAREKET,1,2339,2617,2475,2316,2582,2518
9.1020,9102,Pinch,HAREKET,1,2314,2686,2474,2308,2724,2423
9.1030,9103,Pinch,HAREKET,1,2365,2732,2528,2386,2772,2478
9.1040,9104,Pinch,HAREKET,1,2286,2611,2493,2342,2640,2502
9.1050,9105,Pinch,HAREKET,1,2309,2642,2416,2403,2678,2548
9.1060,9106,Pinch,HAREKET,1,2405,2643,2403,2322,2738,2468
9.1070,9107,Pinch,HAREKET,1,2341,2592,2469,2330,2762,2406
9.1080,9108,Pinch,HAREKET,1,2332,2735,2481,2317,2669,2435
9.1090,9109,Pinch,HAREKET,1,2358,2765,2483,2411,2772,2444
9.1100,9110,Pinch,HAREKET,1,2413,2759,2566,2358,2598,2476
9.1110,9111,Pinch,HAREKET,1,2358,2677,2375,2290,2595,2443
9.1120,9112,Pinch,HAREKET,1,2414,2819,2421,2347,2672,2459
9.1130,9113,Pinch,HAREKET,1,2316,2894,2355,2325,2636,2335
9.1140,9114,Pinch,HAREKET,1,2255,2772,2476,2362,2557,2384
9.1150,9115,Pinch,HAREKET,1,2300,2812,2377,2279,2767,2391
9.1160,9116,Pinch,HAREKET,1,2316,2641,2414,2261,2707,2429
9.1170,9117,Pinch,HAREKET,1,2342,2871,2465,2335,2554,2440
9.1180,9118,Pinch,HAREKET,1,2407,2767,2398,2278,2707,2380
9.1190,9119,Pinch,HAREKET,1,2318,2705,2478,2340,2610,2347
9.1200,9120,Pinch,HAREKET,1,2256,2669,2372,2365,2683,2369
9.1210,9121,Pinch,HAREKET,1,2323,2716,2333,2336,2671,2469
9.1220,9122,Pinch,HAREKET,1,2305,2780,2426,2349,2724,2372
9.1230,9123,Pinch,HAREKET,1,2343,2845,2421,2346,2504,2470
9.1240,9124,Pinch,HAREKET,1,2309,2847,2394,2413,2567,2372
9.1250,9125,Pinch,HAREKET,1,2285,2780,2436,2296,2609,2411
9.1260,9126,Pinch,HAREKET,1,2271,2650,2438,2374,2801,2405
9.1270,9127,Pinch,HAREKET,1,2419,2748,2533,2430,2629,2534
9.1280,9128,Pinch,HAREKET,1,2320,2675,2446,2422,2644,2461
9.1290,9129,Pinch,HAREKET,1,2323,2610,2486,2334,2593,2476
9.1300,9130,Pinch,HAREKET,1,2293,2795,2552,2275,2784,2571
9.1310,9131,Pinch,HAREKET,1,2291,2562,2438,2422,2638,2475
9.1320,9132,Pinch,HAREKET,1,2341,2687,2445,2370,2630,2520
9.1330,9133,Pinch,HAREKET,1,2287,2596,2457,2408,2601,2458
9.1340,9134,Pinch,HAREKET,1,2293,2803,2423,2316,2830,2508
9.1350,9135,Pinch,HAREKET,1,2426,2653,2359,2305,2675,2508
9.1360,9136,Pinch,HAREKET,1,2397,2627,2385,2378,2697,2469
9.1370,9137,Pinch,HAREKET,1,2378,2775,2502,2422,2770,2391
9.1380,9138,Pinch,HAREKET,1,2357,2736,2462,2368,2695,2394
9.1390,9139,Pinch,HAREKET,1,2346,2732,2511,2355,2702,2425
9.1400,9140,Pinch,HAREKET,1,2369,2729,2483,2360,2715,2393
9.1410,9141,Pinch,HAREKET,1,2390,2727,2444,2348,2717,2390
9.1420,9142,Pinch,HAREKET,1,2387,2634,2575,2329,2608,2400
9.1430,9143,Pinch,HAREKET,1,2407,2741,2422,2371,2711,2394
9.1440,9144,Pinch,HAREKET,1,2461,2794,2441,2303,2689,2411
9.1450,9145,Pinch,HAREKET,1,2353,2713,2436,2290,2671,2454
9.1460,9146,Pinch,HAREKET,1,2292,2661,2428,2401,2672,2446
9.1470,9147,Pinch,HAREKET,1,2325,2775,2432,2354,2754,2339
9.1480,9148,Pinch,HAREKET,1,2321,2753,2418,2369,2581,2371
9.1490,9149,Pinch,HAREKET,1,2326,2724,2386,2295,2859,2407
9.1500,9150,Pinch,HAREKET,1,2241,2756,2348,2350,2725,2382
9.1510,9151,Pinch,HAREKET,1,2347,2878,2362,2419,2635,2399
9.1520,9152,Pinch,HAREKET,1,2301,2690,2357,2337,2629,2498
9.1530,9153,Pinch,HAREKET,1,2354,2739,2398,2330,2455,2528
9.1540,9154,Pinch,HAREKET,1,2282,2822,2380,2362,2583,2367
9.1550,9155,Pinch,HAREKET,1,2310,2813,2521,2411,2686,2416
9.1560,9156,Pinch,HAREKET,1,2333,2717,2420,2438,2618,2413
9.1570,9157,Pinch,HAREKET,1,2299,2646,2482,2377,2617,2446
9.1580,9158,Pinch,HAREKET,1,2314,2808,2406,2331,2740,2471
9.1590,9159,Pinch,HAREKET,1,2284,2677,2398,2388,2625,2444
9.1600,9160,Pinch,HAREKET,1,2304,2604,2469,2322,2600,2459
9.1610,9161,Pinch,HAREKET,1,2348,2818,2446,2266,2726,2404
9.1620,9162,Pinch,HAREKET,1,2364,2678,2402,2391,2764,2464
9.1630,9163,Pinch,HAREKET,1,2354,2637,2486,2259,2751,2520
9.1640,9164,Pinch,HAREKET,1,2354,2606,2377,2372,2619,2575
9.1650,9165,Pinch,HAREKET,1,2349,2571,2414,2309,2706,2470
9.1660,9166,Pinch,HAREKET,1,2441,2722,2439,2338,2696,2413
9.1670,9167,Pinch,HAREKET,1,2347,2648,2471,2386,2753,2394
9.1680,9168,Pinch,HAREKET,1,2418,2733,2511,2341,2588,2450
9.1690,9169,Pinch,HAREKET,1,2373,2754,2418,2405,2620,2446
9.1700,9170,Pinch,HAREKET,1,2330,2785,2365,2365,2687,2416
9.1710,9171,Pinch,HAREKET,1,2444,2747,2374,2301,2583,2460
9.1720,9172,Pinch,HAREKET,1,2317,2840,2522,2308,2664,2462
9.1730,9173,Pinch,HAREKET,1,2386,2779,2425,2312,2805,2370
9.1740,9174,Pinch,HAREKET,1,2353,2820,2473,2342,2812,2450
9.1750,9175,Pinch,HAREKET,1,2288,2715,2346,2362,2636,2357
9.1760,9176,Pinch,HAREKET,1,2350,2715,2464,2284,2647,2474
9.1770,9177,Pinch,HAREKET,1,2291,2622,2360,2379,2723,2473
9.1780,9178,Pinch,HAREKET,1,2241,2714,2360,2387,2731,2310
9.1790,9179,Pinch,HAREKET,1,2224,2789,2424,2430,2545,2394
9.1800,9180,Pinch,HAREKET,1,2355,2704,2417,2357,2627,2441
9.1810,9181,Pinch,HAREKET,1,2360,2740,2396,2387,2595,2451
9.1820,9182,Pinch,HAREKET,1,2298,2821,2439,2429,2629,2402
9.1830,9183,Pinch,HAREKET,1,2413,2854,2366,2467,2655,2467
9.1840,9184,Pinch,HAREKET,1,2285,2599,2440,2379,2524,2436
9.1850,9185,Pinch,HAREKET,1,2227,2761,2481,2370,2511,2414
9.1860,9186,Pinch,HAREKET,1,2298,2725,2445,2443,2658,2542
9.1870,9187,Pinch,HAREKET,1,2381,2653,2460,2332,2686,2414
9.1880,9188,Pinch,HAREKET,1,2313,2709,2497,2384,2642,2430
9.1890,9189,Pinch,HAREKET,1,2375,2718,2481,2478,2674,2455
9.1900,9190,Pinch,HAREKET,1,2328,2666,2441,2344,2733,2520
9.1910,9191,Pinch,HAREKET,1,2225,2628,2432,2329,2678,2443
9.1920,9192,Pinch,HAREKET,1,2312,2673,2345,2327,2696,2423
9.1930,9193,Pinch,HAREKET,1,2386,2796,2445,2352,2653,2443
9.1940,9194,Pinch,HAREKET,1,2357,2572,2404,2375,2842,2458
9.1950,9195,Pinch,HAREKET,1,2424,2659,2465,2399,2765,2400
9.1960,9196,Pinch,HAREKET,1,2327,2694,2447,2330,2579,2420
9.1970,9197,Pinch,HAREKET,1,2404,2661,2511,2300,2762,2453
9.1980,9198,Pinch,HAREKET,1,2438,2747,2370,2322,2708,2314
9.1990,9199,Pinch,HAREKET,1,2406,2757,2473,2320,2735,2364
9.2000,9200,Pinch,HAREKET,1,2390,2763,2444,2371,2701,2456
9.2010,9201,Pinch,HAREKET,1,2351,2678,2397,2330,2811,2341
9.2020,9202,Pinch,HAREKET,1,2391,2753,2436,2262,2652,2435
9.2030,9203,Pinch,HAREKET,1,2425,2727,2535,2345,2739,2455
9.2040,9204,Pinch,HAREKET,1,2371,2769,2429,2368,2750,2473
9.2050,9205,Pinch,HAREKET,1,2333,2631,2292,2278,2757,2441
9.2060,9206,Pinch,HAREKET,1,2325,2747,2386,2389,2757,2488
9.2070,9207,Pinch,HAREKET,1,2358,2724,2455,2265,2657,2461
9.2080,9208,Pinch,HAREKET,1,2365,2690,2434,2344,2698,2487
9.2090,9209,Pinch,HAREKET,1,2259,2742,2377,2392,2756,2410
9.2100,9210,Pinch,HAREKET,1,2379,2679,2400,2415,2691,2365
9.2110,9211,Pinch,HAREKET,1,2362,2766,2421,2380,2683,2338
9.2120,9212,Pinch,HAREKET,1,2277,2719,2409,2458,2665,2432
9.2130,9213,Pinch,HAREKET,1,2359,2794,2300,2442,2582,2407
9.2140,9214,Pinch,HAREKET,1,2421,2768,2440,2369,2599,2343
9.2150,9215,Pinch,HAREKET,1,2340,2856,2434,2426,2581,2452
9.2160,9216,Pinch,HAREKET,1,2270,2781,2467,2375,2791,2442
9.2170,9217,Pinch,HAREKET,1,2419,2688,2398,2309,2624,2468
9.2180,9218,Pinch,HAREKET,1,2388,2776,2369,2372,2759,2450
9.2190,9219,Pinch,HAREKET,1,2313,2650,2488,2400,2768,2530
9.2200,9220,Pinch,HAREKET,1,2308,2700,2319,2405,2714,2527
9.2210,9221,Pinch,HAREKET,1,2329,2616,2366,2354,2706,2432
9.2220,9222,Pinch,HAREKET,1,2423,2649,2419,2428,2866,2433
9.2230,9223,Pinch,HAREKET,1,2359,2554,2445,2265,2689,2407
9.2240,9224,Pinch,HAREKET,1,2393,2602,2417,2370,2592,2451
9.2250,9225,Pinch,HAREKET,1,2431,2649,2445,2363,2812,2472
9.2260,9226,Pinch,HAREKET,1,2367,2724,2397,2345,2795,2384
9.2270,9227,Pinch,HAREKET,1,2467,2673,2500,2286,2692,2446
9.2280,9228,Pinch,HAREKET,1,2358,2597,2444,2402,2535,2434
9.2290,9229,Pinch,HAREKET,1,2415,2881,2557,2336,2759,2427
9.2300,9230,Pinch,HAREKET,1,2362,2792,2484,2370,2704,2353
9.2310,9231,Pinch,HAREKET,1,2437,2737,2552,2380,2636,2328
9.2320,9232,Pinch,HAREKET,1,2438,2807,2494,2379,2774,2417
9.2330,9233,Pinch,HAREKET,1,2372,2743,2510,2306,2805,2382
9.2340,9234,Pinch,HAREKET,1,2396,2757,2434,2300,2704,2396
9.2350,9235,Pinch,HAREKET,1,2354,2766,2361,2302,2812,2385
9.2360,9236,Pinch,HAREKET,1,2386,2647,2323,2400,2696,2471
9.2370,9237,Pinch,HAREKET,1,2280,2818,2448,2386,2696,2447
9.2380,9238,Pinch,HAREKET,1,2373,2740,2425,2271,2743,2396
9.2390,9239,Pinch,HAREKET,1,2348,2666,2308,2373,2610,2374
9.2400,9240,Pinch,HAREKET,1,2388,2864,2334,2428,2678,2479
9.2410,9241,Pinch,HAREKET,1,2319,2649,2500,2379,2714,2370
9.2420,9242,Pinch,HAREKET,1,2364,2765,2425,2394,2706,2409
9.2430,9243,Pinch,HAREKET,1,2262,2742,2363,2391,2624,2349
9.2440,9244,Pinch,HAREKET,1,2363,2756,2400,2537,2596,2464
9.2450,9245,Pinch,HAREKET,1,2344,2746,2486,2399,2645,2494
9.2460,9246,Pinch,HAREKET,1,2409,2841,2530,2502,2593,2502
9.2470,9247,Pinch,HAREKET,1,2206,2637,2448,2405,2691,2377
9.2480,9248,Pinch,HAREKET,1,2297,2517,2443,2394,2589,2408
9.2490,9249,Pinch,HAREKET,1,2333,2674,2417,2355,2725,2474
9.2500,9250,Pinch,HAREKET,1,2296,2607,2449,2315,2714,2396
9.2510,9251,Pinch,HAREKET,1,2390,2603,2317,2336,2854,2539
9.2520,9252,Pinch,HAREKET,1,2321,2652,2384,2393,2687,2498
9.2530,9253,Pinch,HAREKET,1,2469,2742,2424,2388,2783,2408
9.2540,9254,Pinch,HAREKET,1,2376,2648,2350,2363,2584,2410
9.2550,9255,Pinch,HAREKET,1,2406,2687,2382,2348,2675,2382
9.2560,9256,Pinch,HAREKET,1,2418,2650,2502,2360,2814,2460
9.2570,9257,Pinch,HAREKET,1,2447,2687,2434,2360,2691,2334
9.2580,9258,Pinch,HAREKET,1,2316,2747,2442,2312,2740,2412
9.2590,9259,Pinch,HAREKET,1,2393,2711,2437,2373,2735,2423
9.2600,9260,Pinch,HAREKET,1,2474,2704,2338,2333,2766,2389
9.2610,9261,Pinch,HAREKET,1,2323,2740,2477,2304,2700,2429
9.2620,9262,Pinch,HAREKET,1,2336,2683,2418,2325,2658,2422
9.2630,9263,Pinch,HAREKET,1,2376,2820,2390,2331,2727,2342
9.2640,9264,Pinch,HAREKET,1,2352,2761,2342,2366,2620,2419
9.2650,9265,Pinch,HAREKET,1,2313,2762,2303,2339,2630,2341
9.2660,9266,Pinch,HAREKET,1,2407,2705,2308,2348,2801,2417
9.2670,9267,Pinch,HAREKET,1,2356,2593,2391,2444,2550,2494
9.2680,9268,Pinch,HAREKET,1,2415,2546,2379,2384,2642,2360
9.2690,9269,Pinch,HAREKET,1,2348,2658,2326,2412,2680,2511
9.2700,9270,Pinch,HAREKET,1,2418,2677,2425,2395,2739,2426
9.2710,9271,Pinch,HAREKET,1,2325,2769,2399,2487,2706,2420
9.2720,9272,Pinch,HAREKET,1,2285,2647,2406,2361,2724,2480
9.2730,9273,Pinch,HAREKET,1,2311,2721,2411,2359,2613,2354
9.2740,9274,Pinch,HAREKET,1,2321,2708,2375,2325,2721,2316
9.2750,9275,Pinch,HAREKET,1,2246,2566,2517,2519,2714,2375
9.2760,9276,Pinch,HAREKET,1,2339,2645,2410,2434,2683,2409
9.2770,9277,Pinch,HAREKET,1,2422,2607,2440,2390,2700,2444
9.2780,9278,Pinch,HAREKET,1,2380,2610,2461,2396,2910,2503
9.2790,9279,Pinch,HAREKET,1,2374,2787,2431,2394,2795,2449
9.2800,9280,Pinch,HAREKET,1,2359,2533,2477,2335,2776,2430
9.2810,9281,Pinch,HAREKET,1,2303,2757,2410,2380,2767,2479
9.2820,9282,Pinch,HAREKET,1,2413,2767,2401,2470,2733,2482
9.2830,9283,Pinch,HAREKET,1,2399,2684,2295,2355,2745,2364
9.2840,9284,Pinch,HAREKET,1,2389,2622,2488,2445,2736,2405
9.2850,9285,Pinch,HAREKET,1,2412,2678,2467,2342,2763,2449
9.2860,9286,Pinch,HAREKET,1,2378,2655,2523,2521,2709,2358
9.2870,9287,Pinch,HAREKET,1,2416,2733,2473,2390,2627,2449
9.2880,9288,Pinch,HAREKET,1,2442,2707,2504,2361,2784,2333
9.2890,9289,Pinch,HAREKET,1,2412,2710,2449,2303,2843,2378
9.2900,9290,Pinch,HAREKET,1,2355,2767,2482,2358,2729,2438
9.2910,9291,Pinch,HAREKET,1,2380,2741,2447,2335,2655,2369
9.2920,9292,Pinch,HAREKET,1,2427,2666,2433,2376,2568,2375
9.2930,9293,Pinch,HAREKET,1,2336,2675,2434,2300,2826,2446
9.2940,9294,Pinch,HAREKET,1,2342,2681,2371,2452,2773,2416
9.2950,9295,Pinch,HAREKET,1,2323,2771,2343,2451,2696,2448
9.2960,9296,Pinch,HAREKET,1,2289,2647,2329,2327,2761,2297
9.2970,9297,Pinch,HAREKET,1,2386,2673,2353,2315,2807,2365
9.2980,9298,Pinch,HAREKET,1,2354,2788,2387,2445,2731,2429
9.2990,9299,Pinch,HAREKET,1,2347,2736,2348,2416,2568,2355
9.3000,9300,Pinch,HAREKET,1,2379,2758,2394,2391,2653,2309
9.3010,9301,Pinch,HAREKET,1,2357,2575,2343,2366,2611,2244
9.3020,9302,Pinch,HAREKET,1,2371,2754,2325,2484,2733,2373
9.3030,9303,Pinch,HAREKET,1,2277,2606,2405,2513,2683,2254
9.3040,9304,Pinch,HAREKET,1,2406,2746,2390,2330,2685,2447
9.3050,9305,Pinch,HAREKET,1,2355,2726,2384,2238,2641,2443
9.3060,9306,Pinch,HAREKET,1,2249,2665,2449,2462,2623,2429
9.3070,9307,Pinch,HAREKET,1,2329,2659,2350,2431,2649,2441
9.3080,9308,Pinch,HAREKET,1,2364,2545,2512,2401,2720,2428
9.3090,9309,Pinch,HAREKET,1,2375,2614,2395,2422,2728,2418
9.3100,9310,Pinch,HAREKET,1,2368,2657,2362,2633,2804,2419
9.3110,9311,Pinch,HAREKET,1,2419,2706,2418,2406,2703,2486
9.3120,9312,Pinch,HAREKET,1,2461,2684,2471,2382,2760,2556
9.3130,9313,Pinch,HAREKET,1,2490,2618,2379,2454,2830,2421
9.3140,9314,Pinch,HAREKET,1,2419,2670,2442,2357,2897,2447
9.3150,9315,Pinch,HAREKET,1,2468,2716,2480,2363,2767,2447
9.3160,9316,Pinch,HAREKET,1,2432,2762,2414,2438,2695,2337
9.3170,9317,Pinch,HAREKET,1,2473,2746,2406,2392,2693,2376
9.3180,9318,Pinch,HAREKET,1,2418,2791,2460,2274,2699,2286
9.3190,9319,Pinch,HAREKET,1,2375,2658,2404,2353,2698,2314
9.3200,9320,Pinch,HAREKET,1,2453,2779,2388,2339,2711,2348
9.3210,9321,Pinch,HAREKET,1,2318,2699,2362,2328,2662,2342
9.3220,9322,Pinch,HAREKET,1,2370,2736,2331,2362,2695,2371
9.3230,9323,Pinch,HAREKET,1,2374,2764,2421,2285,2817,2354
9.3240,9324,Pinch,HAREKET,1,2372,2567,2363,2392,2749,2315
9.3250,9325,Pinch,HAREKET,1,2426,2742,2491,2422,2684,2354
9.3260,9326,Pinch,HAREKET,1,2350,2777,2410,2363,2686,2317
9.3270,9327,Pinch,HAREKET,1,2346,2670,2331,2501,2721,2453
9.3280,9328,Pinch,HAREKET,1,2279,2723,2466,2431,2632,2396
9.3290,9329,Pinch,HAREKET,1,2340,2760,2461,2382,2621,2274
9.3300,9330,Pinch,HAREKET,1,2384,2762,2301,2454,2625,2332
9.3310,9331,Pinch,HAREKET,1,2268,2677,2371,2465,2749,2421
9.3320,9332,Pinch,HAREKET,1,2325,2617,2274,2445,2751,2486
9.3330,9333,Pinch,HAREKET,1,2353,2524,2429,2438,2624,2405
9.3340,9334,Pinch,HAREKET,1,2336,2657,2340,2433,2691,2436
9.3350,9335,Pinch,HAREKET,1,2326,2758,2450,2398,2755,2440
9.3360,9336,Pinch,HAREKET,1,2307,2640,2436,2364,2652,2531
9.3370,9337,Pinch,HAREKET,1,2353,2615,2339,2380,2809,2361
9.3380,9338,Pinch,HAREKET,1,2261,2612,2463,2344,2861,2453
9.3390,9339,Pinch,HAREKET,1,2286,2589,2452,2379,2802,2366
9.3400,9340,Pinch,HAREKET,1,2383,2698,2383,2367,2642,2502
9.3410,9341,Pinch,HAREKET,1,2331,2637,2384,2445,2794,2389
9.3420,9342,Pinch,HAREKET,1,2434,2687,2494,2459,2801,2499
9.3430,9343,Pinch,HAREKET,1,2469,2645,2374,2375,2717,2438
9.3440,9344,Pinch,HAREKET,1,2448,2769,2507,2472,2710,2424
9.3450,9345,Pinch,HAREKET,1,2433,2775,2424,2407,2908,2387
9.3460,9346,Pinch,HAREKET,1,2447,2572,2387,2410,2825,2337
9.3470,9347,Pinch,HAREKET,1,2456,2669,2464,2386,2642,2312
9.3480,9348,Pinch,HAREKET,1,2433,2760,2394,2323,2565,2341
9.3490,9349,Pinch,HAREKET,1,2430,2738,2430,2321,2616,2324
9.3500,9350,Pinch,HAREKET,1,2442,2822,2309,2337,2705,2250
9.3510,9351,Pinch,HAREKET,1,2409,2676,2370,2413,2672,2367
9.3520,9352,Pinch,HAREKET,1,2405,2786,2363,2439,2723,2337
9.3530,9353,Pinch,HAREKET,1,2396,2682,2369,2332,2764,2352
9.3540,9354,Pinch,HAREKET,1,2414,2678,2350,2424,2638,2396
9.3550,9355,Pinch,HAREKET,1,2383,2647,2288,2480,2726,2424
9.3560,9356,Pinch,HAREKET,1,2378,2566,2285,2462,2692,2369
9.3570,9357,Pinch,HAREKET,1,2395,2744,2365,2475,2757,2356
9.3580,9358,Pinch,HAREKET,1,2353,2710,2389,2415,2693,2291
9.3590,9359,Pinch,HAREKET,1,2369,2617,2370,2385,2667,2426
9.3600,9360,Pinch,HAREKET,1,2399,2806,2438,2475,2612,2394
9.3610,9361,Pinch,HAREKET,1,2351,2803,2374,2377,2680,2392
9.3620,9362,Pinch,HAREKET,1,2313,2635,2328,2439,2600,2497
9.3630,9363,Pinch,HAREKET,1,2429,2629,2467,2440,2688,2346
9.3640,9364,Pinch,HAREKET,1,2263,2819,2386,2399,2744,2384
9.3650,9365,Pinch,HAREKET,1,2379,2806,2486,2377,2708,2392
9.3660,9366,Pinch,HAREKET,1,2308,2625,2389,2318,2698,2416
9.3670,9367,Pinch,HAREKET,1,2351,2576,2350,2327,2712,2467
9.3680,9368,Pinch,HAREKET,1,2347,2601,2423,2400,2722,2580
9.3690,9369,Pinch,HAREKET,1,2344,2678,2383,2456,2844,2503
9.3700,9370,Pinch,HAREKET,1,2315,2600,2337,2382,2874,2405
9.3710,9371,Pinch,HAREKET,1,2374,2741,2476,2429,2789,2426
9.3720,9372,Pinch,HAREKET,1,2442,2666,2374,2326,2700,2353
9.3730,9373,Pinch,HAREKET,1,2433,2695,2384,2360,2828,2482
9.3740,9374,Pinch,HAREKET,1,2478,2663,2396,2374,2655,2407
9.3750,9375,Pinch,HAREKET,1,2400,2660,2399,2388,2696,2458
9.3760,9376,Pinch,HAREKET,1,2450,2719,2391,2289,2624,2356
9.3770,9377,Pinch,HAREKET,1,2428,2778,2416,2326,2718,2283
9.3780,9378,Pinch,HAREKET,1,2355,2690,2461,2437,2726,2401
9.3790,9379,Pinch,HAREKET,1,2343,2592,2431,2451,2745,2329
9.3800,9380,Pinch,HAREKET,1,2435,2639,2416,2409,2786,2367
9.3810,9381,Pinch,HAREKET,1,2315,2617,2325,2381,2695,2413
9.3820,9382,Pinch,HAREKET,1,2299,2534,2358,2423,2669,2447
9.3830,9383,Pinch,HAREKET,1,2391,2693,2366,2394,2634,2434
9.3840,9384,Pinch,HAREKET,1,2357,2631,2372,2416,2646,2435
9.3850,9385,Pinch,HAREKET,1,2348,2679,2423,2487,2665,2399
9.3860,9386,Pinch,HAREKET,1,2356,2667,2314,2453,2736,2348
9.3870,9387,Pinch,HAREKET,1,2400,2747,2365,2368,2579,2365
9.3880,9388,Pinch,HAREKET,1,2343,2614,2398,2420,2569,2319
9.3890,9389,Pinch,HAREKET,1,2391,2735,2331,2463,2764,2393
9.3900,9390,Pinch,HAREKET,1,2370,2765,2458,2416,2485,2370
9.3910,9391,Pinch,HAREKET,1,2355,2652,2409,2487,2584,2406
9.3920,9392,Pinch,HAREKET,1,2316,2650,2475,2520,2610,2328
9.3930,9393,Pinch,HAREKET,1,2434,2654,2479,2494,2663,2444
9.3940,9394,Pinch,HAREKET,1,2368,2604,2384,2399,2725,2378
9.3950,9395,Pinch,HAREKET,1,2358,2683,2393,2463,2762,2414
9.3960,9396,Pinch,HAREKET,1,2422,2621,2382,2416,2770,2464
9.3970,9397,Pinch,HAREKET,1,2194,2666,2348,2347,2732,2414
9.3980,9398,Pinch,HAREKET,1,2296,2596,2333,2439,2750,2452
9.3990,9399,Pinch,HAREKET,1,2387,2725,2370,2342,2861,2477
9.4000,9400,Pinch,HAREKET,1,2390,2583,2422,2368,2888,2415
9.4010,9401,Pinch,HAREKET,1,2483,2640,2429,2404,2713,2442
9.4020,9402,Pinch,HAREKET,1,2454,2641,2418,2361,2717,2355
9.4030,9403,Pinch,HAREKET,1,2401,2653,2364,2405,2704,2400
9.4040,9404,Pinch,HAREKET,1,2485,2712,2486,2366,2749,2401
9.4050,9405,Pinch,HAREKET,1,2524,2753,2346,2446,2773,2351
9.4060,9406,Pinch,HAREKET,1,2451,2653,2312,2347,2589,2334
9.4070,9407,Pinch,HAREKET,1,2408,2827,2392,2401,2702,2383
9.4080,9408,Pinch,HAREKET,1,2438,2715,2335,2415,2768,2368
9.4090,9409,Pinch,HAREKET,1,2368,2543,2380,2409,2683,2513
9.4100,9410,Pinch,HAREKET,1,2406,2690,2325,2401,2774,2379
9.4110,9411,Pinch,HAREKET,1,2397,2697,2407,2440,2645,2334
9.4120,9412,Pinch,HAREKET,1,2414,2712,2406,2383,2630,2371
9.4130,9413,Pinch,HAREKET,1,2302,2622,2385,2433,2605,2350
9.4140,9414,Pinch,HAREKET,1,2309,2708,2275,2541,2682,2415
9.4150,9415,Pinch,HAREKET,1,2324,2727,2283,2432,2626,2334
9.4160,9416,Pinch,HAREKET,1,2391,2632,2389,2509,2759,2417
9.4170,9417,Pinch,HAREKET,1,2335,2765,2341,2514,2649,2393
9.4180,9418,Pinch,HAREKET,1,2363,2576,2259,2350,2609,2431
9.4190,9419,Pinch,HAREKET,1,2336,2640,2308,2446,2551,2377
9.4200,9420,Pinch,HAREKET,1,2304,2716,2378,2480,2711,2364
9.4210,9421,Pinch,HAREKET,1,2413,2609,2383,2410,2570,2348
9.4220,9422,Pinch,HAREKET,1,2334,2644,2359,2427,2640,2418
9.4230,9423,Pinch,HAREKET,1,2322,2647,2362,2395,2654,2393
9.4240,9424,Pinch,HAREKET,1,2424,2523,2454,2344,2690,2533
9.4250,9425,Pinch,HAREKET,1,2426,2571,2401,2310,2711,2449
9.4260,9426,Pinch,HAREKET,1,2358,2666,2362,2432,2620,2494
9.4270,9427,Pinch,HAREKET,1,2280,2651,2380,2431,2831,2421
9.4280,9428,Pinch,HAREKET,1,2385,2659,2377,2420,2661,2435
9.4290,9429,Pinch,HAREKET,1,2360,2504,2470,2347,2855,2437
9.4300,9430,Pinch,HAREKET,1,2361,2578,2355,2462,2685,2474
9.4310,9431,Pinch,HAREKET,1,2379,2673,2437,2439,2790,2484
9.4320,9432,Pinch,HAREKET,1,2350,2670,2414,2304,2733,2417
9.4330,9433,Pinch,HAREKET,1,2416,2748,2301,2385,2719,2332
9.4340,9434,Pinch,HAREKET,1,2467,2769,2447,2545,2559,2445
9.4350,9435,Pinch,HAREKET,1,2439,2664,2457,2420,2721,2302
9.4360,9436,Pinch,HAREKET,1,2390,2766,2475,2359,2631,2416
9.4370,9437,Pinch,HAREKET,1,2404,2650,2475,2400,2713,2465
9.4380,9438,Pinch,HAREKET,1,2376,2675,2350,2378,2596,2324
9.4390,9439,Pinch,HAREKET,1,2428,2663,2284,2408,2763,2304
9.4400,9440,Pinch,HAREKET,1,2345,2677,2322,2376,2694,2348
9.4410,9441,Pinch,HAREKET,1,2419,2628,2297,2424,2716,2356
9.4420,9442,Pinch,HAREKET,1,2308,2798,2336,2496,2660,2377
9.4430,9443,Pinch,HAREKET,1,2361,2713,2327,2471,2646,2352
9.4440,9444,Pinch,HAREKET,1,2382,2744,2331,2439,2684,2413
9.4450,9445,Pinch,HAREKET,1,2314,2727,2355,2443,2792,2318
9.4460,9446,Pinch,HAREKET,1,2386,2798,2329,2459,2752,2422
9.4470,9447,Pinch,HAREKET,1,2299,2721,2398,2485,2873,2439
9.4480,9448,Pinch,HAREKET,1,2338,2632,2317,2519,2573,2383
9.4490,9449,Pinch,HAREKET,1,2295,2597,2446,2475,2644,2348
9.4500,9450,Pinch,HAREKET,1,2319,2837,2410,2436,2649,2425
9.4510,9451,Pinch,HAREKET,1,2258,2698,2425,2312,2596,2478
9.4520,9452,Pinch,HAREKET,1,2345,2636,2366,2451,2563,2356
9.4530,9453,Pinch,HAREKET,1,2305,2702,2310,2379,2570,2381
9.4540,9454,Pinch,HAREKET,1,2301,2570,2293,2325,2616,2442
9.4550,9455,Pinch,HAREKET,1,2333,2671,2389,2368,2487,2424
9.4560,9456,Pinch,HAREKET,1,2390,2517,2463,2379,2627,2500
9.4570,9457,Pinch,HAREKET,1,2389,2587,2337,2369,2749,2446
9.4580,9458,Pinch,HAREKET,1,2380,2707,2278,2487,2728,2401
9.4590,9459,Pinch,HAREKET,1,2394,2495,2434,2317,2672,2373
9.4600,9460,Pinch,HAREKET,1,2393,2800,2429,2384,2766,2416
9.4610,9461,Pinch,HAREKET,1,2395,2650,2362,2398,2696,2388
9.4620,9462,Pinch,HAREKET,1,2398,2736,2511,2453,2846,2295
9.4630,9463,Pinch,HAREKET,1,2445,2826,2354,2464,2789,2410
9.4640,9464,Pinch,HAREKET,1,2487,2780,2425,2395,2752,2439
9.4650,9465,Pinch,HAREKET,1,2385,2626,2361,2427,2622,2349
9.4660,9466,Pinch,HAREKET,1,2395,2584,2282,2297,2700,2414
9.4670,9467,Pinch,HAREKET,1,2289,2718,2352,2313,2767,2340
9.4680,9468,Pinch,HAREKET,1,2294,2634,2369,2335,2641,2366
9.4690,9469,Pinch,HAREKET,1,2340,2670,2341,2398,2764,2324
9.4700,9470,Pinch,HAREKET,1,2440,2735,2386,2347,2731,2327
9.4710,9471,Pinch,HAREKET,1,2358,2625,2351,2383,2721,2361
9.4720,9472,Pinch,HAREKET,1,2291,2704,2288,2467,2784,2458
9.4730,9473,Pinch,HAREKET,1,2353,2640,2264,2508,2707,2310
9.4740,9474,Pinch,HAREKET,1,2350,2664,2158,2346,2571,2323
9.4750,9475,Pinch,HAREKET,1,2334,2720,2296,2419,2632,2378
9.4760,9476,Pinch,HAREKET,1,2338,2724,2361,2396,2655,2373
9.4770,9477,Pinch,HAREKET,1,2421,2702,2364,2353,2700,2409
9.4780,9478,Pinch,HAREKET,1,2357,2634,2396,2411,2575,2355
9.4790,9479,Pinch,HAREKET,1,2367,2540,2333,2380,2717,2443
9.4800,9480,Pinch,HAREKET,1,2348,2607,2321,2434,2505,2360
9.4810,9481,Pinch,HAREKET,1,2314,2674,2372,2424,2794,2366
9.4820,9482,Pinch,HAREKET,1,2330,2632,2351,2346,2602,2457
9.4830,9483,Pinch,HAREKET,1,2337,2763,2444,2477,2742,2395
9.4840,9484,Pinch,HAREKET,1,2297,2562,2403,2331,2700,2432
9.4850,9485,Pinch,HAREKET,1,2346,2549,2454,2457,2702,2418
9.4860,9486,Pinch,HAREKET,1,2351,2589,2354,2434,2742,2453
9.4870,9487,Pinch,HAREKET,1,2348,2579,2422,2449,2738,2432
9.4880,9488,Pinch,HAREKET,1,2482,2766,2343,2395,2654,2494
9.4890,9489,Pinch,HAREKET,1,2376,2508,2424,2308,2660,2381
9.4900,9490,Pinch,HAREKET,1,2426,2648,2393,2360,2694,2486
9.4910,9491,Pinch,HAREKET,1,2421,2693,2431,2410,2750,2405
9.4920,9492,Pinch,HAREKET,1,2409,2706,2421,2400,2712,2459
9.4930,9493,Pinch,HAREKET,1,2426,2675,2386,2300,2634,2378
9.4940,9494,Pinch,HAREKET,1,2391,2715,2354,2453,2615,2374
9.4950,9495,Pinch,HAREKET,1,2405,2836,2429,2388,2681,2435
9.4960,9496,Pinch,HAREKET,1,2369,2775,2303,2412,2657,2382
9.4970,9497,Pinch,HAREKET,1,2428,2661,2363,2333,2644,2330
9.4980,9498,Pinch,HAREKET,1,2352,2705,2378,2355,2697,2419
9.4990,9499,Pinch,HAREKET,1,2327,2652,2315,2453,2715,2431
9.5000,9500,Pinch,HAREKET,1,2282,2644,2376,2296,2649,2337
9.5010,9501,Pinch,HAREKET,1,2394,2598,2413,2366,2658,2416
9.5020,9502,Pinch,HAREKET,1,2410,2726,2289,2417,2726,2440
9.5030,9503,Pinch,HAREKET,1,2339,2643,2257,2385,2523,2465
9.5040,9504,Pinch,HAREKET,1,2357,2682,2295,2471,2616,2338
9.5050,9505,Pinch,HAREKET,1,2299,2662,2347,2483,2705,2339
9.5060,9506,Pinch,HAREKET,1,2378,2627,2261,2491,2599,2470
9.5070,9507,Pinch,HAREKET,1,2369,2612,2308,2476,2649,2341
9.5080,9508,Pinch,HAREKET,1,2354,2658,2349,2342,2635,2417
9.5090,9509,Pinch,HAREKET,1,2397,2711,2336,2421,2691,2328
9.5100,9510,Pinch,HAREKET,1,2291,2675,2332,2474,2730,2437
9.5110,9511,Pinch,HAREKET,1,2292,2705,2414,2460,2611,2482
9.5120,9512,Pinch,HAREKET,1,2400,2821,2386,2383,2627,2404
9.5130,9513,Pinch,HAREKET,1,2305,2639,2380,2398,2503,2394
9.5140,9514,Pinch,HAREKET,1,2279,2580,2374,2375,2714,2441
9.5150,9515,Pinch,HAREKET,1,2356,2763,2382,2422,2696,2477
9.5160,9516,Pinch,HAREKET,1,2258,2690,2364,2373,2749,2508
9.5170,9517,Pinch,HAREKET,1,2298,2696,2394,2463,2803,2375
9.5180,9518,Pinch,HAREKET,1,2440,2646,2345,2493,2787,2495
9.5190,9519,Pinch,HAREKET,1,2413,2633,2353,2380,2822,2375
9.5200,9520,Pinch,HAREKET,1,2475,2726,2377,2352,2710,2458
9.5210,9521,Pinch,HAREKET,1,2404,2669,2458,2395,2735,2414
9.5220,9522,Pinch,HAREKET,1,2445,2684,2381,2414,2577,2394
9.5230,9523,Pinch,HAREKET,1,2465,2652,2407,2440,2544,2407
9.5240,9524,Pinch,HAREKET,1,2486,2667,2411,2388,2585,2385
9.5250,9525,Pinch,HAREKET,1,2435,2614,2445,2498,2690,2313
9.5260,9526,Pinch,HAREKET,1,2305,2599,2436,2349,2631,2340
9.5270,9527,Pinch,HAREKET,1,2420,2667,2375,2406,2676,2364
9.5280,9528,Pinch,HAREKET,1,2402,2735,2410,2407,2728,2388
9.5290,9529,Pinch,HAREKET,1,2317,2692,2343,2404,2580,2424
9.5300,9530,Pinch,HAREKET,1,2405,2621,2323,2382,2745,2436
9.5310,9531,Pinch,HAREKET,1,2349,2701,2282,2370,2541,2429
9.5320,9532,Pinch,HAREKET,1,2308,2762,2319,2399,2647,2435
9.5330,9533,Pinch,HAREKET,1,2334,2724,2361,2395,2607,2535
9.5340,9534,Pinch,HAREKET,1,2362,2682,2344,2484,2690,2376
9.5350,9535,Pinch,HAREKET,1,2320,2627,2332,2388,2613,2401
9.5360,9536,Pinch,HAREKET,1,2415,2722,2363,2377,2580,2404
9.5370,9537,Pinch,HAREKET,1,2316,2835,2346,2454,2654,2362
9.5380,9538,Pinch,HAREKET,1,2345,2778,2335,2352,2675,2363
9.5390,9539,Pinch,HAREKET,1,2366,2666,2400,2383,2568,2455
9.5400,9540,Pinch,HAREKET,1,2341,2707,2439,2302,2671,2412
9.5410,9541,Pinch,HAREKET,1,2377,2696,2358,2410,2590,2566
9.5420,9542,Pinch,HAREKET,1,2347,2692,2407,2389,2663,2490
9.5430,9543,Pinch,HAREKET,1,2286,2624,2397,2334,2700,2542
9.5440,9544,Pinch,HAREKET,1,2364,2610,2380,2391,2741,2412
9.5450,9545,Pinch,HAREKET,1,2384,2639,2429,2369,2588,2595
9.5460,9546,Pinch,HAREKET,1,2361,2659,2359,2367,2676,2496
9.5470,9547,Pinch,HAREKET,1,2401,2589,2417,2421,2797,2461
9.5480,9548,Pinch,HAREKET,1,2335,2613,2326,2395,2730,2383
9.5490,9549,Pinch,HAREKET,1,2358,2600,2396,2505,2777,2402
9.5500,9550,Pinch,HAREKET,1,2469,2706,2335,2392,2747,2452
9.5510,9551,Pinch,HAREKET,1,2386,2788,2434,2385,2764,2442
9.5520,9552,Pinch,HAREKET,1,2405,2789,2540,2288,2784,2346
9.5530,9553,Pinch,HAREKET,1,2402,2681,2449,2427,2634,2380
9.5540,9554,Pinch,HAREKET,1,2323,2687,2413,2345,2589,2372
9.5550,9555,Pinch,HAREKET,1,2411,2779,2330,2274,2611,2469
9.5560,9556,Pinch,HAREKET,1,2319,2720,2359,2333,2714,2355
9.5570,9557,Pinch,HAREKET,1,2312,2781,2369,2420,2660,2423
9.5580,9558,Pinch,HAREKET,1,2323,2777,2349,2391,2697,2425
9.5590,9559,Pinch,HAREKET,1,2264,2684,2372,2404,2561,2442
9.5600,9560,Pinch,HAREKET,1,2336,2712,2354,2464,2622,2416
9.5610,9561,Pinch,HAREKET,1,2319,2782,2283,2315,2646,2444
9.5620,9562,Pinch,HAREKET,1,2326,2787,2366,2487,2682,2382
9.5630,9563,Pinch,HAREKET,1,2342,2653,2291,2434,2718,2399
9.5640,9564,Pinch,HAREKET,1,2279,2718,2263,2437,2639,2418
9.5650,9565,Pinch,HAREKET,1,2365,2759,2380,2468,2489,2338
9.5660,9566,Pinch,HAREKET,1,2356,2799,2417,2391,2615,2444
9.5670,9567,Pinch,HAREKET,1,2442,2690,2355,2444,2620,2424
9.5680,9568,Pinch,HAREKET,1,2397,2693,2358,2313,2585,2448
9.5690,9569,Pinch,HAREKET,1,2295,2718,2338,2426,2657,2439
9.5700,9570,Pinch,HAREKET,1,2319,2719,2399,2387,2676,2397
9.5710,9571,Pinch,HAREKET,1,2400,2793,2327,2459,2768,2417
9.5720,9572,Pinch,HAREKET,1,2358,2574,2380,2388,2693,2493
9.5730,9573,Pinch,HAREKET,1,2281,2578,2270,2366,2651,2418
9.5740,9574,Pinch,HAREKET,1,2312,2627,2426,2383,2781,2524
9.5750,9575,Pinch,HAREKET,1,2321,2693,2446,2428,2717,2456
9.5760,9576,Pinch,HAREKET,1,2378,2829,2350,2367,2669,2380
9.5770,9577,Pinch,HAREKET,1,2375,2721,2337,2395,2692,2409
9.5780,9578,Pinch,HAREKET,1,2375,2710,2453,2465,2749,2426
9.5790,9579,Pinch,HAREKET,1,2396,2657,2377,2382,2816,2479
9.5800,9580,Pinch,HAREKET,1,2423,2644,2320,2347,2613,2524
9.5810,9581,Pinch,HAREKET,1,2416,2766,2481,2272,2548,2363
9.5820,9582,Pinch,HAREKET,1,2393,2817,2358,2401,2616,2444
9.5830,9583,Pinch,HAREKET,1,2404,2676,2368,2396,2641,2387
9.5840,9584,Pinch,HAREKET,1,2319,2714,2380,2395,2601,2452
9.5850,9585,Pinch,HAREKET,1,2281,2823,2424,2325,2745,2455
9.5860,9586,Pinch,HAREKET,1,2346,2854,2412,2293,2692,2492
9.5870,9587,Pinch,HAREKET,1,2277,2623,2388,2288,2702,2453
9.5880,9588,Pinch,HAREKET,1,2401,2670,2269,2388,2675,2390
9.5890,9589,Pinch,HAREKET,1,2300,2682,2275,2316,2746,2417
9.5900,9590,Pinch,HAREKET,1,2335,2736,2364,2403,2645,2444
9.5910,9591,Pinch,HAREKET,1,2324,2669,2368,2431,2595,2452
9.5920,9592,Pinch,HAREKET,1,2360,2826,2315,2449,2631,2383
9.5930,9593,Pinch,HAREKET,1,2364,2754,2389,2432,2546,2431
9.5940,9594,Pinch,HAREKET,1,2344,2848,2422,2460,2540,2407
9.5950,9595,Pinch,HAREKET,1,2288,2777,2363,2467,2549,2407
9.5960,9596,Pinch,HAREKET,1,2214,2721,2357,2352,2516,2375
9.5970,9597,Pinch,HAREKET,1,2319,2740,2392,2378,2369,2422
9.5980,9598,Pinch,HAREKET,1,2352,2890,2340,2398,2710,2502
9.5990,9599,Pinch,HAREKET,1,2323,2683,2345,2381,2572,2431
9.6000,9600,Pinch,HAREKET,1,2240,2703,2382,2399,2597,2467
9.6010,9601,Pinch,HAREKET,1,2326,2659,2406,2416,2623,2541
9.6020,9602,Pinch,HAREKET,1,2326,2708,2396,2394,2668,2464
9.6030,9603,Pinch,HAREKET,1,2293,2577,2386,2355,2709,2563
9.6040,9604,Pinch,HAREKET,1,2369,2698,2355,2418,2572,2466
9.6050,9605,Pinch,HAREKET,1,2306,2578,2299,2305,2779,2588
9.6060,9606,Pinch,HAREKET,1,2385,2698,2392,2353,2758,2535
9.6070,9607,Pinch,HAREKET,1,2327,2674,2386,2390,2772,2480
9.6080,9608,Pinch,HAREKET,1,2393,2593,2358,2326,2704,2442
9.6090,9609,Pinch,HAREKET,1,2389,2769,2381,2372,2655,2456
9.6100,9610,Pinch,HAREKET,1,2336,2781,2478,2339,2548,2397
9.6110,9611,Pinch,HAREKET,1,2352,2810,2390,2425,2761,2403
9.6120,9612,Pinch,HAREKET,1,2342,2734,2443,2346,2726,2481
9.6130,9613,Pinch,HAREKET,1,2346,2705,2393,2358,2707,2413
9.6140,9614,Pinch,HAREKET,1,2317,2761,2369,2369,2680,2487
9.6150,9615,Pinch,HAREKET,1,2355,2680,2439,2316,2739,2408
9.6160,9616,Pinch,HAREKET,1,2319,2719,2266,2271,2697,2529
9.6170,9617,Pinch,HAREKET,1,2229,2794,2298,2379,2608,2421
9.6180,9618,Pinch,HAREKET,1,2352,2810,2318,2418,2676,2479
9.6190,9619,Pinch,HAREKET,1,2365,2825,2330,2317,2649,2384
9.6200,9620,Pinch,HAREKET,1,2213,2698,2335,2387,2603,2460
9.6210,9621,Pinch,HAREKET,1,2267,2761,2266,2411,2633,2392
9.6220,9622,Pinch,HAREKET,1,2318,2718,2369,2441,2626,2427
9.6230,9623,Pinch,HAREKET,1,2331,2693,2259,2404,2656,2439
9.6240,9624,Pinch,HAREKET,1,2318,2696,2379,2440,2590,2373
9.6250,9625,Pinch,HAREKET,1,2315,2728,2415,2378,2583,2382
9.6260,9626,Pinch,HAREKET,1,2407,2636,2440,2395,2726,2399
9.6270,9627,Pinch,HAREKET,1,2331,2838,2457,2382,2593,2485
9.6280,9628,Pinch,HAREKET,1,2276,2708,2494,2459,2676,2482
9.6290,9629,Pinch,HAREKET,1,2327,2740,2374,2412,2638,2494
9.6300,9630,Pinch,HAREKET,1,2281,2595,2409,2302,2617,2457
9.6310,9631,Pinch,HAREKET,1,2307,2722,2394,2356,2684,2456
9.6320,9632,Pinch,HAREKET,1,2335,2504,2493,2383,2658,2448
9.6330,9633,Pinch,HAREKET,1,2374,2618,2359,2474,2672,2514
9.6340,9634,Pinch,HAREKET,1,2279,2594,2316,2314,2617,2453
9.6350,9635,Pinch,HAREKET,1,2206,2681,2411,2435,2708,2498
9.6360,9636,Pinch,HAREKET,1,2311,2794,2464,2293,2689,2484
9.6370,9637,Pinch,HAREKET,1,2344,2597,2453,2366,2706,2437
9.6380,9638,Pinch,HAREKET,1,2327,2686,2361,2364,2680,2517
9.6390,9639,Pinch,HAREKET,1,2362,2709,2436,2291,2551,2527
9.6400,9640,Pinch,HAREKET,1,2361,2806,2478,2329,2599,2372
9.6410,9641,Pinch,HAREKET,1,2444,2749,2445,2403,2569,2365
9.6420,9642,Pinch,HAREKET,1,2320,2863,2363,2316,2739,2434
9.6430,9643,Pinch,HAREKET,1,2335,2775,2471,2297,2608,2435
9.6440,9644,Pinch,HAREKET,1,2375,2706,2400,2331,2813,2470
9.6450,9645,Pinch,HAREKET,1,2450,2750,2333,2363,2669,2415
9.6460,9646,Pinch,HAREKET,1,2233,2693,2418,2405,2615,2440
9.6470,9647,Pinch,HAREKET,1,2271,2701,2358,2378,2685,2430
9.6480,9648,Pinch,HAREKET,1,2306,2651,2363,2429,2770,2495
9.6490,9649,Pinch,HAREKET,1,2283,2843,2361,2481,2675,2329
9.6500,9650,Pinch,HAREKET,1,2293,2842,2351,2427,2643,2425
9.6510,9651,Pinch,HAREKET,1,2346,2687,2294,2416,2653,2400
9.6520,9652,Pinch,HAREKET,1,2270,2638,2394,2421,2523,2520
9.6530,9653,Pinch,HAREKET,1,2292,2724,2375,2313,2639,2424
9.6540,9654,Pinch,HAREKET,1,2286,2749,2301,2372,2552,2388
9.6550,9655,Pinch,HAREKET,1,2299,2823,2465,2435,2565,2480
9.6560,9656,Pinch,HAREKET,1,2272,2846,2392,2422,2580,2433
9.6570,9657,Pinch,HAREKET,1,2303,2537,2505,2413,2567,2415
9.6580,9658,Pinch,HAREKET,1,2283,2735,2362,2306,2504,2567
9.6590,9659,Pinch,HAREKET,1,2271,2578,2448,2277,2628,2475
9.6600,9660,Pinch,HAREKET,1,2296,2655,2386,2269,2781,2488
9.6610,9661,Pinch,HAREKET,1,2292,2718,2460,2266,2636,2534
9.6620,9662,Pinch,HAREKET,1,2215,2583,2376,2380,2762,2438
9.6630,9663,Pinch,HAREKET,1,2267,2670,2468,2359,2619,2568
9.6640,9664,Pinch,HAREKET,1,2474,2721,2339,2323,2694,2433
9.6650,9665,Pinch,HAREKET,1,2299,2619,2348,2426,2659,2468
9.6660,9666,Pinch,HAREKET,1,2328,2724,2391,2368,2703,2538
9.6670,9667,Pinch,HAREKET,1,2344,2769,2478,2351,2727,2516
9.6680,9668,Pinch,HAREKET,1,2349,2669,2481,2286,2741,2510
9.6690,9669,Pinch,HAREKET,1,2407,2795,2424,2309,2571,2521
9.6700,9670,Pinch,HAREKET,1,2382,2741,2471,2292,2600,2363
9.6710,9671,Pinch,HAREKET,1,2230,2746,2384,2349,2641,2460
9.6720,9672,Pinch,HAREKET,1,2301,2771,2437,2398,2611,2410
9.6730,9673,Pinch,HAREKET,1,2281,2828,2408,2334,2493,2404
9.6740,9674,Pinch,HAREKET,1,2348,2684,2346,2407,2761,2454
9.6750,9675,Pinch,HAREKET,1,2329,2809,2342,2378,2590,2461
9.6760,9676,Pinch,HAREKET,1,2352,2672,2374,2330,2676,2444
9.6770,9677,Pinch,HAREKET,1,2321,2752,2355,2333,2606,2464
9.6780,9678,Pinch,HAREKET,1,2280,2722,2404,2423,2604,2454
9.6790,9679,Pinch,HAREKET,1,2323,2824,2299,2359,2730,2399
9.6800,9680,Pinch,HAREKET,1,2355,2742,2436,2319,2675,2464
9.6810,9681,Pinch,HAREKET,1,2339,2761,2443,2418,2648,2377
9.6820,9682,Pinch,HAREKET,1,2299,2881,2390,2341,2628,2431
9.6830,9683,Pinch,HAREKET,1,2250,2727,2388,2349,2598,2474
9.6840,9684,Pinch,HAREKET,1,2306,2689,2483,2348,2646,2484
9.6850,9685,Pinch,HAREKET,1,2303,2838,2461,2346,2570,2435
9.6860,9686,Pinch,HAREKET,1,2280,2657,2390,2475,2541,2531
9.6870,9687,Pinch,HAREKET,1,2305,2646,2425,2441,2545,2447
9.6880,9688,Pinch,HAREKET,1,2303,2680,2398,2310,2657,2461
9.6890,9689,Pinch,HAREKET,1,2232,2732,2488,2324,2656,2590
9.6900,9690,Pinch,HAREKET,1,2246,2614,2417,2367,2744,2452
9.6910,9691,Pinch,HAREKET,1,2292,2638,2416,2378,2690,2375
9.6920,9692,Pinch,HAREKET,1,2354,2575,2417,2396,2619,2429
9.6930,9693,Pinch,HAREKET,1,2302,2717,2357,2360,2687,2474
9.6940,9694,Pinch,HAREKET,1,2216,2625,2452,2339,2679,2382
9.6950,9695,Pinch,HAREKET,1,2357,2813,2394,2364,2675,2551
9.6960,9696,Pinch,HAREKET,1,2327,2732,2395,2385,2555,2523
9.6970,9697,Pinch,HAREKET,1,2352,2760,2454,2367,2687,2337
9.6980,9698,Pinch,HAREKET,1,2363,2769,2377,2312,2644,2527
9.6990,9699,Pinch,HAREKET,1,2346,2575,2492,2381,2705,2377
9.7000,9700,Pinch,HAREKET,1,2378,2901,2457,2330,2559,2324
9.7010,9701,Pinch,HAREKET,1,2311,2818,2419,2395,2617,2451
9.7020,9702,Pinch,HAREKET,1,2332,2705,2460,2367,2611,2482
9.7030,9703,Pinch,HAREKET,1,2300,2825,2488,2267,2725,2365
9.7040,9704,Pinch,HAREKET,1,2305,2826,2451,2359,2719,2405
9.7050,9705,Pinch,HAREKET,1,2300,2676,2480,2381,2681,2444
9.7060,9706,Pinch,HAREKET,1,2319,2770,2358,2281,2617,2495
9.7070,9707,Pinch,HAREKET,1,2296,2768,2391,2322,2597,2455
9.7080,9708,Pinch,HAREKET,1,2306,2656,2410,2389,2599,2335
9.7090,9709,Pinch,HAREKET,1,2273,2822,2396,2365,2584,2462
9.7100,9710,Pinch,HAREKET,1,2389,2735,2394,2434,2584,2498
9.7110,9711,Pinch,HAREKET,1,2234,2755,2364,2466,2683,2417
9.7120,9712,Pinch,HAREKET,1,2192,2764,2427,2424,2601,2456
9.7130,9713,Pinch,HAREKET,1,2274,2747,2452,2378,2579,2414
9.7140,9714,Pinch,HAREKET,1,2310,2836,2512,2396,2626,2454
9.7150,9715,Pinch,HAREKET,1,2372,2778,2431,2451,2584,2479
9.7160,9716,Pinch,HAREKET,1,2255,2683,2434,2481,2538,2454
9.7170,9717,Pinch,HAREKET,1,2266,2646,2459,2348,2601,2488
9.7180,9718,Pinch,HAREKET,1,2256,2755,2474,2265,2678,2463
9.7190,9719,Pinch,HAREKET,1,2247,2727,2488,2418,2661,2517
9.7200,9720,Pinch,HAREKET,1,2326,2710,2427,2270,2706,2499
9.7210,9721,Pinch,HAREKET,1,2219,2738,2447,2383,2618,2447
9.7220,9722,Pinch,HAREKET,1,2273,2785,2432,2290,2729,2442
9.7230,9723,Pinch,HAREKET,1,2325,2795,2375,2344,2695,2466
9.7240,9724,Pinch,HAREKET,1,2417,2660,2455,2267,2835,2501
9.7250,9725,Pinch,HAREKET,1,2413,2646,2519,2253,2753,2506
9.7260,9726,Pinch,HAREKET,1,2339,2817,2467,2308,2711,2459
9.7270,9727,Pinch,HAREKET,1,2317,2829,2546,2320,2655,2438
9.7280,9728,Pinch,HAREKET,1,2413,2813,2405,2305,2818,2373
9.7290,9729,Pinch,HAREKET,1,2412,2865,2422,2348,2694,2515
9.7300,9730,Pinch,HAREKET,1,2321,2846,2448,2355,2637,2462
9.7310,9731,Pinch,HAREKET,1,2385,2639,2456,2278,2646,2494
9.7320,9732,Pinch,HAREKET,1,2304,2834,2414,2294,2664,2440
9.7330,9733,Pinch,HAREKET,1,2287,2582,2495,2328,2687,2400
9.7340,9734,Pinch,HAREKET,1,2215,2685,2472,2348,2552,2456
9.7350,9735,Pinch,HAREKET,1,2295,2779,2360,2410,2737,2413
9.7360,9736,Pinch,HAREKET,1,2347,2791,2334,2337,2646,2435
9.7370,9737,Pinch,HAREKET,1,2244,2814,2347,2397,2741,2484
9.7380,9738,Pinch,HAREKET,1,2332,2709,2341,2352,2544,2567
9.7390,9739,Pinch,HAREKET,1,2361,2751,2394,2337,2631,2453
9.7400,9740,Pinch,HAREKET,1,2256,2717,2374,2410,2718,2489
9.7410,9741,Pinch,HAREKET,1,2428,2681,2362,2324,2563,2276
9.7420,9742,Pinch,HAREKET,1,2278,2789,2452,2488,2634,2408
9.7430,9743,Pinch,HAREKET,1,2292,2767,2400,2443,2585,2382
9.7440,9744,Pinch,HAREKET,1,2353,2676,2460,2338,2585,2457
9.7450,9745,Pinch,HAREKET,1,2294,2716,2362,2314,2598,2473
9.7460,9746,Pinch,HAREKET,1,2373,2587,2410,2275,2616,2472
9.7470,9747,Pinch,HAREKET,1,2270,2650,2456,2385,2563,2475
9.7480,9748,Pinch,HAREKET,1,2357,2700,2460,2380,2736,2390
9.7490,9749,Pinch,HAREKET,1,2275,2577,2360,2391,2651,2604
9.7500,9750,Pinch,HAREKET,1,2331,2669,2514,2409,2756,2527
9.7510,9751,Pinch,HAREKET,1,2242,2618,2457,2323,2588,2527
9.7520,9752,Pinch,HAREKET,1,2327,2611,2511,2261,2852,2562
9.7530,9753,Pinch,HAREKET,1,2291,2710,2449,2356,2660,2505
9.7540,9754,Pinch,HAREKET,1,2311,2631,2340,2353,2607,2460
9.7550,9755,Pinch,HAREKET,1,2372,2778,2452,2332,2688,2423
9.7560,9756,Pinch,HAREKET,1,2308,2707,2438,2284,2761,2471
9.7570,9757,Pinch,HAREKET,1,2343,2662,2546,2333,2658,2453
9.7580,9758,Pinch,HAREKET,1,2451,2786,2451,2297,2768,2383
9.7590,9759,Pinch,HAREKET,1,2362,2645,2554,2272,2716,2416
9.7600,9760,Pinch,HAREKET,1,2344,2803,2406,2346,2672,2387
9.7610,9761,Pinch,HAREKET,1,2383,2783,2425,2293,2634,2519
9.7620,9762,Pinch,HAREKET,1,2355,2754,2340,2361,2716,2441
9.7630,9763,Pinch,HAREKET,1,2328,2781,2399,2388,2805,2470
9.7640,9764,Pinch,HAREKET,1,2296,2813,2399,2358,2643,2343
9.7650,9765,Pinch,HAREKET,1,2308,2737,2397,2353,2676,2522
9.7660,9766,Pinch,HAREKET,1,2219,2755,2376,2310,2607,2371
9.7670,9767,Pinch,HAREKET,1,2317,2660,2371,2390,2614,2431
9.7680,9768,Pinch,HAREKET,1,2394,2801,2427,2380,2697,2468
9.7690,9769,Pinch,HAREKET,1,2315,2745,2322,2303,2592,2451
9.7700,9770,Pinch,HAREKET,1,2358,2851,2457,2422,2570,2487
9.7710,9771,Pinch,HAREKET,1,2291,2715,2440,2411,2535,2501
9.7720,9772,Pinch,HAREKET,1,2251,2718,2381,2431,2562,2402
9.7730,9773,Pinch,HAREKET,1,2253,2656,2440,2443,2590,2466
9.7740,9774,Pinch,HAREKET,1,2311,2781,2400,2360,2625,2441
9.7750,9775,Pinch,HAREKET,1,2256,2790,2494,2391,2597,2502
9.7760,9776,Pinch,HAREKET,1,2237,2709,2464,2267,2598,2536
9.7770,9777,Pinch,HAREKET,1,2375,2571,2552,2305,2567,2475
9.7780,9778,Pinch,HAREKET,1,2343,2688,2519,2413,2777,2503
9.7790,9779,Pinch,HAREKET,1,2314,2734,2510,2376,2629,2536
9.7800,9780,Pinch,HAREKET,1,2257,2659,2517,2363,2759,2473
9.7810,9781,Pinch,HAREKET,1,2238,2642,2395,2332,2733,2545
9.7820,9782,Pinch,HAREKET,1,2330,2615,2468,2313,2749,2464
9.7830,9783,Pinch,HAREKET,1,2337,2641,2415,2303,2719,2512
9.7840,9784,Pinch,HAREKET,1,2300,2755,2540,2410,2666,2486
9.7850,9785,Pinch,HAREKET,1,2295,2708,2414,2303,2658,2488
9.7860,9786,Pinch,HAREKET,1,2330,2761,2343,2313,2688,2378
9.7870,9787,Pinch,HAREKET,1,2302,2603,2494,2334,2640,2419
9.7880,9788,Pinch,HAREKET,1,2377,2808,2348,2379,2653,2387
9.7890,9789,Pinch,HAREKET,1,2274,2820,2520,2279,2595,2496
9.7900,9790,Pinch,HAREKET,1,2344,2686,2489,2321,2665,2426
9.7910,9791,Pinch,HAREKET,1,2342,2762,2514,2386,2702,2481
9.7920,9792,Pinch,HAREKET,1,2327,2768,2458,2325,2640,2374
9.7930,9793,Pinch,HAREKET,1,2346,2679,2441,2343,2721,2436
9.7940,9794,Pinch,HAREKET,1,2261,2796,2312,2321,2744,2341
9.7950,9795,Pinch,HAREKET,1,2339,2829,2353,2311,2702,2446
9.7960,9796,Pinch,HAREKET,1,2270,2739,2313,2344,2781,2454
9.7970,9797,Pinch,HAREKET,1,2304,2639,2407,2474,2501,2424
9.7980,9798,Pinch,HAREKET,1,2295,2666,2437,2375,2655,2479
9.7990,9799,Pinch,HAREKET,1,2309,2805,2361,2426,2611,2425
9.8000,9800,Pinch,HAREKET,1,2354,2718,2488,2482,2694,2354
9.8010,9801,Pinch,HAREKET,1,2408,2845,2402,2289,2593,2540
9.8020,9802,Pinch,HAREKET,1,2355,2797,2305,2367,2633,2489
9.8030,9803,Pinch,HAREKET,1,2263,2732,2528,2341,2678,2429
9.8040,9804,Pinch,HAREKET,1,2291,2766,2477,2305,2597,2544
9.8050,9805,Pinch,HAREKET,1,2262,2715,2404,2309,2650,2463
9.8060,9806,Pinch,HAREKET,1,2303,2645,2413,2394,2550,2529
9.8070,9807,Pinch,HAREKET,1,2350,2793,2435,2399,2701,2542
9.8080,9808,Pinch,HAREKET,1,2295,2691,2431,2315,2739,2543
9.8090,9809,Pinch,HAREKET,1,2267,2799,2426,2357,2727,2464
9.8100,9810,Pinch,HAREKET,1,2259,2763,2317,2349,2884,2512
9.8110,9811,Pinch,HAREKET,1,2348,2603,2452,2426,2761,2434
9.8120,9812,Pinch,HAREKET,1,2402,2743,2369,2335,2763,2481
9.8130,9813,Pinch,HAREKET,1,2363,2724,2332,2335,2665,2343
9.8140,9814,Pinch,HAREKET,1,2403,2715,2509,2321,2638,2428
9.8150,9815,Pinch,HAREKET,1,2339,2738,2486,2359,2652,2420
9.8160,9816,Pinch,HAREKET,1,2360,2634,2455,2283,2694,2360
9.8170,9817,Pinch,HAREKET,1,2406,2753,2511,2309,2679,2370
9.8180,9818,Pinch,HAREKET,1,2452,2657,2444,2292,2716,2406
9.8190,9819,Pinch,HAREKET,1,2297,2809,2468,2376,2770,2464
9.8200,9820,Pinch,HAREKET,1,2305,2723,2475,2291,2567,2433
9.8210,9821,Pinch,HAREKET,1,2292,2704,2445,2344,2607,2418
9.8220,9822,Pinch,HAREKET,1,2320,2658,2425,2286,2788,2443
9.8230,9823,Pinch,HAREKET,1,2340,2896,2461,2299,2606,2500
9.8240,9824,Pinch,HAREKET,1,2299,2760,2377,2349,2748,2382
9.8250,9825,Pinch,HAREKET,1,2337,2709,2369,2336,2668,2483
9.8260,9826,Pinch,HAREKET,1,2283,2643,2380,2314,2709,2458
9.8270,9827,Pinch,HAREKET,1,2384,2688,2346,2307,2656,2477
9.8280,9828,Pinch,HAREKET,1,2352,2670,2436,2337,2668,2483
9.8290,9829,Pinch,HAREKET,1,2322,2721,2441,2491,2731,2308
9.8300,9830,Pinch,HAREKET,1,2382,2748,2435,2306,2654,2370
9.8310,9831,Pinch,HAREKET,1,2423,2690,2446,2396,2660,2441
9.8320,9832,Pinch,HAREKET,1,2234,2806,2411,2329,2618,2427
9.8330,9833,Pinch,HAREKET,1,2295,2709,2466,2382,2669,2466
9.8340,9834,Pinch,HAREKET,1,2391,2691,2440,2417,2617,2478
9.8350,9835,Pinch,HAREKET,1,2410,2768,2534,2379,2581,2506
9.8360,9836,Pinch,HAREKET,1,2386,2627,2477,2436,2592,2519
9.8370,9837,Pinch,HAREKET,1,2376,2697,2497,2327,2616,2433
9.8380,9838,Pinch,HAREKET,1,2293,2570,2411,2350,2720,2451
9.8390,9839,Pinch,HAREKET,1,2337,2621,2499,2286,2746,2576
9.8400,9840,Pinch,HAREKET,1,2387,2590,2372,2225,2705,2446
9.8410,9841,Pinch,HAREKET,1,2279,2563,2418,2302,2768,2514
9.8420,9842,Pinch,HAREKET,1,2393,2720,2403,2332,2636,2516
9.8430,9843,Pinch,HAREKET,1,2311,2616,2497,2369,2727,2509
9.8440,9844,Pinch,HAREKET,1,2284,2796,2460,2351,2791,2374
9.8450,9845,Pinch,HAREKET,1,2384,2767,2385,2318,2771,2407
9.8460,9846,Pinch,HAREKET,1,2415,2697,2386,2302,2464,2349
9.8470,9847,Pinch,HAREKET,1,2431,2852,2466,2371,2687,2360
9.8480,9848,Pinch,HAREKET,1,2373,2704,2466,2316,2654,2390
9.8490,9849,Pinch,HAREKET,1,2394,2843,2401,2278,2597,2354
9.8500,9850,Pinch,HAREKET,1,2401,2745,2529,2292,2673,2383
9.8510,9851,Pinch,HAREKET,1,2424,2771,2519,2338,2638,2450
9.8520,9852,Pinch,HAREKET,1,2409,2690,2332,2292,2776,2513
9.8530,9853,Pinch,HAREKET,1,2333,2774,2523,2303,2648,2396
9.8540,9854,Pinch,HAREKET,1,2324,2867,2415,2378,2668,2460
9.8550,9855,Pinch,HAREKET,1,2322,2721,2338,2516,2760,2346
9.8560,9856,Pinch,HAREKET,1,2383,2738,2353,2340,2681,2375
9.8570,9857,Pinch,HAREKET,1,2399,2529,2352,2328,2756,2448
9.8580,9858,Pinch,HAREKET,1,2379,2720,2358,2385,2657,2342
9.8590,9859,Pinch,HAREKET,1,2458,2739,2353,2433,2716,2445
9.8600,9860,Pinch,HAREKET,1,2369,2648,2469,2415,2608,2364
9.8610,9861,Pinch,HAREKET,1,2296,2691,2349,2406,2599,2427
9.8620,9862,Pinch,HAREKET,1,2282,2622,2413,2353,2608,2466
9.8630,9863,Pinch,HAREKET,1,2337,2642,2402,2409,2590,2390
9.8640,9864,Pinch,HAREKET,1,2383,2727,2415,2391,2576,2506
9.8650,9865,Pinch,HAREKET,1,2350,2514,2417,2298,2687,2461
9.8660,9866,Pinch,HAREKET,1,2265,2623,2383,2354,2812,2486
9.8670,9867,Pinch,HAREKET,1,2419,2626,2513,2373,2754,2412
9.8680,9868,Pinch,HAREKET,1,2321,2691,2419,2298,2782,2454
9.8690,9869,Pinch,HAREKET,1,2423,2742,2499,2303,2665,2522
9.8700,9870,Pinch,HAREKET,1,2360,2690,2407,2472,2776,2536
9.8710,9871,Pinch,HAREKET,1,2314,2546,2507,2366,2690,2403
9.8720,9872,Pinch,HAREKET,1,2368,2631,2427,2304,2701,2438
9.8730,9873,Pinch,HAREKET,1,2438,2715,2519,2404,2650,2530
9.8740,9874,Pinch,HAREKET,1,2478,2573,2428,2384,2667,2344
9.8750,9875,Pinch,HAREKET,1,2358,2685,2486,2383,2651,2399
9.8760,9876,Pinch,HAREKET,1,2408,2686,2464,2339,2656,2325
9.8770,9877,Pinch,HAREKET,1,2402,2794,2453,2344,2757,2300
9.8780,9878,Pinch,HAREKET,1,2340,2682,2509,2333,2666,2376
9.8790,9879,Pinch,HAREKET,1,2329,2778,2449,2344,2640,2338
9.8800,9880,Pinch,HAREKET,1,2310,2650,2393,2269,2745,2385
9.8810,9881,Pinch,HAREKET,1,2283,2742,2289,2276,2739,2417
9.8820,9882,Pinch,HAREKET,1,2336,2634,2384,2401,2838,2391
9.8830,9883,Pinch,HAREKET,1,2434,2603,2365,2382,2603,2456
9.8840,9884,Pinch,HAREKET,1,2389,2662,2382,2391,2722,2431
9.8850,9885,Pinch,HAREKET,1,2358,2619,2384,2406,2661,2342
9.8860,9886,Pinch,HAREKET,1,2319,2742,2295,2394,2711,2425
9.8870,9887,Pinch,HAREKET,1,2361,2747,2496,2419,2632,2335
9.8880,9888,Pinch,HAREKET,1,2301,2687,2328,2363,2621,2401
9.8890,9889,Pinch,HAREKET,1,2357,2739,2354,2386,2652,2354
9.8900,9890,Pinch,HAREKET,1,2357,2650,2391,2487,2647,2423
9.8910,9891,Pinch,HAREKET,1,2344,2778,2443,2428,2593,2377
9.8920,9892,Pinch,HAREKET,1,2305,2689,2402,2304,2739,2293
9.8930,9893,Pinch,HAREKET,1,2362,2666,2451,2374,2724,2439
9.8940,9894,Pinch,HAREKET,1,2384,2638,2396,2367,2724,2431
9.8950,9895,Pinch,HAREKET,1,2349,2708,2396,2353,2619,2542
9.8960,9896,Pinch,HAREKET,1,2295,2590,2451,2372,2748,2407
9.8970,9897,Pinch,HAREKET,1,2386,2700,2458,2352,2717,2432
9.8980,9898,Pinch,HAREKET,1,2271,2788,2446,2352,2777,2443
9.8990,9899,Pinch,HAREKET,1,2396,2662,2489,2325,2751,2513
9.9000,9900,Pinch,HAREKET,1,2359,2655,2493,2437,2794,2409
9.9010,9901,Pinch,HAREKET,1,2425,2715,2426,2493,2596,2482
9.9020,9902,Pinch,HAREKET,1,2372,2703,2518,2379,2759,2402
9.9030,9903,Pinch,HAREKET,1,2359,2747,2423,2412,2611,2454
9.9040,9904,Pinch,HAREKET,1,2423,2821,2436,2357,2646,2444
9.9050,9905,Pinch,HAREKET,1,2366,2805,2452,2282,2756,2385
9.9060,9906,Pinch,HAREKET,1,2428,2605,2372,2391,2480,2305
9.9070,9907,Pinch,HAREKET,1,2347,2813,2422,2417,2707,2363
9.9080,9908,Pinch,HAREKET,1,2444,2793,2425,2381,2791,2450
9.9090,9909,Pinch,HAREKET,1,2255,2728,2405,2392,2725,2367
9.9100,9910,Pinch,HAREKET,1,2351,2624,2349,2347,2746,2352
9.9110,9911,Pinch,HAREKET,1,2403,2674,2453,2342,2650,2335
9.9120,9912,Pinch,HAREKET,1,2313,2717,2370,2269,2730,2421
9.9130,9913,Pinch,HAREKET,1,2318,2787,2304,2327,2725,2448
9.9140,9914,Pinch,HAREKET,1,2427,2733,2384,2359,2668,2397
9.9150,9915,Pinch,HAREKET,1,2293,2770,2449,2451,2705,2422
9.9160,9916,Pinch,HAREKET,1,2329,2710,2318,2456,2604,2465
9.9170,9917,Pinch,HAREKET,1,2338,2663,2398,2370,2648,2402
9.9180,9918,Pinch,HAREKET,1,2356,2804,2310,2428,2804,2320
9.9190,9919,Pinch,HAREKET,1,2318,2713,2439,2434,2639,2373
9.9200,9920,Pinch,HAREKET,1,2392,2650,2369,2361,2565,2333
9.9210,9921,Pinch,HAREKET,1,2373,2824,2445,2415,2725,2479
9.9220,9922,Pinch,HAREKET,1,2322,2812,2394,2309,2693,2444
9.9230,9923,Pinch,HAREKET,1,2358,2753,2393,2484,2704,2421
9.9240,9924,Pinch,HAREKET,1,2344,2619,2407,2387,2714,2529
9.9250,9925,Pinch,HAREKET,1,2367,2738,2455,2374,2612,2402
9.9260,9926,Pinch,HAREKET,1,2332,2693,2429,2415,2810,2472
9.9270,9927,Pinch,HAREKET,1,2293,2624,2514,2369,2676,2394
9.9280,9928,Pinch,HAREKET,1,2338,2648,2376,2382,2724,2426
9.9290,9929,Pinch,HAREKET,1,2368,2592,2404,2379,2769,2457
9.9300,9930,Pinch,HAREKET,1,2341,2578,2507,2340,2804,2285
9.9310,9931,Pinch,HAREKET,1,2438,2599,2429,2369,2730,2411
9.9320,9932,Pinch,HAREKET,1,2444,2699,2359,2385,2761,2352
9.9330,9933,Pinch,HAREKET,1,2380,2712,2356,2364,2632,2378
9.9340,9934,Pinch,HAREKET,1,2442,2636,2425,2332,2749,2358
9.9350,9935,Pinch,HAREKET,1,2393,2665,2466,2364,2644,2335
9.9360,9936,Pinch,HAREKET,1,2481,2727,2532,2419,2622,2304
9.9370,9937,Pinch,HAREKET,1,2359,2734,2407,2412,2683,2367
9.9380,9938,Pinch,HAREKET,1,2397,2654,2391,2352,2746,2364
9.9390,9939,Pinch,HAREKET,1,2366,2682,2373,2388,2716,2400
9.9400,9940,Pinch,HAREKET,1,2320,2697,2387,2419,2779,2201
9.9410,9941,Pinch,HAREKET,1,2405,2752,2401,2421,2679,2484
9.9420,9942,Pinch,HAREKET,1,2302,2698,2397,2410,2758,2400
9.9430,9943,Pinch,HAREKET,1,2341,2753,2349,2470,2781,2472
9.9440,9944,Pinch,HAREKET,1,2312,2737,2441,2287,2674,2337
9.9450,9945,Pinch,HAREKET,1,2437,2673,2414,2457,2846,2411
9.9460,9946,Pinch,HAREKET,1,2381,2615,2477,2427,2725,2432
9.9470,9947,Pinch,HAREKET,1,2354,2733,2395,2387,2695,2313
9.9480,9948,Pinch,HAREKET,1,2237,2830,2357,2472,2761,2299
9.9490,9949,Pinch,HAREKET,1,2317,2699,2434,2420,2714,2399
9.9500,9950,Pinch,HAREKET,1,2338,2715,2428,2426,2596,2354
9.9510,9951,Pinch,HAREKET,1,2324,2755,2505,2345,2717,2277
9.9520,9952,Pinch,HAREKET,1,2456,2736,2458,2365,2736,2391
9.9530,9953,Pinch,HAREKET,1,2372,2706,2388,2400,2672,2375
9.9540,9954,Pinch,HAREKET,1,2394,2628,2451,2403,2657,2479
9.9550,9955,Pinch,HAREKET,1,2436,2696,2404,2377,2727,2395
9.9560,9956,Pinch,HAREKET,1,2338,2654,2436,2364,2747,2476
9.9570,9957,Pinch,HAREKET,1,2367,2660,2385,2323,2729,2420
9.9580,9958,Pinch,HAREKET,1,2348,2562,2354,2396,2792,2518
9.9590,9959,Pinch,HAREKET,1,2371,2627,2442,2373,2751,2388
9.9600,9960,Pinch,HAREKET,1,2442,2750,2409,2399,2683,2435
9.9610,9961,Pinch,HAREKET,1,2316,2815,2460,2358,2830,2380
9.9620,9962,Pinch,HAREKET,1,2462,2633,2367,2329,2774,2404
9.9630,9963,Pinch,HAREKET,1,2397,2757,2421,2418,2738,2313
9.9640,9964,Pinch,HAREKET,1,2396,2688,2379,2371,2693,2400
9.9650,9965,Pinch,HAREKET,1,2377,2763,2387,2428,2707,2371
9.9660,9966,Pinch,HAREKET,1,2429,2673,2397,2373,2691,2330
9.9670,9967,Pinch,HAREKET,1,2434,2817,2356,2356,2784,2360
9.9680,9968,Pinch,HAREKET,1,2476,2784,2394,2293,2690,2397
9.9690,9969,Pinch,HAREKET,1,2431,2673,2423,2211,2743,2427
9.9700,9970,Pinch,HAREKET,1,2370,2754,2314,2345,2667,2324
9.9710,9971,Pinch,HAREKET,1,2382,2751,2321,2344,2709,2310
9.9720,9972,Pinch,HAREKET,1,2376,2652,2397,2368,2617,2422
9.9730,9973,Pinch,HAREKET,1,2400,2734,2354,2396,2646,2423
9.9740,9974,Pinch,HAREKET,1,2321,2738,2435,2473,2682,2493
9.9750,9975,Pinch,HAREKET,1,2403,2797,2301,2446,2648,2401
9.9760,9976,Pinch,HAREKET,1,2373,2738,2409,2393,2724,2421
9.9770,9977,Pinch,HAREKET,1,2407,2690,2367,2369,2624,2398
9.9780,9978,Pinch,HAREKET,1,2428,2625,2470,2456,2777,2325
9.9790,9979,Pinch,HAREKET,1,2399,2491,2334,2399,2509,2375
9.9800,9980,Pinch,HAREKET,1,2372,2712,2521,2436,2681,2312
9.9810,9981,Pinch,HAREKET,1,2350,2668,2337,2409,2570,2482
9.9820,9982,Pinch,HAREKET,1,2352,2659,2432,2375,2738,2504
9.9830,9983,Pinch,HAREKET,1,2352,2591,2459,2291,2826,2446
9.9840,9984,Pinch,HAREKET,1,2250,2638,2472,2358,2796,2407
9.9850,9985,Pinch,HAREKET,1,2409,2664,2388,2336,2808,2394
9.9860,9986,Pinch,HAREKET,1,2355,2673,2508,2431,2730,2469
9.9870,9987,Pinch,HAREKET,1,2352,2568,2466,2325,2713,2387
9.9880,9988,Pinch,HAREKET,1,2387,2687,2425,2417,2759,2404
9.9890,9989,Pinch,HAREKET,1,2436,2620,2482,2380,2786,2477
9.9900,9990,Pinch,HAREKET,1,2407,2709,2343,2357,2842,2416
9.9910,9991,Pinch,HAREKET,1,2352,2731,2413,2343,2747,2354
9.9920,9992,Pinch,HAREKET,1,2437,2709,2468,2367,2706,2378
9.9930,9993,Pinch,HAREKET,1,2443,2562,2388,2389,2873,2426
9.9940,9994,Pinch,HAREKET,1,2420,2693,2378,2339,2743,2422
9.9950,9995,Pinch,HAREKET,1,2395,2742,2438,2387,2656,2440
9.9960,9996,Pinch,HAREKET,1,2403,2836,2485,2430,2766,2422
9.9970,9997,Pinch,HAREKET,1,2406,2724,2393,2385,2694,2484
9.9980,9998,Pinch,HAREKET,1,2323,2688,2330,2250,2535,2363
9.9990,9999,Pinch,HAREKET,1,2314,2708,2333,2356,2754,2429
10.0000,10000,WristFlex,HAREKET,1,2824,2919,2582,2791,2918,2517
10.0010,10001,WristFlex,HAREKET,1,2984,2821,2538,2885,2791,2557
10.0020,10002,WristFlex,HAREKET,1,2861,2984,2516,2660,2924,2448
10.0030,10003,WristFlex,HAREKET,1,2792,2887,2531,2908,2822,2425
10.0040,10004,WristFlex,HAREKET,1,3032,2867,2566,2864,2965,2445
10.0050,10005,WristFlex,HAREKET,1,2845,2871,2657,2920,2933,2553
10.0060,10006,WristFlex,HAREKET,1,2865,2789,2562,3006,2992,2446
10.0070,10007,WristFlex,HAREKET,1,3077,2824,2514,3060,3102,2447
10.0080,10008,WristFlex,HAREKET,1,2958,2943,2584,2953,2985,2499
10.0090,10009,WristFlex,HAREKET,1,2882,3176,2536,3132,3091,2453
10.0100,10010,WristFlex,HAREKET,1,2886,2978,2534,2872,2930,2354
10.0110,10011,WristFlex,HAREKET,1,2986,3052,2494,2955,2733,2407
10.0120,10012,WristFlex,HAREKET,1,2800,2893,2483,2945,2923,2445
10.0130,10013,WristFlex,HAREKET,1,2803,3344,2451,2809,2991,2427
10.0140,10014,WristFlex,HAREKET,1,2672,3064,2473,2908,2700,2445
10.0150,10015,WristFlex,HAREKET,1,2741,2962,2524,2864,2959,2398
10.0160,10016,WristFlex,HAREKET,1,2752,2892,2497,2803,2942,2481
10.0170,10017,WristFlex,HAREKET,1,2829,2920,2599,2896,2845,2512
10.0180,10018,WristFlex,HAREKET,1,2846,2926,2582,2926,3060,2466
10.0190,10019,WristFlex,HAREKET,1,2839,3074,2651,2728,2904,2544
10.0200,10020,WristFlex,HAREKET,1,2781,2999,2551,2719,2836,2543
10.0210,10021,WristFlex,HAREKET,1,2893,2894,2538,2817,2796,2616
10.0220,10022,WristFlex,HAREKET,1,2819,2787,2545,3082,2766,2412
10.0230,10023,WristFlex,HAREKET,1,2860,2969,2524,2877,2858,2385
10.0240,10024,WristFlex,HAREKET,1,2747,2841,2387,2850,2871,2475
10.0250,10025,WristFlex,HAREKET,1,2934,2891,2553,2770,2871,2452
10.0260,10026,WristFlex,HAREKET,1,3001,2759,2715,2975,2857,2423
10.0270,10027,WristFlex,HAREKET,1,3030,2801,2656,2973,3025,2427
10.0280,10028,WristFlex,HAREKET,1,2885,2932,2596,2959,2977,2440
10.0290,10029,WristFlex,HAREKET,1,2970,2787,2468,2884,2975,2466
10.0300,10030,WristFlex,HAREKET,1,2960,2979,2550,2925,2924,2502
10.0310,10031,WristFlex,HAREKET,1,2989,2875,2541,2964,3185,2390
10.0320,10032,WristFlex,HAREKET,1,2878,3046,2511,2802,2943,2479
10.0330,10033,WristFlex,HAREKET,1,2882,3060,2499,2969,2931,2384
10.0340,10034,WristFlex,HAREKET,1,2881,2971,2484,2951,2840,2467
10.0350,10035,WristFlex,HAREKET,1,2819,2841,2451,2982,2908,2385
10.0360,10036,WristFlex,HAREKET,1,2722,3053,2411,2948,2847,2398
10.0370,10037,WristFlex,HAREKET,1,2781,2854,2558,2805,2832,2487
10.0380,10038,WristFlex,HAREKET,1,2872,3058,2447,2891,2901,2529
10.0390,10039,WristFlex,HAREKET,1,2754,2900,2531,2837,2880,2579
10.0400,10040,WristFlex,HAREKET,1,2865,2820,2551,2825,2920,2522
10.0410,10041,WristFlex,HAREKET,1,2792,2619,2549,2913,2964,2460
10.0420,10042,WristFlex,HAREKET,1,2919,2893,2578,2841,3038,2567
10.0430,10043,WristFlex,HAREKET,1,2781,3000,2503,2809,2948,2397
10.0440,10044,WristFlex,HAREKET,1,2972,2851,2488,3036,3067,2466
10.0450,10045,WristFlex,HAREKET,1,2740,2843,2558,2908,2970,2514
10.0460,10046,WristFlex,HAREKET,1,3071,2971,2496,2839,2855,2524
10.0470,10047,WristFlex,HAREKET,1,2820,3012,2514,3038,2898,2428
10.0480,10048,WristFlex,HAREKET,1,2747,2953,2597,2781,2906,2412
10.0490,10049,WristFlex,HAREKET,1,2988,2916,2530,2773,2980,2482
10.0500,10050,WristFlex,HAREKET,1,2894,2953,2726,3088,3032,2387
10.0510,10051,WristFlex,HAREKET,1,2907,2801,2635,2991,2908,2485
10.0520,10052,WristFlex,HAREKET,1,2864,2727,2487,2912,2932,2412
10.0530,10053,WristFlex,HAREKET,1,3029,2989,2562,2987,2825,2380
10.0540,10054,WristFlex,HAREKET,1,2843,2971,2519,2893,2959,2408
10.0550,10055,WristFlex,HAREKET,1,2839,3117,2498,3075,3008,2369
10.0560,10056,WristFlex,HAREKET,1,2868,2985,2559,2952,3024,2287
10.0570,10057,WristFlex,HAREKET,1,2736,2870,2475,2994,2928,2323
10.0580,10058,WristFlex,HAREKET,1,2804,2997,2462,2987,2988,2388
10.0590,10059,WristFlex,HAREKET,1,2910,2861,2424,2846,2860,2421
10.0600,10060,WristFlex,HAREKET,1,2822,2894,2626,2798,2845,2407
10.0610,10061,WristFlex,HAREKET,1,2856,3007,2581,2940,2970,2487
10.0620,10062,WristFlex,HAREKET,1,2869,2848,2514,2916,2836,2449
10.0630,10063,WristFlex,HAREKET,1,2920,2887,2544,2908,2929,2494
10.0640,10064,WristFlex,HAREKET,1,2812,2969,2586,2816,2912,2427
10.0650,10065,WristFlex,HAREKET,1,2862,2973,2491,2923,2962,2458
10.0660,10066,WristFlex,HAREKET,1,2950,3047,2475,2943,2864,2415
10.0670,10067,WristFlex,HAREKET,1,2884,2821,2487,2798,2759,2461
10.0680,10068,WristFlex,HAREKET,1,2805,2834,2611,2964,2838,2437
10.0690,10069,WristFlex,HAREKET,1,2867,2912,2523,2938,2888,2513
10.0700,10070,WristFlex,HAREKET,1,2731,2772,2584,3019,2932,2459
10.0710,10071,WristFlex,HAREKET,1,2984,2837,2551,3064,2951,2479
10.0720,10072,WristFlex,HAREKET,1,2880,2890,2562,2829,2727,2473
10.0730,10073,WristFlex,HAREKET,1,3023,2814,2455,3020,3073,2422
10.0740,10074,WristFlex,HAREKET,1,2885,2961,2571,2756,2941,2460
10.0750,10075,WristFlex,HAREKET,1,2960,2942,2579,3063,2980,2438
10.0760,10076,WristFlex,HAREKET,1,2896,2882,2448,3009,3144,2477
10.0770,10077,WristFlex,HAREKET,1,2878,3166,2461,3004,2971,2469
10.0780,10078,WristFlex,HAREKET,1,2965,2955,2497,3140,2905,2382
10.0790,10079,WristFlex,HAREKET,1,2922,3070,2514,3015,3052,2438
10.0800,10080,WristFlex,HAREKET,1,2836,3000,2402,3028,2867,2426
10.0810,10081,WristFlex,HAREKET,1,2676,3116,2431,2882,2892,2463
10.0820,10082,WristFlex,HAREKET,1,2857,2951,2482,2942,2880,2520
10.0830,10083,WristFlex,HAREKET,1,2974,3003,2509,2775,2981,2338
10.0840,10084,WristFlex,HAREKET,1,2656,2797,2597,2959,2996,2414
10.0850,10085,WristFlex,HAREKET,1,2811,2928,2514,2835,2847,2356
10.0860,10086,WristFlex,HAREKET,1,2817,2893,2542,2932,2974,2405
10.0870,10087,WristFlex,HAREKET,1,2948,2895,2580,2860,2787,2467
10.0880,10088,WristFlex,HAREKET,1,2892,2841,2598,3002,2988,2499
10.0890,10089,WristFlex,HAREKET,1,2890,2831,2515,2715,2822,2482
10.0900,10090,WristFlex,HAREKET,1,2987,2890,2526,2820,2775,2422
10.0910,10091,WristFlex,HAREKET,1,2974,2858,2633,2956,2774,2402
10.0920,10092,WristFlex,HAREKET,1,2931,2957,2431,2902,2730,2453
10.0930,10093,WristFlex,HAREKET,1,2954,2991,2624,2963,2928,2414
10.0940,10094,WristFlex,HAREKET,1,2998,2945,2555,2839,3048,2438
10.0950,10095,WristFlex,HAREKET,1,2860,2816,2587,2936,2970,2370
10.0960,10096,WristFlex,HAREKET,1,2834,2909,2531,3029,2930,2421
10.0970,10097,WristFlex,HAREKET,1,3020,2929,2645,3140,2965,2327
10.0980,10098,WristFlex,HAREKET,1,2940,2873,2525,3003,3027,2466
10.0990,10099,WristFlex,HAREKET,1,2776,2770,2648,2981,2952,2428
10.1000,10100,WristFlex,HAREKET,1,2931,2942,2545,2891,3004,2332
10.1010,10101,WristFlex,HAREKET,1,2795,2877,2502,3036,3021,2390
10.1020,10102,WristFlex,HAREKET,1,2871,3025,2504,2972,2972,2416
10.1030,10103,WristFlex,HAREKET,1,2817,3074,2433,3018,3023,2442
10.1040,10104,WristFlex,HAREKET,1,2853,3044,2413,2993,3064,2442
10.1050,10105,WristFlex,HAREKET,1,2905,3020,2493,2857,2897,2473
10.1060,10106,WristFlex,HAREKET,1,2864,2872,2525,2853,2899,2354
10.1070,10107,WristFlex,HAREKET,1,2892,2875,2542,2859,2837,2384
10.1080,10108,WristFlex,HAREKET,1,2860,2950,2581,2820,2904,2500
10.1090,10109,WristFlex,HAREKET,1,2894,2823,2541,2815,2873,2519
10.1100,10110,WristFlex,HAREKET,1,2987,2974,2489,2935,3024,2401
10.1110,10111,WristFlex,HAREKET,1,2892,2960,2508,2926,3028,2555
10.1120,10112,WristFlex,HAREKET,1,2997,2900,2530,2871,2913,2458
10.1130,10113,WristFlex,HAREKET,1,2888,2986,2555,2928,2728,2476
10.1140,10114,WristFlex,HAREKET,1,2791,2907,2554,2865,2820,2448
10.1150,10115,WristFlex,HAREKET,1,2933,2979,2517,2935,2767,2419
10.1160,10116,WristFlex,HAREKET,1,2720,2843,2549,2888,2871,2378
10.1170,10117,WristFlex,HAREKET,1,2861,2804,2498,2732,2799,2443
10.1180,10118,WristFlex,HAREKET,1,2959,2974,2434,3037,2913,2478
10.1190,10119,WristFlex,HAREKET,1,3056,2836,2560,2903,2989,2516
10.1200,10120,WristFlex,HAREKET,1,2960,2766,2622,3037,2974,2476
10.1210,10121,WristFlex,HAREKET,1,3044,2978,2522,3112,2911,2544
10.1220,10122,WristFlex,HAREKET,1,3034,2998,2496,2930,3102,2446
10.1230,10123,WristFlex,HAREKET,1,3016,2863,2498,3130,3026,2472
10.1240,10124,WristFlex,HAREKET,1,2979,3002,2400,3038,3010,2370
10.1250,10125,WristFlex,HAREKET,1,2991,3061,2564,2896,3038,2510
10.1260,10126,WristFlex,HAREKET,1,2911,2929,2470,2943,2895,2364
10.1270,10127,WristFlex,HAREKET,1,2855,2968,2490,2942,2750,2368
10.1280,10128,WristFlex,HAREKET,1,3024,2944,2421,2831,2817,2295
10.1290,10129,WristFlex,HAREKET,1,2939,2900,2482,2886,2765,2364
10.1300,10130,WristFlex,HAREKET,1,2788,2918,2444,3025,2896,2442
10.1310,10131,WristFlex,HAREKET,1,2776,2878,2495,2849,2726,2443
10.1320,10132,WristFlex,HAREKET,1,2899,2987,2620,2818,2807,2472
10.1330,10133,WristFlex,HAREKET,1,2792,2819,2485,2873,2905,2535
10.1340,10134,WristFlex,HAREKET,1,2975,2860,2586,2965,3036,2516
10.1350,10135,WristFlex,HAREKET,1,2841,3008,2502,2996,2924,2586
10.1360,10136,WristFlex,HAREKET,1,2865,2885,2542,2918,2876,2512
10.1370,10137,WristFlex,HAREKET,1,2911,2914,2517,3124,2838,2321
10.1380,10138,WristFlex,HAREKET,1,2987,2757,2494,2901,2744,2484
10.1390,10139,WristFlex,HAREKET,1,3001,2963,2588,2914,2812,2407
10.1400,10140,WristFlex,HAREKET,1,2883,3121,2560,2894,2906,2476
10.1410,10141,WristFlex,HAREKET,1,2971,2849,2551,2931,2985,2517
10.1420,10142,WristFlex,HAREKET,1,2924,2831,2591,2982,2973,2442
10.1430,10143,WristFlex,HAREKET,1,2862,2855,2611,3004,2937,2436
10.1440,10144,WristFlex,HAREKET,1,3097,2914,2573,3134,3068,2453
10.1450,10145,WristFlex,HAREKET,1,2924,2957,2495,2989,2994,2361
10.1460,10146,WristFlex,HAREKET,1,2829,2909,2495,3081,3052,2409
10.1470,10147,WristFlex,HAREKET,1,2964,3036,2396,3088,2931,2483
10.1480,10148,WristFlex,HAREKET,1,2864,3067,2459,2971,2855,2429
10.1490,10149,WristFlex,HAREKET,1,2820,3108,2394,3023,2878,2336
10.1500,10150,WristFlex,HAREKET,1,2856,3012,2525,2924,2934,2421
10.1510,10151,WristFlex,HAREKET,1,2793,3044,2532,2940,2871,2368
10.1520,10152,WristFlex,HAREKET,1,2746,2877,2603,2943,2873,2388
10.1530,10153,WristFlex,HAREKET,1,2792,2903,2568,2907,2981,2508
10.1540,10154,WristFlex,HAREKET,1,2952,2885,2521,2895,2792,2472
10.1550,10155,WristFlex,HAREKET,1,2895,2934,2508,3102,2941,2501
10.1560,10156,WristFlex,HAREKET,1,2795,2899,2514,2753,2974,2550
10.1570,10157,WristFlex,HAREKET,1,2855,2978,2438,2964,2850,2478
10.1580,10158,WristFlex,HAREKET,1,2910,3049,2473,2861,3011,2584
10.1590,10159,WristFlex,HAREKET,1,3087,2872,2410,2910,2877,2428
10.1600,10160,WristFlex,HAREKET,1,2853,3127,2425,2873,2779,2444
10.1610,10161,WristFlex,HAREKET,1,2813,2932,2531,3001,2768,2361
10.1620,10162,WristFlex,HAREKET,1,2841,2998,2495,2998,2914,2530
10.1630,10163,WristFlex,HAREKET,1,2860,2945,2582,2988,2740,2496
10.1640,10164,WristFlex,HAREKET,1,2941,2842,2548,2893,2926,2451
10.1650,10165,WristFlex,HAREKET,1,2943,2847,2527,2997,2788,2561
10.1660,10166,WristFlex,HAREKET,1,2888,2972,2446,2995,2922,2510
10.1670,10167,WristFlex,HAREKET,1,2942,3005,2549,2974,2956,2533
10.1680,10168,WristFlex,HAREKET,1,2868,2894,2532,3031,2882,2345
10.1690,10169,WristFlex,HAREKET,1,2851,2901,2399,2958,2914,2419
10.1700,10170,WristFlex,HAREKET,1,2858,3035,2541,2904,2933,2361
10.1710,10171,WristFlex,HAREKET,1,2776,3006,2453,3084,3067,2391
10.1720,10172,WristFlex,HAREKET,1,2833,2997,2375,2898,2963,2407
10.1730,10173,WristFlex,HAREKET,1,2945,2938,2415,2848,2969,2425
10.1740,10174,WristFlex,HAREKET,1,2630,3088,2530,2982,2799,2534
10.1750,10175,WristFlex,HAREKET,1,2873,3098,2540,3077,2943,2504
10.1760,10176,WristFlex,HAREKET,1,3040,2857,2488,3096,2925,2532
10.1770,10177,WristFlex,HAREKET,1,3023,2826,2501,2857,2817,2490
10.1780,10178,WristFlex,HAREKET,1,2718,2940,2521,3076,2912,2513
10.1790,10179,WristFlex,HAREKET,1,3024,2961,2550,2777,2958,2441
10.1800,10180,WristFlex,HAREKET,1,2946,2776,2530,2904,2905,2449
10.1810,10181,WristFlex,HAREKET,1,3004,2892,2615,2886,2807,2529
10.1820,10182,WristFlex,HAREKET,1,2901,2883,2410,2903,2823,2475
10.1830,10183,WristFlex,HAREKET,1,2877,2935,2481,2864,2867,2579
10.1840,10184,WristFlex,HAREKET,1,2901,2846,2585,2936,2878,2476
10.1850,10185,WristFlex,HAREKET,1,2908,2794,2514,3026,2650,2460
10.1860,10186,WristFlex,HAREKET,1,2997,2973,2610,3108,2923,2539
10.1870,10187,WristFlex,HAREKET,1,2959,2785,2582,2954,2912,2486
10.1880,10188,WristFlex,HAREKET,1,3053,2973,2484,2945,2828,2600
10.1890,10189,WristFlex,HAREKET,1,3256,2805,2506,2927,3002,2509
10.1900,10190,WristFlex,HAREKET,1,2955,2867,2504,2984,2942,2474
10.1910,10191,WristFlex,HAREKET,1,3229,3155,2435,3164,3102,2444
10.1920,10192,WristFlex,HAREKET,1,2741,2850,2529,3130,3026,2380
10.1930,10193,WristFlex,HAREKET,1,2972,2904,2475,2965,2803,2396
10.1940,10194,WristFlex,HAREKET,1,2691,2941,2460,2958,2874,2355
10.1950,10195,WristFlex,HAREKET,1,2774,3126,2458,2854,2900,2367
10.1960,10196,WristFlex,HAREKET,1,2873,2933,2537,2802,2849,2432
10.1970,10197,WristFlex,HAREKET,1,2889,2943,2516,2984,2855,2378
10.1980,10198,WristFlex,HAREKET,1,2977,2943,2493,2866,2901,2430
10.1990,10199,WristFlex,HAREKET,1,2990,2892,2491,3035,2856,2401
10.2000,10200,WristFlex,HAREKET,1,2892,2804,2482,2770,2964,2464
10.2010,10201,WristFlex,HAREKET,1,2849,2946,2470,2726,2657,2549
10.2020,10202,WristFlex,HAREKET,1,3032,2912,2538,3047,2930,2446
10.2030,10203,WristFlex,HAREKET,1,2947,2913,2519,2919,2926,2510
10.2040,10204,WristFlex,HAREKET,1,2730,2827,2567,3006,2871,2515
10.2050,10205,WristFlex,HAREKET,1,2989,2997,2460,2742,2775,2491
10.2060,10206,WristFlex,HAREKET,1,3073,2899,2545,3095,2884,2555
10.2070,10207,WristFlex,HAREKET,1,2891,3018,2501,2902,2825,2445
10.2080,10208,WristFlex,HAREKET,1,2924,3009,2695,2778,3007,2550
10.2090,10209,WristFlex,HAREKET,1,3057,2889,2536,3011,2922,2428
10.2100,10210,WristFlex,HAREKET,1,3086,2784,2567,3102,2820,2474
10.2110,10211,WristFlex,HAREKET,1,2934,2944,2549,3045,3069,2485
10.2120,10212,WristFlex,HAREKET,1,3112,2902,2473,2971,3013,2445
10.2130,10213,WristFlex,HAREKET,1,2958,2953,2497,3016,2910,2357
10.2140,10214,WristFlex,HAREKET,1,3055,3073,2535,3040,2891,2439
10.2150,10215,WristFlex,HAREKET,1,2838,3022,2511,3001,2934,2512
10.2160,10216,WristFlex,HAREKET,1,2874,3013,2413,2987,2961,2504
10.2170,10217,WristFlex,HAREKET,1,2820,3023,2435,2811,2953,2295
10.2180,10218,WristFlex,HAREKET,1,2856,3035,2373,2826,2737,2484
10.2190,10219,WristFlex,HAREKET,1,2817,2961,2433,2899,2914,2513
10.2200,10220,WristFlex,HAREKET,1,2979,2813,2422,2989,2814,2408
10.2210,10221,WristFlex,HAREKET,1,2919,2921,2519,2789,2910,2450
10.2220,10222,WristFlex,HAREKET,1,2823,2986,2612,3011,2999,2492
10.2230,10223,WristFlex,HAREKET,1,3007,2855,2398,3011,2983,2485
10.2240,10224,WristFlex,HAREKET,1,2884,2841,2518,3020,2873,2400
10.2250,10225,WristFlex,HAREKET,1,2715,3003,2436,2945,2918,2435
10.2260,10226,WristFlex,HAREKET,1,2774,2894,2583,2883,2864,2484
10.2270,10227,WristFlex,HAREKET,1,2920,2871,2486,3107,2792,2591
10.2280,10228,WristFlex,HAREKET,1,2892,2903,2581,3054,2924,2491
10.2290,10229,WristFlex,HAREKET,1,2897,3029,2494,2821,2841,2462
10.2300,10230,WristFlex,HAREKET,1,2897,2910,2628,2982,2847,2436
10.2310,10231,WristFlex,HAREKET,1,2957,2895,2468,3056,2873,2527
10.2320,10232,WristFlex,HAREKET,1,2915,3049,2611,3004,2898,2474
10.2330,10233,WristFlex,HAREKET,1,2857,2932,2591,2864,2954,2511
10.2340,10234,WristFlex,HAREKET,1,3031,2869,2526,3059,2953,2437
10.2350,10235,WristFlex,HAREKET,1,3045,3069,2458,3037,3102,2398
10.2360,10236,WristFlex,HAREKET,1,2830,2870,2435,2977,2866,2555
10.2370,10237,WristFlex,HAREKET,1,2858,3077,2418,3210,2913,2465
10.2380,10238,WristFlex,HAREKET,1,2856,2889,2401,3128,3065,2465
10.2390,10239,WristFlex,HAREKET,1,3050,2982,2498,2782,2936,2432
10.2400,10240,WristFlex,HAREKET,1,2864,3074,2357,2792,2967,2375
10.2410,10241,WristFlex,HAREKET,1,2832,2969,2491,2923,2788,2504
10.2420,10242,WristFlex,HAREKET,1,2820,3073,2472,2851,2995,2460
10.2430,10243,WristFlex,HAREKET,1,2984,3157,2572,2853,2872,2450
10.2440,10244,WristFlex,HAREKET,1,3112,3048,2482,2852,2828,2521
10.2450,10245,WristFlex,HAREKET,1,2892,2961,2431,2976,2921,2513
10.2460,10246,WristFlex,HAREKET,1,2954,2826,2516,2904,2802,2492
10.2470,10247,WristFlex,HAREKET,1,2832,2927,2496,2901,3024,2561
10.2480,10248,WristFlex,HAREKET,1,2884,2903,2569,2882,2826,2514
10.2490,10249,WristFlex,HAREKET,1,2920,2918,2468,2919,3022,2482
10.2500,10250,WristFlex,HAREKET,1,2884,2781,2508,2987,2923,2523
10.2510,10251,WristFlex,HAREKET,1,2849,2996,2478,2815,2905,2501
10.2520,10252,WristFlex,HAREKET,1,2914,3004,2423,2991,2736,2484
10.2530,10253,WristFlex,HAREKET,1,2981,2852,2552,2970,2791,2498
10.2540,10254,WristFlex,HAREKET,1,2972,2905,2465,2940,2976,2561
10.2550,10255,WristFlex,HAREKET,1,3214,3020,2459,2926,2918,2589
10.2560,10256,WristFlex,HAREKET,1,2839,2965,2470,3045,2952,2489
10.2570,10257,WristFlex,HAREKET,1,2819,3054,2474,3093,2983,2543
10.2580,10258,WristFlex,HAREKET,1,3109,3003,2494,2988,3044,2524
10.2590,10259,WristFlex,HAREKET,1,2957,3096,2460,3026,2881,2478
10.2600,10260,WristFlex,HAREKET,1,3012,2944,2460,3014,2917,2431
10.2610,10261,WristFlex,HAREKET,1,2853,2959,2381,2889,2822,2442
10.2620,10262,WristFlex,HAREKET,1,2912,2990,2467,2996,2879,2460
10.2630,10263,WristFlex,HAREKET,1,2800,2814,2422,2760,2947,2356
10.2640,10264,WristFlex,HAREKET,1,3017,3048,2532,2900,2905,2440
10.2650,10265,WristFlex,HAREKET,1,2865,2977,2438,2882,2930,2484
10.2660,10266,WristFlex,HAREKET,1,2927,2934,2563,2875,2901,2510
10.2670,10267,WristFlex,HAREKET,1,2807,2973,2557,2969,2910,2495
10.2680,10268,WristFlex,HAREKET,1,2965,2829,2470,2886,2976,2552
10.2690,10269,WristFlex,HAREKET,1,2862,2801,2480,2908,2836,2430
10.2700,10270,WristFlex,HAREKET,1,2878,2977,2487,2958,2800,2481
10.2710,10271,WristFlex,HAREKET,1,2982,2927,2494,2920,2943,2598
10.2720,10272,WristFlex,HAREKET,1,2874,2928,2448,3031,2839,2489
10.2730,10273,WristFlex,HAREKET,1,2857,3028,2453,2903,2885,2529
10.2740,10274,WristFlex,HAREKET,1,2929,2864,2493,2786,2867,2470
10.2750,10275,WristFlex,HAREKET,1,2908,2903,2501,2939,2903,2519
10.2760,10276,WristFlex,HAREKET,1,3020,2828,2572,2888,3021,2548
10.2770,10277,WristFlex,HAREKET,1,2987,3057,2502,2947,2839,2533
10.2780,10278,WristFlex,HAREKET,1,3017,2991,2601,2805,2895,2418
10.2790,10279,WristFlex,HAREKET,1,2958,2854,2581,3020,2895,2519
10.2800,10280,WristFlex,HAREKET,1,2969,2911,2597,3068,2950,2493
10.2810,10281,WristFlex,HAREKET,1,3021,3007,2507,2959,2946,2473
10.2820,10282,WristFlex,HAREKET,1,3153,3093,2540,3083,2892,2420
10.2830,10283,WristFlex,HAREKET,1,3018,3074,2451,3068,2920,2438
10.2840,10284,WristFlex,HAREKET,1,2806,3114,2440,2989,3000,2469
10.2850,10285,WristFlex,HAREKET,1,2806,3092,2525,3075,2900,2504
10.2860,10286,WristFlex,HAREKET,1,2755,3046,2496,2894,2770,2508
10.2870,10287,WristFlex,HAREKET,1,2804,2952,2354,3025,2795,2405
10.2880,10288,WristFlex,HAREKET,1,2903,2863,2415,3183,2865,2478
10.2890,10289,WristFlex,HAREKET,1,2855,3008,2492,3014,2645,2417
10.2900,10290,WristFlex,HAREKET,1,2941,2727,2405,3004,2943,2460
10.2910,10291,WristFlex,HAREKET,1,2941,2824,2541,2809,2983,2545
10.2920,10292,WristFlex,HAREKET,1,2968,2878,2535,3020,2939,2618
10.2930,10293,WristFlex,HAREKET,1,2895,2956,2494,2840,2801,2567
10.2940,10294,WristFlex,HAREKET,1,2875,2906,2539,2824,2895,2461
10.2950,10295,WristFlex,HAREKET,1,2922,2811,2408,2775,2985,2582
10.2960,10296,WristFlex,HAREKET,1,2866,2866,2656,2919,2838,2582
10.2970,10297,WristFlex,HAREKET,1,2725,2927,2575,2828,2856,2508
10.2980,10298,WristFlex,HAREKET,1,3024,2827,2511,2935,2686,2481
10.2990,10299,WristFlex,HAREKET,1,2859,2906,2425,2852,3005,2465
10.3000,10300,WristFlex,HAREKET,1,3100,2922,2540,3004,2890,2467
10.3010,10301,WristFlex,HAREKET,1,3039,2873,2492,2977,3020,2536
10.3020,10302,WristFlex,HAREKET,1,3058,3029,2538,3046,3074,2499
10.3030,10303,WristFlex,HAREKET,1,2952,2768,2378,3003,2985,2498
10.3040,10304,WristFlex,HAREKET,1,2976,3022,2503,3007,2982,2454
10.3050,10305,WristFlex,HAREKET,1,2880,3153,2495,2955,3009,2386
10.3060,10306,WristFlex,HAREKET,1,2999,2942,2373,2965,2884,2511
10.3070,10307,WristFlex,HAREKET,1,2706,3019,2412,2921,2970,2393
10.3080,10308,WristFlex,HAREKET,1,2841,2911,2401,2983,3041,2450
10.3090,10309,WristFlex,HAREKET,1,2822,2894,2448,2934,2966,2411
10.3100,10310,WristFlex,HAREKET,1,2984,3101,2561,3027,2799,2419
10.3110,10311,WristFlex,HAREKET,1,2866,2948,2457,2982,2870,2547
10.3120,10312,WristFlex,HAREKET,1,2956,2979,2499,2711,2893,2496
10.3130,10313,WristFlex,HAREKET,1,2884,2960,2460,2844,2871,2458
10.3140,10314,WristFlex,HAREKET,1,3035,2858,2513,2757,3063,2511
10.3150,10315,WristFlex,HAREKET,1,2933,2818,2479,2914,2913,2397
10.3160,10316,WristFlex,HAREKET,1,2787,2896,2434,2860,2884,2607
10.3170,10317,WristFlex,HAREKET,1,2871,3022,2450,2917,2887,2531
10.3180,10318,WristFlex,HAREKET,1,2844,2956,2467,2976,2944,2493
10.3190,10319,WristFlex,HAREKET,1,3008,2767,2490,2939,2929,2507
10.3200,10320,WristFlex,HAREKET,1,2993,2906,2622,2950,2975,2494
10.3210,10321,WristFlex,HAREKET,1,2843,2882,2552,2867,2866,2462
10.3220,10322,WristFlex,HAREKET,1,3124,2851,2487,2835,2831,2584
10.3230,10323,WristFlex,HAREKET,1,3031,2853,2487,2825,2764,2425
10.3240,10324,WristFlex,HAREKET,1,2992,3072,2434,2884,3103,2577
10.3250,10325,WristFlex,HAREKET,1,3033,2979,2535,2995,3176,2470
10.3260,10326,WristFlex,HAREKET,1,2956,3126,2434,2993,3104,2452
10.3270,10327,WristFlex,HAREKET,1,2984,2961,2417,2958,2895,2497
10.3280,10328,WristFlex,HAREKET,1,2849,3004,2447,3052,2891,2415
10.3290,10329,WristFlex,HAREKET,1,2910,3129,2478,2975,3046,2484
10.3300,10330,WristFlex,HAREKET,1,2845,2992,2424,2784,2984,2438
10.3310,10331,WristFlex,HAREKET,1,2942,3169,2435,2948,2830,2422
10.3320,10332,WristFlex,HAREKET,1,2869,3134,2562,2794,2868,2535
10.3330,10333,WristFlex,HAREKET,1,2815,3165,2492,3046,2805,2448
10.3340,10334,WristFlex,HAREKET,1,2901,3065,2495,2848,2924,2585
10.3350,10335,WristFlex,HAREKET,1,2845,2849,2428,2791,3006,2486
10.3360,10336,WristFlex,HAREKET,1,2962,3124,2484,2936,2811,2596
10.3370,10337,WristFlex,HAREKET,1,2997,3010,2506,2712,2944,2632
10.3380,10338,WristFlex,HAREKET,1,2931,2916,2425,2883,2819,2387
10.3390,10339,WristFlex,HAREKET,1,2780,2925,2480,2872,2971,2515
10.3400,10340,WristFlex,HAREKET,1,2969,2895,2517,3056,2724,2463
10.3410,10341,WristFlex,HAREKET,1,2821,2910,2419,2759,2902,2507
10.3420,10342,WristFlex,HAREKET,1,2915,2908,2506,2920,2930,2496
10.3430,10343,WristFlex,HAREKET,1,2902,2976,2500,2853,2775,2457
10.3440,10344,WristFlex,HAREKET,1,2896,2901,2552,3042,2895,2526
10.3450,10345,WristFlex,HAREKET,1,3096,2989,2482,2846,3076,2559
10.3460,10346,WristFlex,HAREKET,1,3009,2925,2557,2962,2934,2553
10.3470,10347,WristFlex,HAREKET,1,2927,2878,2501,3151,2843,2423
10.3480,10348,WristFlex,HAREKET,1,2927,2988,2469,2959,3048,2518
10.3490,10349,WristFlex,HAREKET,1,2879,2976,2525,2951,2917,2448
10.3500,10350,WristFlex,HAREKET,1,2979,2974,2444,2989,3017,2553
10.3510,10351,WristFlex,HAREKET,1,2783,3079,2408,2931,2984,2443
10.3520,10352,WristFlex,HAREKET,1,2862,3011,2382,2967,2912,2417
10.3530,10353,WristFlex,HAREKET,1,2759,3046,2418,2692,2817,2509
10.3540,10354,WristFlex,HAREKET,1,2937,2970,2476,2881,3013,2409
10.3550,10355,WristFlex,HAREKET,1,2882,3061,2404,2819,2958,2518
10.3560,10356,WristFlex,HAREKET,1,2874,3063,2436,2939,2935,2497
10.3570,10357,WristFlex,HAREKET,1,2912,3054,2494,2746,2938,2473
10.3580,10358,WristFlex,HAREKET,1,2845,2938,2462,2930,3067,2495
10.3590,10359,WristFlex,HAREKET,1,3033,2975,2430,3002,2920,2492
10.3600,10360,WristFlex,HAREKET,1,3020,2933,2599,2980,2894,2609
10.3610,10361,WristFlex,HAREKET,1,3013,2954,2525,2892,2948,2487
10.3620,10362,WristFlex,HAREKET,1,2876,3007,2460,2887,2913,2490
10.3630,10363,WristFlex,HAREKET,1,2900,2911,2396,2865,2992,2532
10.3640,10364,WristFlex,HAREKET,1,2923,3097,2508,2817,2796,2549
10.3650,10365,WristFlex,HAREKET,1,2869,2901,2471,2924,2895,2638
10.3660,10366,WristFlex,HAREKET,1,3006,2902,2419,3032,2981,2450
10.3670,10367,WristFlex,HAREKET,1,2839,3034,2485,3056,2833,2477
10.3680,10368,WristFlex,HAREKET,1,3086,2910,2524,2990,2949,2537
10.3690,10369,WristFlex,HAREKET,1,2828,2944,2444,2948,2927,2479
10.3700,10370,WristFlex,HAREKET,1,3004,2912,2524,2889,3078,2476
10.3710,10371,WristFlex,HAREKET,1,2948,2983,2502,3013,3160,2559
10.3720,10372,WristFlex,HAREKET,1,3061,2986,2361,2936,2955,2471
10.3730,10373,WristFlex,HAREKET,1,2889,3039,2457,3006,3005,2380
10.3740,10374,WristFlex,HAREKET,1,2796,3048,2466,3004,3050,2465
10.3750,10375,WristFlex,HAREKET,1,3037,3089,2388,2933,2758,2413
10.3760,10376,WristFlex,HAREKET,1,2793,2858,2430,2726,2813,2563
10.3770,10377,WristFlex,HAREKET,1,2914,3051,2494,2907,2888,2510
10.3780,10378,WristFlex,HAREKET,1,2802,3040,2405,2737,2896,2496
10.3790,10379,WristFlex,HAREKET,1,2903,2925,2424,2942,2837,2466
10.3800,10380,WristFlex,HAREKET,1,2912,2913,2520,2846,2965,2587
10.3810,10381,WristFlex,HAREKET,1,2897,3091,2445,2859,2851,2511
10.3820,10382,WristFlex,HAREKET,1,2966,2936,2501,3022,2896,2634
10.3830,10383,WristFlex,HAREKET,1,2941,2843,2488,2899,2837,2517
10.3840,10384,WristFlex,HAREKET,1,2884,2948,2430,2934,2996,2586
10.3850,10385,WristFlex,HAREKET,1,2790,2820,2424,2909,2825,2500
10.3860,10386,WristFlex,HAREKET,1,2896,2954,2536,2723,2763,2532
10.3870,10387,WristFlex,HAREKET,1,3009,2919,2537,3048,2959,2537
10.3880,10388,WristFlex,HAREKET,1,3071,2986,2423,2793,2801,2562
10.3890,10389,WristFlex,HAREKET,1,2910,2878,2452,2804,2783,2465
10.3900,10390,WristFlex,HAREKET,1,2989,3021,2488,2900,3118,2502
10.3910,10391,WristFlex,HAREKET,1,2858,2754,2539,2999,2943,2526
10.3920,10392,WristFlex,HAREKET,1,2995,2930,2523,3030,3036,2538
10.3930,10393,WristFlex,HAREKET,1,3060,2894,2478,2991,3040,2487
10.3940,10394,WristFlex,HAREKET,1,2977,2905,2489,2928,3023,2527
10.3950,10395,WristFlex,HAREKET,1,2788,2896,2514,3003,3060,2487
10.3960,10396,WristFlex,HAREKET,1,2860,2974,2329,2945,3031,2451
10.3970,10397,WristFlex,HAREKET,1,2799,3133,2471,3013,2935,2384
10.3980,10398,WristFlex,HAREKET,1,2873,3055,2392,2849,2790,2506
10.3990,10399,WristFlex,HAREKET,1,2821,3096,2387,2895,2874,2470
10.4000,10400,WristFlex,HAREKET,1,2878,3152,2433,2823,2994,2422
10.4010,10401,WristFlex,HAREKET,1,2855,2964,2468,2802,2897,2585
10.4020,10402,WristFlex,HAREKET,1,2962,2927,2486,2928,2932,2481
10.4030,10403,WristFlex,HAREKET,1,3112,3026,2474,2910,3043,2597
10.4040,10404,WristFlex,HAREKET,1,2791,2986,2483,2784,2970,2488
10.4050,10405,WristFlex,HAREKET,1,2898,3131,2468,2917,2916,2554
10.4060,10406,WristFlex,HAREKET,1,2985,2909,2467,2886,2901,2639
10.4070,10407,WristFlex,HAREKET,1,2924,2982,2532,2924,2954,2574
10.4080,10408,WristFlex,HAREKET,1,2914,3001,2443,2969,3023,2457
10.4090,10409,WristFlex,HAREKET,1,2830,2987,2582,2708,2896,2464
10.4100,10410,WristFlex,HAREKET,1,2913,3069,2484,2946,2929,2440
10.4110,10411,WristFlex,HAREKET,1,2919,2982,2478,2871,2901,2419
10.4120,10412,WristFlex,HAREKET,1,2886,2939,2470,2854,2940,2469
10.4130,10413,WristFlex,HAREKET,1,2935,2983,2509,2986,2939,2529
10.4140,10414,WristFlex,HAREKET,1,3024,2987,2572,2844,2865,2586
10.4150,10415,WristFlex,HAREKET,1,3038,2971,2495,3026,3047,2560
10.4160,10416,WristFlex,HAREKET,1,3025,2919,2522,2942,2930,2416
10.4170,10417,WristFlex,HAREKET,1,2903,2874,2471,2739,3088,2546
10.4180,10418,WristFlex,HAREKET,1,2841,3085,2590,2966,2915,2447
10.4190,10419,WristFlex,HAREKET,1,2944,3090,2474,3040,3193,2501
10.4200,10420,WristFlex,HAREKET,1,2855,3052,2432,2891,3020,2461
10.4210,10421,WristFlex,HAREKET,1,2980,3097,2397,2942,2863,2466
10.4220,10422,WristFlex,HAREKET,1,2786,3026,2384,2930,3117,2480
10.4230,10423,WristFlex,HAREKET,1,2730,2968,2498,2834,2875,2470
10.4240,10424,WristFlex,HAREKET,1,2926,2978,2431,2972,2884,2548
10.4250,10425,WristFlex,HAREKET,1,2876,2896,2509,2870,2943,2484
10.4260,10426,WristFlex,HAREKET,1,2811,2849,2534,2836,2975,2502
10.4270,10427,WristFlex,HAREKET,1,2780,3103,2424,2961,2936,2502
10.4280,10428,WristFlex,HAREKET,1,2768,2908,2532,2802,2889,2566
10.4290,10429,WristFlex,HAREKET,1,2796,3015,2417,2924,2992,2526
10.4300,10430,WristFlex,HAREKET,1,3024,2908,2443,3009,3007,2572
10.4310,10431,WristFlex,HAREKET,1,2873,2991,2416,2829,2831,2536
10.4320,10432,WristFlex,HAREKET,1,2925,2949,2473,2828,2994,2481
10.4330,10433,WristFlex,HAREKET,1,2850,3056,2469,3036,2888,2430
10.4340,10434,WristFlex,HAREKET,1,2953,2950,2463,2929,2878,2509
10.4350,10435,WristFlex,HAREKET,1,2896,2660,2542,2824,3108,2577
10.4360,10436,WristFlex,HAREKET,1,2822,2716,2513,2848,2940,2483
10.4370,10437,WristFlex,HAREKET,1,3070,3015,2523,2906,3006,2577
10.4380,10438,WristFlex,HAREKET,1,2977,2961,2501,3044,2995,2518
10.4390,10439,WristFlex,HAREKET,1,2959,2897,2511,2980,3115,2518
10.4400,10440,WristFlex,HAREKET,1,2894,2976,2434,3102,3068,2427
10.4410,10441,WristFlex,HAREKET,1,2778,3092,2449,2999,2989,2472
10.4420,10442,WristFlex,HAREKET,1,2931,3030,2450,2972,3050,2417
10.4430,10443,WristFlex,HAREKET,1,2854,3048,2499,2937,3095,2437
10.4440,10444,WristFlex,HAREKET,1,2798,3077,2406,2826,2833,2421
10.4450,10445,WristFlex,HAREKET,1,2950,3095,2399,2774,2877,2464
10.4460,10446,WristFlex,HAREKET,1,2833,2998,2459,2835,2859,2475
10.4470,10447,WristFlex,HAREKET,1,2868,2967,2516,2806,2800,2489
10.4480,10448,WristFlex,HAREKET,1,2753,2954,2523,2798,2861,2449
10.4490,10449,WristFlex,HAREKET,1,2859,2875,2519,2885,2890,2513
10.4500,10450,WristFlex,HAREKET,1,2853,2968,2551,2860,2923,2520
10.4510,10451,WristFlex,HAREKET,1,2973,2851,2506,2828,2912,2538
10.4520,10452,WristFlex,HAREKET,1,2881,2920,2477,2911,3024,2448
10.4530,10453,WristFlex,HAREKET,1,3017,2961,2482,2948,2929,2475
10.4540,10454,WristFlex,HAREKET,1,2812,2889,2402,2825,2779,2426
10.4550,10455,WristFlex,HAREKET,1,2807,3091,2481,2991,2957,2446
10.4560,10456,WristFlex,HAREKET,1,2809,2928,2452,2959,2853,2473
10.4570,10457,WristFlex,HAREKET,1,3045,2913,2609,2753,2917,2468
10.4580,10458,WristFlex,HAREKET,1,2925,2882,2552,3016,2846,2552
10.4590,10459,WristFlex,HAREKET,1,2966,2907,2374,2848,3048,2566
10.4600,10460,WristFlex,HAREKET,1,3014,2813,2594,2897,2984,2614
10.4610,10461,WristFlex,HAREKET,1,3051,2930,2456,2952,3121,2531
10.4620,10462,WristFlex,HAREKET,1,2804,2965,2431,3130,3065,2453
10.4630,10463,WristFlex,HAREKET,1,2898,2980,2386,3067,2993,2503
10.4640,10464,WristFlex,HAREKET,1,2793,3120,2474,3051,2933,2472
10.4650,10465,WristFlex,HAREKET,1,2989,3092,2459,3021,3042,2499
10.4660,10466,WristFlex,HAREKET,1,2873,3071,2374,2894,3129,2504
10.4670,10467,WristFlex,HAREKET,1,2687,2928,2495,2910,2970,2489
10.4680,10468,WristFlex,HAREKET,1,2808,3229,2306,2917,2959,2480
10.4690,10469,WristFlex,HAREKET,1,2957,2903,2393,2814,3020,2536
10.4700,10470,WristFlex,HAREKET,1,2771,2986,2468,2879,3113,2579
10.4710,10471,WristFlex,HAREKET,1,2880,2862,2371,2750,2890,2450
10.4720,10472,WristFlex,HAREKET,1,2914,2872,2524,2977,3020,2580
10.4730,10473,WristFlex,HAREKET,1,2890,2835,2353,2759,2962,2491
10.4740,10474,WristFlex,HAREKET,1,2905,2760,2389,2841,2986,2600
10.4750,10475,WristFlex,HAREKET,1,2835,2998,2449,2886,2858,2490
10.4760,10476,WristFlex,HAREKET,1,2832,2923,2395,3090,2913,2545
10.4770,10477,WristFlex,HAREKET,1,2974,2992,2449,2859,2936,2485
10.4780,10478,WristFlex,HAREKET,1,2837,2911,2436,2710,2860,2577
10.4790,10479,WristFlex,HAREKET,1,2956,3137,2470,2960,2975,2455
10.4800,10480,WristFlex,HAREKET,1,2726,3019,2607,2731,2826,2484
10.4810,10481,WristFlex,HAREKET,1,2896,2967,2539,2836,2991,2524
10.4820,10482,WristFlex,HAREKET,1,2854,2850,2531,2915,3098,2495
10.4830,10483,WristFlex,HAREKET,1,2917,3034,2446,2962,2925,2554
10.4840,10484,WristFlex,HAREKET,1,2903,3021,2495,2964,3093,2571
10.4850,10485,WristFlex,HAREKET,1,2989,2901,2506,3032,3108,2489
10.4860,10486,WristFlex,HAREKET,1,3036,3047,2554,2981,3042,2543
10.4870,10487,WristFlex,HAREKET,1,2840,2873,2372,2784,2939,2554
10.4880,10488,WristFlex,HAREKET,1,2929,3123,2474,2873,2909,2512
10.4890,10489,WristFlex,HAREKET,1,2867,3156,2447,2763,2961,2418
10.4900,10490,WristFlex,HAREKET,1,2758,2964,2455,2926,3018,2430
10.4910,10491,WristFlex,HAREKET,1,2672,3029,2448,2802,2904,2500
10.4920,10492,WristFlex,HAREKET,1,2835,2938,2483,2846,2927,2585
10.4930,10493,WristFlex,HAREKET,1,2859,3079,2399,2870,3055,2571
10.4940,10494,WristFlex,HAREKET,1,2891,2992,2511,2868,2994,2440
10.4950,10495,WristFlex,HAREKET,1,2770,2880,2468,2886,2942,2578
10.4960,10496,WristFlex,HAREKET,1,2938,2861,2377,2782,3053,2498
10.4970,10497,WristFlex,HAREKET,1,2804,2945,2452,2990,2895,2504
10.4980,10498,WristFlex,HAREKET,1,2916,2928,2541,2871,2952,2583
10.4990,10499,WristFlex,HAREKET,1,2803,3049,2429,2821,2985,2487
10.5000,10500,WristFlex,HAREKET,1,2816,2911,2473,2886,2769,2559
10.5010,10501,WristFlex,HAREKET,1,2715,3016,2519,2911,2813,2543
10.5020,10502,WristFlex,HAREKET,1,2983,2905,2450,2856,2919,2567
10.5030,10503,WristFlex,HAREKET,1,2833,3003,2489,2857,2839,2474
10.5040,10504,WristFlex,HAREKET,1,2825,2898,2459,2861,3036,2588
10.5050,10505,WristFlex,HAREKET,1,2948,2921,2535,2921,2884,2540
10.5060,10506,WristFlex,HAREKET,1,2987,2947,2525,2852,2817,2518
10.5070,10507,WristFlex,HAREKET,1,3037,2859,2493,3007,3008,2469
10.5080,10508,WristFlex,HAREKET,1,2968,3049,2528,2875,2954,2380
10.5090,10509,WristFlex,HAREKET,1,2786,3069,2516,3090,3022,2393
10.5100,10510,WristFlex,HAREKET,1,2949,2985,2515,2965,3003,2429
10.5110,10511,WristFlex,HAREKET,1,2888,3066,2461,2895,2836,2466
10.5120,10512,WristFlex,HAREKET,1,2876,2984,2452,2970,2907,2515
10.5130,10513,WristFlex,HAREKET,1,2778,3045,2403,2874,2938,2415
10.5140,10514,WristFlex,HAREKET,1,2752,2857,2502,2875,2998,2426
10.5150,10515,WristFlex,HAREKET,1,2830,2990,2512,2920,2937,2364
10.5160,10516,WristFlex,HAREKET,1,2887,3049,2539,3120,2888,2541
10.5170,10517,WristFlex,HAREKET,1,2777,3001,2537,2719,2923,2319
10.5180,10518,WristFlex,HAREKET,1,2705,2983,2425,2812,3034,2571
10.5190,10519,WristFlex,HAREKET,1,2855,2851,2543,2954,2715,2417
10.5200,10520,WristFlex,HAREKET,1,2925,3002,2472,2716,2892,2526
10.5210,10521,WristFlex,HAREKET,1,2854,3081,2553,2685,2823,2543
10.5220,10522,WristFlex,HAREKET,1,2809,2898,2470,2847,2964,2563
10.5230,10523,WristFlex,HAREKET,1,2780,2928,2550,2914,2926,2506
10.5240,10524,WristFlex,HAREKET,1,2930,2837,2586,2944,2988,2514
10.5250,10525,WristFlex,HAREKET,1,2874,2963,2578,2816,2891,2577
10.5260,10526,WristFlex,HAREKET,1,2828,3071,2500,2788,2989,2440
10.5270,10527,WristFlex,HAREKET,1,2928,2863,2542,2843,2960,2544
10.5280,10528,WristFlex,HAREKET,1,2752,2908,2467,2838,3032,2611
10.5290,10529,WristFlex,HAREKET,1,3033,2926,2528,3012,3088,2497
10.5300,10530,WristFlex,HAREKET,1,2908,3004,2468,2834,3061,2447
10.5310,10531,WristFlex,HAREKET,1,2854,3055,2430,2899,3009,2443
10.5320,10532,WristFlex,HAREKET,1,2816,3023,2373,3056,3030,2405
10.5330,10533,WristFlex,HAREKET,1,2854,3117,2499,2809,3053,2458
10.5340,10534,WristFlex,HAREKET,1,2843,3129,2500,2904,2922,2375
10.5350,10535,WristFlex,HAREKET,1,2893,3007,2374,2938,2836,2381
10.5360,10536,WristFlex,HAREKET,1,2948,2995,2454,2963,2897,2473
10.5370,10537,WristFlex,HAREKET,1,2807,3031,2462,2936,2974,2505
10.5380,10538,WristFlex,HAREKET,1,2884,3053,2537,2954,2948,2547
10.5390,10539,WristFlex,HAREKET,1,2725,2970,2433,2789,2844,2408
10.5400,10540,WristFlex,HAREKET,1,2839,2873,2506,2932,2666,2460
10.5410,10541,WristFlex,HAREKET,1,2842,3018,2516,2942,2939,2579
10.5420,10542,WristFlex,HAREKET,1,2853,2926,2614,2872,2930,2547
10.5430,10543,WristFlex,HAREKET,1,2825,3040,2440,2809,2981,2557
10.5440,10544,WristFlex,HAREKET,1,2866,2892,2477,2701,3001,2535
10.5450,10545,WristFlex,HAREKET,1,2879,2876,2486,2838,2949,2530
10.5460,10546,WristFlex,HAREKET,1,2839,3000,2663,2845,3041,2522
10.5470,10547,WristFlex,HAREKET,1,2890,2828,2413,2966,3073,2474
10.5480,10548,WristFlex,HAREKET,1,2973,2835,2428,2984,2888,2512
10.5490,10549,WristFlex,HAREKET,1,2889,3072,2400,2934,2929,2584
10.5500,10550,WristFlex,HAREKET,1,3023,2869,2603,2950,3044,2497
10.5510,10551,WristFlex,HAREKET,1,3052,2902,2569,2968,3054,2495
10.5520,10552,WristFlex,HAREKET,1,2865,2965,2526,2891,3001,2506
10.5530,10553,WristFlex,HAREKET,1,2843,2874,2501,2989,3038,2546
10.5540,10554,WristFlex,HAREKET,1,2812,2969,2544,2871,3022,2433
10.5550,10555,WristFlex,HAREKET,1,2952,3019,2432,2853,3172,2443
10.5560,10556,WristFlex,HAREKET,1,2828,3076,2482,3027,3150,2494
10.5570,10557,WristFlex,HAREKET,1,2904,2880,2516,2928,3223,2514
10.5580,10558,WristFlex,HAREKET,1,2926,3005,2596,2947,3091,2368
10.5590,10559,WristFlex,HAREKET,1,2729,3034,2445,2776,2889,2394
10.5600,10560,WristFlex,HAREKET,1,2845,2910,2487,2842,2809,2509
10.5610,10561,WristFlex,HAREKET,1,2855,3002,2461,3085,3077,2450
10.5620,10562,WristFlex,HAREKET,1,2866,2996,2445,2797,2847,2463
10.5630,10563,WristFlex,HAREKET,1,2724,2918,2520,2895,2859,2479
10.5640,10564,WristFlex,HAREKET,1,2894,2987,2529,2870,2951,2574
10.5650,10565,WristFlex,HAREKET,1,2815,2834,2551,2860,2958,2544
10.5660,10566,WristFlex,HAREKET,1,3040,3024,2484,2956,2864,2472
10.5670,10567,WristFlex,HAREKET,1,2893,2927,2506,2751,2905,2526
10.5680,10568,WristFlex,HAREKET,1,2729,2928,2450,2820,2859,2546
10.5690,10569,WristFlex,HAREKET,1,2933,2881,2506,2943,2821,2563
10.5700,10570,WristFlex,HAREKET,1,2922,3026,2569,2968,2911,2581
10.5710,10571,WristFlex,HAREKET,1,2773,2905,2520,2764,2909,2473
10.5720,10572,WristFlex,HAREKET,1,2925,2857,2583,2998,2894,2534
10.5730,10573,WristFlex,HAREKET,1,2907,2910,2547,2842,3138,2440
10.5740,10574,WristFlex,HAREKET,1,2819,2949,2553,2982,2819,2426
10.5750,10575,WristFlex,HAREKET,1,2912,2901,2617,2889,2961,2537
10.5760,10576,WristFlex,HAREKET,1,2970,2919,2526,3025,3036,2534
10.5770,10577,WristFlex,HAREKET,1,2891,2933,2489,2957,3033,2507
10.5780,10578,WristFlex,HAREKET,1,2777,3000,2376,2952,2911,2382
10.5790,10579,WristFlex,HAREKET,1,2895,2939,2460,2819,2906,2434
10.5800,10580,WristFlex,HAREKET,1,2816,2978,2484,2875,2991,2319
10.5810,10581,WristFlex,HAREKET,1,2906,3109,2499,2877,3061,2373
10.5820,10582,WristFlex,HAREKET,1,2979,3070,2479,3064,2919,2381
10.5830,10583,WristFlex,HAREKET,1,2882,2879,2517,2892,2941,2412
10.5840,10584,WristFlex,HAREKET,1,2778,3066,2531,2960,2881,2478
10.5850,10585,WristFlex,HAREKET,1,2896,2878,2561,2927,2870,2511
10.5860,10586,WristFlex,HAREKET,1,2869,2878,2486,2815,2950,2578
10.5870,10587,WristFlex,HAREKET,1,2893,2736,2547,2766,2974,2535
10.5880,10588,WristFlex,HAREKET,1,2943,2982,2480,2799,2990,2518
10.5890,10589,WristFlex,HAREKET,1,2906,2912,2561,2902,3011,2579
10.5900,10590,WristFlex,HAREKET,1,2740,2980,2429,2912,2878,2573
10.5910,10591,WristFlex,HAREKET,1,2868,3074,2472,2805,2882,2478
10.5920,10592,WristFlex,HAREKET,1,2715,3001,2440,2905,2901,2448
10.5930,10593,WristFlex,HAREKET,1,2866,2821,2541,2863,2920,2491
10.5940,10594,WristFlex,HAREKET,1,3048,2945,2457,2845,2815,2530
10.5950,10595,WristFlex,HAREKET,1,2845,2808,2594,2803,2951,2531
10.5960,10596,WristFlex,HAREKET,1,2859,2974,2481,2932,3083,2473
10.5970,10597,WristFlex,HAREKET,1,2976,2958,2642,2974,2970,2404
10.5980,10598,WristFlex,HAREKET,1,2833,2940,2524,2937,2969,2539
10.5990,10599,WristFlex,HAREKET,1,2951,3012,2534,3009,2886,2515
10.6000,10600,WristFlex,HAREKET,1,2851,3130,2431,3070,3110,2453
10.6010,10601,WristFlex,HAREKET,1,2896,2971,2450,3017,3034,2420
10.6020,10602,WristFlex,HAREKET,1,2846,2993,2449,2933,3149,2374
10.6030,10603,WristFlex,HAREKET,1,2765,3122,2558,2993,2922,2492
10.6040,10604,WristFlex,HAREKET,1,2708,2922,2514,2880,3029,2362
10.6050,10605,WristFlex,HAREKET,1,2789,3074,2465,2810,2883,2472
10.6060,10606,WristFlex,HAREKET,1,2872,3203,2502,2795,2923,2444
10.6070,10607,WristFlex,HAREKET,1,2782,2913,2559,2816,3078,2505
10.6080,10608,WristFlex,HAREKET,1,2844,2957,2466,2986,3018,2510
10.6090,10609,WristFlex,HAREKET,1,2904,2971,2448,2889,2880,2488
10.6100,10610,WristFlex,HAREKET,1,2839,2975,2559,2890,2982,2464
10.6110,10611,WristFlex,HAREKET,1,2717,3072,2596,2891,2967,2568
10.6120,10612,WristFlex,HAREKET,1,2860,3059,2538,2957,2861,2484
10.6130,10613,WristFlex,HAREKET,1,2844,2862,2521,2917,2701,2371
10.6140,10614,WristFlex,HAREKET,1,2931,2855,2448,3046,2825,2436
10.6150,10615,WristFlex,HAREKET,1,2914,2778,2552,2801,2997,2431
10.6160,10616,WristFlex,HAREKET,1,2722,2798,2490,2627,2791,2467
10.6170,10617,WristFlex,HAREKET,1,2797,2944,2569,2830,2939,2342
10.6180,10618,WristFlex,HAREKET,1,2913,2712,2450,2948,2830,2474
10.6190,10619,WristFlex,HAREKET,1,2899,2854,2543,2924,2896,2493
10.6200,10620,WristFlex,HAREKET,1,2874,2908,2519,2879,3063,2527
10.6210,10621,WristFlex,HAREKET,1,2915,2969,2507,2945,3091,2546
10.6220,10622,WristFlex,HAREKET,1,2872,3060,2450,3104,3059,2454
10.6230,10623,WristFlex,HAREKET,1,2971,2853,2521,3055,3043,2463
10.6240,10624,WristFlex,HAREKET,1,2813,2974,2457,2915,2989,2438
10.6250,10625,WristFlex,HAREKET,1,2831,3068,2483,2844,2893,2553
10.6260,10626,WristFlex,HAREKET,1,2994,3104,2413,2942,2812,2381
10.6270,10627,WristFlex,HAREKET,1,2918,2969,2393,2953,2989,2478
10.6280,10628,WristFlex,HAREKET,1,2788,3070,2547,2797,2782,2404
10.6290,10629,WristFlex,HAREKET,1,2853,2862,2429,2836,3018,2418
10.6300,10630,WristFlex,HAREKET,1,2944,2991,2570,2881,2994,2449
10.6310,10631,WristFlex,HAREKET,1,3014,2905,2588,3050,2835,2524
10.6320,10632,WristFlex,HAREKET,1,2753,2848,2550,3072,3035,2491
10.6330,10633,WristFlex,HAREKET,1,2830,2806,2500,2936,3053,2570
10.6340,10634,WristFlex,HAREKET,1,2883,2946,2596,2917,2928,2534
10.6350,10635,WristFlex,HAREKET,1,2727,2917,2555,2759,2944,2408
10.6360,10636,WristFlex,HAREKET,1,2907,2932,2520,2825,2879,2447
10.6370,10637,WristFlex,HAREKET,1,2787,2953,2463,2876,2835,2458
10.6380,10638,WristFlex,HAREKET,1,2896,2938,2562,2826,2994,2467
10.6390,10639,WristFlex,HAREKET,1,2864,2953,2437,2877,2971,2452
10.6400,10640,WristFlex,HAREKET,1,2895,2898,2492,2967,2856,2362
10.6410,10641,WristFlex,HAREKET,1,2781,2942,2623,2892,3086,2438
10.6420,10642,WristFlex,HAREKET,1,2993,2916,2528,2896,3085,2509
10.6430,10643,WristFlex,HAREKET,1,2982,2778,2557,2935,2983,2593
10.6440,10644,WristFlex,HAREKET,1,2939,3051,2445,2997,3208,2511
10.6450,10645,WristFlex,HAREKET,1,2902,2846,2481,2995,2893,2421
10.6460,10646,WristFlex,HAREKET,1,2823,2943,2541,2876,3019,2434
10.6470,10647,WristFlex,HAREKET,1,2757,3023,2548,2894,3020,2305
10.6480,10648,WristFlex,HAREKET,1,2970,3044,2377,2870,2998,2382
10.6490,10649,WristFlex,HAREKET,1,2698,2881,2564,3079,2981,2492
10.6500,10650,WristFlex,HAREKET,1,2739,2880,2533,2872,2929,2492
10.6510,10651,WristFlex,HAREKET,1,2864,2933,2461,2805,2808,2500
10.6520,10652,WristFlex,HAREKET,1,2909,3072,2551,2860,2856,2489
10.6530,10653,WristFlex,HAREKET,1,2857,2972,2580,2857,2842,2512
10.6540,10654,WristFlex,HAREKET,1,2996,2797,2431,2863,3087,2485
10.6550,10655,WristFlex,HAREKET,1,2748,2896,2510,2889,2883,2433
10.6560,10656,WristFlex,HAREKET,1,2815,2829,2644,2813,2894,2575
10.6570,10657,WristFlex,HAREKET,1,2777,2917,2490,2945,2805,2504
10.6580,10658,WristFlex,HAREKET,1,2917,2964,2615,2911,2865,2463
10.6590,10659,WristFlex,HAREKET,1,2894,2872,2540,2846,2948,2462
10.6600,10660,WristFlex,HAREKET,1,3017,2871,2560,2932,2844,2555
10.6610,10661,WristFlex,HAREKET,1,2743,3082,2469,2761,2867,2375
10.6620,10662,WristFlex,HAREKET,1,3123,2865,2536,2853,2925,2434
10.6630,10663,WristFlex,HAREKET,1,2994,2991,2590,2862,3099,2447
10.6640,10664,WristFlex,HAREKET,1,2831,2873,2567,3055,2917,2477
10.6650,10665,WristFlex,HAREKET,1,2868,2931,2499,3082,3087,2476
10.6660,10666,WristFlex,HAREKET,1,2980,2740,2404,2968,3109,2409
10.6670,10667,WristFlex,HAREKET,1,2931,2819,2458,2969,3082,2380
10.6680,10668,WristFlex,HAREKET,1,3011,3119,2427,3011,3031,2456
10.6690,10669,WristFlex,HAREKET,1,2783,2885,2467,2910,2844,2278
10.6700,10670,WristFlex,HAREKET,1,2822,2899,2345,2981,3090,2472
10.6710,10671,WristFlex,HAREKET,1,2619,2882,2502,2865,3017,2290
10.6720,10672,WristFlex,HAREKET,1,2824,3071,2485,2850,2867,2483
10.6730,10673,WristFlex,HAREKET,1,2762,2794,2462,2911,2829,2397
10.6740,10674,WristFlex,HAREKET,1,2666,3068,2607,2926,2997,2357
10.6750,10675,WristFlex,HAREKET,1,2680,2941,2502,2757,2867,2474
10.6760,10676,WristFlex,HAREKET,1,2778,2857,2492,2903,2960,2464
10.6770,10677,WristFlex,HAREKET,1,2761,2907,2552,2924,2965,2635
10.6780,10678,WristFlex,HAREKET,1,2935,3063,2528,2863,3062,2547
10.6790,10679,WristFlex,HAREKET,1,2826,2960,2553,2969,2732,2522
10.6800,10680,WristFlex,HAREKET,1,2889,2963,2471,2840,2905,2427
10.6810,10681,WristFlex,HAREKET,1,2902,2792,2481,2713,2999,2505
10.6820,10682,WristFlex,HAREKET,1,2797,2955,2574,2795,2857,2561
10.6830,10683,WristFlex,HAREKET,1,2890,2978,2543,2714,2848,2408
10.6840,10684,WristFlex,HAREKET,1,2824,2859,2571,2992,2746,2493
10.6850,10685,WristFlex,HAREKET,1,2872,2879,2475,3079,3094,2479
10.6860,10686,WristFlex,HAREKET,1,2890,2838,2611,2980,2944,2522
10.6870,10687,WristFlex,HAREKET,1,2906,2827,2603,2891,2940,2389
10.6880,10688,WristFlex,HAREKET,1,2900,2728,2495,3010,2958,2501
10.6890,10689,WristFlex,HAREKET,1,3035,2927,2514,2941,2846,2422
10.6900,10690,WristFlex,HAREKET,1,2903,3018,2522,2961,2913,2363
10.6910,10691,WristFlex,HAREKET,1,2893,2909,2555,2839,3015,2499
10.6920,10692,WristFlex,HAREKET,1,2951,2894,2425,2898,3108,2417
10.6930,10693,WristFlex,HAREKET,1,2944,2849,2432,3002,3030,2401
10.6940,10694,WristFlex,HAREKET,1,2868,2956,2485,2869,2988,2481
10.6950,10695,WristFlex,HAREKET,1,2790,2969,2539,2796,2937,2445
10.6960,10696,WristFlex,HAREKET,1,2755,2995,2469,2868,2925,2499
10.6970,10697,WristFlex,HAREKET,1,2888,2964,2502,2853,2899,2443
10.6980,10698,WristFlex,HAREKET,1,2797,2958,2499,2798,2975,2430
10.6990,10699,WristFlex,HAREKET,1,2912,2821,2462,2858,3007,2474
10.7000,10700,WristFlex,HAREKET,1,2779,2869,2600,3055,2841,2460
10.7010,10701,WristFlex,HAREKET,1,2895,2964,2620,2819,2924,2501
10.7020,10702,WristFlex,HAREKET,1,3019,2920,2535,2755,2828,2576
10.7030,10703,WristFlex,HAREKET,1,2909,2793,2494,2925,2921,2477
10.7040,10704,WristFlex,HAREKET,1,2906,2814,2554,2783,2810,2480
10.7050,10705,WristFlex,HAREKET,1,2912,2913,2461,2852,2978,2416
10.7060,10706,WristFlex,HAREKET,1,2904,2849,2588,2831,2921,2448
10.7070,10707,WristFlex,HAREKET,1,3023,2881,2531,2960,2783,2447
10.7080,10708,WristFlex,HAREKET,1,2833,2883,2654,2876,2938,2469
10.7090,10709,WristFlex,HAREKET,1,3003,2902,2584,2987,2918,2367
10.7100,10710,WristFlex,HAREKET,1,3002,2914,2740,2883,2904,2452
10.7110,10711,WristFlex,HAREKET,1,2914,3013,2526,2963,3035,2447
10.7120,10712,WristFlex,HAREKET,1,2994,2875,2428,2866,2900,2413
10.7130,10713,WristFlex,HAREKET,1,2997,3007,2514,2963,2964,2413
10.7140,10714,WristFlex,HAREKET,1,2828,2907,2422,2996,3026,2399
10.7150,10715,WristFlex,HAREKET,1,2897,3078,2449,2991,2977,2477
10.7160,10716,WristFlex,HAREKET,1,2828,3050,2433,3026,3052,2343
10.7170,10717,WristFlex,HAREKET,1,2834,3059,2455,2942,2774,2429
10.7180,10718,WristFlex,HAREKET,1,2760,2924,2535,2879,2876,2386
10.7190,10719,WristFlex,HAREKET,1,2692,2966,2539,2786,2895,2362
10.7200,10720,WristFlex,HAREKET,1,2890,3014,2569,2728,2910,2525
10.7210,10721,WristFlex,HAREKET,1,2891,2927,2552,2841,2879,2453
10.7220,10722,WristFlex,HAREKET,1,2750,2866,2661,2858,2842,2467
10.7230,10723,WristFlex,HAREKET,1,2846,2826,2628,2941,3099,2507
10.7240,10724,WristFlex,HAREKET,1,2864,3046,2512,2800,2971,2494
10.7250,10725,WristFlex,HAREKET,1,2879,2915,2568,2778,2936,2395
10.7260,10726,WristFlex,HAREKET,1,2912,2790,2551,2995,2959,2438
10.7270,10727,WristFlex,HAREKET,1,2894,2929,2586,2843,2889,2451
10.7280,10728,WristFlex,HAREKET,1,2929,2852,2527,2925,2785,2445
10.7290,10729,WristFlex,HAREKET,1,2737,2941,2586,2923,2837,2458
10.7300,10730,WristFlex,HAREKET,1,2894,2814,2547,2897,2922,2534
10.7310,10731,WristFlex,HAREKET,1,2919,2857,2589,2821,2969,2554
10.7320,10732,WristFlex,HAREKET,1,2913,2905,2598,2896,3043,2479
10.7330,10733,WristFlex,HAREKET,1,2903,2843,2662,2912,3117,2428
10.7340,10734,WristFlex,HAREKET,1,2910,2871,2586,3112,2987,2436
10.7350,10735,WristFlex,HAREKET,1,2888,2814,2423,3123,3091,2391
10.7360,10736,WristFlex,HAREKET,1,2902,3025,2467,3064,3079,2415
10.7370,10737,WristFlex,HAREKET,1,2841,3104,2476,2968,3061,2422
10.7380,10738,WristFlex,HAREKET,1,2963,2982,2486,3012,3077,2408
10.7390,10739,WristFlex,HAREKET,1,2844,2952,2469,3000,2925,2481
10.7400,10740,WristFlex,HAREKET,1,2801,2851,2453,2915,2905,2332
10.7410,10741,WristFlex,HAREKET,1,2725,3077,2464,2950,2900,2379
10.7420,10742,WristFlex,HAREKET,1,2820,2970,2480,2856,2807,2423
10.7430,10743,WristFlex,HAREKET,1,2864,2942,2501,2863,2847,2391
10.7440,10744,WristFlex,HAREKET,1,2927,2826,2630,2878,2872,2421
10.7450,10745,WristFlex,HAREKET,1,2824,2917,2541,3064,3019,2372
10.7460,10746,WristFlex,HAREKET,1,2814,2967,2532,2882,2826,2414
10.7470,10747,WristFlex,HAREKET,1,2842,3032,2555,2993,2939,2452
10.7480,10748,WristFlex,HAREKET,1,2881,2943,2498,2917,2836,2455
10.7490,10749,WristFlex,HAREKET,1,2964,2774,2507,2856,2891,2487
10.7500,10750,WristFlex,HAREKET,1,2866,2696,2576,2998,2737,2424
10.7510,10751,WristFlex,HAREKET,1,2776,2989,2463,2851,2865,2504
10.7520,10752,WristFlex,HAREKET,1,3051,3059,2470,2797,2931,2542
10.7530,10753,WristFlex,HAREKET,1,2959,2854,2381,2851,2924,2535
10.7540,10754,WristFlex,HAREKET,1,2998,2825,2592,2891,2790,2470
10.7550,10755,WristFlex,HAREKET,1,2943,2801,2576,2931,2992,2351
10.7560,10756,WristFlex,HAREKET,1,3093,2801,2483,2949,3078,2458
10.7570,10757,WristFlex,HAREKET,1,2941,2809,2600,2988,3001,2445
10.7580,10758,WristFlex,HAREKET,1,3001,2972,2484,2995,2923,2412
10.7590,10759,WristFlex,HAREKET,1,2971,2990,2379,3078,2942,2453
10.7600,10760,WristFlex,HAREKET,1,2988,3064,2472,2995,2951,2454
10.7610,10761,WristFlex,HAREKET,1,2979,3006,2428,2828,2892,2444
10.7620,10762,WristFlex,HAREKET,1,2930,3118,2498,2904,2760,2416
10.7630,10763,WristFlex,HAREKET,1,2788,2988,2459,2856,2850,2442
10.7640,10764,WristFlex,HAREKET,1,3017,3099,2503,3063,2953,2418
10.7650,10765,WristFlex,HAREKET,1,2718,2890,2457,2996,2872,2532
10.7660,10766,WristFlex,HAREKET,1,3030,3047,2512,2651,2870,2521
10.7670,10767,WristFlex,HAREKET,1,2798,3061,2449,2899,2859,2569
10.7680,10768,WristFlex,HAREKET,1,2842,3041,2553,2880,2978,2526
10.7690,10769,WristFlex,HAREKET,1,2881,2882,2523,3052,2832,2500
10.7700,10770,WristFlex,HAREKET,1,2883,2850,2605,2855,3013,2526
10.7710,10771,WristFlex,HAREKET,1,2883,2810,2642,2883,2825,2519
10.7720,10772,WristFlex,HAREKET,1,2902,2793,2490,2962,2891,2462
10.7730,10773,WristFlex,HAREKET,1,3024,2864,2604,2862,2895,2464
10.7740,10774,WristFlex,HAREKET,1,2911,2802,2546,2916,2698,2553
10.7750,10775,WristFlex,HAREKET,1,2877,2909,2509,2822,2788,2498
10.7760,10776,WristFlex,HAREKET,1,2909,2835,2545,2872,2831,2414
10.7770,10777,WristFlex,HAREKET,1,2946,2884,2640,3044,2831,2447
10.7780,10778,WristFlex,HAREKET,1,2945,2825,2580,2843,2877,2571
10.7790,10779,WristFlex,HAREKET,1,2887,2882,2486,2970,3025,2362
10.7800,10780,WristFlex,HAREKET,1,3007,2913,2528,2948,3128,2523
10.7810,10781,WristFlex,HAREKET,1,3044,3046,2547,3048,2976,2279
10.7820,10782,WristFlex,HAREKET,1,3043,2841,2578,2993,2879,2453
10.7830,10783,WristFlex,HAREKET,1,2938,2927,2456,3048,2878,2351
10.7840,10784,WristFlex,HAREKET,1,2831,3041,2479,3054,2883,2395
10.7850,10785,WristFlex,HAREKET,1,2819,3078,2416,3011,2811,2420
10.7860,10786,WristFlex,HAREKET,1,2907,2929,2481,2905,2864,2363
10.7870,10787,WristFlex,HAREKET,1,2891,3027,2516,2841,2668,2406
10.7880,10788,WristFlex,HAREKET,1,2669,2994,2531,2853,2822,2490
10.7890,10789,WristFlex,HAREKET,1,2999,2942,2516,2891,2788,2462
10.7900,10790,WristFlex,HAREKET,1,3017,2895,2569,2798,2930,2558
10.7910,10791,WristFlex,HAREKET,1,3004,2835,2485,2943,2906,2503
10.7920,10792,WristFlex,HAREKET,1,2908,2871,2532,2996,2851,2437
10.7930,10793,WristFlex,HAREKET,1,2805,2876,2562,2868,2882,2454
10.7940,10794,WristFlex,HAREKET,1,2846,2968,2523,2899,2887,2454
10.7950,10795,WristFlex,HAREKET,1,2797,2943,2517,2969,2897,2385
10.7960,10796,WristFlex,HAREKET,1,2810,2860,2550,2896,2754,2405
10.7970,10797,WristFlex,HAREKET,1,2989,2911,2617,2958,2957,2433
10.7980,10798,WristFlex,HAREKET,1,2920,2933,2508,2915,2850,2619
10.7990,10799,WristFlex,HAREKET,1,2835,2946,2542,2909,2919,2400
10.8000,10800,WristFlex,HAREKET,1,2868,2724,2624,3030,2887,2507
10.8010,10801,WristFlex,HAREKET,1,2915,2727,2420,2881,2892,2489
10.8020,10802,WristFlex,HAREKET,1,2965,2899,2614,2882,2979,2389
10.8030,10803,WristFlex,HAREKET,1,3056,3001,2569,2991,3037,2481
10.8040,10804,WristFlex,HAREKET,1,3066,2832,2542,3164,2961,2468
10.8050,10805,WristFlex,HAREKET,1,2926,2734,2536,2906,3008,2486
10.8060,10806,WristFlex,HAREKET,1,2912,3075,2503,3052,2891,2337
10.8070,10807,WristFlex,HAREKET,1,2969,3096,2520,2879,2957,2359
10.8080,10808,WristFlex,HAREKET,1,2786,3011,2468,2843,2921,2495
10.8090,10809,WristFlex,HAREKET,1,2896,3032,2457,2828,2819,2477
10.8100,10810,WristFlex,HAREKET,1,3015,3161,2482,2799,2909,2474
10.8110,10811,WristFlex,HAREKET,1,2814,3004,2406,2924,2850,2433
10.8120,10812,WristFlex,HAREKET,1,2815,2887,2564,2784,2884,2571
10.8130,10813,WristFlex,HAREKET,1,2859,2930,2519,2923,2972,2529
10.8140,10814,WristFlex,HAREKET,1,2965,2917,2616,2988,2992,2464
10.8150,10815,WristFlex,HAREKET,1,3087,2941,2575,2868,2832,2436
10.8160,10816,WristFlex,HAREKET,1,2986,3027,2575,2881,2842,2519
10.8170,10817,WristFlex,HAREKET,1,3021,2792,2613,3013,2912,2472
10.8180,10818,WristFlex,HAREKET,1,3047,3026,2500,2996,2837,2424
10.8190,10819,WristFlex,HAREKET,1,2900,2764,2433,2871,2804,2537
10.8200,10820,WristFlex,HAREKET,1,2823,2934,2579,2996,2825,2526
10.8210,10821,WristFlex,HAREKET,1,2974,2866,2622,2789,2838,2519
10.8220,10822,WristFlex,HAREKET,1,2887,2935,2478,2992,2932,2420
10.8230,10823,WristFlex,HAREKET,1,3039,2941,2512,3018,2736,2406
10.8240,10824,WristFlex,HAREKET,1,2899,2873,2538,2967,2825,2449
10.8250,10825,WristFlex,HAREKET,1,2958,2812,2614,3021,2949,2507
10.8260,10826,WristFlex,HAREKET,1,2969,3051,2469,3127,3149,2385
10.8270,10827,WristFlex,HAREKET,1,2965,2967,2616,3116,3062,2462
10.8280,10828,WristFlex,HAREKET,1,3031,2966,2466,3215,2946,2395
10.8290,10829,WristFlex,HAREKET,1,2778,2927,2507,2897,2848,2419
10.8300,10830,WristFlex,HAREKET,1,2809,2898,2488,2995,2898,2470
10.8310,10831,WristFlex,HAREKET,1,2780,3017,2490,2954,2956,2344
10.8320,10832,WristFlex,HAREKET,1,2901,2929,2395,2924,2885,2361
10.8330,10833,WristFlex,HAREKET,1,2822,2946,2473,2827,2810,2373
10.8340,10834,WristFlex,HAREKET,1,2890,3032,2392,2886,2774,2501
10.8350,10835,WristFlex,HAREKET,1,2843,2986,2525,2998,2927,2418
10.8360,10836,WristFlex,HAREKET,1,2898,2719,2409,3078,2943,2517
10.8370,10837,WristFlex,HAREKET,1,2844,2865,2408,3069,2987,2511
10.8380,10838,WristFlex,HAREKET,1,2984,2966,2479,3004,2809,2447
10.8390,10839,WristFlex,HAREKET,1,2999,2869,2447,2863,2879,2482
10.8400,10840,WristFlex,HAREKET,1,2826,2960,2456,2853,2840,2529
10.8410,10841,WristFlex,HAREKET,1,2785,3005,2525,2977,2813,2408
10.8420,10842,WristFlex,HAREKET,1,2960,2969,2494,2830,2929,2515
10.8430,10843,WristFlex,HAREKET,1,2872,2800,2571,2955,2861,2536
10.8440,10844,WristFlex,HAREKET,1,3065,3019,2641,3004,2966,2362
10.8450,10845,WristFlex,HAREKET,1,2994,3004,2533,2936,2817,2436
10.8460,10846,WristFlex,HAREKET,1,2975,2766,2602,2961,2898,2506
10.8470,10847,WristFlex,HAREKET,1,2966,3018,2536,2879,2997,2456
10.8480,10848,WristFlex,HAREKET,1,3102,2909,2453,2955,3083,2427
10.8490,10849,WristFlex,HAREKET,1,3065,3033,2404,2983,2999,2491
10.8500,10850,WristFlex,HAREKET,1,3052,3077,2512,3008,3055,2425
10.8510,10851,WristFlex,HAREKET,1,2975,3051,2381,3010,2924,2452
10.8520,10852,WristFlex,HAREKET,1,2993,3016,2409,3003,2854,2440
10.8530,10853,WristFlex,HAREKET,1,2795,2786,2337,2986,2924,2375
10.8540,10854,WristFlex,HAREKET,1,2941,2981,2450,3049,2941,2533
10.8550,10855,WristFlex,HAREKET,1,2867,2919,2558,2814,2767,2396
10.8560,10856,WristFlex,HAREKET,1,2793,2808,2445,2856,2966,2475
10.8570,10857,WristFlex,HAREKET,1,2924,3007,2530,2917,2694,2447
10.8580,10858,WristFlex,HAREKET,1,2957,2865,2453,2933,2747,2475
10.8590,10859,WristFlex,HAREKET,1,2867,2835,2507,3004,2920,2431
10.8600,10860,WristFlex,HAREKET,1,3017,2831,2530,2974,2924,2572
10.8610,10861,WristFlex,HAREKET,1,2975,2924,2562,2774,2904,2492
10.8620,10862,WristFlex,HAREKET,1,2936,2834,2629,3128,2808,2489
10.8630,10863,WristFlex,HAREKET,1,2838,2922,2616,3017,2787,2537
10.8640,10864,WristFlex,HAREKET,1,2855,2851,2555,2987,2847,2534
10.8650,10865,WristFlex,HAREKET,1,3003,2942,2564,2936,2803,2462
10.8660,10866,WristFlex,HAREKET,1,2852,2855,2628,2822,2913,2525
10.8670,10867,WristFlex,HAREKET,1,3006,2841,2496,2979,2875,2443
10.8680,10868,WristFlex,HAREKET,1,3147,2738,2598,2975,2866,2522
10.8690,10869,WristFlex,HAREKET,1,2957,2830,2573,3049,2796,2468
10.8700,10870,WristFlex,HAREKET,1,2907,2833,2558,2943,3035,2394
10.8710,10871,WristFlex,HAREKET,1,2989,2907,2507,3003,2910,2372
10.8720,10872,WristFlex,HAREKET,1,2865,3011,2531,3159,2887,2364
10.8730,10873,WristFlex,HAREKET,1,2991,2998,2476,2987,3049,2414
10.8740,10874,WristFlex,HAREKET,1,2935,3093,2441,3019,2960,2422
10.8750,10875,WristFlex,HAREKET,1,2878,3166,2397,2982,2886,2404
10.8760,10876,WristFlex,HAREKET,1,2823,3004,2406,3013,2933,2388
10.8770,10877,WristFlex,HAREKET,1,2848,3029,2543,3026,2877,2379
10.8780,10878,WristFlex,HAREKET,1,2841,3015,2448,2913,3015,2453
10.8790,10879,WristFlex,HAREKET,1,2991,2888,2474,2905,2849,2434
10.8800,10880,WristFlex,HAREKET,1,2957,2894,2485,2932,2881,2384
10.8810,10881,WristFlex,HAREKET,1,2801,2952,2594,2994,2834,2521
10.8820,10882,WristFlex,HAREKET,1,3051,2993,2465,2910,2944,2500
10.8830,10883,WristFlex,HAREKET,1,2842,2948,2596,2889,2817,2522
10.8840,10884,WristFlex,HAREKET,1,2949,2932,2721,2820,2775,2539
10.8850,10885,WristFlex,HAREKET,1,2990,3049,2533,2822,2787,2549
10.8860,10886,WristFlex,HAREKET,1,3050,2846,2408,2857,2870,2539
10.8870,10887,WristFlex,HAREKET,1,2841,2888,2507,2901,2922,2448
10.8880,10888,WristFlex,HAREKET,1,2918,2939,2499,3024,2897,2471
10.8890,10889,WristFlex,HAREKET,1,2920,2863,2455,2878,2891,2449
10.8900,10890,WristFlex,HAREKET,1,2899,2958,2537,2880,2931,2526
10.8910,10891,WristFlex,HAREKET,1,2971,2730,2484,3166,2966,2544
10.8920,10892,WristFlex,HAREKET,1,2999,2881,2511,2932,2851,2535
10.8930,10893,WristFlex,HAREKET,1,3100,2871,2510,3117,2988,2680
10.8940,10894,WristFlex,HAREKET,1,3117,2933,2522,3067,2909,2548
10.8950,10895,WristFlex,HAREKET,1,3111,2951,2545,3048,2984,2465
10.8960,10896,WristFlex,HAREKET,1,2862,3098,2518,3017,3027,2441
10.8970,10897,WristFlex,HAREKET,1,3110,2932,2443,3002,2967,2385
10.8980,10898,WristFlex,HAREKET,1,2854,3080,2412,2910,2841,2478
10.8990,10899,WristFlex,HAREKET,1,3049,3006,2415,2993,2859,2468
10.9000,10900,WristFlex,HAREKET,1,2961,2863,2472,2839,2941,2434
10.9010,10901,WristFlex,HAREKET,1,2996,2946,2426,2966,3017,2461
10.9020,10902,WristFlex,HAREKET,1,2828,3005,2497,2919,2830,2479
10.9030,10903,WristFlex,HAREKET,1,2906,3063,2513,3029,2940,2461
10.9040,10904,WristFlex,HAREKET,1,2933,2894,2463,2970,2871,2474
10.9050,10905,WristFlex,HAREKET,1,2886,2854,2443,2944,2939,2558
10.9060,10906,WristFlex,HAREKET,1,2803,2750,2457,2935,2948,2503
10.9070,10907,WristFlex,HAREKET,1,2889,2875,2447,3022,2817,2418
10.9080,10908,WristFlex,HAREKET,1,2933,2923,2578,3037,2719,2458
10.9090,10909,WristFlex,HAREKET,1,2988,2949,2582,2878,2923,2534
10.9100,10910,WristFlex,HAREKET,1,2876,3001,2512,2922,2804,2501
10.9110,10911,WristFlex,HAREKET,1,2938,2983,2490,3060,2839,2530
10.9120,10912,WristFlex,HAREKET,1,2967,2800,2495,2999,2674,2498
10.9130,10913,WristFlex,HAREKET,1,2862,2975,2553,2922,2958,2486
10.9140,10914,WristFlex,HAREKET,1,2913,2897,2586,2984,2951,2484
10.9150,10915,WristFlex,HAREKET,1,3017,2936,2557,3061,3052,2468
10.9160,10916,WristFlex,HAREKET,1,3064,3083,2452,2981,2872,2552
10.9170,10917,WristFlex,HAREKET,1,2811,3155,2510,3002,2974,2498
10.9180,10918,WristFlex,HAREKET,1,3108,3063,2365,3036,2915,2416
10.9190,10919,WristFlex,HAREKET,1,2876,2887,2459,3074,2933,2480
10.9200,10920,WristFlex,HAREKET,1,2998,3129,2471,2972,2956,2630
10.9210,10921,WristFlex,HAREKET,1,2909,2993,2409,2972,2858,2401
10.9220,10922,WristFlex,HAREKET,1,2894,2933,2416,2867,3092,2471
10.9230,10923,WristFlex,HAREKET,1,2935,3070,2462,3049,2704,2457
10.9240,10924,WristFlex,HAREKET,1,2970,2873,2594,2887,2814,2425
10.9250,10925,WristFlex,HAREKET,1,2725,2874,2577,2986,2874,2474
10.9260,10926,WristFlex,HAREKET,1,2805,2971,2503,2902,2916,2473
10.9270,10927,WristFlex,HAREKET,1,2877,2965,2541,3000,2882,2455
10.9280,10928,WristFlex,HAREKET,1,2815,2865,2599,2977,2920,2550
10.9290,10929,WristFlex,HAREKET,1,2807,2883,2474,2926,2823,2537
10.9300,10930,WristFlex,HAREKET,1,2873,2811,2490,2825,2816,2535
10.9310,10931,WristFlex,HAREKET,1,2940,2982,2485,3031,2859,2462
10.9320,10932,WristFlex,HAREKET,1,2861,2851,2546,2915,2845,2488
10.9330,10933,WristFlex,HAREKET,1,3023,3058,2456,2879,2687,2455
10.9340,10934,WristFlex,HAREKET,1,3076,2900,2522,2860,2826,2469
10.9350,10935,WristFlex,HAREKET,1,2916,2984,2578,3067,2985,2521
10.9360,10936,WristFlex,HAREKET,1,3001,3008,2504,2884,3013,2418
10.9370,10937,WristFlex,HAREKET,1,2968,2904,2502,3004,2919,2561
10.9380,10938,WristFlex,HAREKET,1,2999,2853,2382,2965,3031,2614
10.9390,10939,WristFlex,HAREKET,1,2977,2903,2561,3064,3076,2477
10.9400,10940,WristFlex,HAREKET,1,2970,2974,2582,3127,3054,2383
10.9410,10941,WristFlex,HAREKET,1,2984,3002,2500,2931,3015,2391
10.9420,10942,WristFlex,HAREKET,1,2832,2994,2569,3064,2823,2438
10.9430,10943,WristFlex,HAREKET,1,2735,2919,2537,3032,2916,2426
10.9440,10944,WristFlex,HAREKET,1,2830,3097,2438,2949,2944,2351
10.9450,10945,WristFlex,HAREKET,1,2907,3013,2406,2857,2923,2504
10.9460,10946,WristFlex,HAREKET,1,2818,3091,2401,2795,2944,2460
10.9470,10947,WristFlex,HAREKET,1,2787,2828,2418,2711,2866,2484
10.9480,10948,WristFlex,HAREKET,1,2883,2915,2329,2904,2835,2491
10.9490,10949,WristFlex,HAREKET,1,2974,2819,2563,2878,3003,2488
10.9500,10950,WristFlex,HAREKET,1,2964,3016,2496,2908,2711,2528
10.9510,10951,WristFlex,HAREKET,1,3010,2887,2515,2843,3022,2529
10.9520,10952,WristFlex,HAREKET,1,2829,2817,2524,2918,2936,2541
10.9530,10953,WristFlex,HAREKET,1,2836,2986,2402,2813,2813,2374
10.9540,10954,WristFlex,HAREKET,1,2970,2822,2446,2918,2911,2548
10.9550,10955,WristFlex,HAREKET,1,2830,2785,2462,2756,2682,2517
10.9560,10956,WristFlex,HAREKET,1,3044,2865,2443,2970,2876,2582
10.9570,10957,WristFlex,HAREKET,1,2876,2867,2541,2908,2815,2428
10.9580,10958,WristFlex,HAREKET,1,2850,2888,2545,2841,2849,2486
10.9590,10959,WristFlex,HAREKET,1,2908,2742,2495,2987,2931,2419
10.9600,10960,WristFlex,HAREKET,1,3047,2859,2525,2904,3019,2457
10.9610,10961,WristFlex,HAREKET,1,3084,2880,2455,3043,2894,2511
10.9620,10962,WristFlex,HAREKET,1,3082,3129,2432,3088,3086,2438
10.9630,10963,WristFlex,HAREKET,1,2872,3020,2372,2918,2904,2423
10.9640,10964,WristFlex,HAREKET,1,3045,3068,2462,3057,2909,2436
10.9650,10965,WristFlex,HAREKET,1,2815,3028,2390,2896,2823,2395
10.9660,10966,WristFlex,HAREKET,1,2792,3002,2482,3011,2793,2415
10.9670,10967,WristFlex,HAREKET,1,2765,3143,2444,3028,2930,2440
10.9680,10968,WristFlex,HAREKET,1,2834,2998,2368,2835,2912,2509
10.9690,10969,WristFlex,HAREKET,1,2829,2874,2460,2942,2811,2521
10.9700,10970,WristFlex,HAREKET,1,3199,2962,2567,2870,2995,2405
10.9710,10971,WristFlex,HAREKET,1,2812,2984,2506,2916,2940,2437
10.9720,10972,WristFlex,HAREKET,1,2997,2835,2494,2899,2860,2528
10.9730,10973,WristFlex,HAREKET,1,2885,2822,2529,3003,2896,2610
10.9740,10974,WristFlex,HAREKET,1,2884,2984,2495,2974,2952,2488
10.9750,10975,WristFlex,HAREKET,1,2771,3013,2475,3013,2973,2435
10.9760,10976,WristFlex,HAREKET,1,2972,2829,2423,2833,3012,2628
10.9770,10977,WristFlex,HAREKET,1,2911,2978,2403,2807,2781,2528
10.9780,10978,WristFlex,HAREKET,1,2899,3019,2546,2903,2829,2551
10.9790,10979,WristFlex,HAREKET,1,3138,3007,2429,2905,2944,2486
10.9800,10980,WristFlex,HAREKET,1,3053,2958,2534,2882,2801,2571
10.9810,10981,WristFlex,HAREKET,1,2923,2948,2468,3061,2936,2468
10.9820,10982,WristFlex,HAREKET,1,2872,2827,2556,2910,3053,2466
10.9830,10983,WristFlex,HAREKET,1,3005,2845,2477,2862,2986,2555
10.9840,10984,WristFlex,HAREKET,1,3024,2862,2547,2976,2908,2452
10.9850,10985,WristFlex,HAREKET,1,3059,2830,2522,3024,2840,2473
10.9860,10986,WristFlex,HAREKET,1,2952,2907,2440,2957,3105,2436
10.9870,10987,WristFlex,HAREKET,1,3059,2971,2370,2904,2982,2507
10.9880,10988,WristFlex,HAREKET,1,2817,2934,2343,3019,3042,2469
10.9890,10989,WristFlex,HAREKET,1,2754,3203,2393,3114,2913,2442
10.9900,10990,WristFlex,HAREKET,1,2870,3039,2547,2918,2879,2345
10.9910,10991,WristFlex,HAREKET,1,2783,3070,2459,2842,2958,2612
10.9920,10992,WristFlex,HAREKET,1,2744,2978,2339,2895,2760,2535
10.9930,10993,WristFlex,HAREKET,1,2866,3009,2463,2996,2722,2503
10.9940,10994,WristFlex,HAREKET,1,2954,2881,2486,2956,2858,2477
10.9950,10995,WristFlex,HAREKET,1,2938,2844,2464,2855,2925,2470
10.9960,10996,WristFlex,HAREKET,1,2893,2814,2454,2916,2959,2531
10.9970,10997,WristFlex,HAREKET,1,2873,2903,2493,2854,2859,2539
10.9980,10998,WristFlex,HAREKET,1,2955,2940,2372,2935,2936,2610
10.9990,10999,WristFlex,HAREKET,1,2928,2974,2537,3077,2829,2516
