Timestamp,Seq,Movement,Phase,Rep,EMG1,EMG2,EMG3,EMG4,EMG5,EMG6
0.0022,12384,Rest,HAZIRLIK,0,0,18,17,0,0,0
0.0028,12385,Rest,HAZIRLIK,0,0,4,2,0,0,0
0.0028,12386,Rest,HAZIRLIK,0,0,0,0,0,1,0
0.0028,12387,Rest,HAZIRLIK,0,0,0,0,0,1,0
0.0028,12388,Rest,HAZIRLIK,0,0,0,0,0,3,0
0.0028,12389,Rest,HAZIRLIK,0,0,0,0,0,9,1
0.0029,12390,Rest,HAZIRLIK,0,0,0,0,0,13,3
0.0029,12391,Rest,HAZIRLIK,0,0,0,0,0,9,1
0.0029,12392,Rest,HAZIRLIK,0,0,0,0,52,2,0
0.0029,12393,Rest,HAZIRLIK,0,0,0,0,115,4,0
0.0029,12394,Rest,HAZIRLIK,0,1,0,0,170,8,0
0.0029,12395,Rest,HAZIRLIK,0,14,0,0,220,4,0
0.0029,12396,Rest,HAZIRLIK,0,21,0,0,269,0,0
0.0030,12397,Rest,HAZIRLIK,0,23,0,0,314,0,5
0.0030,12398,Rest,HAZIRLIK,0,28,0,0,347,0,15
0.0030,12399,Rest,HAZIRLIK,0,47,0,0,367,1,18
0.0030,12400,Rest,HAZIRLIK,0,75,0,0,373,1,12
0.0031,12401,Rest,HAZIRLIK,0,107,0,0,366,4,7
0.0031,12402,Rest,HAZIRLIK,0,139,0,0,347,9,8
0.0031,12403,Rest,HAZIRLIK,0,170,0,0,326,9,6
0.0031,12404,Rest,HAZIRLIK,0,202,0,0,312,4,0
0.0032,12405,Rest,HAZIRLIK,0,233,9,13,297,0,0
0.0032,12406,Rest,HAZIRLIK,0,262,25,30,259,0,0
0.0032,12407,Rest,HAZIRLIK,0,284,41,44,196,0,0
0.0032,12408,Rest,HAZIRLIK,0,299,56,57,128,0,0
0.0032,12409,Rest,HAZIRLIK,0,308,68,74,56,0,0
0.0032,12410,Rest,HAZIRLIK,0,310,77,88,0,0,0
0.0038,12411,Rest,HAZIRLIK,0,306,85,95,0,0,0
0.0038,12412,Rest,HAZIRLIK,0,297,92,97,0,0,0
0.0044,12413,Rest,HAZIRLIK,0,281,95,98,0,0,0
0.0047,12414,Rest,HAZIRLIK,0,255,94,96,0,0,1
0.0373,12415,Rest,HAZIRLANIYOR...,0,219,90,90,0,0,6
0.0374,12416,Rest,HAZIRLANIYOR...,0,176,86,83,0,0,1
0.0374,12417,Rest,HAZIRLANIYOR...,0,127,82,75,0,0,0
0.0374,12418,Rest,HAZIRLANIYOR...,0,74,72,63,0,0,0
0.0375,12419,Rest,HAZIRLANIYOR...,0,22,58,49,0,0,0
0.0375,12420,Rest,HAZIRLANIYOR...,0,0,42,34,0,0,0
0.0375,12421,Rest,HAZIRLANIYOR...,0,0,27,19,0,0,0
0.0375,12422,Rest,HAZIRLANIYOR...,0,0,13,4,0,0,0
0.0400,12423,Rest,HAZIRLANIYOR...,0,0,0,0,0,1,0
0.0400,12424,Rest,HAZIRLANIYOR...,0,0,0,0,0,2,0
0.0401,12425,Rest,HAZIRLANIYOR...,0,0,0,0,0,3,0
0.0401,12426,Rest,HAZIRLANIYOR...,0,0,0,0,0,3,0
0.0401,12427,Rest,HAZIRLANIYOR...,0,0,0,0,26,4,0
0.0401,12428,Rest,HAZIRLANIYOR...,0,0,0,0,95,4,1
0.0401,12429,Rest,HAZIRLANIYOR...,0,0,0,0,156,3,4
0.0402,12430,Rest,HAZIRLANIYOR...,0,0,0,0,202,3,9
0.0402,12431,Rest,HAZIRLANIYOR...,0,0,0,0,244,4,13
0.0402,12432,Rest,HAZIRLANIYOR...,0,0,0,0,295,5,7
0.0402,12433,Rest,HAZIRLANIYOR...,0,0,0,0,350,5,0
0.0402,12434,Rest,HAZIRLANIYOR...,0,0,0,0,386,3,0
0.0402,12435,Rest,HAZIRLANIYOR...,0,0,0,0,390,0,0
0.0403,12436,Rest,HAZIRLANIYOR...,0,0,0,0,372,0,1
0.0403,12437,Rest,HAZIRLANIYOR...,0,0,0,0,351,0,1
0.0403,12438,Rest,HAZIRLANIYOR...,0,27,0,8,334,0,0
0.0403,12439,Rest,HAZIRLANIYOR...,0,51,0,12,326,0,0
0.0403,12440,Rest,HAZIRLANIYOR...,0,70,11,17,318,0,0
0.0403,12441,Rest,HAZIRLANIYOR...,0,83,25,23,292,0,0
0.0404,12442,Rest,HAZIRLANIYOR...,0,95,36,30,240,1,0
0.0404,12443,Rest,HAZIRLANIYOR...,0,102,47,35,165,5,0
0.0404,12444,Rest,HAZIRLANIYOR...,0,102,58,38,80,8,0
0.0404,12445,Rest,HAZIRLANIYOR...,0,91,69,41,0,0,1
0.0404,12446,Rest,HAZIRLANIYOR...,0,71,76,44,0,0,2
0.0404,12447,Rest,HAZIRLANIYOR...,0,46,81,47,0,0,1
0.0404,12448,Rest,HAZIRLANIYOR...,0,15,83,49,0,3,0
0.0404,12449,Rest,HAZIRLANIYOR...,0,0,83,48,0,0,0
0.0404,12450,Rest,HAZIRLANIYOR...,0,0,81,46,0,0,0
0.0405,12451,Rest,HAZIRLANIYOR...,0,0,75,44,0,0,6
0.0405,12452,Rest,HAZIRLANIYOR...,0,0,67,40,0,0,9
0.0405,12453,Rest,HAZIRLANIYOR...,0,0,56,32,0,0,5
0.0405,12454,Rest,HAZIRLANIYOR...,0,0,44,23,0,0,4
0.0405,12455,Rest,HAZIRLANIYOR...,0,0,31,12,0,0,6
0.0405,12456,Rest,HAZIRLANIYOR...,0,0,16,0,0,0,2
0.0407,12457,Rest,HAZIRLANIYOR...,0,0,0,0,0,0,0
0.0408,12458,Rest,HAZIRLANIYOR...,0,0,0,0,0,0,0
0.0408,12459,Rest,HAZIRLANIYOR...,0,0,0,0,0,6,4
0.0408,12460,Rest,HAZIRLANIYOR...,0,0,0,0,0,5,17
0.0408,12461,Rest,HAZIRLANIYOR...,0,0,0,0,0,0,16
0.0408,12462,Rest,HAZIRLANIYOR...,0,0,0,0,0,0,1
0.0408,12463,Rest,HAZIRLANIYOR...,0,0,0,0,64,0,0
0.0409,12464,Rest,HAZIRLANIYOR...,0,0,0,0,128,0,0
0.0409,12465,Rest,HAZIRLANIYOR...,0,0,0,0,182,0,0
0.0409,12466,Rest,HAZIRLANIYOR...,0,0,0,0,230,0,0
0.0409,12467,Rest,HAZIRLANIYOR...,0,0,0,0,278,2,0
0.0410,12468,Rest,HAZIRLANIYOR...,0,0,0,0,324,3,4
0.0410,12469,Rest,HAZIRLANIYOR...,0,0,0,0,364,3,0
0.0410,12470,Rest,HAZIRLANIYOR...,0,0,0,0,386,2,0
0.0410,12471,Rest,HAZIRLANIYOR...,0,0,0,0,383,2,0
0.0410,12472,Rest,HAZIRLANIYOR...,0,0,0,0,362,2,0
0.0410,12473,Rest,HAZIRLANIYOR...,0,0,0,0,340,3,0
0.0411,12474,Rest,HAZIRLANIYOR...,0,33,0,0,324,2,0
0.0411,12475,Rest,HAZIRLANIYOR...,0,139,0,0,313,0,0
0.0411,12476,Rest,HAZIRLANIYOR...,0,237,12,9,298,0,0
0.0411,12477,Rest,HAZIRLANIYOR...,0,308,28,21,264,0,0
0.0411,12478,Rest,HAZIRLANIYOR...,0,361,44,34,198,0,0
0.0411,12479,Rest,HAZIRLANIYOR...,0,417,60,47,114,0,0
0.0493,12480,Rest,HAZIRLANIYOR...,0,469,74,58,30,0,0
0.0494,12481,Rest,HAZIRLANIYOR...,0,503,85,64,0,0,0
0.0494,12482,Rest,HAZIRLANIYOR...,0,520,93,69,0,0,2
0.0494,12483,Rest,HAZIRLANIYOR...,0,530,98,74,0,0,4
0.0494,12484,Rest,HAZIRLANIYOR...,0,538,102,77,0,0,1
0.0494,12485,Rest,HAZIRLANIYOR...,0,543,102,77,0,0,0
0.0495,12486,Rest,HAZIRLANIYOR...,0,542,98,74,0,0,0
0.0495,12487,Rest,HAZIRLANIYOR...,0,537,89,72,0,1,0
0.0495,12488,Rest,HAZIRLANIYOR...,0,528,79,69,0,1,0
0.0495,12489,Rest,HAZIRLANIYOR...,0,518,67,60,0,0,0
0.0495,12490,Rest,HAZIRLANIYOR...,0,503,52,45,0,1,0
0.0495,12491,Rest,HAZIRLANIYOR...,0,483,34,30,0,3,0
0.0495,12492,Rest,HAZIRLANIYOR...,0,457,17,16,0,9,0
0.0495,12493,Rest,HAZIRLANIYOR...,0,432,1,3,0,13,4
0.0496,12494,Rest,HAZIRLANIYOR...,0,410,0,0,0,7,4
0.0653,12495,Rest,HAZIRLANIYOR...,0,392,0,0,0,0,3
0.0654,12496,Rest,HAZIRLANIYOR...,0,378,0,0,0,0,1
0.0654,12497,Rest,HAZIRLANIYOR...,0,370,0,0,0,2,0
0.0654,12498,Rest,HAZIRLANIYOR...,0,366,0,0,35,4,0
0.0655,12499,Rest,HAZIRLANIYOR...,0,367,0,0,110,4,0
0.0655,12500,Rest,HAZIRLANIYOR...,0,375,0,0,175,8,0
0.0655,12501,Rest,HAZIRLANIYOR...,0,386,0,0,217,11,1
0.0655,12502,Rest,HAZIRLANIYOR...,0,393,0,0,251,3,7
0.0655,12503,Rest,HAZIRLANIYOR...,0,392,0,0,293,0,13
0.0655,12504,Rest,HAZIRLANIYOR...,0,382,0,0,338,0,9
0.0655,12505,Rest,HAZIRLANIYOR...,0,365,0,0,365,0,0
0.0655,12506,Rest,HAZIRLANIYOR...,0,347,0,0,373,2,0
0.0656,12507,Rest,HAZIRLANIYOR...,0,324,0,0,368,1,3
0.0656,12508,Rest,HAZIRLANIYOR...,0,294,0,0,355,2,5
0.0659,12509,Rest,HAZIRLANIYOR...,0,252,0,0,339,4,1
0.0660,12510,Rest,HAZIRLANIYOR...,0,196,0,18,325,0,0
0.0660,12511,Rest,HAZIRLANIYOR...,0,129,1,36,314,0,5
0.0660,12512,Rest,HAZIRLANIYOR...,0,60,18,52,291,0,9
0.0660,12513,Rest,HAZIRLANIYOR...,0,0,34,66,241,0,3
0.0661,12514,Rest,HAZIRLANIYOR...,0,0,49,77,164,0,0
0.0661,12515,Rest,HAZIRLANIYOR...,0,0,61,84,75,0,0
0.0661,12516,Rest,HAZIRLANIYOR...,0,0,72,89,0,0,0
0.0661,12517,Rest,HAZIRLANIYOR...,0,0,80,92,0,0,0
0.0662,12518,Rest,HAZIRLANIYOR...,0,0,86,92,0,0,0
0.0662,12519,Rest,HAZIRLANIYOR...,0,0,91,89,0,0,0
0.0662,12520,Rest,HAZIRLANIYOR...,0,0,92,83,0,0,0
0.0662,12521,Rest,HAZIRLANIYOR...,0,0,89,76,0,0,0
0.0663,12522,Rest,HAZIRLANIYOR...,0,0,84,67,0,0,0
0.0664,12523,Rest,HAZIRLANIYOR...,0,0,79,56,0,0,0
0.0894,12524,Rest,HAZIRLANIYOR...,0,0,71,42,0,0,0
0.0895,12525,Rest,HAZIRLANIYOR...,0,0,59,25,0,0,0
0.0895,12526,Rest,HAZIRLANIYOR...,0,0,44,7,0,0,0
0.0896,12527,Rest,HAZIRLANIYOR...,0,0,27,0,0,0,0
0.0896,12528,Rest,HAZIRLANIYOR...,0,0,10,0,0,0,0
0.0896,12529,Rest,HAZIRLANIYOR...,0,0,0,0,0,0,0
0.0896,12530,Rest,HAZIRLANIYOR...,0,0,0,0,0,0,0
0.0923,12531,Rest,HAZIRLANIYOR...,0,0,0,0,0,0,0
0.0923,12532,Rest,HAZIRLANIYOR...,0,0,0,0,0,1,0
0.0923,12533,Rest,HAZIRLANIYOR...,0,0,0,0,2,5,0
0.0924,12534,Rest,HAZIRLANIYOR...,0,0,0,0,74,7,0
0.0924,12535,Rest,HAZIRLANIYOR...,0,0,0,0,143,6,2
0.1001,12536,Rest,HAZIRLANIYOR...,0,0,0,0,201,5,1
0.1002,12537,Rest,HAZIRLANIYOR...,0,0,0,0,238,5,0
0.1002,12538,Rest,HAZIRLANIYOR...,0,0,0,0,270,5,0
0.1003,12539,Rest,HAZIRLANIYOR...,0,0,0,0,308,4,0
0.1003,12540,Rest,HAZIRLANIYOR...,0,0,0,0,343,3,0
0.1003,12541,Rest,HAZIRLANIYOR...,0,0,0,0,363,4,0
0.1003,12542,Rest,HAZIRLANIYOR...,0,0,0,0,366,4,0
0.1003,12543,Rest,HAZIRLANIYOR...,0,17,0,0,359,2,0
0.1004,12544,Rest,HAZIRLANIYOR...,0,85,0,0,342,1,0
0.1004,12545,Rest,HAZIRLANIYOR...,0,154,15,6,322,1,0
0.1007,12546,Rest,HAZIRLANIYOR...,0,211,34,22,312,2,0
0.1008,12547,Rest,HAZIRLANIYOR...,0,253,54,36,307,2,0
0.1008,12548,Rest,HAZIRLANIYOR...,0,282,72,50,283,0,0
0.1008,12549,Rest,HAZIRLANIYOR...,0,299,87,62,219,0,0
0.1008,12550,Rest,HAZIRLANIYOR...,0,307,100,71,127,0,2
0.1009,12551,Rest,HAZIRLANIYOR...,0,310,113,75,33,0,4
0.1009,12552,Rest,HAZIRLANIYOR...,0,312,122,73,0,0,1
0.1009,12553,Rest,HAZIRLANIYOR...,0,313,128,70,0,0,0
0.1009,12554,Rest,HAZIRLANIYOR...,0,307,131,71,0,0,0
0.1010,12555,Rest,HAZIRLANIYOR...,0,291,130,73,0,0,0
0.1010,12556,Rest,HAZIRLANIYOR...,0,264,126,70,0,0,3
0.1010,12557,Rest,HAZIRLANIYOR...,0,231,119,61,0,0,3
0.1012,12558,Rest,HAZIRLANIYOR...,0,197,109,51,0,0,1
0.1012,12559,Rest,HAZIRLANIYOR...,0,163,96,40,0,0,0
0.1013,12560,Rest,HAZIRLANIYOR...,0,123,81,29,0,0,0
0.1013,12561,Rest,HAZIRLANIYOR...,0,76,63,18,0,0,0
0.1013,12562,Rest,HAZIRLANIYOR...,0,26,42,4,0,0,1
0.1013,12563,Rest,HAZIRLANIYOR...,0,0,20,0,0,0,4
0.1014,12564,Rest,HAZIRLANIYOR...,0,0,0,0,0,0,9
0.1014,12565,Rest,HAZIRLANIYOR...,0,0,0,0,0,0,10
0.1014,12566,Rest,HAZIRLANIYOR...,0,0,0,0,0,0,1
0.1014,12567,Rest,HAZIRLANIYOR...,0,0,0,0,0,0,0
0.1014,12568,Rest,HAZIRLANIYOR...,0,0,0,0,0,11,0
0.1014,12569,Rest,HAZIRLANIYOR...,0,0,0,0,35,17,0
0.1015,12570,Rest,HAZIRLANIYOR...,0,0,0,0,102,16,0
0.1015,12571,Rest,HAZIRLANIYOR...,0,0,0,0,163,10,0
0.1015,12572,Rest,HAZIRLANIYOR...,0,0,0,0,213,2,0
0.1015,12573,Rest,HAZIRLANIYOR...,0,0,0,0,258,0,4
0.1015,12574,Rest,HAZIRLANIYOR...,0,0,0,0,300,0,3
0.1015,12575,Rest,HAZIRLANIYOR...,0,0,0,0,339,0,0
0.1015,12576,Rest,HAZIRLANIYOR...,0,0,0,0,374,1,0
0.1016,12577,Rest,HAZIRLANIYOR...,0,0,0,0,392,0,1
0.1016,12578,Rest,HAZIRLANIYOR...,0,0,0,0,375,0,2
0.1016,12579,Rest,HAZIRLANIYOR...,0,0,0,12,338,0,1
0.1016,12580,Rest,HAZIRLANIYOR...,0,0,0,21,316,0,2
0.1017,12581,Rest,HAZIRLANIYOR...,0,0,0,28,314,4,7
0.1017,12582,Rest,HAZIRLANIYOR...,0,23,0,34,314,9,10
0.1017,12583,Rest,HAZIRLANIYOR...,0,66,0,42,295,8,1
0.1017,12584,Rest,HAZIRLANIYOR...,0,116,0,50,243,1,0
0.1018,12585,Rest,HAZIRLANIYOR...,0,170,5,57,160,0,0
0.1018,12586,Rest,HAZIRLANIYOR...,0,220,16,63,68,0,0
0.1019,12587,Rest,HAZIRLANIYOR...,0,264,24,68,0,0,0
0.1134,12588,Rest,HAZIRLANIYOR...,0,300,32,69,0,0,0
0.1136,12589,Rest,HAZIRLANIYOR...,0,327,40,69,0,0,0
0.1136,12590,Rest,HAZIRLANIYOR...,0,342,46,69,0,0,0
0.1136,12591,Rest,HAZIRLANIYOR...,0,346,50,69,0,0,0
0.1137,12592,Rest,HAZIRLANIYOR...,0,343,52,66,0,0,0
0.1137,12593,Rest,HAZIRLANIYOR...,0,336,51,62,0,1,0
0.1138,12594,Rest,HAZIRLANIYOR...,0,323,47,57,0,0,2
0.1138,12595,Rest,HAZIRLANIYOR...,0,303,40,49,0,0,2
0.1138,12596,Rest,HAZIRLANIYOR...,0,278,32,37,0,0,1
0.1138,12597,Rest,HAZIRLANIYOR...,0,253,21,22,0,0,0
0.1138,12598,Rest,HAZIRLANIYOR...,0,228,9,6,0,0,0
0.1140,12599,Rest,HAZIRLANIYOR...,0,201,0,0,0,0,0
0.1140,12600,Rest,HAZIRLANIYOR...,0,170,0,0,0,0,2
0.1140,12601,Rest,HAZIRLANIYOR...,0,134,0,0,0,0,3
0.1141,12602,Rest,HAZIRLANIYOR...,0,92,0,0,0,0,0
0.1141,12603,Rest,HAZIRLANIYOR...,0,46,0,0,0,2,0
0.1141,12604,Rest,HAZIRLANIYOR...,0,0,0,0,12,3,9
0.1141,12605,Rest,HAZIRLANIYOR...,0,0,0,0,82,2,19
0.1141,12606,Rest,HAZIRLANIYOR...,0,0,0,0,144,5,13
0.1142,12607,Rest,HAZIRLANIYOR...,0,0,0,0,196,7,0
0.1143,12608,Rest,HAZIRLANIYOR...,0,0,0,0,243,5,0
0.1144,12609,Rest,HAZIRLANIYOR...,0,0,0,0,289,0,0
0.1295,12610,Rest,HAZIRLANIYOR...,0,0,0,0,330,0,0
0.1296,12611,Rest,HAZIRLANIYOR...,0,0,0,0,360,1,7
0.1296,12612,Rest,HAZIRLANIYOR...,0,0,0,0,374,3,8
0.1297,12613,Rest,HAZIRLANIYOR...,0,0,0,0,373,2,1
0.1297,12614,Rest,HAZIRLANIYOR...,0,0,0,0,360,1,0
0.1297,12615,Rest,HAZIRLANIYOR...,0,0,0,0,343,0,0
0.1297,12616,Rest,HAZIRLANIYOR...,0,0,0,0,327,0,0
0.1297,12617,Rest,HAZIRLANIYOR...,0,0,0,1,317,0,0
0.1298,12618,Rest,HAZIRLANIYOR...,0,22,2,17,305,0,0
0.1298,12619,Rest,HAZIRLANIYOR...,0,48,16,25,267,0,0
0.1298,12620,Rest,HAZIRLANIYOR...,0,65,30,34,196,0,4
0.1298,12621,Rest,HAZIRLANIYOR...,0,65,43,46,106,0,4
0.1298,12622,Rest,HAZIRLANIYOR...,0,50,55,58,17,1,0
0.1299,12623,Rest,HAZIRLANIYOR...,0,29,66,68,0,6,0
0.1299,12624,Rest,HAZIRLANIYOR...,0,8,77,74,0,3,0
0.1299,12625,Rest,HAZIRLANIYOR...,0,0,84,76,0,0,0
0.1299,12626,Rest,HAZIRLANIYOR...,0,0,87,75,0,0,0
0.1300,12627,Rest,HAZIRLANIYOR...,0,0,89,72,0,0,0
0.1300,12628,Rest,HAZIRLANIYOR...,0,0,88,67,0,0,0
0.1300,12629,Rest,HAZIRLANIYOR...,0,0,84,58,0,0,3
0.1300,12630,Rest,HAZIRLANIYOR...,0,0,76,47,0,0,7
0.1300,12631,Rest,HAZIRLANIYOR...,0,0,65,34,0,3,2
0.1300,12632,Rest,HAZIRLANIYOR...,0,0,53,21,0,6,0
0.1300,12633,Rest,HAZIRLANIYOR...,0,0,39,9,0,4,0
0.1301,12634,Rest,HAZIRLANIYOR...,0,0,26,0,0,1,0
0.1301,12635,Rest,HAZIRLANIYOR...,0,0,13,0,0,0,0
0.1302,12636,Rest,HAZIRLANIYOR...,0,0,2,0,0,3,0
0.1302,12637,Rest,HAZIRLANIYOR...,0,0,0,0,0,9,0
0.1639,12638,Rest,HAZIRLANIYOR...,0,0,0,0,0,13,3
0.1640,12639,Rest,HAZIRLANIYOR...,0,0,0,0,0,7,8
0.1640,12640,Rest,HAZIRLANIYOR...,0,0,0,0,44,0,4
0.1640,12641,Rest,HAZIRLANIYOR...,0,0,0,0,109,0,0
0.1656,12642,Rest,HAZIRLANIYOR...,0,0,0,0,161,1,0
0.1657,12643,Rest,HAZIRLANIYOR...,0,0,0,0,209,5,0
0.1657,12644,Rest,HAZIRLANIYOR...,0,0,0,0,260,7,0
0.1657,12645,Rest,HAZIRLANIYOR...,0,0,0,0,309,2,0
0.1658,12646,Rest,HAZIRLANIYOR...,0,0,0,0,347,0,0
0.1658,12647,Rest,HAZIRLANIYOR...,0,23,0,0,369,0,0
0.1658,12648,Rest,HAZIRLANIYOR...,0,54,0,0,376,0,7
0.1658,12649,Rest,HAZIRLANIYOR...,0,75,0,0,371,0,16
0.1659,12650,Rest,HAZIRLANIYOR...,0,88,0,0,361,0,16
0.1659,12651,Rest,HAZIRLANIYOR...,0,94,13,0,347,0,6
0.1659,12652,Rest,HAZIRLANIYOR...,0,95,26,4,327,0,0
0.1660,12653,Rest,HAZIRLANIYOR...,0,95,40,22,301,0,0
0.1660,12654,Rest,HAZIRLANIYOR...,0,92,52,39,269,0,0
0.1660,12655,Rest,HAZIRLANIYOR...,0,88,63,55,224,0,0
0.1660,12656,Rest,HAZIRLANIYOR...,0,83,71,69,154,0,0
0.1660,12657,Rest,HAZIRLANIYOR...,0,74,80,81,65,0,0
0.1660,12658,Rest,HAZIRLANIYOR...,0,60,87,89,0,0,0
0.1661,12659,Rest,HAZIRLANIYOR...,0,40,92,95,0,0,0
0.1661,12660,Rest,HAZIRLANIYOR...,0,22,94,98,0,0,3
0.1661,12661,Rest,HAZIRLANIYOR...,0,7,92,99,0,0,7
0.1661,12662,Rest,HAZIRLANIYOR...,0,0,88,95,0,0,2
0.1661,12663,Rest,HAZIRLANIYOR...,0,0,84,89,0,0,0
0.1662,12664,Rest,HAZIRLANIYOR...,0,0,77,83,0,0,0
0.1662,12665,Rest,HAZIRLANIYOR...,0,0,67,73,0,0,0
0.1662,12666,Rest,HAZIRLANIYOR...,0,0,55,60,0,0,1
0.1662,12667,Rest,HAZIRLANIYOR...,0,8,43,44,0,0,0
0.1662,12668,Rest,HAZIRLANIYOR...,0,26,31,30,0,0,0
0.1663,12669,Rest,HAZIRLANIYOR...,0,46,17,18,0,0,0
0.1663,12670,Rest,HAZIRLANIYOR...,0,65,3,5,0,0,0
0.1663,12671,Rest,HAZIRLANIYOR...,0,80,0,0,0,1,1
0.1663,12672,Rest,HAZIRLANIYOR...,0,93,0,0,0,1,1
0.1663,12673,Rest,HAZIRLANIYOR...,0,104,0,0,0,3,2
0.1664,12674,Rest,HAZIRLANIYOR...,0,116,0,0,0,4,3
0.1664,12675,Rest,HAZIRLANIYOR...,0,121,0,0,14,2,1
0.1664,12676,Rest,HAZIRLANIYOR...,0,110,0,0,81,0,0
0.1664,12677,Rest,HAZIRLANIYOR...,0,96,0,0,142,0,0
0.1664,12678,Rest,HAZIRLANIYOR...,0,98,0,0,196,4,1
0.1665,12679,Rest,HAZIRLANIYOR...,0,113,0,0,242,10,8
0.1665,12680,Rest,HAZIRLANIYOR...,0,126,0,0,285,13,12
0.1665,12681,Rest,HAZIRLANIYOR...,0,136,0,0,324,7,6
0.1665,12682,Rest,HAZIRLANIYOR...,0,148,0,0,354,0,0
0.1665,12683,Rest,HAZIRLANIYOR...,0,169,0,0,369,0,0
0.1665,12684,Rest,HAZIRLANIYOR...,0,197,0,0,370,0,0
0.1666,12685,Rest,HAZIRLANIYOR...,0,225,0,0,359,0,0
0.1666,12686,Rest,HAZIRLANIYOR...,0,241,0,0,343,0,0
0.1666,12687,Rest,HAZIRLANIYOR...,0,240,0,0,329,2,0
0.1666,12688,Rest,HAZIRLANIYOR...,0,223,0,6,318,0,0
0.1667,12689,Rest,HAZIRLANIYOR...,0,197,0,16,299,1,2
0.1667,12690,Rest,HAZIRLANIYOR...,0,172,13,28,257,6,7
0.1667,12691,Rest,HAZIRLANIYOR...,0,148,29,40,184,8,11
0.1667,12692,Rest,HAZIRLANIYOR...,0,123,42,49,95,1,11
0.1668,12693,Rest,HAZIRLANIYOR...,0,93,53,56,5,0,7
0.1670,12694,Rest,HAZIRLANIYOR...,0,59,63,62,0,0,0
0.1670,12695,Rest,HAZIRLANIYOR...,0,23,70,68,0,0,0
0.1670,12696,Rest,HAZIRLANIYOR...,0,0,75,73,0,0,0
0.1670,12697,Rest,HAZIRLANIYOR...,0,0,77,76,0,0,0
0.1670,12698,Rest,HAZIRLANIYOR...,0,0,76,77,0,0,0
0.1671,12699,Rest,HAZIRLANIYOR...,0,0,73,75,0,0,0
0.1671,12700,Rest,HAZIRLANIYOR...,0,0,66,71,0,0,0
0.1671,12701,Rest,HAZIRLANIYOR...,0,0,57,64,0,0,0
0.1671,12702,Rest,HAZIRLANIYOR...,0,0,46,53,0,6,0
0.1754,12703,Rest,HAZIRLANIYOR...,0,0,34,38,0,10,2
0.1757,12704,Rest,HAZIRLANIYOR...,0,0,21,21,0,4,1
0.1757,12705,Rest,HAZIRLANIYOR...,0,0,7,6,0,0,0
0.1757,12706,Rest,HAZIRLANIYOR...,0,0,0,0,0,0,0
0.1757,12707,Rest,HAZIRLANIYOR...,0,0,0,0,0,0,2
0.1757,12708,Rest,HAZIRLANIYOR...,0,0,0,0,0,6,7
0.1758,12709,Rest,HAZIRLANIYOR...,0,0,0,0,0,9,10
0.1758,12710,Rest,HAZIRLANIYOR...,0,0,0,0,0,4,5
0.1758,12711,Rest,HAZIRLANIYOR...,0,0,0,0,53,0,0
0.1758,12712,Rest,HAZIRLANIYOR...,0,0,0,0,121,0,0
0.1758,12713,Rest,HAZIRLANIYOR...,0,0,0,0,183,0,0
0.1758,12714,Rest,HAZIRLANIYOR...,0,0,0,0,234,0,0
0.1759,12715,Rest,HAZIRLANIYOR...,0,0,0,0,272,1,0
0.1759,12716,Rest,HAZIRLANIYOR...,0,0,0,0,306,2,0
0.1759,12717,Rest,HAZIRLANIYOR...,0,7,0,0,343,2,0
0.1760,12718,Rest,HAZIRLANIYOR...,0,55,0,0,371,3,0
0.1910,12719,Rest,HAZIRLANIYOR...,0,101,0,0,374,7,0
0.1912,12720,Rest,HAZIRLANIYOR...,0,144,0,0,358,8,0
0.1912,12721,Rest,HAZIRLANIYOR...,0,187,0,0,338,2,0
0.1912,12722,Rest,HAZIRLANIYOR...,0,227,0,0,326,0,0
0.1912,12723,Rest,HAZIRLANIYOR...,0,261,0,8,320,0,0
0.1912,12724,Rest,HAZIRLANIYOR...,0,285,0,23,312,0,0
0.1912,12725,Rest,HAZIRLANIYOR...,0,299,12,38,290,1,0
0.1913,12726,Rest,HAZIRLANIYOR...,0,304,26,52,236,0,0
0.1913,12727,Rest,HAZIRLANIYOR...,0,297,39,65,147,0,0
0.1913,12728,Rest,HAZIRLANIYOR...,0,277,52,73,45,0,0
0.1913,12729,Rest,HAZIRLANIYOR...,0,247,67,77,0,0,4
0.1913,12730,Rest,HAZIRLANIYOR...,0,209,81,77,0,0,8
0.1914,12731,Rest,HAZIRLANIYOR...,0,160,92,74,0,0,3
0.1914,12732,Rest,HAZIRLANIYOR...,0,98,99,70,0,0,0
0.1914,12733,Rest,HAZIRLANIYOR...,0,24,102,65,0,0,0
0.1914,12734,Rest,HAZIRLANIYOR...,0,0,102,58,0,0,0
0.1914,12735,Rest,HAZIRLANIYOR...,0,0,99,50,0,0,0
0.1914,12736,Rest,HAZIRLANIYOR...,0,0,93,39,0,0,0
0.1915,12737,Rest,HAZIRLANIYOR...,0,0,83,25,0,0,0
0.1915,12738,Rest,HAZIRLANIYOR...,0,0,70,9,0,0,0
0.1915,12739,Rest,HAZIRLANIYOR...,0,0,55,0,0,0,0
0.1915,12740,Rest,HAZIRLANIYOR...,0,0,40,0,0,1,0
0.1916,12741,Rest,HAZIRLANIYOR...,0,0,24,0,0,5,1
0.1916,12742,Rest,HAZIRLANIYOR...,0,0,8,0,0,7,3
0.1916,12743,Rest,HAZIRLANIYOR...,0,0,0,0,0,1,3
0.1917,12744,Rest,HAZIRLANIYOR...,0,0,0,0,0,0,2
0.1919,12745,Rest,HAZIRLANIYOR...,0,0,0,0,0,0,1
0.1919,12746,Rest,HAZIRLANIYOR...,0,0,0,0,20,3,1
0.2313,12747,Rest,HAZIRLANIYOR...,0,0,0,0,89,5,2
0.2314,12748,Rest,HAZIRLANIYOR...,0,0,0,0,150,4,2
0.2314,12749,Rest,HAZIRLANIYOR...,0,0,0,0,199,8,3
0.2314,12750,Rest,HAZIRLANIYOR...,0,0,0,0,243,10,8
0.2314,12751,Rest,HAZIRLANIYOR...,0,0,0,0,290,3,11
0.2315,12752,Rest,HAZIRLANIYOR...,0,0,0,0,333,0,4
0.2315,12753,Rest,HAZIRLANIYOR...,0,0,0,0,362,0,0
0.2315,12754,Rest,HAZIRLANIYOR...,0,23,0,0,375,0,0
0.2315,12755,Rest,HAZIRLANIYOR...,0,48,0,0,378,1,0
0.2315,12756,Rest,HAZIRLANIYOR...,0,65,0,0,370,1,0
0.2315,12757,Rest,HAZIRLANIYOR...,0,71,0,2,346,2,0
0.2315,12758,Rest,HAZIRLANIYOR...,0,67,0,21,321,3,0
0.2315,12759,Rest,HAZIRLANIYOR...,0,63,0,39,310,4,0
0.2315,12760,Rest,HAZIRLANIYOR...,0,61,0,56,299,1,0
0.2316,12761,Rest,HAZIRLANIYOR...,0,59,14,71,258,0,0
0.2316,12762,Rest,HAZIRLANIYOR...,0,56,29,85,181,0,0
0.2316,12763,Rest,HAZIRLANIYOR...,0,55,41,97,90,0,4
0.2316,12764,Rest,HAZIRLANIYOR...,0,58,51,107,2,0,9
0.2316,12765,Rest,HAZIRLANIYOR...,0,67,60,111,0,0,2
0.2316,12766,Rest,HAZIRLANIYOR...,0,83,68,112,0,0,0
0.2316,12767,Rest,HAZIRLANIYOR...,0,104,73,111,0,0,0
0.2316,12768,Rest,HAZIRLANIYOR...,0,126,76,107,0,0,1
0.2316,12769,Rest,HAZIRLANIYOR...,0,148,75,99,0,3,6
0.2316,12770,Rest,HAZIRLANIYOR...,0,166,72,88,0,6,0
0.2316,12771,Rest,HAZIRLANIYOR...,0,178,66,75,0,0,0
0.2316,12772,Rest,HAZIRLANIYOR...,0,182,59,61,0,0,0
0.2316,12773,Rest,HAZIRLANIYOR...,0,180,50,46,0,0,0
0.2317,12774,Rest,HAZIRLANIYOR...,0,175,37,28,0,4,0
0.2317,12775,Rest,HAZIRLANIYOR...,0,168,25,8,0,0,0
0.2317,12776,Rest,HAZIRLANIYOR...,0,154,15,0,0,0,0
0.2317,12777,Rest,HAZIRLANIYOR...,0,132,4,0,0,0,0
0.2318,12778,Rest,HAZIRLANIYOR...,0,107,0,0,0,0,0
0.2320,12779,Rest,HAZIRLANIYOR...,0,85,0,0,0,6,0
0.2320,12780,Rest,HAZIRLANIYOR...,0,64,0,0,0,7,0
0.2320,12781,Rest,HAZIRLANIYOR...,0,34,0,0,0,1,0
0.2320,12782,Rest,HAZIRLANIYOR...,0,0,0,0,58,0,4
0.2321,12783,Rest,HAZIRLANIYOR...,0,0,0,0,125,0,5
0.2321,12784,Rest,HAZIRLANIYOR...,0,0,0,0,181,0,3
0.2321,12785,Rest,HAZIRLANIYOR...,0,0,0,0,229,2,2
0.2321,12786,Rest,HAZIRLANIYOR...,0,0,0,0,278,1,2
0.2321,12787,Rest,HAZIRLANIYOR...,0,0,0,0,324,0,2
0.2321,12788,Rest,HAZIRLANIYOR...,0,0,0,0,357,1,3
0.2321,12789,Rest,HAZIRLANIYOR...,0,0,0,0,374,2,3
0.2321,12790,Rest,HAZIRLANIYOR...,0,0,0,0,376,1,3
0.2321,12791,Rest,HAZIRLANIYOR...,0,0,0,0,360,0,3
0.2321,12792,Rest,HAZIRLANIYOR...,0,0,0,0,335,0,3
0.2321,12793,Rest,HAZIRLANIYOR...,0,0,0,0,317,1,1
0.2322,12794,Rest,HAZIRLANIYOR...,0,0,0,7,312,7,0
0.2322,12795,Rest,HAZIRLANIYOR...,0,0,7,23,306,11,0
0.2322,12796,Rest,HAZIRLANIYOR...,0,0,21,38,276,5,7
0.2322,12797,Rest,HAZIRLANIYOR...,0,0,35,52,213,0,16
0.2322,12798,Rest,HAZIRLANIYOR...,0,0,46,64,128,0,12
0.2322,12799,Rest,HAZIRLANIYOR...,0,0,57,74,45,0,0
0.2322,12800,Rest,HAZIRLANIYOR...,0,0,67,80,0,0,0
0.2322,12801,Rest,HAZIRLANIYOR...,0,0,74,82,0,0,0
0.2322,12802,Rest,HAZIRLANIYOR...,0,0,78,81,0,0,0
0.2322,12803,Rest,HAZIRLANIYOR...,0,0,80,77,0,0,0
0.2322,12804,Rest,HAZIRLANIYOR...,0,0,80,71,0,0,0
0.2323,12805,Rest,HAZIRLANIYOR...,0,0,77,62,0,0,0
0.2323,12806,Rest,HAZIRLANIYOR...,0,0,71,52,0,0,0
0.2323,12807,Rest,HAZIRLANIYOR...,0,0,63,42,0,0,0
0.2323,12808,Rest,HAZIRLANIYOR...,0,0,53,31,0,0,0
0.2323,12809,Rest,HAZIRLANIYOR...,0,0,42,18,0,0,0
0.2323,12810,Rest,HAZIRLANIYOR...,0,0,29,5,0,5,0
0.2323,12811,Rest,HAZIRLANIYOR...,0,0,18,0,0,9,0
0.2323,12812,Rest,HAZIRLANIYOR...,0,0,11,0,0,4,4
0.2323,12813,Rest,HAZIRLANIYOR...,0,0,3,0,0,0,5
0.2323,12814,Rest,HAZIRLANIYOR...,0,0,0,0,0,0,3
0.2323,12815,Rest,HAZIRLANIYOR...,0,0,0,0,0,1,2
0.2323,12816,Rest,HAZIRLANIYOR...,0,0,0,0,0,3,4
0.2324,12817,Rest,HAZIRLANIYOR...,0,0,0,0,30,6,3
0.2324,12818,Rest,HAZIRLANIYOR...,0,0,0,0,102,9,0
0.2373,12819,Rest,HAZIRLANIYOR...,0,0,0,0,167,6,0
0.2374,12820,Rest,HAZIRLANIYOR...,0,0,0,0,210,0,0
0.2374,12821,Rest,HAZIRLANIYOR...,0,8,0,0,245,0,3
0.2374,12822,Rest,HAZIRLANIYOR...,0,71,0,0,289,1,8
0.2375,12823,Rest,HAZIRLANIYOR...,0,123,0,0,336,4,9
0.2375,12824,Rest,HAZIRLANIYOR...,0,164,0,0,368,6,5
0.2375,12825,Rest,HAZIRLANIYOR...,0,196,0,0,378,8,0
0.2375,12826,Rest,HAZIRLANIYOR...,0,224,0,0,370,7,0
0.2376,12827,Rest,HAZIRLANIYOR...,0,252,0,0,353,7,0
0.2523,12828,Rest,HAZIRLANIYOR...,0,284,0,0,336,4,0
0.2524,12829,Rest,HAZIRLANIYOR...,0,319,0,6,324,0,0
0.2525,12830,Rest,HAZIRLANIYOR...,0,358,4,25,315,0,0
0.2525,12831,Rest,HAZIRLANIYOR...,0,396,18,42,294,0,0
0.2525,12832,Rest,HAZIRLANIYOR...,0,428,30,57,246,0,0
0.2525,12833,Rest,HAZIRLANIYOR...,0,452,39,71,170,0,0
0.2526,12834,Rest,HAZIRLANIYOR...,0,467,48,83,85,0,0
0.2526,12835,Rest,HAZIRLANIYOR...,0,474,57,92,4,0,0
0.2526,12836,Rest,HAZIRLANIYOR...,0,470,65,98,0,0,0
0.2526,12837,Rest,HAZIRLANIYOR...,0,453,71,100,0,0,0
0.2529,12838,Rest,HAZIRLANIYOR...,0,425,73,101,0,0,1
0.2529,12839,Rest,HAZIRLANIYOR...,0,390,71,101,0,0,0
0.2529,12840,Rest,HAZIRLANIYOR...,0,354,67,96,0,5,0
0.2529,12841,Rest,HAZIRLANIYOR...,0,318,61,88,0,9,1
0.2529,12842,Rest,HAZIRLANIYOR...,0,276,53,78,0,4,1
0.2530,12843,Rest,HAZIRLANIYOR...,0,222,44,66,0,0,1
0.2530,12844,Rest,HAZIRLANIYOR...,0,167,33,53,0,0,2
0.2530,12845,Rest,HAZIRLANIYOR...,0,124,21,38,0,0,0
0.2530,12846,Rest,HAZIRLANIYOR...,0,90,8,20,0,0,0
0.2530,12847,Rest,HAZIRLANIYOR...,0,55,0,1,0,0,0
0.2530,12848,Rest,HAZIRLANIYOR...,0,14,0,0,0,0,8
0.2531,12849,Rest,HAZIRLANIYOR...,0,0,0,0,0,0,12
0.2531,12850,Rest,HAZIRLANIYOR...,0,0,0,0,0,0,3
0.2531,12851,Rest,HAZIRLANIYOR...,0,0,0,0,0,0,0
0.2531,12852,Rest,HAZIRLANIYOR...,0,0,0,0,4,3,0
0.2531,12853,Rest,HAZIRLANIYOR...,0,0,0,0,67,3,0
0.2532,12854,Rest,HAZIRLANIYOR...,0,0,0,0,126,3,0
0.2532,12855,Rest,HAZIRLANIYOR...,0,0,0,0,179,3,0
0.2905,12856,Rest,HAZIRLANIYOR...,0,0,0,0,228,4,0
0.2905,12857,Rest,HAZIRLANIYOR...,0,0,0,0,276,3,0
0.2905,12858,Rest,HAZIRLANIYOR...,0,0,0,0,324,3,0
0.2905,12859,Rest,HAZIRLANIYOR...,0,12,0,0,361,3,0
0.2906,12860,Rest,HAZIRLANIYOR...,0,34,0,0,374,3,0
0.2906,12861,Rest,HAZIRLANIYOR...,0,65,0,0,368,2,4
0.2906,12862,Rest,HAZIRLANIYOR...,0,100,0,0,356,2,5
0.2906,12863,Rest,HAZIRLANIYOR...,0,134,0,0,341,2,0
0.2907,12864,Rest,HAZIRLANIYOR...,0,162,0,0,324,3,0
0.2907,12865,Rest,HAZIRLANIYOR...,0,184,0,0,311,2,0
0.2907,12866,Rest,HAZIRLANIYOR...,0,200,10,13,297,1,0
0.2907,12867,Rest,HAZIRLANIYOR...,0,207,26,28,264,0,5
0.2907,12868,Rest,HAZIRLANIYOR...,0,204,41,44,201,0,6
0.2907,12869,Rest,HAZIRLANIYOR...,0,187,52,60,116,0,2
0.2907,12870,Rest,HAZIRLANIYOR...,0,156,62,74,27,0,2
0.2907,12871,Rest,HAZIRLANIYOR...,0,116,71,82,0,0,7
0.2907,12872,Rest,HAZIRLANIYOR...,0,73,79,87,0,0,9
0.2907,12873,Rest,HAZIRLANIYOR...,0,29,84,91,0,0,5
0.2908,12874,Rest,HAZIRLANIYOR...,0,0,86,92,0,4,0
0.2908,12875,Rest,HAZIRLANIYOR...,0,0,86,90,0,1,0
0.2908,12876,Rest,HAZIRLANIYOR...,0,0,85,83,0,0,0
0.2908,12877,Rest,HAZIRLANIYOR...,0,0,80,72,0,0,0
0.2908,12878,Rest,HAZIRLANIYOR...,0,0,72,60,0,0,0
0.2908,12879,Rest,HAZIRLANIYOR...,0,0,61,47,0,0,2
0.2908,12880,Rest,HAZIRLANIYOR...,0,0,50,33,0,0,0
0.2908,12881,Rest,HAZIRLANIYOR...,0,0,37,18,0,0,0
0.2908,12882,Rest,HAZIRLANIYOR...,0,0,23,3,0,0,0
0.2908,12883,Rest,HAZIRLANIYOR...,0,0,7,0,0,2,0
0.2908,12884,Rest,HAZIRLANIYOR...,0,0,0,0,0,2,0
0.2909,12885,Rest,HAZIRLANIYOR...,0,0,0,0,0,2,0
0.2909,12886,Rest,HAZIRLANIYOR...,0,0,0,0,0,3,0
0.2909,12887,Rest,HAZIRLANIYOR...,0,0,0,0,0,4,0
0.2909,12888,Rest,HAZIRLANIYOR...,0,0,0,0,42,4,0
0.2909,12889,Rest,HAZIRLANIYOR...,0,0,0,0,109,4,0
0.2909,12890,Rest,HAZIRLANIYOR...,0,0,0,0,163,1,1
0.2909,12891,Rest,HAZIRLANIYOR...,0,0,0,0,207,0,3
0.2909,12892,Rest,HAZIRLANIYOR...,0,0,0,0,251,1,1
0.2909,12893,Rest,HAZIRLANIYOR...,0,0,0,0,299,9,0
0.2909,12894,Rest,HAZIRLANIYOR...,0,0,0,0,342,14,0
0.2909,12895,Rest,HAZIRLANIYOR...,0,0,0,0,370,7,1
0.2910,12896,Rest,HAZIRLANIYOR...,0,0,0,0,379,0,2
0.2910,12897,Rest,HAZIRLANIYOR...,0,0,0,0,374,0,2
0.2910,12898,Rest,HAZIRLANIYOR...,0,0,0,0,359,0,1
0.2910,12899,Rest,HAZIRLANIYOR...,0,0,0,0,343,2,3
0.2910,12900,Rest,HAZIRLANIYOR...,0,0,0,5,331,0,10
0.2910,12901,Rest,HAZIRLANIYOR...,0,0,0,23,320,0,15
0.2910,12902,Rest,HAZIRLANIYOR...,0,0,0,40,297,0,14
0.2910,12903,Rest,HAZIRLANIYOR...,0,0,9,56,245,0,7
0.2910,12904,Rest,HAZIRLANIYOR...,0,0,23,71,166,0,0
0.2910,12905,Rest,HAZIRLANIYOR...,0,0,36,83,77,0,0
0.2910,12906,Rest,HAZIRLANIYOR...,0,0,49,92,0,0,0
0.2910,12907,Rest,HAZIRLANIYOR...,0,0,59,99,0,0,0
0.2910,12908,Rest,HAZIRLANIYOR...,0,0,65,99,0,0,0
0.2911,12909,Rest,HAZIRLANIYOR...,0,0,71,93,0,0,0
0.2911,12910,Rest,HAZIRLANIYOR...,0,0,76,83,0,0,0
0.2911,12911,Rest,HAZIRLANIYOR...,0,21,82,73,0,0,0
0.2911,12912,Rest,HAZIRLANIYOR...,0,34,85,64,0,0,0
0.2911,12913,Rest,HAZIRLANIYOR...,0,24,85,56,0,0,5
0.2911,12914,Rest,HAZIRLANIYOR...,0,0,81,46,0,0,7
0.2911,12915,Rest,HAZIRLANIYOR...,0,0,73,32,0,0,0
0.2911,12916,Rest,HAZIRLANIYOR...,0,0,62,17,0,0,0
0.2911,12917,Rest,HAZIRLANIYOR...,0,0,50,2,0,0,0
0.2911,12918,Rest,HAZIRLANIYOR...,0,0,35,0,0,1,6
0.2911,12919,Rest,HAZIRLANIYOR...,0,0,20,0,0,0,4
0.2912,12920,Rest,HAZIRLANIYOR...,0,0,5,0,0,0,1
0.2912,12921,Rest,HAZIRLANIYOR...,0,0,0,0,0,3,4
0.2912,12922,Rest,HAZIRLANIYOR...,0,0,0,0,0,5,2
0.2916,12923,Rest,HAZIRLANIYOR...,0,0,0,0,2,5,0
0.2921,12924,Rest,HAZIRLANIYOR...,0,37,0,0,71,4,0
0.2994,12925,Rest,HAZIRLANIYOR...,0,77,0,0,134,3,0
0.2998,12926,Rest,HAZIRLANIYOR...,0,113,0,0,188,3,0
0.2998,12927,Rest,HAZIRLANIYOR...,0,144,0,0,236,2,0
0.2998,12928,Rest,HAZIRLANIYOR...,0,174,0,0,287,1,0
0.2999,12929,Rest,HAZIRLANIYOR...,0,207,0,0,332,6,0
0.2999,12930,Rest,HAZIRLANIYOR...,0,243,0,0,355,12,1
0.2999,12931,Rest,HAZIRLANIYOR...,0,284,0,0,360,8,1
0.2999,12932,Rest,HAZIRLANIYOR...,0,329,0,0,360,0,0
0.2999,12933,Rest,HAZIRLANIYOR...,0,373,0,0,354,0,2
0.2999,12934,Rest,HAZIRLANIYOR...,0,409,0,0,339,0,5
0.2999,12935,Rest,HAZIRLANIYOR...,0,435,0,9,321,2,3
0.3000,12936,Rest,HAZIRLANIYOR...,0,455,0,32,313,0,3
0.3000,12937,Rest,HAZIRLANIYOR...,0,467,4,52,306,0,6
0.3000,12938,Rest,HAZIRLANIYOR...,0,470,17,67,274,0,0
0.3156,12939,Rest,HAZIRLANIYOR...,0,460,29,81,206,0,0
0.3157,12940,Rest,HAZIRLANIYOR...,0,443,39,95,116,0,0
0.3157,12941,Rest,HAZIRLANIYOR...,0,418,48,105,25,0,0
0.3158,12942,Rest,HAZIRLANIYOR...,0,385,53,112,0,0,2
0.3158,12943,Rest,HAZIRLANIYOR...,0,344,57,116,0,0,5
0.3159,12944,Rest,HAZIRLANIYOR...,0,294,59,118,0,2,5
0.3161,12945,Rest,HAZIRLANIYOR...,0,233,58,117,0,5,0
0.3161,12946,Rest,HAZIRLANIYOR...,0,161,56,109,0,0,0
0.3162,12947,Rest,HAZIRLANIYOR...,0,80,52,98,0,0,0
0.3163,12948,Rest,HAZIRLANIYOR...,0,0,48,85,0,0,0
0.3163,12949,Rest,HAZIRLANIYOR...,0,0,43,71,0,0,0
0.3163,12950,Rest,HAZIRLANIYOR...,0,0,34,55,0,0,0
0.3163,12951,Rest,HAZIRLANIYOR...,0,0,24,38,0,0,0
0.3163,12952,Rest,HAZIRLANIYOR...,0,0,12,20,0,0,0
0.3164,12953,Rest,HAZIRLANIYOR...,0,0,1,2,0,0,0
0.3164,12954,Rest,HAZIRLANIYOR...,0,0,0,0,0,0,1
0.3164,12955,Rest,HAZIRLANIYOR...,0,0,0,0,0,1,3
0.3164,12956,Rest,HAZIRLANIYOR...,0,0,0,0,0,1,2
0.3164,12957,Rest,HAZIRLANIYOR...,0,0,0,0,0,2,2
0.3164,12958,Rest,HAZIRLANIYOR...,0,0,0,0,0,3,7
0.3164,12959,Rest,HAZIRLANIYOR...,0,0,0,0,42,3,11
0.3164,12960,Rest,HAZIRLANIYOR...,0,0,0,0,109,4,5
0.3165,12961,Rest,HAZIRLANIYOR...,0,0,0,0,170,8,0
0.3165,12962,Rest,HAZIRLANIYOR...,0,0,0,0,221,11,0
0.3165,12963,Rest,HAZIRLANIYOR...,0,0,0,0,267,7,0
0.3165,12964,Rest,HAZIRLANIYOR...,0,0,0,0,309,1,4
0.3165,12965,Rest,HAZIRLANIYOR...,0,0,0,0,343,4,7
0.3166,12966,Rest,HAZIRLANIYOR...,0,0,0,0,366,9,8
0.3166,12967,Rest,HAZIRLANIYOR...,0,0,0,0,374,4,2
0.3485,12968,Rest,HAZIRLANIYOR...,0,0,0,0,370,0,0
0.3486,12969,Rest,HAZIRLANIYOR...,0,0,0,0,356,0,0
0.3486,12970,Rest,HAZIRLANIYOR...,0,0,0,0,338,0,7
0.3486,12971,Rest,HAZIRLANIYOR...,0,32,0,0,326,0,11
0.3486,12972,Rest,HAZIRLANIYOR...,0,64,7,0,322,0,3
0.3486,12973,Rest,HAZIRLANIYOR...,0,101,17,10,304,0,0
0.3486,12974,Rest,HAZIRLANIYOR...,0,144,28,26,246,0,0
0.3486,12975,Rest,HAZIRLANIYOR...,0,184,38,42,154,0,0
0.3487,12976,Rest,HAZIRLANIYOR...,0,212,47,56,56,0,1
0.3487,12977,Rest,HAZIRLANIYOR...,0,224,55,66,0,0,2
0.3487,12978,Rest,HAZIRLANIYOR...,0,219,61,72,0,0,0
0.3487,12979,Rest,HAZIRLANIYOR...,0,197,65,75,0,0,0
0.3487,12980,Rest,HAZIRLANIYOR...,0,159,67,77,0,0,0
0.3487,12981,Rest,HAZIRLANIYOR...,0,106,66,80,0,4,0
0.3487,12982,Rest,HAZIRLANIYOR...,0,46,64,80,0,7,1
0.3487,12983,Rest,HAZIRLANIYOR...,0,0,61,75,0,3,7
0.3487,12984,Rest,HAZIRLANIYOR...,0,0,56,66,0,0,8
0.3487,12985,Rest,HAZIRLANIYOR...,0,0,48,57,0,2,2
0.3487,12986,Rest,HAZIRLANIYOR...,0,0,38,49,0,2,0
0.3487,12987,Rest,HAZIRLANIYOR...,0,0,28,38,0,0,0
0.3487,12988,Rest,HAZIRLANIYOR...,0,0,18,25,0,0,0
0.3487,12989,Rest,HAZIRLANIYOR...,0,0,6,11,0,0,0
0.3487,12990,Rest,HAZIRLANIYOR...,0,0,0,0,0,0,0
0.3487,12991,Rest,HAZIRLANIYOR...,0,0,0,0,0,0,0
0.3488,12992,Rest,HAZIRLANIYOR...,0,0,0,0,0,0,0
0.3488,12993,Rest,HAZIRLANIYOR...,0,0,0,0,0,5,0
0.3488,12994,Rest,HAZIRLANIYOR...,0,0,0,0,13,12,0
0.3488,12995,Rest,HAZIRLANIYOR...,0,0,0,0,82,8,0
0.3488,12996,Rest,HAZIRLANIYOR...,0,0,0,0,146,0,4
0.3488,12997,Rest,HAZIRLANIYOR...,0,56,0,0,199,0,5
0.3488,12998,Rest,HAZIRLANIYOR...,0,115,0,0,246,0,3
0.3488,12999,Rest,HAZIRLANIYOR...,0,174,0,0,294,4,2
0.3488,13000,Rest,HAZIRLANIYOR...,0,233,0,0,343,3,3
0.3488,13001,Rest,HAZIRLANIYOR...,0,288,0,0,376,0,3
0.3488,13002,Rest,HAZIRLANIYOR...,0,338,0,0,382,0,1
0.3488,13003,Rest,HAZIRLANIYOR...,0,385,0,0,370,0,0
0.3488,13004,Rest,HAZIRLANIYOR...,0,425,0,0,358,2,0
0.3489,13005,Rest,HAZIRLANIYOR...,0,456,0,0,349,2,1
0.3489,13006,Rest,HAZIRLANIYOR...,0,481,0,0,342,2,2
0.3489,13007,Rest,HAZIRLANIYOR...,0,506,0,9,334,2,3
0.3489,13008,Rest,HAZIRLANIYOR...,0,524,8,32,311,3,8
0.3489,13009,Rest,HAZIRLANIYOR...,0,526,21,52,262,2,11
0.3489,13010,Rest,HAZIRLANIYOR...,0,508,32,67,191,1,5
0.3489,13011,Rest,HAZIRLANIYOR...,0,474,41,80,112,0,0
0.3489,13012,Rest,HAZIRLANIYOR...,0,429,50,94,25,0,0
0.3489,13013,Rest,HAZIRLANIYOR...,0,373,58,105,0,0,0
0.3489,13014,Rest,HAZIRLANIYOR...,0,307,65,112,0,0,0
0.3489,13015,Rest,HAZIRLANIYOR...,0,232,68,115,0,0,0
0.3490,13016,Rest,HAZIRLANIYOR...,0,157,66,115,0,0,0
0.3490,13017,Rest,HAZIRLANIYOR...,0,84,62,107,0,0,0
0.3490,13018,Rest,HAZIRLANIYOR...,0,9,58,95,0,0,0
0.3490,13019,Rest,HAZIRLANIYOR...,0,0,53,81,0,0,0
0.3490,13020,Rest,HAZIRLANIYOR...,0,0,48,66,0,0,0
0.3491,13021,Rest,HAZIRLANIYOR...,0,0,39,48,0,0,0
0.3492,13022,Rest,HAZIRLANIYOR...,0,0,28,28,0,0,0
0.3492,13023,Rest,HAZIRLANIYOR...,0,0,16,7,0,4,0
0.3492,13024,Rest,HAZIRLANIYOR...,0,0,5,0,0,3,0
0.3493,13025,Rest,HAZIRLANIYOR...,0,0,0,0,0,1,1
0.3626,13026,Rest,HAZIRLANIYOR...,0,0,0,0,0,2,1
0.3627,13027,Rest,HAZIRLANIYOR...,0,0,0,0,0,4,1
0.3627,13028,Rest,HAZIRLANIYOR...,0,0,0,0,0,4,0
0.3627,13029,Rest,HAZIRLANIYOR...,0,0,0,0,0,2,0
0.3627,13030,Rest,HAZIRLANIYOR...,0,0,0,0,42,2,0
0.3627,13031,Rest,HAZIRLANIYOR...,0,0,0,0,108,2,1
0.3627,13032,Rest,HAZIRLANIYOR...,0,0,0,0,171,1,2
0.3627,13033,Rest,HAZIRLANIYOR...,0,0,0,0,227,1,5
0.3628,13034,Rest,HAZIRLANIYOR...,0,0,0,0,275,3,8
0.3630,13035,Rest,HAZIRLANIYOR...,0,0,0,0,313,6,3
0.3631,13036,Rest,HAZIRLANIYOR...,0,0,0,0,342,7,0
0.3631,13037,Rest,HAZIRLANIYOR...,0,0,0,0,364,8,0
0.3632,13038,Rest,HAZIRLANIYOR...,0,0,0,0,375,8,0
0.3632,13039,Rest,HAZIRLANIYOR...,0,0,0,0,370,4,0
0.3632,13040,Rest,HAZIRLANIYOR...,0,0,0,0,355,0,0
0.3632,13041,Rest,HAZIRLANIYOR...,0,0,0,0,346,0,0
0.3633,13042,Rest,HAZIRLANIYOR...,0,0,0,11,341,0,0
0.3633,13043,Rest,HAZIRLANIYOR...,0,60,7,28,325,0,0
0.3633,13044,Rest,HAZIRLANIYOR...,0,129,20,44,286,0,0
0.3633,13045,Rest,HAZIRLANIYOR...,0,192,33,59,224,0,0
0.3634,13046,Rest,HAZIRLANIYOR...,0,245,45,72,147,0,0
0.3634,13047,Rest,HAZIRLANIYOR...,0,287,55,83,61,0,0
0.3634,13048,Rest,HAZIRLANIYOR...,0,321,64,89,0,0,0
0.3638,13049,Rest,HAZIRLANIYOR...,0,346,73,92,0,0,0
0.3638,13050,Rest,HAZIRLANIYOR...,0,364,79,93,0,0,0
0.3638,13051,Rest,HAZIRLANIYOR...,0,372,81,94,0,0,0
0.3786,13052,Rest,HAZIRLANIYOR...,0,372,80,91,0,0,0
0.3788,13053,Rest,HAZIRLANIYOR...,0,366,78,84,0,0,0
0.3789,13054,Rest,HAZIRLANIYOR...,0,355,76,74,0,8,0
0.3789,13055,Rest,HAZIRLANIYOR...,0,343,70,62,0,4,0
0.3790,13056,Rest,HAZIRLANIYOR...,0,331,60,49,0,0,3
0.3790,13057,Rest,HAZIRLANIYOR...,0,316,49,35,0,0,6
0.3790,13058,Rest,HAZIRLANIYOR...,0,297,38,19,0,5,7
0.3790,13059,Rest,HAZIRLANIYOR...,0,275,27,4,0,15,5
0.3791,13060,Rest,HAZIRLANIYOR...,0,259,15,0,0,11,0
0.3791,13061,Rest,HAZIRLANIYOR...,0,249,1,0,0,0,0
0.3791,13062,Rest,HAZIRLANIYOR...,0,242,0,0,0,0,0
0.3791,13063,Rest,HAZIRLANIYOR...,0,236,0,0,0,0,2
0.3791,13064,Rest,HAZIRLANIYOR...,0,232,0,0,0,0,2
0.3791,13065,Rest,HAZIRLANIYOR...,0,228,0,0,19,4,0
0.3792,13066,Rest,HAZIRLANIYOR...,0,222,0,0,88,0,0
0.3792,13067,Rest,HAZIRLANIYOR...,0,213,0,0,149,0,0
0.3792,13068,Rest,HAZIRLANIYOR...,0,206,0,0,205,0,3
0.3792,13069,Rest,HAZIRLANIYOR...,0,204,0,0,256,0,1
0.3792,13070,Rest,HAZIRLANIYOR...,0,204,0,0,297,7,0
0.3792,13071,Rest,HAZIRLANIYOR...,0,201,0,0,329,10,1
0.3792,13072,Rest,HAZIRLANIYOR...,0,193,0,0,357,9,10
0.3793,13073,Rest,HAZIRLANIYOR...,0,189,0,0,375,3,13
0.3793,13074,Rest,HAZIRLANIYOR...,0,190,0,0,376,0,8
0.3793,13075,Rest,HAZIRLANIYOR...,0,194,0,0,364,0,3
0.3793,13076,Rest,HAZIRLANIYOR...,0,195,0,0,350,0,0
0.3794,13077,Rest,HAZIRLANIYOR...,0,193,0,0,340,0,0
0.3795,13078,Rest,HAZIRLANIYOR...,0,189,1,14,328,0,0
0.3795,13079,Rest,HAZIRLANIYOR...,0,183,13,29,308,0,0
0.4091,13080,Rest,HAZIRLANIYOR...,0,175,27,45,266,0,0
0.4092,13081,Rest,HAZIRLANIYOR...,0,165,40,59,187,0,1
0.4092,13082,Rest,HAZIRLANIYOR...,0,151,51,70,88,0,4
0.4092,13083,Rest,HAZIRLANIYOR...,0,128,60,80,0,0,0
0.4092,13084,Rest,HAZIRLANIYOR...,0,96,68,90,0,0,0
0.4092,13085,Rest,HAZIRLANIYOR...,0,55,75,96,0,0,0
0.4093,13086,Rest,HAZIRLANIYOR...,0,5,80,97,0,0,0
0.4093,13087,Rest,HAZIRLANIYOR...,0,0,81,93,0,0,0
0.4093,13088,Rest,HAZIRLANIYOR...,0,0,81,87,0,0,0
0.4093,13089,Rest,HAZIRLANIYOR...,0,0,79,79,0,0,0
0.4093,13090,Rest,HAZIRLANIYOR...,0,0,73,68,0,0,0
0.4093,13091,Rest,HAZIRLANIYOR...,0,0,60,54,0,0,0
0.4094,13092,Rest,HAZIRLANIYOR...,0,0,47,40,0,0,0
0.4094,13093,Rest,HAZIRLANIYOR...,0,0,36,24,0,0,0
0.4094,13094,Rest,HAZIRLANIYOR...,0,0,26,8,0,2,3
0.4094,13095,Rest,HAZIRLANIYOR...,0,0,12,0,0,6,9
0.4094,13096,Rest,HAZIRLANIYOR...,0,0,0,0,0,3,2
0.4095,13097,Rest,HAZIRLANIYOR...,0,0,0,0,0,0,0
0.4095,13098,Rest,HAZIRLANIYOR...,0,0,0,0,0,1,0
0.4095,13099,Rest,HAZIRLANIYOR...,0,0,0,0,0,5,6
0.4095,13100,Rest,HAZIRLANIYOR...,0,0,0,0,0,5,6
0.4095,13101,Rest,HAZIRLANIYOR...,0,0,0,0,51,1,0
0.4095,13102,Rest,HAZIRLANIYOR...,0,0,0,0,118,1,0
0.4096,13103,Rest,HAZIRLANIYOR...,0,0,0,0,175,3,0
0.4096,13104,Rest,HAZIRLANIYOR...,0,0,0,0,223,5,0
0.4096,13105,Rest,HAZIRLANIYOR...,0,0,0,0,268,6,9
0.4097,13106,Rest,HAZIRLANIYOR...,0,0,0,0,313,6,18
0.4097,13107,Rest,HAZIRLANIYOR...,0,0,0,0,352,6,13
0.4097,13108,Rest,HAZIRLANIYOR...,0,0,0,0,375,6,0
0.4097,13109,Rest,HAZIRLANIYOR...,0,0,0,0,381,5,0
0.4098,13110,Rest,HAZIRLANIYOR...,0,0,0,0,369,3,0
0.4098,13111,Rest,HAZIRLANIYOR...,0,0,0,0,348,3,0
0.4098,13112,Rest,HAZIRLANIYOR...,0,24,0,0,330,4,3
0.4098,13113,Rest,HAZIRLANIYOR...,0,59,0,0,324,4,0
0.4098,13114,Rest,HAZIRLANIYOR...,0,95,0,13,322,3,0
0.4099,13115,Rest,HAZIRLANIYOR...,0,129,5,29,298,2,0
0.4099,13116,Rest,HAZIRLANIYOR...,0,155,17,44,230,1,0
0.4099,13117,Rest,HAZIRLANIYOR...,0,171,26,58,133,0,1
0.4099,13118,Rest,HAZIRLANIYOR...,0,179,30,72,39,0,0
0.4099,13119,Rest,HAZIRLANIYOR...,0,186,35,86,0,0,0
0.4100,13120,Rest,HAZIRLANIYOR...,0,191,51,97,0,0,0
0.4100,13121,Rest,HAZIRLANIYOR...,0,189,70,103,0,0,3
0.4100,13122,Rest,HAZIRLANIYOR...,0,171,75,105,0,0,7
0.4100,13123,Rest,HAZIRLANIYOR...,0,139,68,104,0,0,3
0.4100,13124,Rest,HAZIRLANIYOR...,0,98,62,101,0,0,0
0.4101,13125,Rest,HAZIRLANIYOR...,0,56,60,95,0,0,0
0.4101,13126,Rest,HAZIRLANIYOR...,0,11,57,85,0,0,0
0.4101,13127,Rest,HAZIRLANIYOR...,0,0,50,74,0,0,0
0.4101,13128,Rest,HAZIRLANIYOR...,0,0,39,63,0,0,0
0.4101,13129,Rest,HAZIRLANIYOR...,0,0,27,50,0,0,0
0.4101,13130,Rest,HAZIRLANIYOR...,0,0,16,35,0,0,1
0.4102,13131,Rest,HAZIRLANIYOR...,0,0,6,17,0,0,3
0.4103,13132,Rest,HAZIRLANIYOR...,0,0,0,0,0,0,1
0.4103,13133,Rest,HAZIRLANIYOR...,0,0,0,0,0,0,1
0.4104,13134,Rest,HAZIRLANIYOR...,0,0,0,0,0,2,2
0.4253,13135,Rest,HAZIRLANIYOR...,0,0,0,0,0,6,3
0.4254,13136,Rest,HAZIRLANIYOR...,0,0,0,0,29,8,3
0.4254,13137,Rest,HAZIRLANIYOR...,0,0,0,0,97,4,1
0.4254,13138,Rest,HAZIRLANIYOR...,0,0,0,0,158,0,0
0.4254,13139,Rest,HAZIRLANIYOR...,0,0,0,0,210,0,1
0.4254,13140,Rest,HAZIRLANIYOR...,0,0,0,0,260,0,2
0.4254,13141,Rest,HAZIRLANIYOR...,0,0,0,0,307,2,3
0.4254,13142,Rest,HAZIRLANIYOR...,0,34,0,0,337,1,2
0.4254,13143,Rest,HAZIRLANIYOR...,0,117,0,0,354,1,2
0.4254,13144,Rest,HAZIRLANIYOR...,0,198,0,0,366,4,3
0.4254,13145,Rest,HAZIRLANIYOR...,0,273,0,0,370,5,2
0.4254,13146,Rest,HAZIRLANIYOR...,0,338,0,0,360,2,0
0.4254,13147,Rest,HAZIRLANIYOR...,0,389,0,0,341,0,5
0.4254,13148,Rest,HAZIRLANIYOR...,0,427,0,2,326,5,17
0.4254,13149,Rest,HAZIRLANIYOR...,0,454,7,16,318,6,15
0.4255,13150,Rest,HAZIRLANIYOR...,0,471,18,29,302,0,0
0.4255,13151,Rest,HAZIRLANIYOR...,0,473,30,41,258,0,0
0.4255,13152,Rest,HAZIRLANIYOR...,0,458,44,53,182,0,0
0.4255,13153,Rest,HAZIRLANIYOR...,0,424,57,66,94,0,0
0.4255,13154,Rest,HAZIRLANIYOR...,0,376,66,77,7,0,0
0.4256,13155,Rest,HAZIRLANIYOR...,0,321,72,85,0,0,0
0.4256,13156,Rest,HAZIRLANIYOR...,0,263,77,90,0,0,0
0.4256,13157,Rest,HAZIRLANIYOR...,0,207,79,91,0,0,0
0.4256,13158,Rest,HAZIRLANIYOR...,0,151,77,88,0,0,0
0.4256,13159,Rest,HAZIRLANIYOR...,0,98,73,82,0,0,0
0.4257,13160,Rest,HAZIRLANIYOR...,0,50,69,75,0,0,0
0.4258,13161,Rest,HAZIRLANIYOR...,0,11,64,64,0,0,0
0.4412,13162,Rest,HAZIRLANIYOR...,0,0,56,49,0,3,0
0.4413,13163,Rest,HAZIRLANIYOR...,0,0,43,34,0,10,0
0.4413,13164,Rest,HAZIRLANIYOR...,0,0,28,20,0,11,0
0.4414,13165,Rest,HAZIRLANIYOR...,0,0,13,5,0,3,0
0.4414,13166,Rest,HAZIRLANIYOR...,0,0,0,0,0,0,0
0.4414,13167,Rest,HAZIRLANIYOR...,0,0,0,0,0,0,0
0.4414,13168,Rest,HAZIRLANIYOR...,0,0,0,0,0,0,0
0.4415,13169,Rest,HAZIRLANIYOR...,0,0,0,0,0,0,0
0.4415,13170,Rest,HAZIRLANIYOR...,0,0,0,0,0,0,1
0.4416,13171,Rest,HAZIRLANIYOR...,0,0,0,0,0,2,1
0.4416,13172,Rest,HAZIRLANIYOR...,0,0,0,0,61,7,1
0.4416,13173,Rest,HAZIRLANIYOR...,0,0,0,0,128,9,0
0.4416,13174,Rest,HAZIRLANIYOR...,0,0,0,0,190,3,0
0.4417,13175,Rest,HAZIRLANIYOR...,0,44,0,0,242,0,0
0.4417,13176,Rest,HAZIRLANIYOR...,0,94,0,0,284,0,0
0.4417,13177,Rest,HAZIRLANIYOR...,0,141,0,0,321,2,0
0.4417,13178,Rest,HAZIRLANIYOR...,0,185,0,0,356,5,0
0.4418,13179,Rest,HAZIRLANIYOR...,0,225,0,0,379,6,3
0.4419,13180,Rest,HAZIRLANIYOR...,0,264,0,0,375,4,4
0.4419,13181,Rest,HAZIRLANIYOR...,0,300,0,0,352,0,0
0.4419,13182,Rest,HAZIRLANIYOR...,0,326,0,0,331,0,0
0.4420,13183,Rest,HAZIRLANIYOR...,0,340,0,0,320,6,0
0.4420,13184,Rest,HAZIRLANIYOR...,0,340,10,5,315,10,1
0.4420,13185,Rest,HAZIRLANIYOR...,0,325,22,22,306,3,2
0.4420,13186,Rest,HAZIRLANIYOR...,0,297,35,40,274,0,0
0.4420,13187,Rest,HAZIRLANIYOR...,0,256,45,58,209,0,0
0.4420,13188,Rest,HAZIRLANIYOR...,0,200,50,76,122,0,1
0.4421,13189,Rest,HAZIRLANIYOR...,0,128,52,91,33,0,0
0.4421,13190,Rest,HAZIRLANIYOR...,0,49,56,98,0,0,0
0.4718,13191,Rest,HAZIRLANIYOR...,0,0,59,102,0,0,0
0.4719,13192,Rest,HAZIRLANIYOR...,0,0,61,107,0,0,0
0.4719,13193,Rest,HAZIRLANIYOR...,0,0,59,110,0,0,2
0.4720,13194,Rest,HAZIRLANIYOR...,0,0,54,107,0,0,2
0.4720,13195,Rest,HAZIRLANIYOR...,0,0,49,98,0,0,1
0.4720,13196,Rest,HAZIRLANIYOR...,0,0,43,85,0,0,2
0.4720,13197,Rest,HAZIRLANIYOR...,0,0,36,68,0,0,1
0.4720,13198,Rest,HAZIRLANIYOR...,0,0,29,47,0,0,0
0.4721,13199,Rest,HAZIRLANIYOR...,0,0,21,25,0,0,0
0.4721,13200,Rest,HAZIRLANIYOR...,0,0,13,5,0,0,0
0.4721,13201,Rest,HAZIRLANIYOR...,0,0,5,0,0,1,0
0.4721,13202,Rest,HAZIRLANIYOR...,0,0,0,0,0,1,0
0.4722,13203,Rest,HAZIRLANIYOR...,0,0,0,0,0,3,5
0.4722,13204,Rest,HAZIRLANIYOR...,0,0,0,0,0,7,9
0.4722,13205,Rest,HAZIRLANIYOR...,0,0,0,0,0,10,6
0.4722,13206,Rest,HAZIRLANIYOR...,0,0,0,0,0,6,0
0.4722,13207,Rest,HAZIRLANIYOR...,0,0,0,0,32,0,0
0.4723,13208,Rest,HAZIRLANIYOR...,0,0,0,0,100,0,0
0.4723,13209,Rest,HAZIRLANIYOR...,0,0,0,0,163,3,1
0.4723,13210,Rest,HAZIRLANIYOR...,0,0,0,0,214,4,0
0.4723,13211,Rest,HAZIRLANIYOR...,0,0,0,0,259,4,0
0.4723,13212,Rest,HAZIRLANIYOR...,0,0,0,0,304,5,0
0.4723,13213,Rest,HAZIRLANIYOR...,0,0,0,0,345,5,0
0.4724,13214,Rest,HAZIRLANIYOR...,0,40,0,0,371,2,0
0.4724,13215,Rest,HAZIRLANIYOR...,0,122,0,0,382,0,0
0.4724,13216,Rest,HAZIRLANIYOR...,0,206,0,0,377,0,0
0.4724,13217,Rest,HAZIRLANIYOR...,0,290,0,0,362,1,1
0.4724,13218,Rest,HAZIRLANIYOR...,0,371,0,0,343,2,3
0.4725,13219,Rest,HAZIRLANIYOR...,0,444,0,8,329,2,6
0.4725,13220,Rest,HAZIRLANIYOR...,0,506,6,26,318,5,2
0.4725,13221,Rest,HAZIRLANIYOR...,0,553,13,44,295,8,0
0.4725,13222,Rest,HAZIRLANIYOR...,0,587,18,62,246,3,0
0.4725,13223,Rest,HAZIRLANIYOR...,0,611,30,78,169,0,0
0.4726,13224,Rest,HAZIRLANIYOR...,0,624,45,90,77,0,0
0.4726,13225,Rest,HAZIRLANIYOR...,0,621,55,101,0,0,0
0.4726,13226,Rest,HAZIRLANIYOR...,0,605,60,109,0,0,0
0.4726,13227,Rest,HAZIRLANIYOR...,0,579,66,114,0,0,0
0.4726,13228,Rest,HAZIRLANIYOR...,0,546,71,113,0,0,0
0.4727,13229,Rest,HAZIRLANIYOR...,0,505,72,109,0,0,0
0.4727,13230,Rest,HAZIRLANIYOR...,0,461,70,102,0,0,0
0.4727,13231,Rest,HAZIRLANIYOR...,0,419,66,92,0,0,0
0.4727,13232,Rest,HAZIRLANIYOR...,0,378,61,80,0,0,0
0.4727,13233,Rest,HAZIRLANIYOR...,0,335,56,65,0,0,0
0.4727,13234,Rest,HAZIRLANIYOR...,0,289,47,48,0,0,0
0.4728,13235,Rest,HAZIRLANIYOR...,0,244,34,30,0,0,0
0.4728,13236,Rest,HAZIRLANIYOR...,0,204,18,11,0,0,0
0.4728,13237,Rest,HAZIRLANIYOR...,0,170,1,0,0,0,1
0.4729,13238,Rest,HAZIRLANIYOR...,0,143,0,0,0,0,5
0.4730,13239,Rest,HAZIRLANIYOR...,0,120,0,0,0,0,8
0.4730,13240,Rest,HAZIRLANIYOR...,0,98,0,0,0,1,2
0.4731,13241,Rest,HAZIRLANIYOR...,0,74,0,0,0,2,0
0.4731,13242,Rest,HAZIRLANIYOR...,0,46,0,0,0,3,0
0.4733,13243,Rest,HAZIRLANIYOR...,0,15,0,0,53,3,0
0.4733,13244,Rest,HAZIRLANIYOR...,0,0,0,0,123,2,0
0.4733,13245,Rest,HAZIRLANIYOR...,0,0,0,0,187,2,0
0.4888,13246,Rest,HAZIRLANIYOR...,0,0,0,0,241,1,0
0.4890,13247,Rest,HAZIRLANIYOR...,0,0,0,0,288,1,0
0.4890,13248,Rest,HAZIRLANIYOR...,0,0,0,0,326,1,1
0.4890,13249,Rest,HAZIRLANIYOR...,0,0,0,0,353,1,5
0.4891,13250,Rest,HAZIRLANIYOR...,0,0,0,0,371,0,12
0.4891,13251,Rest,HAZIRLANIYOR...,0,0,0,0,378,0,13
0.4891,13252,Rest,HAZIRLANIYOR...,0,0,0,0,369,0,2
0.4892,13253,Rest,HAZIRLANIYOR...,0,0,0,0,351,0,0
0.4892,13254,Rest,HAZIRLANIYOR...,0,0,0,0,333,1,0
0.4892,13255,Rest,HAZIRLANIYOR...,0,0,0,8,323,1,0
0.4892,13256,Rest,HAZIRLANIYOR...,0,0,0,21,311,0,0
0.4893,13257,Rest,HAZIRLANIYOR...,0,0,9,34,275,0,0
0.4893,13258,Rest,HAZIRLANIYOR...,0,0,21,47,207,0,0
0.4893,13259,Rest,HAZIRLANIYOR...,0,0,33,60,118,0,0
0.4893,13260,Rest,HAZIRLANIYOR...,0,0,44,70,29,0,0
0.4894,13261,Rest,HAZIRLANIYOR...,0,0,52,76,0,0,0
0.4894,13262,Rest,HAZIRLANIYOR...,0,0,59,79,0,0,0
0.4894,13263,Rest,HAZIRLANIYOR...,0,0,65,81,0,0,0
0.4894,13264,Rest,HAZIRLANIYOR...,0,0,69,82,0,0,5
0.4894,13265,Rest,HAZIRLANIYOR...,0,0,69,80,0,0,10
0.4895,13266,Rest,HAZIRLANIYOR...,0,0,65,77,0,0,4
0.4895,13267,Rest,HAZIRLANIYOR...,0,0,62,73,0,0,0
0.4895,13268,Rest,HAZIRLANIYOR...,0,0,56,67,0,0,0
0.4895,13269,Rest,HAZIRLANIYOR...,0,0,47,57,0,0,0
0.4895,13270,Rest,HAZIRLANIYOR...,0,0,36,45,0,0,0
0.4896,13271,Rest,HAZIRLANIYOR...,0,0,23,31,0,0,0
0.4896,13272,Rest,HAZIRLANIYOR...,0,0,10,17,0,0,1
0.4897,13273,Rest,HAZIRLANIYOR...,0,0,0,2,0,0,1
0.4898,13274,Rest,HAZIRLANIYOR...,0,0,0,0,0,0,1
0.5038,13275,Rest,HAZIRLANIYOR...,0,0,0,0,0,2,1
0.5039,13276,Rest,HAZIRLANIYOR...,0,0,0,0,0,4,1
0.5039,13277,Rest,HAZIRLANIYOR...,0,0,0,0,0,6,0
0.5039,13278,Rest,HAZIRLANIYOR...,0,0,0,0,49,10,0
0.5040,13279,Rest,HAZIRLANIYOR...,0,0,0,0,111,11,0
0.5040,13280,Rest,HAZIRLANIYOR...,0,0,0,0,162,6,1
0.5040,13281,Rest,HAZIRLANIYOR...,0,0,0,0,210,0,11
0.5040,13282,Rest,HAZIRLANIYOR...,0,0,0,0,259,0,18
0.5040,13283,Rest,HAZIRLANIYOR...,0,0,0,0,306,0,15
0.5040,13284,Rest,HAZIRLANIYOR...,0,7,0,0,344,1,8
0.5040,13285,Rest,HAZIRLANIYOR...,0,105,0,0,370,0,0
0.5040,13286,Rest,HAZIRLANIYOR...,0,206,0,0,380,0,0
0.5041,13287,Rest,HAZIRLANIYOR...,0,306,0,0,377,2,0
0.5041,13288,Rest,HAZIRLANIYOR...,0,399,0,0,366,5,0
0.5041,13289,Rest,HAZIRLANIYOR...,0,482,0,0,349,2,0
0.5041,13290,Rest,HAZIRLANIYOR...,0,553,0,0,330,1,0
0.5041,13291,Rest,HAZIRLANIYOR...,0,613,2,14,314,4,0
0.5042,13292,Rest,HAZIRLANIYOR...,0,661,12,30,293,0,0
0.5042,13293,Rest,HAZIRLANIYOR...,0,692,22,42,244,0,1
0.5042,13294,Rest,HAZIRLANIYOR...,0,703,31,52,163,0,0
0.5042,13295,Rest,HAZIRLANIYOR...,0,693,40,61,69,0,0
0.5042,13296,Rest,HAZIRLANIYOR...,0,663,46,68,0,0,0
0.5042,13297,Rest,HAZIRLANIYOR...,0,620,51,73,0,10,0
0.5042,13298,Rest,HAZIRLANIYOR...,0,570,56,76,0,4,3
0.5043,13299,Rest,HAZIRLANIYOR...,0,516,60,77,0,0,1
0.5043,13300,Rest,HAZIRLANIYOR...,0,460,62,76,0,0,0
0.5323,13301,Rest,HAZIRLANIYOR...,0,400,61,73,0,0,0
0.5325,13302,Rest,HAZIRLANIYOR...,0,333,57,68,0,0,0
0.5325,13303,Rest,HAZIRLANIYOR...,0,260,52,60,0,0,0
0.5325,13304,Rest,HAZIRLANIYOR...,0,186,48,50,0,0,0
0.5325,13305,Rest,HAZIRLANIYOR...,0,120,42,38,0,0,0
0.5326,13306,Rest,HAZIRLANIYOR...,0,66,37,26,0,1,0
0.5326,13307,Rest,HAZIRLANIYOR...,0,24,32,14,0,1,1
0.5326,13308,Rest,HAZIRLANIYOR...,0,0,27,3,0,0,0
0.5327,13309,Rest,HAZIRLANIYOR...,0,0,17,0,0,0,3
0.5327,13310,Rest,HAZIRLANIYOR...,0,0,6,0,0,2,14
0.5327,13311,Rest,HAZIRLANIYOR...,0,0,0,0,0,4,22
0.5327,13312,Rest,HAZIRLANIYOR...,0,0,0,0,0,0,14
0.5327,13313,Rest,HAZIRLANIYOR...,0,0,0,0,15,0,0
0.5327,13314,Rest,HAZIRLANIYOR...,0,0,0,0,84,0,0
0.5328,13315,Rest,HAZIRLANIYOR...,0,0,0,0,143,3,0
0.5328,13316,Rest,HAZIRLANIYOR...,0,23,0,0,190,3,0
0.5328,13317,Rest,HAZIRLANIYOR...,0,50,0,0,233,3,0
0.5328,13318,Rest,HAZIRLANIYOR...,0,76,0,0,280,5,0
0.5328,13319,Rest,HAZIRLANIYOR...,0,100,0,0,325,7,0
0.5329,13320,Rest,HAZIRLANIYOR...,0,116,0,0,356,6,1
0.5329,13321,Rest,HAZIRLANIYOR...,0,119,0,0,371,4,3
0.5329,13322,Rest,HAZIRLANIYOR...,0,109,0,0,375,4,0
0.5329,13323,Rest,HAZIRLANIYOR...,0,91,0,0,368,4,0
0.5330,13324,Rest,HAZIRLANIYOR...,0,67,0,0,353,4,0
0.5330,13325,Rest,HAZIRLANIYOR...,0,37,0,7,334,4,0
0.5330,13326,Rest,HAZIRLANIYOR...,0,0,0,19,322,4,3
0.5330,13327,Rest,HAZIRLANIYOR...,0,0,0,31,310,6,2
0.5330,13328,Rest,HAZIRLANIYOR...,0,0,1,42,275,6,0
0.5330,13329,Rest,HAZIRLANIYOR...,0,0,10,54,203,1,0
0.5330,13330,Rest,HAZIRLANIYOR...,0,0,20,64,113,0,0
0.5330,13331,Rest,HAZIRLANIYOR...,0,0,29,72,24,0,0
0.5330,13332,Rest,HAZIRLANIYOR...,0,0,37,76,0,0,4
0.5330,13333,Rest,HAZIRLANIYOR...,0,0,43,78,0,0,9
0.5331,13334,Rest,HAZIRLANIYOR...,0,0,48,80,0,0,12
0.5331,13335,Rest,HAZIRLANIYOR...,0,0,50,79,0,0,5
0.5331,13336,Rest,HAZIRLANIYOR...,0,0,51,75,0,0,0
0.5331,13337,Rest,HAZIRLANIYOR...,0,0,50,67,0,0,0
0.5333,13338,Rest,HAZIRLANIYOR...,0,0,50,57,0,0,0
0.5333,13339,Rest,HAZIRLANIYOR...,0,0,48,46,0,0,0
0.5334,13340,Rest,HAZIRLANIYOR...,0,0,41,32,0,5,0
0.5334,13341,Rest,HAZIRLANIYOR...,0,0,32,16,0,10,0
0.5334,13342,Rest,HAZIRLANIYOR...,0,0,21,0,0,11,0
0.5334,13343,Rest,HAZIRLANIYOR...,0,0,12,0,0,11,0
0.5334,13344,Rest,HAZIRLANIYOR...,0,0,3,0,0,7,0
0.5334,13345,Rest,HAZIRLANIYOR...,0,0,0,0,0,0,1
0.5334,13346,Rest,HAZIRLANIYOR...,0,0,0,0,0,0,2
0.5334,13347,Rest,HAZIRLANIYOR...,0,0,0,0,0,0,0
0.5334,13348,Rest,HAZIRLANIYOR...,0,0,0,0,0,0,0
0.5334,13349,Rest,HAZIRLANIYOR...,0,0,0,0,38,0,0
0.5335,13350,Rest,HAZIRLANIYOR...,0,0,0,0,110,0,0
0.5336,13351,Rest,HAZIRLANIYOR...,0,0,0,0,170,0,0
0.5336,13352,Rest,HAZIRLANIYOR...,0,0,0,0,212,0,2
0.5360,13353,Rest,HAZIRLANIYOR...,0,0,0,0,255,0,2
0.5361,13354,Rest,HAZIRLANIYOR...,0,0,0,0,302,0,1
0.5361,13355,Rest,HAZIRLANIYOR...,0,36,0,0,342,0,0
0.5362,13356,Rest,HAZIRLANIYOR...,0,92,0,0,363,0,0
0.5366,13357,Rest,HAZIRLANIYOR...,0,141,0,0,371,0,1
0.5511,13358,Rest,HAZIRLANIYOR...,0,179,0,0,369,0,2
0.5513,13359,Rest,HAZIRLANIYOR...,0,202,0,0,356,0,2
0.5514,13360,Rest,HAZIRLANIYOR...,0,209,0,0,341,0,0
0.5514,13361,Rest,HAZIRLANIYOR...,0,207,0,0,334,0,0
0.5515,13362,Rest,HAZIRLANIYOR...,0,202,3,18,329,0,0
0.5515,13363,Rest,HAZIRLANIYOR...,0,196,15,35,299,0,2
0.5516,13364,Rest,HAZIRLANIYOR...,0,186,27,53,234,0,1
0.5516,13365,Rest,HAZIRLANIYOR...,0,173,39,71,149,0,0
0.5517,13366,Rest,HAZIRLANIYOR...,0,156,49,84,63,0,0
0.5517,13367,Rest,HAZIRLANIYOR...,0,135,59,92,0,0,0
0.5517,13368,Rest,HAZIRLANIYOR...,0,111,67,99,0,0,0
0.5518,13369,Rest,HAZIRLANIYOR...,0,85,72,104,0,0,2
0.5518,13370,Rest,HAZIRLANIYOR...,0,62,74,105,0,0,2
0.5519,13371,Rest,HAZIRLANIYOR...,0,39,75,102,0,0,1
0.5519,13372,Rest,HAZIRLANIYOR...,0,11,75,98,0,0,0
0.5519,13373,Rest,HAZIRLANIYOR...,0,0,71,91,0,0,1
0.5520,13374,Rest,HAZIRLANIYOR...,0,0,62,79,0,0,3
0.5520,13375,Rest,HAZIRLANIYOR...,0,0,50,64,0,1,7
0.5520,13376,Rest,HAZIRLANIYOR...,0,0,40,53,0,0,7
0.5520,13377,Rest,HAZIRLANIYOR...,0,0,29,41,0,0,0
0.5520,13378,Rest,HAZIRLANIYOR...,0,0,17,24,0,0,0
0.5521,13379,Rest,HAZIRLANIYOR...,0,0,4,2,0,0,0
0.5521,13380,Rest,HAZIRLANIYOR...,0,0,0,0,0,0,0
0.5521,13381,Rest,HAZIRLANIYOR...,0,0,0,0,0,2,0
0.5521,13382,Rest,HAZIRLANIYOR...,0,0,0,0,0,5,0
0.5521,13383,Rest,HAZIRLANIYOR...,0,0,0,0,0,12,0
0.5522,13384,Rest,HAZIRLANIYOR...,0,0,0,0,13,15,0
0.5522,13385,Rest,HAZIRLANIYOR...,0,0,0,0,82,10,3
0.5672,13386,Rest,HAZIRLANIYOR...,0,0,0,0,144,1,3
0.5674,13387,Rest,HAZIRLANIYOR...,0,21,0,0,196,0,0
0.5674,13388,Rest,HAZIRLANIYOR...,0,76,0,0,243,2,0
0.5674,13389,Rest,HAZIRLANIYOR...,0,129,0,0,289,4,0
0.5674,13390,Rest,HAZIRLANIYOR...,0,183,0,0,333,4,0
0.5675,13391,Rest,HAZIRLANIYOR...,0,242,0,0,364,3,0
0.5677,13392,Rest,HAZIRLANIYOR...,0,304,0,0,378,3,0
0.5677,13393,Rest,HAZIRLANIYOR...,0,367,0,0,372,3,0
0.5677,13394,Rest,HAZIRLANIYOR...,0,428,0,0,356,6,5
0.5678,13395,Rest,HAZIRLANIYOR...,0,488,0,0,340,8,10
0.5678,13396,Rest,HAZIRLANIYOR...,0,541,0,0,331,4,4
0.5679,13397,Rest,HAZIRLANIYOR...,0,581,0,9,330,0,0
0.5679,13398,Rest,HAZIRLANIYOR...,0,607,8,28,318,0,0
0.5679,13399,Rest,HAZIRLANIYOR...,0,619,18,47,270,0,0
0.5679,13400,Rest,HAZIRLANIYOR...,0,614,27,65,186,0,0
0.5680,13401,Rest,HAZIRLANIYOR...,0,588,37,81,95,2,0
0.5680,13402,Rest,HAZIRLANIYOR...,0,536,46,96,11,3,0
0.5680,13403,Rest,HAZIRLANIYOR...,0,457,52,105,0,0,0
0.5680,13404,Rest,HAZIRLANIYOR...,0,356,55,110,0,0,0
0.5680,13405,Rest,HAZIRLANIYOR...,0,243,56,112,0,0,6
0.5681,13406,Rest,HAZIRLANIYOR...,0,126,59,112,0,0,9
0.5681,13407,Rest,HAZIRLANIYOR...,0,8,60,109,0,0,2
0.5681,13408,Rest,HAZIRLANIYOR...,0,0,60,103,0,0,0
0.5681,13409,Rest,HAZIRLANIYOR...,0,0,57,95,0,0,0
0.5681,13410,Rest,HAZIRLANIYOR...,0,0,54,85,0,0,3
0.5681,13411,Rest,HAZIRLANIYOR...,0,0,50,71,0,0,9
0.5683,13412,Rest,HAZIRLANIYOR...,0,0,43,56,0,1,0
0.5683,13413,Rest,HAZIRLANIYOR...,0,0,33,40,0,5,0
0.5972,13414,Rest,HAZIRLANIYOR...,0,0,23,23,0,1,0
0.5973,13415,Rest,HAZIRLANIYOR...,0,0,12,5,0,0,0
0.5973,13416,Rest,HAZIRLANIYOR...,0,0,1,0,0,0,2
0.6022,13417,Rest,HAZIRLANIYOR...,0,0,0,0,0,0,1
0.6022,13418,Rest,HAZIRLANIYOR...,0,0,0,0,0,0,0
0.6022,13419,Rest,HAZIRLANIYOR...,0,0,0,0,8,0,0
0.6022,13420,Rest,HAZIRLANIYOR...,0,0,0,0,64,0,0
0.6022,13421,Rest,HAZIRLANIYOR...,0,0,0,0,106,0,0
0.6022,13422,Rest,HAZIRLANIYOR...,0,0,0,0,158,2,0
0.6022,13423,Rest,HAZIRLANIYOR...,0,0,0,0,215,3,0
0.6023,13424,Rest,HAZIRLANIYOR...,0,0,0,0,265,3,3
0.6023,13425,Rest,HAZIRLANIYOR...,0,0,0,0,306,3,4
0.6023,13426,Rest,HAZIRLANIYOR...,0,0,0,0,340,3,1
0.6023,13427,Rest,HAZIRLANIYOR...,0,0,0,0,363,2,0
0.6023,13428,Rest,HAZIRLANIYOR...,0,25,0,0,372,2,3
0.6023,13429,Rest,HAZIRLANIYOR...,0,48,0,0,365,7,5
0.6023,13430,Rest,HAZIRLANIYOR...,0,62,0,0,345,12,3
0.6023,13431,Rest,HAZIRLANIYOR...,0,67,0,0,324,6,0
0.6023,13432,Rest,HAZIRLANIYOR...,0,69,0,0,312,0,0
0.6024,13433,Rest,HAZIRLANIYOR...,0,70,0,17,305,0,0
0.6024,13434,Rest,HAZIRLANIYOR...,0,72,8,39,282,0,0
0.6024,13435,Rest,HAZIRLANIYOR...,0,75,21,61,226,0,0
0.6024,13436,Rest,HAZIRLANIYOR...,0,79,32,78,142,0,0
0.6024,13437,Rest,HAZIRLANIYOR...,0,89,42,90,51,1,0
0.6024,13438,Rest,HAZIRLANIYOR...,0,110,50,98,0,4,0
0.6024,13439,Rest,HAZIRLANIYOR...,0,141,56,102,0,0,0
0.6024,13440,Rest,HAZIRLANIYOR...,0,180,60,100,0,0,1
0.6024,13441,Rest,HAZIRLANIYOR...,0,221,63,96,0,0,1
0.6024,13442,Rest,HAZIRLANIYOR...,0,258,63,88,0,0,0
0.6025,13443,Rest,HAZIRLANIYOR...,0,287,60,78,0,0,0
0.6025,13444,Rest,HAZIRLANIYOR...,0,304,53,65,0,1,0
0.6025,13445,Rest,HAZIRLANIYOR...,0,303,47,53,0,5,0
0.6025,13446,Rest,HAZIRLANIYOR...,0,279,40,41,0,2,0
0.6025,13447,Rest,HAZIRLANIYOR...,0,236,34,28,0,0,4
0.6025,13448,Rest,HAZIRLANIYOR...,0,177,27,14,0,0,5
0.6025,13449,Rest,HAZIRLANIYOR...,0,109,18,0,0,0,2
0.6025,13450,Rest,HAZIRLANIYOR...,0,37,10,0,0,0,0
0.6025,13451,Rest,HAZIRLANIYOR...,0,0,1,0,0,0,0
0.6025,13452,Rest,HAZIRLANIYOR...,0,0,0,0,0,0,1
0.6026,13453,Rest,HAZIRLANIYOR...,0,0,0,0,0,0,3
0.6026,13454,Rest,HAZIRLANIYOR...,0,0,0,0,0,9,6
0.6026,13455,Rest,HAZIRLANIYOR...,0,0,0,0,15,17,7
0.6026,13456,Rest,HAZIRLANIYOR...,0,0,0,0,87,12,8
0.6026,13457,Rest,HAZIRLANIYOR...,0,0,0,0,156,1,7
0.6026,13458,Rest,HAZIRLANIYOR...,0,0,0,0,211,0,1
0.6026,13459,Rest,HAZIRLANIYOR...,0,0,0,0,244,1,0
0.6026,13460,Rest,HAZIRLANIYOR...,0,0,0,0,276,3,0
0.6026,13461,Rest,HAZIRLANIYOR...,0,0,0,0,324,1,0
0.6026,13462,Rest,HAZIRLANIYOR...,0,0,0,0,371,0,0
0.6027,13463,Rest,HAZIRLANIYOR...,0,0,0,0,394,0,0
0.6027,13464,Rest,HAZIRLANIYOR...,0,0,0,0,389,1,0
0.6027,13465,Rest,HAZIRLANIYOR...,0,0,0,0,367,2,0
0.6028,13466,Rest,HAZIRLANIYOR...,0,22,0,0,343,3,0
0.6028,13467,Rest,HAZIRLANIYOR...,0,88,0,0,330,8,3
0.6028,13468,Rest,HAZIRLANIYOR...,0,146,0,0,320,13,11
0.6029,13469,Rest,HAZIRLANIYOR...,0,198,6,4,296,12,13
0.6029,13470,Rest,HAZIRLANIYOR...,0,245,17,22,243,4,1
0.6029,13471,Rest,HAZIRLANIYOR...,0,287,29,38,166,0,0
0.6029,13472,Rest,HAZIRLANIYOR...,0,318,41,51,88,0,0
0.6029,13473,Rest,HAZIRLANIYOR...,0,335,51,64,14,0,0
0.6029,13474,Rest,HAZIRLANIYOR...,0,338,59,74,0,0,0
0.6029,13475,Rest,HAZIRLANIYOR...,0,331,64,82,0,0,0
0.6131,13476,Rest,HAZIRLANIYOR...,0,318,66,84,0,4,0
0.6132,13477,Rest,HAZIRLANIYOR...,0,299,66,83,0,1,0
0.6132,13478,Rest,HAZIRLANIYOR...,0,274,65,81,0,0,0
0.6133,13479,Rest,HAZIRLANIYOR...,0,240,63,76,0,0,0
0.6133,13480,Rest,HAZIRLANIYOR...,0,196,57,67,0,0,0
0.6133,13481,Rest,HAZIRLANIYOR...,0,143,46,55,0,0,1
0.6133,13482,Rest,HAZIRLANIYOR...,0,83,34,42,0,0,1
0.6133,13483,Rest,HAZIRLANIYOR...,0,17,22,28,0,0,0
0.6134,13484,Rest,HAZIRLANIYOR...,0,0,10,14,0,0,0
0.6134,13485,Rest,HAZIRLANIYOR...,0,0,0,0,0,0,0
0.6134,13486,Rest,HAZIRLANIYOR...,0,0,0,0,0,1,0
0.6135,13487,Rest,HAZIRLANIYOR...,0,0,0,0,0,6,0
0.6136,13488,Rest,HAZIRLANIYOR...,0,0,0,0,0,10,1
0.6136,13489,Rest,HAZIRLANIYOR...,0,0,0,0,0,5,1
0.6136,13490,Rest,HAZIRLANIYOR...,0,0,0,0,0,0,0
0.6136,13491,Rest,HAZIRLANIYOR...,0,0,0,0,55,0,0
0.6137,13492,Rest,HAZIRLANIYOR...,0,0,0,0,118,0,1
0.6137,13493,Rest,HAZIRLANIYOR...,0,0,0,0,170,0,1
0.6139,13494,Rest,HAZIRLANIYOR...,0,0,0,0,219,0,0
0.6279,13495,Rest,HAZIRLANIYOR...,0,0,0,0,270,1,2
0.6280,13496,Rest,HAZIRLANIYOR...,0,0,0,0,316,2,11
0.6281,13497,Rest,HAZIRLANIYOR...,0,0,0,0,349,2,16
0.6282,13498,Rest,HAZIRLANIYOR...,0,0,0,0,370,2,7
0.6282,13499,Rest,HAZIRLANIYOR...,0,0,0,0,381,2,0
0.6282,13500,Rest,HAZIRLANIYOR...,0,0,0,0,377,2,0
0.6283,13501,Rest,HAZIRLANIYOR...,0,0,0,0,354,1,0
0.6283,13502,Rest,HAZIRLANIYOR...,0,0,0,0,327,1,0
0.6283,13503,Rest,HAZIRLANIYOR...,0,0,0,12,316,2,0
0.6283,13504,Rest,HAZIRLANIYOR...,0,0,9,28,311,7,0
0.6284,13505,Rest,HAZIRLANIYOR...,0,44,21,45,286,9,0
0.6284,13506,Rest,HAZIRLANIYOR...,0,85,31,62,224,1,0
0.6284,13507,Rest,HAZIRLANIYOR...,0,120,41,78,138,0,1
0.6284,13508,Rest,HAZIRLANIYOR...,0,147,51,91,48,0,1
0.6286,13509,Rest,HAZIRLANIYOR...,0,168,60,102,0,0,0
0.6286,13510,Rest,HAZIRLANIYOR...,0,181,65,110,0,0,0
0.6287,13511,Rest,HAZIRLANIYOR...,0,181,67,115,0,0,0
0.6287,13512,Rest,HAZIRLANIYOR...,0,167,68,115,0,0,1
0.6288,13513,Rest,HAZIRLANIYOR...,0,143,67,111,0,0,1
0.6288,13514,Rest,HAZIRLANIYOR...,0,112,65,106,0,0,0
0.6288,13515,Rest,HAZIRLANIYOR...,0,73,62,98,0,0,0
0.6288,13516,Rest,HAZIRLANIYOR...,0,26,56,88,0,0,1
0.6288,13517,Rest,HAZIRLANIYOR...,0,0,48,73,0,0,2
0.6288,13518,Rest,HAZIRLANIYOR...,0,0,37,58,0,0,6
0.6288,13519,Rest,HAZIRLANIYOR...,0,0,26,40,0,0,13
0.6290,13520,Rest,HAZIRLANIYOR...,0,0,13,20,0,1,12
0.6291,13521,Rest,HAZIRLANIYOR...,0,0,0,0,0,1,0
0.6657,13522,Rest,HAZIRLANIYOR...,0,0,0,0,0,1,0
0.6658,13523,Rest,HAZIRLANIYOR...,0,0,0,0,0,4,0
0.6658,13524,Rest,HAZIRLANIYOR...,0,0,0,0,0,9,0
0.6658,13525,Rest,HAZIRLANIYOR...,0,0,0,0,0,12,0
0.6658,13526,Rest,HAZIRLANIYOR...,0,0,0,0,22,8,0
0.6658,13527,Rest,HAZIRLANIYOR...,0,0,0,0,91,4,0
0.6658,13528,Rest,HAZIRLANIYOR...,0,0,0,0,155,7,0
0.6658,13529,Rest,HAZIRLANIYOR...,0,0,0,0,213,11,0
0.6658,13530,Rest,HAZIRLANIYOR...,0,0,0,0,264,6,0
0.6658,13531,Rest,HAZIRLANIYOR...,0,0,0,0,303,0,0
0.6659,13532,Rest,HAZIRLANIYOR...,0,9,0,0,331,0,0
0.6659,13533,Rest,HAZIRLANIYOR...,0,55,0,0,356,0,0
0.6683,13534,Rest,HAZIRLANIYOR...,0,99,0,0,373,0,1
0.6684,13535,Rest,HAZIRLANIYOR...,0,141,0,0,373,0,5
0.6684,13536,Rest,HAZIRLANIYOR...,0,178,0,0,357,1,7
0.6684,13537,Rest,HAZIRLANIYOR...,0,209,0,0,336,3,2
0.6684,13538,Rest,HAZIRLANIYOR...,0,229,0,0,321,0,0
0.6685,13539,Rest,HAZIRLANIYOR...,0,240,0,0,311,0,0
0.6685,13540,Rest,HAZIRLANIYOR...,0,245,6,1,292,0,0
0.6685,13541,Rest,HAZIRLANIYOR...,0,246,16,19,246,0,0
0.6685,13542,Rest,HAZIRLANIYOR...,0,244,27,38,172,0,0
0.6685,13543,Rest,HAZIRLANIYOR...,0,237,38,57,87,0,0
0.6685,13544,Rest,HAZIRLANIYOR...,0,222,49,75,6,0,1
0.6686,13545,Rest,HAZIRLANIYOR...,0,196,58,88,0,0,1
0.6686,13546,Rest,HAZIRLANIYOR...,0,160,64,96,0,2,0
0.6686,13547,Rest,HAZIRLANIYOR...,0,119,68,102,0,3,0
0.6687,13548,Rest,HAZIRLANIYOR...,0,79,70,103,0,0,0
0.6687,13549,Rest,HAZIRLANIYOR...,0,39,68,101,0,0,0
0.6687,13550,Rest,HAZIRLANIYOR...,0,0,65,94,0,0,0
0.6687,13551,Rest,HAZIRLANIYOR...,0,0,60,84,0,0,0
0.6687,13552,Rest,HAZIRLANIYOR...,0,0,53,71,0,0,0
0.6688,13553,Rest,HAZIRLANIYOR...,0,0,43,56,0,0,0
0.6688,13554,Rest,HAZIRLANIYOR...,0,0,31,40,0,0,7
0.6688,13555,Rest,HAZIRLANIYOR...,0,0,19,24,0,0,6
0.6688,13556,Rest,HAZIRLANIYOR...,0,0,8,7,0,0,2
0.6688,13557,Rest,HAZIRLANIYOR...,0,0,0,0,0,0,0
0.6689,13558,Rest,HAZIRLANIYOR...,0,0,0,0,0,0,2
0.6689,13559,Rest,HAZIRLANIYOR...,0,0,0,0,0,0,4
0.6689,13560,Rest,HAZIRLANIYOR...,0,0,0,0,0,1,4
0.6689,13561,Rest,HAZIRLANIYOR...,0,0,0,0,0,9,3
0.6689,13562,Rest,HAZIRLANIYOR...,0,7,0,0,67,13,3
0.6690,13563,Rest,HAZIRLANIYOR...,0,44,0,0,133,4,2
0.6690,13564,Rest,HAZIRLANIYOR...,0,81,0,0,182,0,2
0.6690,13565,Rest,HAZIRLANIYOR...,0,116,0,0,221,3,2
0.6690,13566,Rest,HAZIRLANIYOR...,0,150,0,0,266,12,2
0.6690,13567,Rest,HAZIRLANIYOR...,0,188,0,0,316,8,3
0.6691,13568,Rest,HAZIRLANIYOR...,0,230,0,0,354,0,8
0.6691,13569,Rest,HAZIRLANIYOR...,0,273,0,0,373,0,12
0.6691,13570,Rest,HAZIRLANIYOR...,0,312,0,0,375,2,9
0.6691,13571,Rest,HAZIRLANIYOR...,0,347,0,0,366,9,2
0.6692,13572,Rest,HAZIRLANIYOR...,0,378,0,0,348,5,0
0.6692,13573,Rest,HAZIRLANIYOR...,0,403,0,0,329,0,0
0.6692,13574,Rest,HAZIRLANIYOR...,0,421,4,0,317,0,0
0.6692,13575,Rest,HAZIRLANIYOR...,0,430,16,18,307,0,0
0.6692,13576,Rest,HAZIRLANIYOR...,0,433,28,37,276,0,0
0.6693,13577,Rest,HAZIRLANIYOR...,0,431,39,53,213,0,0
0.6693,13578,Rest,HAZIRLANIYOR...,0,420,49,67,128,0,0
0.6693,13579,Rest,HAZIRLANIYOR...,0,400,59,79,39,0,0
0.6693,13580,Rest,HAZIRLANIYOR...,0,374,69,88,0,0,0
0.6693,13581,Rest,HAZIRLANIYOR...,0,340,78,94,0,0,0
0.6694,13582,Rest,HAZIRLANIYOR...,0,297,83,99,0,0,0
0.6694,13583,Rest,HAZIRLANIYOR...,0,248,83,102,0,0,0
0.6694,13584,Rest,HAZIRLANIYOR...,0,193,83,102,0,0,3
0.6694,13585,Rest,HAZIRLANIYOR...,0,134,81,98,0,0,5
0.6694,13586,Rest,HAZIRLANIYOR...,0,74,76,87,0,0,1
0.6696,13587,Rest,HAZIRLANIYOR...,0,12,68,73,0,0,0
0.6697,13588,Rest,HAZIRLANIYOR...,0,0,57,56,0,0,0
0.6697,13589,Rest,HAZIRLANIYOR...,0,0,45,38,0,0,0
0.6697,13590,Rest,HAZIRLANIYOR...,0,0,32,19,0,0,0
0.6697,13591,Rest,HAZIRLANIYOR...,0,0,17,0,0,0,0
0.6698,13592,Rest,HAZIRLANIYOR...,0,0,2,0,0,5,0
0.6698,13593,Rest,HAZIRLANIYOR...,0,0,0,0,0,8,0
0.6742,13594,Rest,HAZIRLANIYOR...,0,0,0,0,0,2,0
0.6742,13595,Rest,HAZIRLANIYOR...,0,0,0,0,0,0,0
0.6743,13596,Rest,HAZIRLANIYOR...,0,0,0,0,0,0,0
0.6743,13597,Rest,HAZIRLANIYOR...,0,0,0,0,31,1,0
0.6743,13598,Rest,HAZIRLANIYOR...,0,0,0,0,96,4,0
0.6743,13599,Rest,HAZIRLANIYOR...,0,0,0,0,155,3,0
0.6744,13600,Rest,HAZIRLANIYOR...,0,0,0,0,206,2,0
0.6745,13601,Rest,HAZIRLANIYOR...,0,0,0,0,259,2,2
0.6745,13602,Rest,HAZIRLANIYOR...,0,0,0,0,311,3,4
0.6900,13603,Rest,HAZIRLANIYOR...,0,0,0,0,345,5,3
0.6901,13604,Rest,HAZIRLANIYOR...,0,0,0,0,359,9,1
0.6901,13605,Rest,HAZIRLANIYOR...,0,0,0,0,366,11,0
0.6901,13606,Rest,HAZIRLANIYOR...,0,0,0,0,367,5,2
0.6902,13607,Rest,HAZIRLANIYOR...,0,8,0,0,357,0,3
0.6902,13608,Rest,HAZIRLANIYOR...,0,50,0,0,338,0,3
0.6902,13609,Rest,HAZIRLANIYOR...,0,89,0,0,321,0,3
0.6902,13610,Rest,HAZIRLANIYOR...,0,123,0,15,310,0,10
0.6902,13611,Rest,HAZIRLANIYOR...,0,153,0,33,293,0,20
0.6902,13612,Rest,HAZIRLANIYOR...,0,175,8,54,252,0,18
0.6902,13613,Rest,HAZIRLANIYOR...,0,184,22,75,177,0,0
0.6903,13614,Rest,HAZIRLANIYOR...,0,182,35,92,79,0,0
0.6903,13615,Rest,HAZIRLANIYOR...,0,171,47,105,0,0,0
0.6903,13616,Rest,HAZIRLANIYOR...,0,152,57,114,0,0,0
0.6903,13617,Rest,HAZIRLANIYOR...,0,124,65,119,0,0,0
0.6903,13618,Rest,HAZIRLANIYOR...,0,87,69,121,0,0,0
0.6903,13619,Rest,HAZIRLANIYOR...,0,44,70,118,0,0,0
0.6903,13620,Rest,HAZIRLANIYOR...,0,0,70,111,0,0,0
0.6903,13621,Rest,HAZIRLANIYOR...,0,0,69,99,0,2,0
0.6904,13622,Rest,HAZIRLANIYOR...,0,0,66,83,0,7,0
0.6904,13623,Rest,HAZIRLANIYOR...,0,0,59,66,0,8,0
0.6904,13624,Rest,HAZIRLANIYOR...,0,0,51,47,0,8,0
0.6905,13625,Rest,HAZIRLANIYOR...,0,0,42,29,0,5,0
0.6905,13626,Rest,HAZIRLANIYOR...,0,0,33,11,0,0,0
0.6905,13627,Rest,HAZIRLANIYOR...,0,0,23,0,0,0,2
0.6905,13628,Rest,HAZIRLANIYOR...,0,0,12,0,0,0,4
0.6905,13629,Rest,HAZIRLANIYOR...,0,0,0,0,0,0,2
0.6906,13630,Rest,HAZIRLANIYOR...,0,0,0,0,0,0,2
0.6909,13631,Rest,HAZIRLANIYOR...,0,0,0,0,0,0,3
0.7280,13632,Rest,HAZIRLANIYOR...,0,0,0,0,0,0,3
0.7281,13633,Rest,HAZIRLANIYOR...,0,0,0,0,65,0,2
0.7281,13634,Rest,HAZIRLANIYOR...,0,0,0,0,135,0,1
0.7281,13635,Rest,HAZIRLANIYOR...,0,0,0,0,195,1,0
0.7281,13636,Rest,HAZIRLANIYOR...,0,0,0,0,239,1,0
0.7281,13637,Rest,HAZIRLANIYOR...,0,0,0,0,279,2,0
0.7282,13638,Rest,HAZIRLANIYOR...,0,0,0,0,321,2,5
0.7282,13639,Rest,HAZIRLANIYOR...,0,0,0,0,354,1,10
0.7282,13640,Rest,HAZIRLANIYOR...,0,0,0,0,371,0,3
0.7282,13641,Rest,HAZIRLANIYOR...,0,2,0,0,371,0,0
0.7282,13642,Rest,HAZIRLANIYOR...,0,53,0,0,359,2,0
0.7283,13643,Rest,HAZIRLANIYOR...,0,97,0,0,341,8,0
0.7283,13644,Rest,HAZIRLANIYOR...,0,135,0,0,325,12,0
0.7283,13645,Rest,HAZIRLANIYOR...,0,169,5,23,317,5,0
0.7283,13646,Rest,HAZIRLANIYOR...,0,199,19,46,309,0,0
0.7283,13647,Rest,HAZIRLANIYOR...,0,226,33,47,279,0,0
0.7283,13648,Rest,HAZIRLANIYOR...,0,248,46,40,212,0,0
0.7283,13649,Rest,HAZIRLANIYOR...,0,267,57,50,121,0,0
0.7284,13650,Rest,HAZIRLANIYOR...,0,287,66,70,30,0,0
0.7284,13651,Rest,HAZIRLANIYOR...,0,299,73,83,0,0,0
0.7284,13652,Rest,HAZIRLANIYOR...,0,296,78,87,0,0,1
0.7284,13653,Rest,HAZIRLANIYOR...,0,278,79,89,0,0,3
0.7284,13654,Rest,HAZIRLANIYOR...,0,255,75,91,0,0,7
0.7285,13655,Rest,HAZIRLANIYOR...,0,227,70,91,0,0,11
0.7285,13656,Rest,HAZIRLANIYOR...,0,191,65,87,0,0,4
0.7286,13657,Rest,HAZIRLANIYOR...,0,149,57,78,0,0,0
0.7286,13658,Rest,HAZIRLANIYOR...,0,100,47,67,0,0,0
0.7286,13659,Rest,HAZIRLANIYOR...,0,49,35,55,0,0,0
0.7286,13660,Rest,HAZIRLANIYOR...,0,3,22,42,0,0,0
0.7286,13661,Rest,HAZIRLANIYOR...,0,0,10,27,0,0,0
0.7286,13662,Rest,HAZIRLANIYOR...,0,0,0,11,0,1,0
0.7287,13663,Rest,HAZIRLANIYOR...,0,0,0,0,0,1,0
0.7287,13664,Rest,HAZIRLANIYOR...,0,0,0,0,0,1,4
0.7287,13665,Rest,HAZIRLANIYOR...,0,0,0,0,0,1,10
0.7287,13666,Rest,HAZIRLANIYOR...,0,0,0,0,0,0,12
0.7287,13667,Rest,HAZIRLANIYOR...,0,0,0,0,0,0,3
0.7287,13668,Rest,HAZIRLANIYOR...,0,0,0,0,45,2,0
0.7288,13669,Rest,HAZIRLANIYOR...,0,0,0,0,114,5,0
0.7288,13670,Rest,HAZIRLANIYOR...,0,0,0,0,168,6,5
0.7288,13671,Rest,HAZIRLANIYOR...,0,0,0,0,210,6,10
0.7288,13672,Rest,HAZIRLANIYOR...,0,0,0,0,255,5,0
0.7288,13673,Rest,HAZIRLANIYOR...,0,0,0,0,307,5,0
0.7288,13674,Rest,HAZIRLANIYOR...,0,0,0,0,349,6,0
0.7288,13675,Rest,HAZIRLANIYOR...,0,0,0,0,369,8,0
0.7289,13676,Rest,HAZIRLANIYOR...,0,46,0,0,372,12,0
0.7289,13677,Rest,HAZIRLANIYOR...,0,106,0,0,366,14,0
0.7289,13678,Rest,HAZIRLANIYOR...,0,159,0,0,359,6,0
0.7289,13679,Rest,HAZIRLANIYOR...,0,202,0,0,346,0,0
0.7289,13680,Rest,HAZIRLANIYOR...,0,234,3,0,325,0,1
0.7289,13681,Rest,HAZIRLANIYOR...,0,260,14,7,302,0,2
0.7289,13682,Rest,HAZIRLANIYOR...,0,283,23,22,276,0,0
0.7290,13683,Rest,HAZIRLANIYOR...,0,301,33,37,233,0,0
0.7290,13684,Rest,HAZIRLANIYOR...,0,314,42,51,168,0,0
0.7290,13685,Rest,HAZIRLANIYOR...,0,319,50,63,85,1,0
0.7290,13686,Rest,HAZIRLANIYOR...,0,318,56,70,0,11,0
0.7290,13687,Rest,HAZIRLANIYOR...,0,313,58,75,0,9,0
0.7290,13688,Rest,HAZIRLANIYOR...,0,301,57,78,0,0,0
0.7290,13689,Rest,HAZIRLANIYOR...,0,284,55,78,0,0,0
0.7291,13690,Rest,HAZIRLANIYOR...,0,261,58,74,0,0,0
0.7291,13691,Rest,HAZIRLANIYOR...,0,233,60,67,0,0,0
0.7291,13692,Rest,HAZIRLANIYOR...,0,195,54,59,0,0,0
0.7292,13693,Rest,HAZIRLANIYOR...,0,149,43,51,0,0,1
0.7292,13694,Rest,HAZIRLANIYOR...,0,97,32,42,0,0,2
0.7292,13695,Rest,HAZIRLANIYOR...,0,48,22,34,0,0,2
0.7292,13696,Rest,HAZIRLANIYOR...,0,7,13,28,0,0,1
0.7292,13697,Rest,HAZIRLANIYOR...,0,0,2,20,0,0,1
0.7292,13698,Rest,HAZIRLANIYOR...,0,0,0,9,0,0,0
0.7292,13699,Rest,HAZIRLANIYOR...,0,0,0,0,0,0,0
0.7371,13700,Rest,HAZIRLANIYOR...,0,0,0,0,0,0,0
0.7372,13701,Rest,HAZIRLANIYOR...,0,0,0,0,0,0,2
0.7372,13702,Rest,HAZIRLANIYOR...,0,0,0,0,0,3,2
0.7372,13703,Rest,HAZIRLANIYOR...,0,0,0,0,20,10,1
0.7372,13704,Rest,HAZIRLANIYOR...,0,0,0,0,83,13,0
0.7372,13705,Rest,HAZIRLANIYOR...,0,0,0,0,142,7,0
0.7373,13706,Rest,HAZIRLANIYOR...,0,0,0,0,198,0,1
0.7373,13707,Rest,HAZIRLANIYOR...,0,0,0,0,243,0,4
0.7373,13708,Rest,HAZIRLANIYOR...,0,0,0,0,282,0,4
0.7373,13709,Rest,HAZIRLANIYOR...,0,0,0,0,321,4,3
0.7373,13710,Rest,HAZIRLANIYOR...,0,0,0,0,354,7,3
0.7373,13711,Rest,HAZIRLANIYOR...,0,0,0,0,371,9,3
0.7373,13712,Rest,HAZIRLANIYOR...,0,0,0,0,371,3,3
0.7373,13713,Rest,HAZIRLANIYOR...,0,0,0,0,360,0,3
0.7532,13714,Rest,HAZIRLANIYOR...,0,0,0,0,342,0,2
0.7533,13715,Rest,HAZIRLANIYOR...,0,7,0,0,328,0,1
0.7533,13716,Rest,HAZIRLANIYOR...,0,23,0,3,326,0,1
0.7533,13717,Rest,HAZIRLANIYOR...,0,35,2,19,318,0,1
0.7534,13718,Rest,HAZIRLANIYOR...,0,44,11,35,274,0,2
0.7534,13719,Rest,HAZIRLANIYOR...,0,52,22,50,194,0,0
0.7535,13720,Rest,HAZIRLANIYOR...,0,56,33,63,110,0,0
0.7535,13721,Rest,HAZIRLANIYOR...,0,52,40,75,30,0,0
0.7535,13722,Rest,HAZIRLANIYOR...,0,41,45,85,0,0,0
0.7535,13723,Rest,HAZIRLANIYOR...,0,26,49,91,0,5,0
0.7535,13724,Rest,HAZIRLANIYOR...,0,7,53,95,0,7,0
0.7536,13725,Rest,HAZIRLANIYOR...,0,0,55,95,0,2,0
0.7536,13726,Rest,HAZIRLANIYOR...,0,0,56,92,0,0,0
0.7536,13727,Rest,HAZIRLANIYOR...,0,0,55,83,0,0,0
0.7536,13728,Rest,HAZIRLANIYOR...,0,0,52,68,0,0,0
0.7537,13729,Rest,HAZIRLANIYOR...,0,0,47,51,0,0,0
0.7537,13730,Rest,HAZIRLANIYOR...,0,0,42,33,0,4,0
0.7537,13731,Rest,HAZIRLANIYOR...,0,0,36,15,0,8,0
0.7537,13732,Rest,HAZIRLANIYOR...,0,0,29,0,0,4,0
0.7537,13733,Rest,HAZIRLANIYOR...,0,0,21,0,0,0,0
0.7537,13734,Rest,HAZIRLANIYOR...,0,0,12,0,0,0,0
0.7538,13735,Rest,HAZIRLANIYOR...,0,0,1,0,0,0,0
0.7538,13736,Rest,HAZIRLANIYOR...,0,0,0,0,0,3,0
0.7538,13737,Rest,HAZIRLANIYOR...,0,0,0,0,0,8,0
0.7538,13738,Rest,HAZIRLANIYOR...,0,0,0,0,0,6,0
0.7538,13739,Rest,HAZIRLANIYOR...,0,0,0,0,42,1,0
0.7538,13740,Rest,HAZIRLANIYOR...,0,0,0,0,111,0,0
0.7538,13741,Rest,HAZIRLANIYOR...,0,0,0,0,170,4,0
0.7540,13742,Rest,HAZIRLANIYOR...,0,0,0,0,218,11,0
0.7541,13743,Rest,HAZIRLANIYOR...,0,0,0,0,262,13,0
0.7805,13744,Rest,HAZIRLANIYOR...,0,1,0,0,306,5,0
0.7806,13745,Rest,HAZIRLANIYOR...,0,49,0,0,343,0,0
0.7806,13746,Rest,HAZIRLANIYOR...,0,99,0,0,366,0,1
0.7807,13747,Rest,HAZIRLANIYOR...,0,148,0,0,374,0,6
0.7807,13748,Rest,HAZIRLANIYOR...,0,190,0,0,368,5,3
0.7807,13749,Rest,HAZIRLANIYOR...,0,226,0,0,353,11,0
0.7807,13750,Rest,HAZIRLANIYOR...,0,254,0,0,337,10,2
0.7807,13751,Rest,HAZIRLANIYOR...,0,276,0,2,326,0,6
0.7808,13752,Rest,HAZIRLANIYOR...,0,291,0,16,317,0,8
0.7868,13753,Rest,HAZIRLANIYOR...,0,299,0,30,293,0,4
0.7868,13754,Rest,HAZIRLANIYOR...,0,299,4,45,238,0,0
0.7868,13755,Rest,HAZIRLANIYOR...,0,291,16,60,158,0,0
0.7868,13756,Rest,HAZIRLANIYOR...,0,275,28,71,73,0,0
0.7915,13757,Rest,HAZIRLANIYOR...,0,252,40,78,0,0,0
0.7916,13758,Rest,HAZIRLANIYOR...,0,220,49,82,0,0,0
0.7916,13759,Rest,HAZIRLANIYOR...,0,185,55,86,0,0,0
0.7917,13760,Rest,HAZIRLANIYOR...,0,147,61,89,0,0,0
0.7917,13761,Rest,HAZIRLANIYOR...,0,98,65,90,0,0,0
0.7917,13762,Rest,HAZIRLANIYOR...,0,44,67,86,0,4,0
0.7918,13763,Rest,HAZIRLANIYOR...,0,0,66,79,0,5,0
0.7918,13764,Rest,HAZIRLANIYOR...,0,0,63,72,0,0,0
0.7918,13765,Rest,HAZIRLANIYOR...,0,0,58,64,0,0,0
0.7918,13766,Rest,HAZIRLANIYOR...,0,0,49,53,0,0,0
0.7918,13767,Rest,HAZIRLANIYOR...,0,0,40,38,0,0,0
0.7919,13768,Rest,HAZIRLANIYOR...,0,0,31,24,0,1,5
0.7919,13769,Rest,HAZIRLANIYOR...,0,0,22,11,0,0,9
0.7919,13770,Rest,HAZIRLANIYOR...,0,0,13,0,0,0,9
0.7919,13771,Rest,HAZIRLANIYOR...,0,0,3,0,0,0,7
0.7920,13772,Rest,HAZIRLANIYOR...,0,0,0,0,0,0,4
0.7920,13773,Rest,HAZIRLANIYOR...,0,0,0,0,0,3,0
0.7920,13774,Rest,HAZIRLANIYOR...,0,0,0,0,14,7,0
0.7920,13775,Rest,HAZIRLANIYOR...,0,0,0,0,83,10,0
0.7920,13776,Rest,HAZIRLANIYOR...,0,6,0,0,145,12,0
0.7921,13777,Rest,HAZIRLANIYOR...,0,36,0,0,197,11,5
0.7921,13778,Rest,HAZIRLANIYOR...,0,64,0,0,242,10,8
0.7921,13779,Rest,HAZIRLANIYOR...,0,85,0,0,288,9,1
0.7921,13780,Rest,HAZIRLANIYOR...,0,99,0,0,329,7,0
0.7921,13781,Rest,HAZIRLANIYOR...,0,107,0,0,358,1,0
0.7922,13782,Rest,HAZIRLANIYOR...,0,109,0,0,372,0,0
0.7922,13783,Rest,HAZIRLANIYOR...,0,109,0,0,374,0,2
0.7922,13784,Rest,HAZIRLANIYOR...,0,106,0,0,366,0,9
0.7922,13785,Rest,HAZIRLANIYOR...,0,98,0,0,350,0,10
0.7922,13786,Rest,HAZIRLANIYOR...,0,77,0,0,327,0,6
0.7923,13787,Rest,HAZIRLANIYOR...,0,44,0,0,309,0,0
0.7923,13788,Rest,HAZIRLANIYOR...,0,6,0,1,292,0,0
0.7923,13789,Rest,HAZIRLANIYOR...,0,0,2,15,257,3,0
0.7925,13790,Rest,HAZIRLANIYOR...,0,0,14,28,191,4,0
0.7925,13791,Rest,HAZIRLANIYOR...,0,0,27,39,105,0,0
0.7925,13792,Rest,HAZIRLANIYOR...,0,0,41,51,9,0,0
0.7925,13793,Rest,HAZIRLANIYOR...,0,0,53,64,0,0,0
0.7925,13794,Rest,HAZIRLANIYOR...,0,0,64,78,0,0,0
0.7926,13795,Rest,HAZIRLANIYOR...,0,0,73,88,0,0,0
0.7926,13796,Rest,HAZIRLANIYOR...,0,0,80,92,0,0,0
0.7926,13797,Rest,HAZIRLANIYOR...,0,0,85,93,0,0,0
0.7926,13798,Rest,HAZIRLANIYOR...,0,0,86,92,0,0,0
0.7927,13799,Rest,HAZIRLANIYOR...,0,0,84,89,0,0,0
0.7927,13800,Rest,HAZIRLANIYOR...,0,0,78,83,0,0,0
0.7927,13801,Rest,HAZIRLANIYOR...,0,0,71,74,0,0,0
0.7927,13802,Rest,HAZIRLANIYOR...,0,0,63,63,0,0,0
0.7927,13803,Rest,HAZIRLANIYOR...,0,0,53,50,0,0,2
0.7927,13804,Rest,HAZIRLANIYOR...,0,0,40,35,0,0,6
0.7927,13805,Rest,HAZIRLANIYOR...,0,0,27,20,0,0,2
0.7927,13806,Rest,HAZIRLANIYOR...,0,0,15,3,0,0,0
0.7927,13807,Rest,HAZIRLANIYOR...,0,0,3,0,0,2,0
0.7927,13808,Rest,HAZIRLANIYOR...,0,0,0,0,0,2,0
0.7927,13809,Rest,HAZIRLANIYOR...,0,0,0,0,0,3,0
0.7928,13810,Rest,HAZIRLANIYOR...,0,0,0,0,53,2,6
0.7928,13811,Rest,HAZIRLANIYOR...,0,0,0,0,119,1,14
0.7999,13812,Rest,HAZIRLANIYOR...,0,0,0,0,176,0,16
0.8001,13813,Rest,HAZIRLANIYOR...,0,0,0,0,224,0,13
0.8004,13814,Rest,HAZIRLANIYOR...,0,0,0,0,267,3,6
0.8004,13815,Rest,HAZIRLANIYOR...,0,0,0,0,313,10,0
0.8006,13816,Rest,HAZIRLANIYOR...,0,0,0,0,356,13,0
0.8008,13817,Rest,HAZIRLANIYOR...,0,38,0,0,381,7,0
0.8008,13818,Rest,HAZIRLANIYOR...,0,91,0,0,376,0,0
0.8009,13819,Rest,HAZIRLANIYOR...,0,141,0,0,356,0,0
0.8009,13820,Rest,HAZIRLANIYOR...,0,188,0,0,344,0,0
0.8009,13821,Rest,HAZIRLANIYOR...,0,234,0,0,338,0,0
0.8009,13822,Rest,HAZIRLANIYOR...,0,275,0,0,321,0,0
0.8009,13823,Rest,HAZIRLANIYOR...,0,309,0,0,295,0,0
0.8010,13824,Rest,HAZIRLANIYOR...,0,339,0,17,264,1,0
0.8013,13825,Rest,HAZIRLANIYOR...,0,372,15,33,215,1,0
0.8013,13826,Rest,HAZIRLANIYOR...,0,409,32,50,141,0,2
0.8014,13827,Rest,HAZIRLANIYOR...,0,445,51,67,53,0,2
0.8151,13828,Rest,HAZIRLANIYOR...,0,475,67,82,0,0,1
0.8151,13829,Rest,HAZIRLANIYOR...,0,494,78,91,0,0,0
0.8152,13830,Rest,HAZIRLANIYOR...,0,500,86,98,0,0,0
0.8152,13831,Rest,HAZIRLANIYOR...,0,487,93,103,0,0,1
0.8152,13832,Rest,HAZIRLANIYOR...,0,453,96,104,0,0,1
0.8152,13833,Rest,HAZIRLANIYOR...,0,405,96,100,0,0,1
0.8152,13834,Rest,HAZIRLANIYOR...,0,348,92,91,0,0,1
0.8152,13835,Rest,HAZIRLANIYOR...,0,285,87,75,0,0,1
0.8152,13836,Rest,HAZIRLANIYOR...,0,217,79,58,0,0,2
0.8152,13837,Rest,HAZIRLANIYOR...,0,151,66,43,0,2,5
0.8152,13838,Rest,HAZIRLANIYOR...,0,93,51,28,0,2,7
0.8152,13839,Rest,HAZIRLANIYOR...,0,41,36,7,0,0,3
0.8153,13840,Rest,HAZIRLANIYOR...,0,0,23,0,0,0,0
0.8153,13841,Rest,HAZIRLANIYOR...,0,0,7,0,0,0,0
0.8153,13842,Rest,HAZIRLANIYOR...,0,0,0,0,0,0,0
0.8153,13843,Rest,HAZIRLANIYOR...,0,0,0,0,0,0,0
0.8156,13844,Rest,HAZIRLANIYOR...,0,0,0,0,0,0,0
0.8156,13845,Rest,HAZIRLANIYOR...,0,0,0,0,18,0,0
0.8156,13846,Rest,HAZIRLANIYOR...,0,0,0,0,93,1,0
0.8157,13847,Rest,HAZIRLANIYOR...,0,0,0,0,149,2,0
0.8157,13848,Rest,HAZIRLANIYOR...,0,0,0,0,192,3,0
0.8157,13849,Rest,HAZIRLANIYOR...,0,0,0,0,238,6,0
0.8159,13850,Rest,HAZIRLANIYOR...,0,0,0,0,288,7,0
0.8159,13851,Rest,HAZIRLANIYOR...,0,0,0,0,331,0,1
0.8161,13852,Rest,HAZIRLANIYOR...,0,0,0,0,354,0,6
0.8162,13853,Rest,HAZIRLANIYOR...,0,0,0,0,363,0,5
0.8396,13854,Rest,HAZIRLANIYOR...,0,0,0,0,362,0,2
0.8397,13855,Rest,HAZIRLANIYOR...,0,0,0,0,353,0,1
0.8430,13856,Rest,HAZIRLANIYOR...,0,0,0,0,338,0,2
0.8431,13857,Rest,HAZIRLANIYOR...,0,0,0,0,324,0,3
0.8431,13858,Rest,HAZIRLANIYOR...,0,0,0,1,314,0,3
0.8431,13859,Rest,HAZIRLANIYOR...,0,0,0,13,297,1,3
0.8431,13860,Rest,HAZIRLANIYOR...,0,0,0,26,254,0,2
0.8504,13861,Rest,HAZIRLANIYOR...,0,11,11,39,180,0,1
0.8504,13862,Rest,HAZIRLANIYOR...,0,30,23,52,92,0,0
0.8504,13863,Rest,HAZIRLANIYOR...,0,44,33,64,5,0,0
0.8504,13864,Rest,HAZIRLANIYOR...,0,55,42,73,0,0,0
0.8504,13865,Rest,HAZIRLANIYOR...,0,60,49,79,0,1,0
0.8505,13866,Rest,HAZIRLANIYOR...,0,59,53,82,0,3,0
0.8505,13867,Rest,HAZIRLANIYOR...,0,51,55,81,0,0,0
0.8505,13868,Rest,HAZIRLANIYOR...,0,36,56,77,0,0,0
0.8505,13869,Rest,HAZIRLANIYOR...,0,16,54,73,0,0,1
0.8505,13870,Rest,HAZIRLANIYOR...,0,0,48,67,0,0,3
0.8505,13871,Rest,HAZIRLANIYOR...,0,0,40,58,0,1,0
0.8505,13872,Rest,HAZIRLANIYOR...,0,0,32,46,0,7,0
0.8505,13873,Rest,HAZIRLANIYOR...,0,0,23,35,0,4,0
0.8506,13874,Rest,HAZIRLANIYOR...,0,0,14,27,0,0,9
0.8506,13875,Rest,HAZIRLANIYOR...,0,0,5,18,0,0,14
0.8506,13876,Rest,HAZIRLANIYOR...,0,0,0,9,0,0,7
0.8506,13877,Rest,HAZIRLANIYOR...,0,0,0,1,0,0,0
0.8506,13878,Rest,HAZIRLANIYOR...,0,0,0,0,0,1,0
0.8506,13879,Rest,HAZIRLANIYOR...,0,0,0,0,0,4,0
0.8507,13880,Rest,HAZIRLANIYOR...,0,0,0,0,0,5,0
0.8528,13881,Rest,HAZIRLANIYOR...,0,0,0,0,65,5,0
0.8528,13882,Rest,HAZIRLANIYOR...,0,0,0,0,130,4,0
0.8528,13883,Rest,HAZIRLANIYOR...,0,0,0,0,186,4,0
0.8528,13884,Rest,HAZIRLANIYOR...,0,24,0,0,233,3,0
0.8528,13885,Rest,HAZIRLANIYOR...,0,70,0,0,278,3,0
0.8528,13886,Rest,HAZIRLANIYOR...,0,118,0,0,320,3,0
0.8529,13887,Rest,HAZIRLANIYOR...,0,164,0,0,351,3,0
0.8529,13888,Rest,HAZIRLANIYOR...,0,206,0,0,364,4,0
0.8529,13889,Rest,HAZIRLANIYOR...,0,250,0,0,364,8,0
0.8529,13890,Rest,HAZIRLANIYOR...,0,292,0,0,362,10,0
0.8529,13891,Rest,HAZIRLANIYOR...,0,325,0,3,353,4,0
0.8529,13892,Rest,HAZIRLANIYOR...,0,347,4,15,334,0,0
0.8529,13893,Rest,HAZIRLANIYOR...,0,361,19,27,317,0,0
0.8529,13894,Rest,HAZIRLANIYOR...,0,369,33,38,308,0,0
0.8530,13895,Rest,HAZIRLANIYOR...,0,373,45,48,283,0,0
0.8530,13896,Rest,HAZIRLANIYOR...,0,373,58,57,223,0,0
0.8530,13897,Rest,HAZIRLANIYOR...,0,367,69,67,140,0,0
0.8530,13898,Rest,HAZIRLANIYOR...,0,352,77,75,52,0,0
0.8530,13899,Rest,HAZIRLANIYOR...,0,328,83,78,0,0,0
0.8531,13900,Rest,HAZIRLANIYOR...,0,295,89,77,0,0,1
0.8531,13901,Rest,HAZIRLANIYOR...,0,255,94,75,0,0,1
0.8531,13902,Rest,HAZIRLANIYOR...,0,209,97,73,0,0,0
0.8531,13903,Rest,HAZIRLANIYOR...,0,158,95,68,0,0,0
0.8531,13904,Rest,HAZIRLANIYOR...,0,102,90,57,0,0,0
0.8531,13905,Rest,HAZIRLANIYOR...,0,36,84,44,0,0,1
0.8531,13906,Rest,HAZIRLANIYOR...,0,0,76,32,0,0,2
0.8531,13907,Rest,HAZIRLANIYOR...,0,0,66,21,0,0,2
0.8531,13908,Rest,HAZIRLANIYOR...,0,0,54,7,0,0,1
0.8531,13909,Rest,HAZIRLANIYOR...,0,0,42,0,0,0,0
0.8531,13910,Rest,HAZIRLANIYOR...,0,0,30,0,0,0,0
0.8531,13911,Rest,HAZIRLANIYOR...,0,0,16,0,0,0,0
0.8531,13912,Rest,HAZIRLANIYOR...,0,0,0,0,0,0,2
0.8531,13913,Rest,HAZIRLANIYOR...,0,0,0,0,0,2,7
0.8532,13914,Rest,HAZIRLANIYOR...,0,0,0,0,0,3,11
0.8532,13915,Rest,HAZIRLANIYOR...,0,0,0,0,0,4,4
0.8532,13916,Rest,HAZIRLANIYOR...,0,0,0,0,20,4,0
0.8532,13917,Rest,HAZIRLANIYOR...,0,0,0,0,87,4,0
0.8532,13918,Rest,HAZIRLANIYOR...,0,0,0,0,148,3,0
0.8612,13919,Rest,HAZIRLANIYOR...,0,0,0,0,200,2,0
0.8613,13920,Rest,HAZIRLANIYOR...,0,0,0,0,252,2,2
0.8615,13921,Rest,HAZIRLANIYOR...,0,0,0,0,302,3,2
0.8616,13922,Rest,HAZIRLANIYOR...,0,0,0,0,336,3,0
0.8616,13923,Rest,HAZIRLANIYOR...,0,0,0,0,352,3,0
0.8616,13924,Rest,HAZIRLANIYOR...,0,0,0,0,360,5,0
0.8617,13925,Rest,HAZIRLANIYOR...,0,0,0,0,361,7,0
0.8617,13926,Rest,HAZIRLANIYOR...,0,41,0,0,350,5,0
0.8617,13927,Rest,HAZIRLANIYOR...,0,80,0,0,332,0,0
0.8622,13928,Rest,HAZIRLANIYOR...,0,118,0,7,317,0,0
0.8622,13929,Rest,HAZIRLANIYOR...,0,153,0,23,308,0,0
0.8622,13930,Rest,HAZIRLANIYOR...,0,184,4,38,289,3,0
0.8623,13931,Rest,HAZIRLANIYOR...,0,207,14,54,242,8,0
0.8625,13932,Rest,HAZIRLANIYOR...,0,224,22,69,165,3,0
0.8627,13933,Rest,HAZIRLANIYOR...,0,233,29,82,76,0,0
0.8627,13934,Rest,HAZIRLANIYOR...,0,235,34,91,0,0,0
0.8627,13935,Rest,HAZIRLANIYOR...,0,227,39,97,0,0,0
0.8628,13936,Rest,HAZIRLANIYOR...,0,212,43,101,0,0,6
0.8773,13937,Rest,HAZIRLANIYOR...,0,188,44,102,0,0,2
0.8775,13938,Rest,HAZIRLANIYOR...,0,157,41,100,0,0,0
0.8775,13939,Rest,HAZIRLANIYOR...,0,118,37,96,0,0,0
0.8775,13940,Rest,HAZIRLANIYOR...,0,70,33,90,0,0,0
0.8775,13941,Rest,HAZIRLANIYOR...,0,16,27,82,0,0,3
0.8775,13942,Rest,HAZIRLANIYOR...,0,0,15,71,0,0,3
0.8775,13943,Rest,HAZIRLANIYOR...,0,0,1,57,0,0,0
0.8775,13944,Rest,HAZIRLANIYOR...,0,0,0,41,0,0,0
0.8776,13945,Rest,HAZIRLANIYOR...,0,0,0,24,0,0,0
0.8776,13946,Rest,HAZIRLANIYOR...,0,0,0,8,0,0,0
0.8776,13947,Rest,HAZIRLANIYOR...,0,0,0,0,0,0,0
0.8777,13948,Rest,HAZIRLANIYOR...,0,0,0,0,0,0,2
0.8777,13949,Rest,HAZIRLANIYOR...,0,0,0,0,0,0,7
0.8777,13950,Rest,HAZIRLANIYOR...,0,0,0,0,0,0,10
0.8777,13951,Rest,HAZIRLANIYOR...,0,0,0,0,4,2,3
0.8777,13952,Rest,HAZIRLANIYOR...,0,0,0,0,69,11,0
0.8777,13953,Rest,HAZIRLANIYOR...,0,0,0,0,128,15,0
0.8777,13954,Rest,HAZIRLANIYOR...,0,0,0,0,184,8,0
0.8777,13955,Rest,HAZIRLANIYOR...,0,0,0,0,239,0,0
0.8777,13956,Rest,HAZIRLANIYOR...,0,0,0,0,288,0,0
0.8777,13957,Rest,HAZIRLANIYOR...,0,0,0,0,324,1,0
0.8779,13958,Rest,HAZIRLANIYOR...,0,0,0,0,346,2,1
0.8780,13959,Rest,HAZIRLANIYOR...,0,0,0,0,358,0,6
0.8780,13960,Rest,HAZIRLANIYOR...,0,0,0,0,358,0,9
0.8780,13961,Rest,HAZIRLANIYOR...,0,12,0,0,348,1,8
0.8781,13962,Rest,HAZIRLANIYOR...,0,64,0,0,336,1,4
0.9145,13963,Rest,HAZIRLANIYOR...,0,111,0,11,328,0,0
0.9146,13964,Rest,HAZIRLANIYOR...,0,153,10,28,320,0,0
0.9147,13965,Rest,HAZIRLANIYOR...,0,190,27,43,300,0,0
0.9147,13966,Rest,HAZIRLANIYOR...,0,221,46,59,257,0,0
0.9147,13967,Rest,HAZIRLANIYOR...,0,242,65,74,194,3,0
0.9147,13968,Rest,HAZIRLANIYOR...,0,245,82,86,115,3,0
0.9148,13969,Rest,HAZIRLANIYOR...,0,231,99,95,28,0,0
0.9148,13970,Rest,HAZIRLANIYOR...,0,203,114,101,0,0,0
0.9148,13971,Rest,HAZIRLANIYOR...,0,166,127,104,0,0,0
0.9150,13972,Rest,HAZIRLANIYOR...,0,118,133,102,0,0,0
0.9150,13973,Rest,HAZIRLANIYOR...,0,61,135,97,0,0,2
0.9150,13974,Rest,HAZIRLANIYOR...,0,2,138,90,0,0,6
0.9150,13975,Rest,HAZIRLANIYOR...,0,0,139,81,0,0,2
0.9150,13976,Rest,HAZIRLANIYOR...,0,0,136,70,0,0,0
0.9150,13977,Rest,HAZIRLANIYOR...,0,0,130,58,0,0,0
0.9151,13978,Rest,HAZIRLANIYOR...,0,0,122,43,0,0,0
0.9151,13979,Rest,HAZIRLANIYOR...,0,0,113,28,0,1,1
0.9151,13980,Rest,HAZIRLANIYOR...,0,0,100,14,0,4,0
0.9151,13981,Rest,HAZIRLANIYOR...,0,0,88,1,0,7,0
0.9151,13982,Rest,HAZIRLANIYOR...,0,0,76,0,0,8,0
0.9151,13983,Rest,HAZIRLANIYOR...,0,0,64,0,0,2,0
0.9152,13984,Rest,HAZIRLANIYOR...,0,0,52,0,0,0,2
0.9152,13985,Rest,HAZIRLANIYOR...,0,0,42,0,0,0,3
0.9152,13986,Rest,HAZIRLANIYOR...,0,0,32,0,0,3,1
0.9152,13987,Rest,HAZIRLANIYOR...,0,0,21,0,39,10,1
0.9152,13988,Rest,HAZIRLANIYOR...,0,0,11,0,93,11,2
0.9152,13989,Rest,HAZIRLANIYOR...,0,0,3,0,150,4,0
0.9152,13990,Rest,HAZIRLANIYOR...,0,28,0,0,206,0,0
0.9153,13991,Rest,HAZIRLANIYOR...,0,85,0,0,259,0,0
0.9153,13992,Rest,HAZIRLANIYOR...,0,147,0,0,307,0,3
0.9153,13993,Rest,HAZIRLANIYOR...,0,215,1,0,337,1,5
0.9153,13994,Rest,HAZIRLANIYOR...,0,288,4,0,348,2,3
0.9153,13995,Rest,HAZIRLANIYOR...,0,357,7,0,353,0,2
0.9153,13996,Rest,HAZIRLANIYOR...,0,416,9,0,353,0,3
0.9153,13997,Rest,HAZIRLANIYOR...,0,466,12,0,342,0,8
0.9153,13998,Rest,HAZIRLANIYOR...,0,509,15,0,325,1,11
0.9153,13999,Rest,HAZIRLANIYOR...,0,539,18,0,317,1,6
0.9153,14000,Rest,HAZIRLANIYOR...,0,551,21,0,314,0,0
0.9153,14001,Rest,HAZIRLANIYOR...,0,545,25,1,292,0,0
0.9154,14002,Rest,HAZIRLANIYOR...,0,526,32,17,238,0,0
0.9154,14003,Rest,HAZIRLANIYOR...,0,497,38,33,160,0,8
0.9154,14004,Rest,HAZIRLANIYOR...,0,461,44,49,67,0,10
0.9154,14005,Rest,HAZIRLANIYOR...,0,425,48,62,0,0,2
0.9154,14006,Rest,HAZIRLANIYOR...,0,389,51,71,0,0,0
0.9154,14007,Rest,HAZIRLANIYOR...,0,351,52,77,0,0,0
0.9154,14008,Rest,HAZIRLANIYOR...,0,312,49,82,0,0,0
0.9154,14009,Rest,HAZIRLANIYOR...,0,276,45,84,0,0,0
0.9154,14010,Rest,HAZIRLANIYOR...,0,240,40,82,0,0,2
0.9154,14011,Rest,HAZIRLANIYOR...,0,201,30,77,0,0,11
0.9155,14012,Rest,HAZIRLANIYOR...,0,153,17,71,0,2,16
0.9155,14013,Rest,HAZIRLANIYOR...,0,100,2,62,0,8,7
0.9155,14014,Rest,HAZIRLANIYOR...,0,44,0,53,0,7,0
0.9155,14015,Rest,HAZIRLANIYOR...,0,0,0,40,0,0,0
0.9155,14016,Rest,HAZIRLANIYOR...,0,0,0,26,0,0,0
0.9155,14017,Rest,HAZIRLANIYOR...,0,0,0,13,0,0,0
0.9155,14018,Rest,HAZIRLANIYOR...,0,0,0,0,0,0,0
0.9155,14019,Rest,HAZIRLANIYOR...,0,0,0,0,0,0,0
0.9155,14020,Rest,HAZIRLANIYOR...,0,0,0,0,0,0,0
0.9155,14021,Rest,HAZIRLANIYOR...,0,0,0,0,0,1,0
0.9155,14022,Rest,HAZIRLANIYOR...,0,0,0,0,4,1,1
0.9156,14023,Rest,HAZIRLANIYOR...,0,0,0,0,71,2,5
0.9156,14024,Rest,HAZIRLANIYOR...,0,0,0,0,133,3,0
0.9156,14025,Rest,HAZIRLANIYOR...,0,0,0,0,185,4,0
0.9157,14026,Rest,HAZIRLANIYOR...,0,0,0,0,230,3,0
0.9157,14027,Rest,HAZIRLANIYOR...,0,0,0,0,273,3,0
0.9157,14028,Rest,HAZIRLANIYOR...,0,0,0,0,313,2,6
0.9157,14029,Rest,HAZIRLANIYOR...,0,0,0,0,344,3,3
0.9223,14030,Rest,HAZIRLANIYOR...,0,0,0,0,359,7,0
0.9225,14031,Rest,HAZIRLANIYOR...,0,0,0,0,360,11,0
0.9225,14032,Rest,HAZIRLANIYOR...,0,0,0,0,349,8,0
0.9225,14033,Rest,HAZIRLANIYOR...,0,0,0,0,332,0,0
0.9225,14034,Rest,HAZIRLANIYOR...,0,0,0,0,318,0,13
0.9225,14035,Rest,HAZIRLANIYOR...,0,9,0,7,309,0,13
0.9226,14036,Rest,HAZIRLANIYOR...,0,28,0,28,297,0,0
0.9226,14037,Rest,HAZIRLANIYOR...,0,38,0,49,265,0,0
0.9226,14038,Rest,HAZIRLANIYOR...,0,41,0,68,201,4,0
0.9226,14039,Rest,HAZIRLANIYOR...,0,39,0,86,116,7,0
0.9226,14040,Rest,HAZIRLANIYOR...,0,29,18,102,33,1,0
0.9227,14041,Rest,HAZIRLANIYOR...,0,11,34,116,0,0,0
0.9229,14042,Rest,HAZIRLANIYOR...,0,0,47,127,0,0,0
0.9233,14043,Rest,HAZIRLANIYOR...,0,0,55,132,0,0,0
0.9376,14044,Rest,HAZIRLANIYOR...,0,0,59,131,0,0,0
0.9377,14045,Rest,HAZIRLANIYOR...,0,0,62,123,0,0,0
0.9377,14046,Rest,HAZIRLANIYOR...,0,0,62,112,0,0,0
0.9377,14047,Rest,HAZIRLANIYOR...,0,0,58,101,0,2,0
0.9377,14048,Rest,HAZIRLANIYOR...,0,0,52,90,0,0,0
0.9377,14049,Rest,HAZIRLANIYOR...,0,0,45,76,0,0,0
0.9378,14050,Rest,HAZIRLANIYOR...,0,0,36,59,0,0,2
0.9378,14051,Rest,HAZIRLANIYOR...,0,0,24,41,0,0,4
0.9380,14052,Rest,HAZIRLANIYOR...,0,0,12,23,0,0,4
0.9380,14053,Rest,HAZIRLANIYOR...,0,0,0,6,0,0,4
0.9381,14054,Rest,HAZIRLANIYOR...,0,0,0,0,0,0,6
0.9382,14055,Rest,HAZIRLANIYOR...,0,0,0,0,0,0,11
0.9382,14056,Rest,HAZIRLANIYOR...,0,0,0,0,0,0,16
0.9382,14057,Rest,HAZIRLANIYOR...,0,0,0,0,0,3,11
0.9383,14058,Rest,HAZIRLANIYOR...,0,0,0,0,43,8,2
0.9383,14059,Rest,HAZIRLANIYOR...,0,0,0,0,107,14,0
0.9383,14060,Rest,HAZIRLANIYOR...,0,0,0,0,165,18,2
0.9383,14061,Rest,HAZIRLANIYOR...,0,0,0,0,212,12,2
0.9384,14062,Rest,HAZIRLANIYOR...,0,0,0,0,257,3,0
0.9384,14063,Rest,HAZIRLANIYOR...,0,4,0,0,306,0,0
0.9384,14064,Rest,HAZIRLANIYOR...,0,63,0,0,348,0,0
0.9384,14065,Rest,HAZIRLANIYOR...,0,119,0,0,364,3,0
0.9384,14066,Rest,HAZIRLANIYOR...,0,166,0,0,360,8,0
0.9385,14067,Rest,HAZIRLANIYOR...,0,202,0,0,350,5,0
0.9385,14068,Rest,HAZIRLANIYOR...,0,227,0,0,338,0,0
0.9387,14069,Rest,HAZIRLANIYOR...,0,246,1,0,323,0,0
0.9387,14070,Rest,HAZIRLANIYOR...,0,259,15,0,309,0,0
0.9541,14071,Rest,HAZIRLANIYOR...,0,269,30,0,299,1,1
0.9542,14072,Rest,HAZIRLANIYOR...,0,281,44,14,276,1,6
0.9542,14073,Rest,HAZIRLANIYOR...,0,297,56,29,224,0,8
0.9543,14074,Rest,HAZIRLANIYOR...,0,312,68,41,144,0,2
0.9543,14075,Rest,HAZIRLANIYOR...,0,322,79,51,55,0,0
0.9543,14076,Rest,HAZIRLANIYOR...,0,328,90,60,0,0,0
0.9544,14077,Rest,HAZIRLANIYOR...,0,331,98,67,0,0,0
0.9544,14078,Rest,HAZIRLANIYOR...,0,331,102,70,0,0,0
0.9544,14079,Rest,HAZIRLANIYOR...,0,325,103,72,0,0,0
0.9544,14080,Rest,HAZIRLANIYOR...,0,311,104,71,0,0,0
0.9551,14081,Rest,HAZIRLANIYOR...,0,292,105,62,0,0,0
0.9552,14082,Rest,HAZIRLANIYOR...,0,268,105,49,0,0,2
0.9553,14083,Rest,HAZIRLANIYOR...,0,240,102,38,0,0,3
0.9560,14084,Rest,HAZIRLANIYOR...,0,208,94,28,0,0,2
0.9560,14085,Rest,HAZIRLANIYOR...,0,169,83,15,0,0,1
0.9561,14086,Rest,HAZIRLANIYOR...,0,125,71,0,0,0,2
0.9561,14087,Rest,HAZIRLANIYOR...,0,78,61,0,0,2,1
0.9561,14088,Rest,HAZIRLANIYOR...,0,32,51,0,0,0,1
0.9561,14089,Rest,HAZIRLANIYOR...,0,0,40,0,0,0,1
0.9561,14090,Rest,HAZIRLANIYOR...,0,0,30,0,0,0,0
0.9561,14091,Rest,HAZIRLANIYOR...,0,0,19,0,0,1,0
0.9573,14092,Rest,HAZIRLANIYOR...,0,0,7,0,0,3,1
0.9573,14093,Rest,HAZIRLANIYOR...,0,0,0,0,6,3,3
0.9574,14094,Rest,HAZIRLANIYOR...,0,0,0,0,67,2,4
0.9574,14095,Rest,HAZIRLANIYOR...,0,0,0,0,128,3,2
0.9574,14096,Rest,HAZIRLANIYOR...,0,0,0,0,184,6,0
0.9575,14097,Rest,HAZIRLANIYOR...,0,0,0,0,231,9,0
0.9586,14098,Rest,HAZIRLANIYOR...,0,0,0,0,276,5,0
0.9587,14099,Rest,HAZIRLANIYOR...,0,0,0,0,318,0,0
0.9587,14100,Rest,HAZIRLANIYOR...,0,0,0,0,349,0,0
0.9587,14101,Rest,HAZIRLANIYOR...,0,0,0,0,365,0,0
0.9587,14102,Rest,HAZIRLANIYOR...,0,0,0,0,367,2,0
0.9587,14103,Rest,HAZIRLANIYOR...,0,0,1,0,358,6,0
0.9587,14104,Rest,HAZIRLANIYOR...,0,0,12,12,340,7,0
0.9588,14105,Rest,HAZIRLANIYOR...,0,0,22,30,323,1,0
0.9588,14106,Rest,HAZIRLANIYOR...,0,0,30,45,314,0,0
0.9791,14107,Rest,HAZIRLANIYOR...,0,0,37,57,300,0,3
0.9792,14108,Rest,HAZIRLANIYOR...,0,0,46,75,263,0,4
0.9811,14109,Rest,HAZIRLANIYOR...,0,0,54,102,192,0,6
0.9812,14110,Rest,HAZIRLANIYOR...,0,0,61,121,104,0,7
0.9812,14111,Rest,HAZIRLANIYOR...,0,0,68,111,17,0,4
0.9812,14112,Rest,HAZIRLANIYOR...,0,0,73,91,0,0,0
0.9812,14113,Rest,HAZIRLANIYOR...,0,0,75,87,0,0,0
0.9812,14114,Rest,HAZIRLANIYOR...,0,0,75,97,0,0,0
0.9812,14115,Rest,HAZIRLANIYOR...,0,0,72,98,0,2,0
0.9812,14116,Rest,HAZIRLANIYOR...,0,0,66,87,0,0,0
0.9813,14117,Rest,HAZIRLANIYOR...,0,0,57,74,0,0,0
0.9813,14118,Rest,HAZIRLANIYOR...,0,0,49,64,0,0,1
0.9813,14119,Rest,HAZIRLANIYOR...,0,0,39,53,0,0,7
0.9813,14120,Rest,HAZIRLANIYOR...,0,0,28,39,0,0,11
0.9813,14121,Rest,HAZIRLANIYOR...,0,0,16,23,0,0,7
0.9813,14122,Rest,HAZIRLANIYOR...,0,0,5,7,0,0,0
0.9813,14123,Rest,HAZIRLANIYOR...,0,0,0,0,0,0,0
0.9814,14124,Rest,HAZIRLANIYOR...,0,0,0,0,0,0,0
0.9814,14125,Rest,HAZIRLANIYOR...,0,0,0,0,0,0,0
0.9814,14126,Rest,HAZIRLANIYOR...,0,0,0,0,0,4,0
0.9814,14127,Rest,HAZIRLANIYOR...,0,0,0,0,0,6,0
0.9814,14128,Rest,HAZIRLANIYOR...,0,0,0,0,0,6,0
0.9814,14129,Rest,HAZIRLANIYOR...,0,0,0,0,51,3,0
0.9814,14130,Rest,HAZIRLANIYOR...,0,0,0,0,116,3,0
0.9815,14131,Rest,HAZIRLANIYOR...,0,0,0,0,172,3,0
0.9818,14132,Rest,HAZIRLANIYOR...,0,0,0,0,220,4,0
0.9818,14133,Rest,HAZIRLANIYOR...,0,48,0,0,266,4,0
0.9818,14134,Rest,HAZIRLANIYOR...,0,131,0,0,311,4,0
0.9818,14135,Rest,HAZIRLANIYOR...,0,212,0,0,348,5,0
0.9818,14136,Rest,HAZIRLANIYOR...,0,288,0,0,372,5,0
0.9819,14137,Rest,HAZIRLANIYOR...,0,360,0,0,379,3,0
0.9819,14138,Rest,HAZIRLANIYOR...,0,429,0,0,370,2,0
0.9819,14139,Rest,HAZIRLANIYOR...,0,493,0,0,350,1,0
0.9819,14140,Rest,HAZIRLANIYOR...,0,547,0,0,330,1,3
0.9819,14141,Rest,HAZIRLANIYOR...,0,586,0,14,319,1,6
0.9819,14142,Rest,HAZIRLANIYOR...,0,611,0,31,310,0,4
0.9819,14143,Rest,HAZIRLANIYOR...,0,622,0,48,286,0,0
0.9819,14144,Rest,HAZIRLANIYOR...,0,620,2,65,229,0,0
0.9820,14145,Rest,HAZIRLANIYOR...,0,609,9,80,148,0,0
0.9820,14146,Rest,HAZIRLANIYOR...,0,589,18,89,67,0,0
0.9820,14147,Rest,HAZIRLANIYOR...,0,561,26,94,0,0,0
0.9854,14148,Rest,HAZIRLANIYOR...,0,527,30,95,0,0,0
0.9855,14149,Rest,HAZIRLANIYOR...,0,489,28,93,0,0,0
0.9855,14150,Rest,HAZIRLANIYOR...,0,442,25,88,0,0,0
0.9855,14151,Rest,HAZIRLANIYOR...,0,387,24,79,0,0,6
0.9855,14152,Rest,HAZIRLANIYOR...,0,322,25,66,0,0,12
0.9855,14153,Rest,HAZIRLANIYOR...,0,251,26,52,0,0,6
1.0008,14154,Rest,HAZIRLANIYOR...,0,177,26,38,0,0,0
1.0009,14155,Rest,HAZIRLANIYOR...,0,99,21,26,0,0,0
1.0009,14156,Rest,HAZIRLANIYOR...,0,16,14,15,0,0,0
1.0009,14157,Rest,HAZIRLANIYOR...,0,0,6,5,0,1,2
1.0011,14158,Rest,HAZIRLANIYOR...,0,0,1,0,0,1,2
1.0011,14159,Rest,HAZIRLANIYOR...,0,0,0,0,0,1,0
1.0011,14160,Rest,HAZIRLANIYOR...,0,0,0,0,0,0,0
1.0011,14161,Rest,HAZIRLANIYOR...,0,0,0,0,0,1,0
1.0011,14162,Rest,HAZIRLANIYOR...,0,0,0,0,0,2,0
1.0011,14163,Rest,HAZIRLANIYOR...,0,0,0,0,0,4,0
1.0011,14164,Rest,HAZIRLANIYOR...,0,0,0,0,21,4,4
1.0014,14165,Rest,HAZIRLANIYOR...,0,0,0,0,80,4,12
1.0014,14166,Rest,HAZIRLANIYOR...,0,0,0,0,139,3,14
1.0015,14167,Rest,HAZIRLANIYOR...,0,0,0,0,194,3,5
1.0015,14168,Rest,HAZIRLANIYOR...,0,0,0,0,242,2,0
1.0015,14169,Rest,HAZIRLANIYOR...,0,0,0,0,282,4,0
1.0015,14170,Rest,HAZIRLANIYOR...,0,0,0,0,319,9,0
1.0016,14171,Rest,HAZIRLANIYOR...,0,0,0,0,354,12,0
1.0016,14172,Rest,HAZIRLANIYOR...,0,0,0,0,378,4,0
1.0016,14173,Rest,HAZIRLANIYOR...,0,0,0,0,381,0,0
1.0016,14174,Rest,HAZIRLANIYOR...,0,0,0,0,364,0,0
1.0016,14175,Rest,HAZIRLANIYOR...,0,0,0,0,343,0,2
1.0017,14176,Rest,HAZIRLANIYOR...,0,0,0,8,329,0,2
1.0017,14177,Rest,HAZIRLANIYOR...,0,0,7,21,326,0,1
1.0017,14178,Rest,HAZIRLANIYOR...,0,0,19,34,315,0,1
1.0017,14179,Rest,HAZIRLANIYOR...,0,0,31,46,267,0,0
1.0017,14180,Rest,HAZIRLANIYOR...,0,0,42,58,182,0,0
1.0020,14181,Rest,HAZIRLANIYOR...,0,0,54,68,88,0,1
1.0020,14182,Rest,HAZIRLANIYOR...,0,0,64,77,4,0,1
1.0021,14183,Rest,HAZIRLANIYOR...,0,0,69,82,0,0,1
1.0164,14184,Rest,HAZIRLANIYOR...,0,0,70,82,0,0,0
1.0167,14185,Rest,HAZIRLANIYOR...,0,0,70,80,0,0,0
1.0168,14186,Rest,HAZIRLANIYOR...,0,0,69,78,0,0,0
1.0168,14187,Rest,HAZIRLANIYOR...,0,0,66,74,0,0,0
1.0168,14188,Rest,HAZIRLANIYOR...,0,0,59,65,0,0,1
1.0181,14189,Rest,HAZIRLANIYOR...,0,0,50,54,0,0,0
1.0182,14190,Rest,HAZIRLANIYOR...,0,0,41,41,0,0,0
1.0182,14191,Rest,HAZIRLANIYOR...,0,0,31,26,0,0,0
1.0193,14192,Rest,HAZIRLANIYOR...,0,0,19,11,0,0,0
1.0193,14193,Rest,HAZIRLANIYOR...,0,0,6,0,0,0,0
1.0193,14194,Rest,HAZIRLANIYOR...,0,0,0,0,0,0,2
1.0193,14195,Rest,HAZIRLANIYOR...,0,0,0,0,0,0,3
1.0193,14196,Rest,HAZIRLANIYOR...,0,0,0,0,0,0,1
1.0194,14197,Rest,HAZIRLANIYOR...,0,0,0,0,0,0,0
1.0194,14198,Rest,HAZIRLANIYOR...,0,0,0,0,0,10,0
1.0194,14199,Rest,HAZIRLANIYOR...,0,0,0,0,0,17,3
1.0194,14200,Rest,HAZIRLANIYOR...,0,0,0,0,56,11,3
1.0194,14201,Rest,HAZIRLANIYOR...,0,0,0,0,121,1,2
1.0194,14202,Rest,HAZIRLANIYOR...,0,0,0,0,182,0,2
1.0194,14203,Rest,HAZIRLANIYOR...,0,0,0,0,235,2,2
1.0194,14204,Rest,HAZIRLANIYOR...,0,0,0,0,278,5,2
1.0194,14205,Rest,HAZIRLANIYOR...,0,0,0,0,317,4,2
1.0195,14206,Rest,HAZIRLANIYOR...,0,0,0,0,353,3,2
1.0195,14207,Rest,HAZIRLANIYOR...,0,0,0,0,372,3,2
1.0195,14208,Rest,HAZIRLANIYOR...,0,63,0,0,371,8,1
1.0310,14209,Rest,HAZIRLANIYOR...,0,124,0,0,363,15,0
1.0311,14210,Rest,HAZIRLANIYOR...,0,176,0,0,353,13,1
1.0311,14211,Rest,HAZIRLANIYOR...,0,218,0,0,340,0,0
1.0427,14212,Rest,HAZIRLANIYOR...,0,251,0,0,325,0,0
1.0427,14213,Rest,HAZIRLANIYOR...,0,278,0,15,313,0,0
1.0427,14214,Rest,HAZIRLANIYOR...,0,302,0,32,289,0,0
1.0429,14215,Rest,HAZIRLANIYOR...,0,319,9,48,227,0,0
1.0429,14216,Rest,HAZIRLANIYOR...,0,326,22,62,131,0,0
1.0430,14217,Rest,HAZIRLANIYOR...,0,325,35,74,36,2,0
1.0430,14218,Rest,HAZIRLANIYOR...,0,315,46,84,0,0,0
1.0430,14219,Rest,HAZIRLANIYOR...,0,296,57,91,0,0,0
1.0430,14220,Rest,HAZIRLANIYOR...,0,272,66,95,0,0,0
1.0430,14221,Rest,HAZIRLANIYOR...,0,247,71,96,0,0,0
1.0430,14222,Rest,HAZIRLANIYOR...,0,225,73,92,0,0,0
1.0430,14223,Rest,HAZIRLANIYOR...,0,202,73,83,0,0,7
1.0430,14224,Rest,HAZIRLANIYOR...,0,172,73,71,0,2,11
1.0430,14225,Rest,HAZIRLANIYOR...,0,130,73,60,0,0,3
1.0430,14226,Rest,HAZIRLANIYOR...,0,75,68,49,0,0,0
1.0431,14227,Rest,HAZIRLANIYOR...,0,14,60,37,0,0,0
1.0431,14228,Rest,HAZIRLANIYOR...,0,0,50,22,0,0,0
1.0431,14229,Rest,HAZIRLANIYOR...,0,0,39,7,0,0,0
1.0431,14230,Rest,HAZIRLANIYOR...,0,0,29,0,0,0,0
1.0431,14231,Rest,HAZIRLANIYOR...,0,0,17,0,0,0,0
1.0431,14232,Rest,HAZIRLANIYOR...,0,0,5,0,0,3,0
1.0431,14233,Rest,HAZIRLANIYOR...,0,0,0,0,0,4,2
1.0431,14234,Rest,HAZIRLANIYOR...,0,0,0,0,0,2,2
1.0431,14235,Rest,HAZIRLANIYOR...,0,0,0,0,22,3,1
1.0431,14236,Rest,HAZIRLANIYOR...,0,0,0,0,89,3,1
1.0431,14237,Rest,HAZIRLANIYOR...,0,0,0,0,149,2,2
1.0432,14238,Rest,HAZIRLANIYOR...,0,0,0,0,201,1,1
1.0432,14239,Rest,HAZIRLANIYOR...,0,0,0,0,249,5,0
1.0432,14240,Rest,HAZIRLANIYOR...,0,0,0,0,294,7,0
1.0432,14241,Rest,HAZIRLANIYOR...,0,0,0,0,335,2,0
1.0432,14242,Rest,HAZIRLANIYOR...,0,0,0,0,364,0,3
1.0432,14243,Rest,HAZIRLANIYOR...,0,56,0,0,381,0,4
1.0432,14244,Rest,HAZIRLANIYOR...,0,126,0,0,386,1,6
1.0432,14245,Rest,HAZIRLANIYOR...,0,189,0,0,377,3,7
1.0433,14246,Rest,HAZIRLANIYOR...,0,249,0,0,353,6,1
1.0433,14247,Rest,HAZIRLANIYOR...,0,310,0,9,327,11,0
1.0433,14248,Rest,HAZIRLANIYOR...,0,373,0,25,316,14,0
1.0433,14249,Rest,HAZIRLANIYOR...,0,432,0,38,305,13,0
1.0433,14250,Rest,HAZIRLANIYOR...,0,484,2,50,265,6,0
1.0433,14251,Rest,HAZIRLANIYOR...,0,527,11,59,192,0,0
1.0433,14252,Rest,HAZIRLANIYOR...,0,564,19,65,100,0,2
1.0433,14253,Rest,HAZIRLANIYOR...,0,594,27,67,5,0,6
1.0433,14254,Rest,HAZIRLANIYOR...,0,610,34,67,0,0,4
1.0433,14255,Rest,HAZIRLANIYOR...,0,607,41,70,0,0,1
1.0434,14256,Rest,HAZIRLANIYOR...,0,578,47,72,0,0,2
1.0466,14257,Rest,HAZIRLANIYOR...,0,526,54,69,0,0,0
1.0466,14258,Rest,HAZIRLANIYOR...,0,457,59,60,0,0,0
1.0467,14259,Rest,HAZIRLANIYOR...,0,372,61,51,0,0,0
1.0467,14260,Rest,HAZIRLANIYOR...,0,275,60,46,0,0,0
1.0467,14261,Rest,HAZIRLANIYOR...,0,171,57,38,0,1,0
1.0467,14262,Rest,HAZIRLANIYOR...,0,64,52,24,0,12,0
1.0621,14263,Rest,HAZIRLANIYOR...,0,0,46,8,0,12,1
1.0622,14264,Rest,HAZIRLANIYOR...,0,0,41,0,0,1,0
1.0622,14265,Rest,HAZIRLANIYOR...,0,0,34,0,0,0,0
1.0622,14266,Rest,HAZIRLANIYOR...,0,0,27,0,0,0,0
1.0623,14267,Rest,HAZIRLANIYOR...,0,0,18,0,0,2,0
1.0623,14268,Rest,HAZIRLANIYOR...,0,0,9,0,0,3,0
1.0623,14269,Rest,HAZIRLANIYOR...,0,0,0,0,0,2,3
1.0623,14270,Rest,HAZIRLANIYOR...,0,0,0,0,0,2,7
1.0623,14271,Rest,HAZIRLANIYOR...,0,0,0,0,59,2,9
1.0623,14272,Rest,HAZIRLANIYOR...,0,0,0,0,129,1,8
1.0624,14273,Rest,HAZIRLANIYOR...,0,0,0,0,194,0,0
1.0625,14274,Rest,HAZIRLANIYOR...,0,0,0,0,246,0,0
1.0625,14275,Rest,HAZIRLANIYOR...,0,0,0,0,285,5,0
1.0626,14276,Rest,HAZIRLANIYOR...,0,0,0,0,319,12,0
1.0626,14277,Rest,HAZIRLANIYOR...,0,0,0,0,353,14,0
1.0626,14278,Rest,HAZIRLANIYOR...,0,0,0,0,377,6,0
1.0626,14279,Rest,HAZIRLANIYOR...,0,15,0,1,385,0,0
1.0627,14280,Rest,HAZIRLANIYOR...,0,80,0,0,376,0,2
1.0627,14281,Rest,HAZIRLANIYOR...,0,131,0,0,356,0,9
1.0627,14282,Rest,HAZIRLANIYOR...,0,158,0,0,339,0,6
1.0627,14283,Rest,HAZIRLANIYOR...,0,165,0,13,335,0,1
1.0627,14284,Rest,HAZIRLANIYOR...,0,160,5,31,330,2,1
1.0627,14285,Rest,HAZIRLANIYOR...,0,147,15,42,296,7,0
1.0628,14286,Rest,HAZIRLANIYOR...,0,122,27,53,227,1,0
1.0629,14287,Rest,HAZIRLANIYOR...,0,90,37,65,140,0,0
1.0629,14288,Rest,HAZIRLANIYOR...,0,53,45,73,46,0,5
1.0631,14289,Rest,HAZIRLANIYOR...,0,15,52,77,0,0,2
1.0632,14290,Rest,HAZIRLANIYOR...,0,0,60,80,0,0,0
1.0632,14291,Rest,HAZIRLANIYOR...,0,0,68,82,0,0,0
1.0789,14292,Rest,HAZIRLANIYOR...,0,0,74,81,0,0,0
1.0790,14293,Rest,HAZIRLANIYOR...,0,0,76,76,0,0,0
1.0791,14294,Rest,HAZIRLANIYOR...,0,0,75,69,0,0,0
1.0799,14295,Rest,HAZIRLANIYOR...,0,0,72,62,0,0,0
1.0805,14296,Rest,HAZIRLANIYOR...,0,0,68,54,0,0,0
1.0806,14297,Rest,HAZIRLANIYOR...,0,0,61,44,0,0,1
1.0806,14298,Rest,HAZIRLANIYOR...,0,0,52,31,0,0,0
1.0806,14299,Rest,HAZIRLANIYOR...,0,0,40,19,0,1,0
1.0806,14300,Rest,HAZIRLANIYOR...,0,0,27,6,0,8,0
1.0807,14301,Rest,HAZIRLANIYOR...,0,0,15,0,0,9,1
1.0807,14302,Rest,HAZIRLANIYOR...,0,0,3,0,0,1,0
1.0811,14303,Rest,HAZIRLANIYOR...,0,0,0,0,0,0,0
1.0812,14304,Rest,HAZIRLANIYOR...,0,0,0,0,0,0,1
1.0812,14305,Rest,HAZIRLANIYOR...,0,0,0,0,0,6,9
1.0812,14306,Rest,HAZIRLANIYOR...,0,0,0,0,29,8,15
1.0812,14307,Rest,HAZIRLANIYOR...,0,0,0,0,100,5,8
1.0812,14308,Rest,HAZIRLANIYOR...,0,0,0,0,164,3,0
1.0812,14309,Rest,HAZIRLANIYOR...,0,3,0,0,214,4,0
1.0812,14310,Rest,HAZIRLANIYOR...,0,85,0,0,257,5,0
1.0813,14311,Rest,HAZIRLANIYOR...,0,165,0,0,302,4,2
1.0817,14312,Rest,HAZIRLANIYOR...,0,233,0,0,340,3,1
1.0817,14313,Rest,HAZIRLANIYOR...,0,282,0,0,365,3,0
1.0818,14314,Rest,HAZIRLANIYOR...,0,313,0,0,381,4,0
1.0818,14315,Rest,HAZIRLANIYOR...,0,329,0,0,386,7,0
1.0818,14316,Rest,HAZIRLANIYOR...,0,337,0,0,374,7,0
1.0818,14317,Rest,HAZIRLANIYOR...,0,338,0,0,352,1,0
1.0818,14318,Rest,HAZIRLANIYOR...,0,335,0,0,335,0,1
1.0821,14319,Rest,HAZIRLANIYOR...,0,326,0,9,327,0,0
1.0826,14320,Rest,HAZIRLANIYOR...,0,314,5,25,308,0,0
1.0826,14321,Rest,HAZIRLANIYOR...,0,298,17,38,258,0,0
1.0826,14322,Rest,HAZIRLANIYOR...,0,279,26,49,178,0,1
1.0826,14323,Rest,HAZIRLANIYOR...,0,256,34,59,86,0,6
1.0826,14324,Rest,HAZIRLANIYOR...,0,229,41,68,0,0,8
1.0827,14325,Rest,HAZIRLANIYOR...,0,200,46,75,0,0,3
1.0829,14326,Rest,HAZIRLANIYOR...,0,163,47,78,0,0,0
1.1097,14327,Rest,HAZIRLANIYOR...,0,114,47,77,0,0,0
1.1100,14328,Rest,HAZIRLANIYOR...,0,54,45,74,0,0,0
1.1101,14329,Rest,HAZIRLANIYOR...,0,0,39,67,0,0,0
1.1101,14330,Rest,HAZIRLANIYOR...,0,0,32,57,0,0,0
1.1102,14331,Rest,HAZIRLANIYOR...,0,0,24,46,0,0,0
1.1102,14332,Rest,HAZIRLANIYOR...,0,0,15,35,0,0,0
1.1102,14333,Rest,HAZIRLANIYOR...,0,0,7,22,0,0,0
1.1102,14334,Rest,HAZIRLANIYOR...,0,0,0,11,0,0,2
1.1102,14335,Rest,HAZIRLANIYOR...,0,0,0,0,0,0,4
1.1103,14336,Rest,HAZIRLANIYOR...,0,0,0,0,0,1,4
1.1103,14337,Rest,HAZIRLANIYOR...,0,0,0,0,0,1,2
1.1103,14338,Rest,HAZIRLANIYOR...,0,0,0,0,0,2,2
1.1103,14339,Rest,HAZIRLANIYOR...,0,0,0,0,0,3,6
1.1103,14340,Rest,HAZIRLANIYOR...,0,0,0,0,0,4,9
1.1103,14341,Rest,HAZIRLANIYOR...,0,0,0,0,0,4,5
1.1103,14342,Rest,HAZIRLANIYOR...,0,0,0,0,68,4,0
1.1103,14343,Rest,HAZIRLANIYOR...,0,0,0,0,134,4,0
1.1103,14344,Rest,HAZIRLANIYOR...,0,9,0,0,191,4,0
1.1104,14345,Rest,HAZIRLANIYOR...,0,40,0,0,241,3,0
1.1104,14346,Rest,HAZIRLANIYOR...,0,72,0,0,288,2,0
1.1104,14347,Rest,HAZIRLANIYOR...,0,109,0,0,331,3,0
1.1105,14348,Rest,HAZIRLANIYOR...,0,149,0,0,364,3,0
1.1105,14349,Rest,HAZIRLANIYOR...,0,184,0,0,381,3,0
1.1105,14350,Rest,HAZIRLANIYOR...,0,213,0,0,384,2,2
1.1105,14351,Rest,HAZIRLANIYOR...,0,241,0,0,375,0,3
1.1105,14352,Rest,HAZIRLANIYOR...,0,264,0,0,354,0,0
1.1105,14353,Rest,HAZIRLANIYOR...,0,275,0,0,327,0,0
1.1105,14354,Rest,HAZIRLANIYOR...,0,276,0,0,311,0,0
1.1106,14355,Rest,HAZIRLANIYOR...,0,275,0,13,312,0,0
1.1106,14356,Rest,HAZIRLANIYOR...,0,275,0,27,295,0,0
1.1106,14357,Rest,HAZIRLANIYOR...,0,271,6,40,225,0,0
1.1106,14358,Rest,HAZIRLANIYOR...,0,263,21,52,122,5,0
1.1106,14359,Rest,HAZIRLANIYOR...,0,249,32,64,24,8,0
1.1106,14360,Rest,HAZIRLANIYOR...,0,228,41,73,0,0,0
1.1106,14361,Rest,HAZIRLANIYOR...,0,199,47,78,0,0,1
1.1106,14362,Rest,HAZIRLANIYOR...,0,162,52,79,0,0,7
1.1107,14363,Rest,HAZIRLANIYOR...,0,116,55,78,0,0,10
1.1107,14364,Rest,HAZIRLANIYOR...,0,62,57,75,0,0,3
1.1107,14365,Rest,HAZIRLANIYOR...,0,0,55,69,0,0,0
1.1107,14366,Rest,HAZIRLANIYOR...,0,0,49,59,0,0,0
1.1107,14367,Rest,HAZIRLANIYOR...,0,0,42,46,0,0,0
1.1107,14368,Rest,HAZIRLANIYOR...,0,0,34,30,0,0,0
1.1108,14369,Rest,HAZIRLANIYOR...,0,0,24,9,0,2,0
1.1108,14370,Rest,HAZIRLANIYOR...,0,0,13,0,0,3,0
1.1108,14371,Rest,HAZIRLANIYOR...,0,0,0,0,0,1,0
1.1108,14372,Rest,HAZIRLANIYOR...,0,0,0,0,0,0,0
1.1108,14373,Rest,HAZIRLANIYOR...,0,0,0,0,0,0,0
1.1109,14374,Rest,HAZIRLANIYOR...,0,0,0,0,0,0,2
1.1110,14375,Rest,HAZIRLANIYOR...,0,0,0,0,0,1,6
1.1110,14376,Rest,HAZIRLANIYOR...,0,0,0,0,0,5,9
1.1261,14377,Rest,HAZIRLANIYOR...,0,0,0,0,31,7,3
1.1263,14378,Rest,HAZIRLANIYOR...,0,0,0,0,101,8,0
1.1263,14379,Rest,HAZIRLANIYOR...,0,0,0,0,169,8,0
1.1264,14380,Rest,HAZIRLANIYOR...,0,0,0,0,223,8,0
1.1264,14381,Rest,HAZIRLANIYOR...,0,0,0,0,264,6,0
1.1265,14382,Rest,HAZIRLANIYOR...,0,0,0,0,301,6,0
1.1265,14383,Rest,HAZIRLANIYOR...,0,0,0,0,340,7,0
1.1265,14384,Rest,HAZIRLANIYOR...,0,0,0,0,372,12,0
1.1266,14385,Rest,HAZIRLANIYOR...,0,0,0,0,384,12,0
1.1267,14386,Rest,HAZIRLANIYOR...,0,0,0,5,377,3,0
1.1268,14387,Rest,HAZIRLANIYOR...,0,0,0,17,356,0,0
1.1268,14388,Rest,HAZIRLANIYOR...,0,0,0,27,338,0,0
1.1269,14389,Rest,HAZIRLANIYOR...,0,0,0,37,334,0,0
1.1269,14390,Rest,HAZIRLANIYOR...,0,0,7,45,334,1,1
1.1269,14391,Rest,HAZIRLANIYOR...,0,0,17,50,314,0,4
1.1269,14392,Rest,HAZIRLANIYOR...,0,0,28,54,256,0,7
1.1270,14393,Rest,HAZIRLANIYOR...,0,0,39,59,165,0,8
1.1270,14394,Rest,HAZIRLANIYOR...,0,0,51,67,66,0,2
1.1270,14395,Rest,HAZIRLANIYOR...,0,0,64,77,0,0,0
1.1270,14396,Rest,HAZIRLANIYOR...,0,22,79,84,0,0,0
1.1270,14397,Rest,HAZIRLANIYOR...,0,57,93,86,0,0,0
1.1270,14398,Rest,HAZIRLANIYOR...,0,88,104,86,0,0,0
1.1270,14399,Rest,HAZIRLANIYOR...,0,113,112,85,0,3,0
1.1270,14400,Rest,HAZIRLANIYOR...,0,130,117,82,0,6,0
1.1271,14401,Rest,HAZIRLANIYOR...,0,140,118,76,0,1,0
1.1271,14402,Rest,HAZIRLANIYOR...,0,146,117,65,0,0,2
1.1272,14403,Rest,HAZIRLANIYOR...,0,146,111,52,0,0,0
1.1272,14404,Rest,HAZIRLANIYOR...,0,136,103,39,0,0,0
1.1273,14405,Rest,HAZIRLANIYOR...,0,116,94,27,0,0,0
1.1607,14406,Rest,HAZIRLANIYOR...,0,98,84,14,0,0,3
1.1608,14407,Rest,HAZIRLANIYOR...,0,92,70,0,0,0,5
1.1608,14408,Rest,HAZIRLANIYOR...,0,102,54,0,0,0,3
1.1608,14409,Rest,HAZIRLANIYOR...,0,125,38,0,0,0,2
1.1609,14410,Rest,HAZIRLANIYOR...,0,156,23,0,0,2,2
1.1609,14411,Rest,HAZIRLANIYOR...,0,189,7,0,0,3,2
1.1609,14412,Rest,HAZIRLANIYOR...,0,224,0,0,10,3,3
1.1609,14413,Rest,HAZIRLANIYOR...,0,259,0,0,77,2,2
1.1609,14414,Rest,HAZIRLANIYOR...,0,291,0,0,141,2,1
1.1609,14415,Rest,HAZIRLANIYOR...,0,315,0,0,199,2,0
1.1610,14416,Rest,HAZIRLANIYOR...,0,331,0,0,250,4,2
1.1610,14417,Rest,HAZIRLANIYOR...,0,343,0,0,292,8,7
1.1610,14418,Rest,HAZIRLANIYOR...,0,355,0,0,329,12,9
1.1610,14419,Rest,HAZIRLANIYOR...,0,368,0,0,360,6,3
1.1610,14420,Rest,HAZIRLANIYOR...,0,379,0,0,384,0,0
1.1611,14421,Rest,HAZIRLANIYOR...,0,390,0,0,390,0,0
1.1611,14422,Rest,HAZIRLANIYOR...,0,403,0,0,373,2,0
1.1611,14423,Rest,HAZIRLANIYOR...,0,421,0,0,349,7,0
1.1611,14424,Rest,HAZIRLANIYOR...,0,439,0,0,337,1,0
1.1611,14425,Rest,HAZIRLANIYOR...,0,451,0,0,330,0,3
1.1611,14426,Rest,HAZIRLANIYOR...,0,456,0,12,305,0,4
1.1611,14427,Rest,HAZIRLANIYOR...,0,453,0,30,255,0,2
1.1612,14428,Rest,HAZIRLANIYOR...,0,439,3,43,185,0,0
1.1612,14429,Rest,HAZIRLANIYOR...,0,411,11,53,102,0,0
1.1612,14430,Rest,HAZIRLANIYOR...,0,370,17,61,9,0,0
1.1612,14431,Rest,HAZIRLANIYOR...,0,321,23,66,0,0,0
1.1612,14432,Rest,HAZIRLANIYOR...,0,268,26,67,0,0,5
1.1612,14433,Rest,HAZIRLANIYOR...,0,211,29,65,0,0,7
1.1612,14434,Rest,HAZIRLANIYOR...,0,152,31,62,0,0,1
1.1612,14435,Rest,HAZIRLANIYOR...,0,94,30,59,0,0,0
1.1612,14436,Rest,HAZIRLANIYOR...,0,36,25,56,0,4,0
1.1612,14437,Rest,HAZIRLANIYOR...,0,0,17,49,0,8,4
1.1613,14438,Rest,HAZIRLANIYOR...,0,0,9,40,0,3,1
1.1613,14439,Rest,HAZIRLANIYOR...,0,0,0,30,0,0,0
1.1613,14440,Rest,HAZIRLANIYOR...,0,0,0,20,0,0,0
1.1613,14441,Rest,HAZIRLANIYOR...,0,0,0,11,0,0,0
1.1613,14442,Rest,HAZIRLANIYOR...,0,0,0,0,0,0,6
1.1614,14443,Rest,HAZIRLANIYOR...,0,0,0,0,0,0,0
1.1614,14444,Rest,HAZIRLANIYOR...,0,0,0,0,0,1,0
1.1614,14445,Rest,HAZIRLANIYOR...,0,0,0,0,0,7,0
1.1614,14446,Rest,HAZIRLANIYOR...,0,0,0,0,0,6,0
1.1614,14447,Rest,HAZIRLANIYOR...,0,0,0,0,0,2,0
1.1616,14448,Rest,HAZIRLANIYOR...,0,0,0,0,42,5,0
1.1616,14449,Rest,HAZIRLANIYOR...,0,0,0,0,109,11,0
1.1616,14450,Rest,HAZIRLANIYOR...,0,0,0,0,169,3,0
1.1616,14451,Rest,HAZIRLANIYOR...,0,0,0,0,219,0,0
1.1616,14452,Rest,HAZIRLANIYOR...,0,0,0,0,264,0,0
1.1616,14453,Rest,HAZIRLANIYOR...,0,0,0,0,307,6,0
1.1616,14454,Rest,HAZIRLANIYOR...,0,0,0,0,344,13,0
1.1617,14455,Rest,HAZIRLANIYOR...,0,0,0,0,368,5,8
1.1617,14456,Rest,HAZIRLANIYOR...,0,0,0,0,377,0,10
1.1617,14457,Rest,HAZIRLANIYOR...,0,0,0,0,376,0,0
1.1617,14458,Rest,HAZIRLANIYOR...,0,0,0,0,370,0,0
1.1617,14459,Rest,HAZIRLANIYOR...,0,0,0,0,357,2,0
1.1617,14460,Rest,HAZIRLANIYOR...,0,20,0,4,329,0,2
1.1617,14461,Rest,HAZIRLANIYOR...,0,72,7,22,299,0,5
1.1617,14462,Rest,HAZIRLANIYOR...,0,118,25,40,272,0,1
1.1617,14463,Rest,HAZIRLANIYOR...,0,151,43,57,227,0,0
1.1617,14464,Rest,HAZIRLANIYOR...,0,173,59,72,150,0,6
1.1617,14465,Rest,HAZIRLANIYOR...,0,184,73,85,56,0,13
1.1618,14466,Rest,HAZIRLANIYOR...,0,188,84,95,0,0,12
1.1731,14467,Rest,HAZIRLANIYOR...,0,182,93,104,0,3,3
1.1733,14468,Rest,HAZIRLANIYOR...,0,164,100,108,0,2,0
1.1735,14469,Rest,HAZIRLANIYOR...,0,137,103,107,0,0,0
1.1735,14470,Rest,HAZIRLANIYOR...,0,101,103,102,0,1,0
1.1736,14471,Rest,HAZIRLANIYOR...,0,60,102,96,0,2,6
1.1736,14472,Rest,HAZIRLANIYOR...,0,13,98,92,0,2,15
1.1736,14473,Rest,HAZIRLANIYOR...,0,0,89,86,0,0,12
1.1736,14474,Rest,HAZIRLANIYOR...,0,0,79,73,0,0,0
1.1736,14475,Rest,HAZIRLANIYOR...,0,0,68,57,0,0,0
1.1736,14476,Rest,HAZIRLANIYOR...,0,0,55,39,0,0,0
1.1737,14477,Rest,HAZIRLANIYOR...,0,0,39,21,0,0,0
1.1737,14478,Rest,HAZIRLANIYOR...,0,0,21,2,0,0,0
1.1737,14479,Rest,HAZIRLANIYOR...,0,0,4,0,0,0,0
1.1737,14480,Rest,HAZIRLANIYOR...,0,0,0,0,0,5,0
1.1737,14481,Rest,HAZIRLANIYOR...,0,0,0,0,0,10,0
1.1737,14482,Rest,HAZIRLANIYOR...,0,0,0,0,0,7,0
1.1738,14483,Rest,HAZIRLANIYOR...,0,0,0,0,32,4,0
1.1738,14484,Rest,HAZIRLANIYOR...,0,0,0,0,84,8,0
1.1738,14485,Rest,HAZIRLANIYOR...,0,0,0,0,124,7,0
1.1738,14486,Rest,HAZIRLANIYOR...,0,0,0,0,173,0,2
1.1739,14487,Rest,HAZIRLANIYOR...,0,0,0,0,229,0,3
1.1896,14488,Rest,HAZIRLANIYOR...,0,0,0,0,280,0,3
1.1897,14489,Rest,HAZIRLANIYOR...,0,0,0,0,320,0,3
1.1898,14490,Rest,HAZIRLANIYOR...,0,0,0,0,346,0,3
1.1899,14491,Rest,HAZIRLANIYOR...,0,0,0,0,363,0,0
1.1900,14492,Rest,HAZIRLANIYOR...,0,0,0,0,372,0,0
1.1901,14493,Rest,HAZIRLANIYOR...,0,0,0,0,370,2,0
1.1901,14494,Rest,HAZIRLANIYOR...,0,39,0,0,350,4,0
1.1902,14495,Rest,HAZIRLANIYOR...,0,80,0,0,318,2,0
1.1902,14496,Rest,HAZIRLANIYOR...,0,117,0,14,298,1,0
1.1902,14497,Rest,HAZIRLANIYOR...,0,153,0,31,288,2,3
1.1902,14498,Rest,HAZIRLANIYOR...,0,184,0,47,256,2,4
1.1903,14499,Rest,HAZIRLANIYOR...,0,210,14,61,185,1,2
1.1903,14500,Rest,HAZIRLANIYOR...,0,234,31,73,95,0,2
1.1903,14501,Rest,HAZIRLANIYOR...,0,260,47,81,9,0,3
1.1903,14502,Rest,HAZIRLANIYOR...,0,285,59,86,0,0,3
1.1903,14503,Rest,HAZIRLANIYOR...,0,306,71,89,0,0,2
1.1904,14504,Rest,HAZIRLANIYOR...,0,320,82,90,0,0,1
1.1904,14505,Rest,HAZIRLANIYOR...,0,330,90,89,0,0,0
1.1904,14506,Rest,HAZIRLANIYOR...,0,335,97,86,0,0,0
1.1904,14507,Rest,HAZIRLANIYOR...,0,334,104,82,0,0,1
1.1904,14508,Rest,HAZIRLANIYOR...,0,327,108,74,0,2,3
1.1905,14509,Rest,HAZIRLANIYOR...,0,314,109,63,0,3,9
1.1905,14510,Rest,HAZIRLANIYOR...,0,298,108,50,0,0,10
1.1905,14511,Rest,HAZIRLANIYOR...,0,282,104,38,0,0,1
1.1905,14512,Rest,HAZIRLANIYOR...,0,265,95,26,0,0,0
1.1905,14513,Rest,HAZIRLANIYOR...,0,244,83,11,0,0,0
1.1906,14514,Rest,HAZIRLANIYOR...,0,216,68,0,0,1,0
1.1906,14515,Rest,HAZIRLANIYOR...,0,185,50,0,0,7,1
1.1910,14516,Rest,HAZIRLANIYOR...,0,155,28,0,0,15,0
1.1911,14517,Rest,HAZIRLANIYOR...,0,129,6,0,0,15,0
1.1912,14518,Rest,HAZIRLANIYOR...,0,110,0,0,0,3,0
1.2225,14519,Rest,HAZIRLANIYOR...,0,98,0,0,47,0,1
1.2225,14520,Rest,HAZIRLANIYOR...,0,96,0,0,111,0,1
1.2226,14521,Rest,HAZIRLANIYOR...,0,99,0,0,167,0,0
1.2226,14522,Rest,HAZIRLANIYOR...,0,105,0,0,214,0,0
1.2226,14523,Rest,HAZIRLANIYOR...,0,113,0,0,258,0,1
1.2226,14524,Rest,HAZIRLANIYOR...,0,121,0,0,302,0,4
1.2226,14525,Rest,HAZIRLANIYOR...,0,128,0,0,337,0,7
1.2227,14526,Rest,HAZIRLANIYOR...,0,137,0,0,357,0,7
1.2227,14527,Rest,HAZIRLANIYOR...,0,151,0,0,361,0,1
1.2227,14528,Rest,HAZIRLANIYOR...,0,166,0,0,354,0,0
1.2227,14529,Rest,HAZIRLANIYOR...,0,180,0,0,340,0,0
1.2227,14530,Rest,HAZIRLANIYOR...,0,196,0,0,324,3,0
1.2227,14531,Rest,HAZIRLANIYOR...,0,216,0,11,314,7,0
1.2227,14532,Rest,HAZIRLANIYOR...,0,237,0,27,305,3,0
1.2228,14533,Rest,HAZIRLANIYOR...,0,255,14,39,281,0,0
1.2228,14534,Rest,HAZIRLANIYOR...,0,268,28,52,225,0,0
1.2228,14535,Rest,HAZIRLANIYOR...,0,274,33,66,141,0,0
1.2228,14536,Rest,HAZIRLANIYOR...,0,269,33,79,47,0,0
1.2228,14537,Rest,HAZIRLANIYOR...,0,251,40,88,0,0,0
1.2228,14538,Rest,HAZIRLANIYOR...,0,217,51,93,0,0,0
1.2228,14539,Rest,HAZIRLANIYOR...,0,172,59,94,0,0,0
1.2228,14540,Rest,HAZIRLANIYOR...,0,116,62,93,0,3,0
1.2228,14541,Rest,HAZIRLANIYOR...,0,51,63,89,0,10,0
1.2229,14542,Rest,HAZIRLANIYOR...,0,0,62,83,0,5,0
1.2229,14543,Rest,HAZIRLANIYOR...,0,0,58,75,0,0,0
1.2229,14544,Rest,HAZIRLANIYOR...,0,0,53,65,0,0,0
1.2229,14545,Rest,HAZIRLANIYOR...,0,0,46,55,0,0,0
1.2229,14546,Rest,HAZIRLANIYOR...,0,0,37,45,0,0,0
1.2229,14547,Rest,HAZIRLANIYOR...,0,0,25,36,0,0,0
1.2229,14548,Rest,HAZIRLANIYOR...,0,0,13,27,0,2,0
1.2229,14549,Rest,HAZIRLANIYOR...,0,0,1,16,0,6,0
1.2230,14550,Rest,HAZIRLANIYOR...,0,0,0,3,0,6,0
1.2230,14551,Rest,HAZIRLANIYOR...,0,0,0,0,0,2,0
1.2230,14552,Rest,HAZIRLANIYOR...,0,0,0,0,0,0,0
1.2230,14553,Rest,HAZIRLANIYOR...,0,0,0,0,0,0,0
1.2230,14554,Rest,HAZIRLANIYOR...,0,0,0,0,18,0,8
1.2230,14555,Rest,HAZIRLANIYOR...,0,0,0,0,85,0,13
1.2230,14556,Rest,HAZIRLANIYOR...,0,0,0,0,140,0,4
1.2230,14557,Rest,HAZIRLANIYOR...,0,0,0,0,188,0,0
1.2230,14558,Rest,HAZIRLANIYOR...,0,0,0,0,237,0,0
1.2230,14559,Rest,HAZIRLANIYOR...,0,0,0,0,290,0,0
1.2231,14560,Rest,HAZIRLANIYOR...,0,0,0,0,331,1,2
1.2231,14561,Rest,HAZIRLANIYOR...,0,0,0,0,353,0,0
1.2231,14562,Rest,HAZIRLANIYOR...,0,0,0,0,363,0,0
1.2231,14563,Rest,HAZIRLANIYOR...,0,0,0,0,367,0,0
1.2231,14564,Rest,HAZIRLANIYOR...,0,0,0,0,358,0,0
1.2231,14565,Rest,HAZIRLANIYOR...,0,0,0,0,334,0,0
1.2231,14566,Rest,HAZIRLANIYOR...,0,0,3,0,309,0,0
1.2232,14567,Rest,HAZIRLANIYOR...,0,0,13,6,296,1,0
1.2232,14568,Rest,HAZIRLANIYOR...,0,0,22,23,282,1,0
1.2232,14569,Rest,HAZIRLANIYOR...,0,10,30,38,241,4,3
1.2232,14570,Rest,HAZIRLANIYOR...,0,30,37,54,168,9,10
1.2232,14571,Rest,HAZIRLANIYOR...,0,46,41,68,82,5,15
1.2232,14572,Rest,HAZIRLANIYOR...,0,57,43,81,0,0,11
1.2232,14573,Rest,HAZIRLANIYOR...,0,60,45,91,0,0,0
1.2233,14574,Rest,HAZIRLANIYOR...,0,56,48,96,0,0,0
1.2233,14575,Rest,HAZIRLANIYOR...,0,51,50,96,0,0,0
1.2363,14576,Rest,HAZIRLANIYOR...,0,47,52,96,0,0,10
1.2365,14577,Rest,HAZIRLANIYOR...,0,45,56,94,0,0,12
1.2365,14578,Rest,HAZIRLANIYOR...,0,43,60,89,0,0,0
1.2365,14579,Rest,HAZIRLANIYOR...,0,39,61,78,0,1,0
1.2365,14580,Rest,HAZIRLANIYOR...,0,33,60,62,0,0,0
1.2368,14581,Rest,HAZIRLANIYOR...,0,26,56,44,0,0,0
1.2368,14582,Rest,HAZIRLANIYOR...,0,21,50,26,0,0,0
1.2371,14583,Rest,HAZIRLANIYOR...,0,20,43,8,0,0,0
1.2371,14584,Rest,HAZIRLANIYOR...,0,25,34,0,0,0,0
1.2371,14585,Rest,HAZIRLANIYOR...,0,30,23,0,0,2,1
1.2372,14586,Rest,HAZIRLANIYOR...,0,32,8,0,0,4,8
1.2372,14587,Rest,HAZIRLANIYOR...,0,30,0,0,0,5,2
1.2372,14588,Rest,HAZIRLANIYOR...,0,31,0,0,0,5,0
1.2372,14589,Rest,HAZIRLANIYOR...,0,36,0,0,0,5,0
1.2372,14590,Rest,HAZIRLANIYOR...,0,47,0,0,57,4,0
1.2373,14591,Rest,HAZIRLANIYOR...,0,63,0,0,119,4,0
1.2373,14592,Rest,HAZIRLANIYOR...,0,84,0,0,175,4,0
1.2373,14593,Rest,HAZIRLANIYOR...,0,106,0,0,222,4,0
1.2373,14594,Rest,HAZIRLANIYOR...,0,130,0,0,264,6,0
1.2374,14595,Rest,HAZIRLANIYOR...,0,156,0,0,305,12,0
1.2374,14596,Rest,HAZIRLANIYOR...,0,183,0,0,339,15,0
1.2374,14597,Rest,HAZIRLANIYOR...,0,209,0,0,360,8,1
1.2377,14598,Rest,HAZIRLANIYOR...,0,231,0,0,369,0,2
1.2380,14599,Rest,HAZIRLANIYOR...,0,247,0,0,363,0,2
1.2380,14600,Rest,HAZIRLANIYOR...,0,259,0,0,338,0,2
1.2381,14601,Rest,HAZIRLANIYOR...,0,266,0,0,310,0,4
1.2514,14602,Rest,HAZIRLANIYOR...,0,268,0,0,296,0,4
1.2515,14603,Rest,HAZIRLANIYOR...,0,264,0,10,290,0,2
1.2516,14604,Rest,HAZIRLANIYOR...,0,253,13,22,263,0,0
1.2516,14605,Rest,HAZIRLANIYOR...,0,238,23,34,200,0,0
1.2517,14606,Rest,HAZIRLANIYOR...,0,221,29,46,114,0,0
1.2517,14607,Rest,HAZIRLANIYOR...,0,208,32,56,27,0,0
1.2517,14608,Rest,HAZIRLANIYOR...,0,195,35,65,0,0,1
1.2517,14609,Rest,HAZIRLANIYOR...,0,179,35,70,0,0,2
1.2518,14610,Rest,HAZIRLANIYOR...,0,157,32,74,0,0,4
1.2518,14611,Rest,HAZIRLANIYOR...,0,136,28,77,0,0,4
1.2518,14612,Rest,HAZIRLANIYOR...,0,122,23,76,0,0,2
1.2520,14613,Rest,HAZIRLANIYOR...,0,108,18,71,0,0,0
1.2521,14614,Rest,HAZIRLANIYOR...,0,87,9,64,0,0,0
1.2521,14615,Rest,HAZIRLANIYOR...,0,63,0,56,0,0,1
1.2521,14616,Rest,HAZIRLANIYOR...,0,43,0,48,0,0,2
1.2521,14617,Rest,HAZIRLANIYOR...,0,28,0,38,0,0,2
1.2521,14618,Rest,HAZIRLANIYOR...,0,13,0,26,0,0,2
1.2522,14619,Rest,HAZIRLANIYOR...,0,0,0,12,0,0,0
1.2523,14620,Rest,HAZIRLANIYOR...,0,0,0,0,0,0,0
1.2524,14621,Rest,HAZIRLANIYOR...,0,0,0,0,0,0,0
1.2524,14622,Rest,HAZIRLANIYOR...,0,0,0,0,0,2,1
1.2524,14623,Rest,HAZIRLANIYOR...,0,0,0,0,0,3,2
1.2524,14624,Rest,HAZIRLANIYOR...,0,0,0,0,0,4,1
1.2524,14625,Rest,HAZIRLANIYOR...,0,0,0,0,30,4,1
1.2525,14626,Rest,HAZIRLANIYOR...,0,0,0,0,101,3,0
1.2526,14627,Rest,HAZIRLANIYOR...,0,0,0,0,162,3,0
1.2866,14628,Rest,HAZIRLANIYOR...,0,0,0,0,206,2,0
1.2866,14629,Rest,HAZIRLANIYOR...,0,0,0,0,244,4,0
1.2867,14630,Rest,HAZIRLANIYOR...,0,0,0,0,287,9,1
1.2867,14631,Rest,HAZIRLANIYOR...,0,0,0,0,326,12,1
1.2867,14632,Rest,HAZIRLANIYOR...,0,0,0,0,350,5,2
1.2867,14633,Rest,HAZIRLANIYOR...,0,0,0,0,355,0,2
1.2867,14634,Rest,HAZIRLANIYOR...,0,0,0,0,350,0,0
1.2867,14635,Rest,HAZIRLANIYOR...,0,5,0,0,337,2,1
1.2867,14636,Rest,HAZIRLANIYOR...,0,10,0,13,318,1,4
1.2867,14637,Rest,HAZIRLANIYOR...,0,14,19,30,303,0,1
1.2893,14638,Rest,HAZIRLANIYOR...,0,19,38,46,294,0,0
1.2893,14639,Rest,HAZIRLANIYOR...,0,24,55,61,277,4,0
1.2894,14640,Rest,HAZIRLANIYOR...,0,26,72,74,232,0,2
1.2894,14641,Rest,HAZIRLANIYOR...,0,20,90,87,157,0,3
1.2894,14642,Rest,HAZIRLANIYOR...,0,6,106,97,71,0,0
1.2894,14643,Rest,HAZIRLANIYOR...,0,0,118,103,0,3,0
1.2894,14644,Rest,HAZIRLANIYOR...,0,0,125,106,0,0,0
1.2895,14645,Rest,HAZIRLANIYOR...,0,0,130,106,0,0,1
1.2895,14646,Rest,HAZIRLANIYOR...,0,0,135,104,0,0,3
1.2895,14647,Rest,HAZIRLANIYOR...,0,0,137,98,0,0,1
1.2895,14648,Rest,HAZIRLANIYOR...,0,0,137,90,0,0,2
1.2895,14649,Rest,HAZIRLANIYOR...,0,0,132,79,0,0,4
1.2895,14650,Rest,HAZIRLANIYOR...,0,0,127,66,0,0,1
1.2896,14651,Rest,HAZIRLANIYOR...,0,0,121,50,0,0,0
1.2896,14652,Rest,HAZIRLANIYOR...,0,0,111,33,0,4,0
1.2896,14653,Rest,HAZIRLANIYOR...,0,0,97,17,0,10,0
1.2896,14654,Rest,HAZIRLANIYOR...,0,0,81,2,0,3,0
1.2896,14655,Rest,HAZIRLANIYOR...,0,0,67,0,0,0,2
1.2896,14656,Rest,HAZIRLANIYOR...,0,0,55,0,0,0,7
1.2896,14657,Rest,HAZIRLANIYOR...,0,0,42,0,0,0,9
1.2896,14658,Rest,HAZIRLANIYOR...,0,0,30,0,0,1,2
1.2896,14659,Rest,HAZIRLANIYOR...,0,0,19,0,0,4,0
1.2897,14660,Rest,HAZIRLANIYOR...,0,0,8,0,0,7,0
1.2897,14661,Rest,HAZIRLANIYOR...,0,0,0,0,58,9,0
1.2897,14662,Rest,HAZIRLANIYOR...,0,0,0,0,118,5,0
1.2897,14663,Rest,HAZIRLANIYOR...,0,0,0,0,174,0,0
1.2897,14664,Rest,HAZIRLANIYOR...,0,0,0,0,223,0,3
1.2897,14665,Rest,HAZIRLANIYOR...,0,0,0,0,270,0,8
1.2897,14666,Rest,HAZIRLANIYOR...,0,2,0,0,316,0,2
1.2898,14667,Rest,HAZIRLANIYOR...,0,60,0,0,349,0,0
1.2898,14668,Rest,HAZIRLANIYOR...,0,119,0,0,359,6,0
1.2898,14669,Rest,HAZIRLANIYOR...,0,176,0,0,348,10,0
1.2898,14670,Rest,HAZIRLANIYOR...,0,231,0,0,328,5,0
1.2898,14671,Rest,HAZIRLANIYOR...,0,289,0,0,316,0,0
1.2898,14672,Rest,HAZIRLANIYOR...,0,343,0,0,308,0,1
1.2898,14673,Rest,HAZIRLANIYOR...,0,383,0,0,292,3,3
1.2899,14674,Rest,HAZIRLANIYOR...,0,407,6,9,268,0,0
1.2899,14675,Rest,HAZIRLANIYOR...,0,416,16,25,235,0,0
1.2899,14676,Rest,HAZIRLANIYOR...,0,412,25,38,181,0,0
1.2899,14677,Rest,HAZIRLANIYOR...,0,400,33,48,103,0,0
1.2899,14678,Rest,HAZIRLANIYOR...,0,381,42,59,18,8,0
1.2899,14679,Rest,HAZIRLANIYOR...,0,355,50,68,0,2,0
1.2899,14680,Rest,HAZIRLANIYOR...,0,325,57,73,0,0,0
1.2899,14681,Rest,HAZIRLANIYOR...,0,293,61,74,0,0,0
1.2900,14682,Rest,HAZIRLANIYOR...,0,260,61,73,0,4,0
1.2901,14683,Rest,HAZIRLANIYOR...,0,221,59,71,0,3,1
1.2901,14684,Rest,HAZIRLANIYOR...,0,175,55,66,0,0,7
1.2901,14685,Rest,HAZIRLANIYOR...,0,126,49,59,0,0,6
1.2902,14686,Rest,HAZIRLANIYOR...,0,82,41,50,0,0,0
1.2902,14687,Rest,HAZIRLANIYOR...,0,40,31,38,0,0,0
1.2902,14688,Rest,HAZIRLANIYOR...,0,0,17,24,0,0,0
1.2902,14689,Rest,HAZIRLANIYOR...,0,0,2,7,0,0,0
1.2902,14690,Rest,HAZIRLANIYOR...,0,0,0,0,0,0,0
1.2902,14691,Rest,HAZIRLANIYOR...,0,0,0,0,0,0,2
1.2902,14692,Rest,HAZIRLANIYOR...,0,0,0,0,0,0,4
1.2902,14693,Rest,HAZIRLANIYOR...,0,0,0,0,0,0,0
1.2903,14694,Rest,HAZIRLANIYOR...,0,0,0,0,0,1,0
1.2992,14695,Rest,HAZIRLANIYOR...,0,0,0,0,0,7,0
1.2993,14696,Rest,HAZIRLANIYOR...,0,0,0,0,28,10,0
1.2993,14697,Rest,HAZIRLANIYOR...,0,0,0,0,96,7,6
1.2993,14698,Rest,HAZIRLANIYOR...,0,0,0,0,153,7,12
1.2994,14699,Rest,HAZIRLANIYOR...,0,0,0,0,203,11,7
1.2994,14700,Rest,HAZIRLANIYOR...,0,0,0,0,248,14,2
1.2994,14701,Rest,HAZIRLANIYOR...,0,0,0,0,291,11,3
1.2994,14702,Rest,HAZIRLANIYOR...,0,0,0,0,327,6,2
1.2994,14703,Rest,HAZIRLANIYOR...,0,0,0,0,350,2,0
1.2994,14704,Rest,HAZIRLANIYOR...,0,17,0,0,358,0,0
1.2994,14705,Rest,HAZIRLANIYOR...,0,85,0,0,354,0,0
1.2994,14706,Rest,HAZIRLANIYOR...,0,136,0,0,340,0,7
1.2994,14707,Rest,HAZIRLANIYOR...,0,164,0,6,321,4,8
1.2994,14708,Rest,HAZIRLANIYOR...,0,175,0,16,306,4,0
1.2995,14709,Rest,HAZIRLANIYOR...,0,181,0,26,297,0,0
1.2996,14710,Rest,HAZIRLANIYOR...,0,194,0,37,278,0,0
1.3143,14711,Rest,HAZIRLANIYOR...,0,215,0,48,231,0,0
1.3144,14712,Rest,HAZIRLANIYOR...,0,239,0,58,159,0,0
1.3145,14713,Rest,HAZIRLANIYOR...,0,260,0,65,80,0,0
1.3145,14714,Rest,HAZIRLANIYOR...,0,272,0,69,2,0,1
1.3145,14715,Rest,HAZIRLANIYOR...,0,269,0,70,0,0,6
1.3148,14716,Rest,HAZIRLANIYOR...,0,252,0,70,0,0,7
1.3149,14717,Rest,HAZIRLANIYOR...,0,226,0,69,0,0,3
1.3150,14718,Rest,HAZIRLANIYOR...,0,193,0,65,0,0,0
1.3150,14719,Rest,HAZIRLANIYOR...,0,157,0,57,0,0,0
1.3152,14720,Rest,HAZIRLANIYOR...,0,122,0,45,0,0,0
1.3152,14721,Rest,HAZIRLANIYOR...,0,91,0,33,0,0,0
1.3152,14722,Rest,HAZIRLANIYOR...,0,67,0,21,0,0,0
1.3152,14723,Rest,HAZIRLANIYOR...,0,52,0,7,0,0,0
1.3152,14724,Rest,HAZIRLANIYOR...,0,45,0,0,0,0,3
1.3152,14725,Rest,HAZIRLANIYOR...,0,40,0,0,0,9,4
1.3153,14726,Rest,HAZIRLANIYOR...,0,30,0,0,0,18,0
1.3153,14727,Rest,HAZIRLANIYOR...,0,14,0,0,0,14,0
1.3153,14728,Rest,HAZIRLANIYOR...,0,0,0,0,0,3,0
1.3153,14729,Rest,HAZIRLANIYOR...,0,0,0,0,0,0,1
1.3153,14730,Rest,HAZIRLANIYOR...,0,0,0,0,0,0,1
1.3153,14731,Rest,HAZIRLANIYOR...,0,0,0,0,0,0,0
1.3154,14732,Rest,HAZIRLANIYOR...,0,0,0,0,61,0,0
1.3154,14733,Rest,HAZIRLANIYOR...,0,0,0,0,122,0,4
1.3154,14734,Rest,HAZIRLANIYOR...,0,0,0,0,178,0,6
1.3154,14735,Rest,HAZIRLANIYOR...,0,0,0,0,224,5,3
1.3154,14736,Rest,HAZIRLANIYOR...,0,0,0,0,266,16,1
1.3156,14737,Rest,HAZIRLANIYOR...,0,0,0,0,306,16,4
1.3157,14738,Rest,HAZIRLANIYOR...,0,0,0,0,336,2,12
1.3158,14739,Rest,HAZIRLANIYOR...,0,0,0,0,352,0,14
1.3518,14740,Rest,HAZIRLANIYOR...,0,0,0,0,354,0,6
1.3520,14741,Rest,HAZIRLANIYOR...,0,0,0,0,344,6,0
1.3521,14742,Rest,HAZIRLANIYOR...,0,0,9,0,324,11,2
1.3521,14743,Rest,HAZIRLANIYOR...,0,0,21,8,307,2,10
1.3521,14744,Rest,HAZIRLANIYOR...,0,0,34,26,298,0,4
1.3521,14745,Rest,HAZIRLANIYOR...,0,0,46,44,288,0,0
1.3522,14746,Rest,HAZIRLANIYOR...,0,0,57,60,254,0,0
1.3522,14747,Rest,HAZIRLANIYOR...,0,0,69,74,190,0,0
1.3522,14748,Rest,HAZIRLANIYOR...,0,0,82,87,107,0,0
1.3522,14749,Rest,HAZIRLANIYOR...,0,0,95,100,23,0,0
1.3523,14750,Rest,HAZIRLANIYOR...,0,0,107,108,0,0,0
1.3523,14751,Rest,HAZIRLANIYOR...,0,0,117,110,0,0,0
1.3523,14752,Rest,HAZIRLANIYOR...,0,0,125,107,0,0,0
1.3523,14753,Rest,HAZIRLANIYOR...,0,0,129,101,0,0,0
1.3524,14754,Rest,HAZIRLANIYOR...,0,0,131,93,0,0,0
1.3524,14755,Rest,HAZIRLANIYOR...,0,0,132,82,0,0,0
1.3524,14756,Rest,HAZIRLANIYOR...,0,0,132,69,0,0,0
1.3524,14757,Rest,HAZIRLANIYOR...,0,0,131,55,0,0,9
1.3524,14758,Rest,HAZIRLANIYOR...,0,0,125,42,0,1,16
1.3525,14759,Rest,HAZIRLANIYOR...,0,0,114,27,0,5,8
1.3525,14760,Rest,HAZIRLANIYOR...,0,0,99,10,0,10,0
1.3525,14761,Rest,HAZIRLANIYOR...,0,0,81,0,0,8,0
1.3525,14762,Rest,HAZIRLANIYOR...,0,0,60,0,0,1,0
1.3526,14763,Rest,HAZIRLANIYOR...,0,0,37,0,0,0,2
1.3526,14764,Rest,HAZIRLANIYOR...,0,0,14,0,0,6,0
1.3527,14765,Rest,HAZIRLANIYOR...,0,18,0,0,0,11,0
1.3528,14766,Rest,HAZIRLANIYOR...,0,44,0,0,0,6,1
1.3528,14767,Rest,HAZIRLANIYOR...,0,63,0,0,39,0,7
1.3528,14768,Rest,HAZIRLANIYOR...,0,79,0,0,104,0,2
1.3528,14769,Rest,HAZIRLANIYOR...,0,96,0,0,161,1,0
1.3528,14770,Rest,HAZIRLANIYOR...,0,116,0,0,210,3,0
1.3528,14771,Rest,HAZIRLANIYOR...,0,137,0,0,256,1,0
1.3529,14772,Rest,HAZIRLANIYOR...,0,156,0,0,302,2,1
1.3529,14773,Rest,HAZIRLANIYOR...,0,175,0,0,338,7,6
1.3529,14774,Rest,HAZIRLANIYOR...,0,193,0,0,353,11,9
1.3529,14775,Rest,HAZIRLANIYOR...,0,209,6,0,351,3,3
1.3530,14776,Rest,HAZIRLANIYOR...,0,224,27,0,343,0,0
1.3530,14777,Rest,HAZIRLANIYOR...,0,238,47,0,333,0,0
1.3530,14778,Rest,HAZIRLANIYOR...,0,249,63,3,318,0,0
1.3530,14779,Rest,HAZIRLANIYOR...,0,255,75,13,304,0,0
1.3530,14780,Rest,HAZIRLANIYOR...,0,253,85,21,292,0,0
1.3530,14781,Rest,HAZIRLANIYOR...,0,243,94,29,270,0,0
1.3531,14782,Rest,HAZIRLANIYOR...,0,227,101,35,220,0,0
1.3531,14783,Rest,HAZIRLANIYOR...,0,207,104,41,144,0,0
1.3531,14784,Rest,HAZIRLANIYOR...,0,183,104,47,56,0,0
1.3531,14785,Rest,HAZIRLANIYOR...,0,157,103,50,0,0,0
1.3531,14786,Rest,HAZIRLANIYOR...,0,127,100,51,0,0,0
1.3532,14787,Rest,HAZIRLANIYOR...,0,92,93,50,0,0,4
1.3532,14788,Rest,HAZIRLANIYOR...,0,56,84,50,0,0,3
1.3532,14789,Rest,HAZIRLANIYOR...,0,20,75,50,0,0,1
1.3533,14790,Rest,HAZIRLANIYOR...,0,0,67,49,0,0,0
1.3533,14791,Rest,HAZIRLANIYOR...,0,0,56,48,0,0,1
1.3533,14792,Rest,HAZIRLANIYOR...,0,0,41,46,0,0,1
1.3533,14793,Rest,HAZIRLANIYOR...,0,0,26,42,0,0,0
1.3535,14794,Rest,HAZIRLANIYOR...,0,0,11,36,0,0,0
1.3536,14795,Rest,HAZIRLANIYOR...,0,0,0,29,0,0,0
1.3536,14796,Rest,HAZIRLANIYOR...,0,0,0,21,0,0,2
1.3536,14797,Rest,HAZIRLANIYOR...,0,0,0,13,0,1,8
1.3536,14798,Rest,HAZIRLANIYOR...,0,0,0,4,0,2,16
1.3536,14799,Rest,HAZIRLANIYOR...,0,0,0,0,0,2,17
1.3536,14800,Rest,HAZIRLANIYOR...,0,0,0,0,0,2,4
1.3536,14801,Rest,HAZIRLANIYOR...,0,0,0,0,0,3,0
1.3536,14802,Rest,HAZIRLANIYOR...,0,0,0,0,8,4,0
1.3536,14803,Rest,HAZIRLANIYOR...,0,0,0,0,67,4,6
1.3536,14804,Rest,HAZIRLANIYOR...,0,0,0,0,125,1,11
1.3537,14805,Rest,HAZIRLANIYOR...,0,0,0,0,183,0,2
1.3537,14806,Rest,HAZIRLANIYOR...,0,0,0,0,235,2,0
1.3617,14807,Rest,HAZIRLANIYOR...,0,0,0,0,280,8,0
1.3620,14808,Rest,HAZIRLANIYOR...,0,0,0,0,314,10,0
1.3620,14809,Rest,HAZIRLANIYOR...,0,0,0,0,335,11,3
1.3620,14810,Rest,HAZIRLANIYOR...,0,0,0,0,348,12,3
1.3620,14811,Rest,HAZIRLANIYOR...,0,48,0,0,352,6,0
1.3620,14812,Rest,HAZIRLANIYOR...,0,101,0,0,343,0,0
1.3621,14813,Rest,HAZIRLANIYOR...,0,150,0,0,324,0,0
1.3621,14814,Rest,HAZIRLANIYOR...,0,196,0,0,305,0,0
1.3621,14815,Rest,HAZIRLANIYOR...,0,239,0,17,296,1,0
1.3623,14816,Rest,HAZIRLANIYOR...,0,280,0,38,286,0,0
1.3623,14817,Rest,HAZIRLANIYOR...,0,318,0,59,253,0,0
1.3623,14818,Rest,HAZIRLANIYOR...,0,350,2,76,187,0,0
1.3623,14819,Rest,HAZIRLANIYOR...,0,373,12,89,102,0,0
1.3625,14820,Rest,HAZIRLANIYOR...,0,383,18,100,18,2,0
1.3625,14821,Rest,HAZIRLANIYOR...,0,382,22,109,0,5,0
1.3626,14822,Rest,HAZIRLANIYOR...,0,372,24,113,0,0,0
1.3767,14823,Rest,HAZIRLANIYOR...,0,357,25,111,0,0,0
1.3768,14824,Rest,HAZIRLANIYOR...,0,340,23,106,0,0,4
1.3769,14825,Rest,HAZIRLANIYOR...,0,317,20,97,0,0,4
1.3769,14826,Rest,HAZIRLANIYOR...,0,287,15,86,0,3,2
1.3769,14827,Rest,HAZIRLANIYOR...,0,252,10,73,0,0,2
1.3769,14828,Rest,HAZIRLANIYOR...,0,211,3,57,0,0,3
1.3770,14829,Rest,HAZIRLANIYOR...,0,160,0,41,0,0,5
1.3770,14830,Rest,HAZIRLANIYOR...,0,97,0,25,0,0,10
1.3770,14831,Rest,HAZIRLANIYOR...,0,24,0,8,0,0,12
1.3772,14832,Rest,HAZIRLANIYOR...,0,0,0,0,0,0,4
1.3772,14833,Rest,HAZIRLANIYOR...,0,0,0,0,0,0,0
1.3772,14834,Rest,HAZIRLANIYOR...,0,0,0,0,0,0,0
1.3773,14835,Rest,HAZIRLANIYOR...,0,0,0,0,0,0,0
1.3773,14836,Rest,HAZIRLANIYOR...,0,0,0,0,0,2,0
1.3773,14837,Rest,HAZIRLANIYOR...,0,0,0,0,0,3,0
1.3773,14838,Rest,HAZIRLANIYOR...,0,0,0,0,31,3,0
1.3773,14839,Rest,HAZIRLANIYOR...,0,0,0,0,98,4,0
1.3773,14840,Rest,HAZIRLANIYOR...,0,0,0,0,162,4,2
1.3773,14841,Rest,HAZIRLANIYOR...,0,0,0,0,214,7,3
1.3773,14842,Rest,HAZIRLANIYOR...,0,0,0,0,255,9,3
1.3774,14843,Rest,HAZIRLANIYOR...,0,0,0,0,295,5,2
1.3774,14844,Rest,HAZIRLANIYOR...,0,0,0,0,332,0,1
1.3774,14845,Rest,HAZIRLANIYOR...,0,0,0,0,361,0,0
1.3774,14846,Rest,HAZIRLANIYOR...,0,0,0,0,372,1,1
1.3774,14847,Rest,HAZIRLANIYOR...,0,0,3,0,359,1,1
1.3776,14848,Rest,HAZIRLANIYOR...,0,39,14,0,333,0,0
1.4089,14849,Rest,HAZIRLANIYOR...,0,118,22,0,312,0,0
1.4089,14850,Rest,HAZIRLANIYOR...,0,190,30,0,305,0,0
1.4089,14851,Rest,HAZIRLANIYOR...,0,254,39,3,300,1,0
1.4090,14852,Rest,HAZIRLANIYOR...,0,310,47,14,277,1,0
1.4090,14853,Rest,HAZIRLANIYOR...,0,354,53,25,226,0,0
1.4090,14854,Rest,HAZIRLANIYOR...,0,383,58,35,149,0,2
1.4090,14855,Rest,HAZIRLANIYOR...,0,391,62,42,59,0,7
1.4090,14856,Rest,HAZIRLANIYOR...,0,379,65,47,0,0,10
1.4091,14857,Rest,HAZIRLANIYOR...,0,353,67,49,0,0,2
1.4091,14858,Rest,HAZIRLANIYOR...,0,322,68,51,0,0,0
1.4091,14859,Rest,HAZIRLANIYOR...,0,286,68,50,0,0,0
1.4091,14860,Rest,HAZIRLANIYOR...,0,244,66,47,0,0,3
1.4091,14861,Rest,HAZIRLANIYOR...,0,196,62,42,0,0,8
1.4092,14862,Rest,HAZIRLANIYOR...,0,147,57,36,0,0,0
1.4092,14863,Rest,HAZIRLANIYOR...,0,101,50,27,0,0,0
1.4092,14864,Rest,HAZIRLANIYOR...,0,61,41,16,0,0,0
1.4092,14865,Rest,HAZIRLANIYOR...,0,20,33,2,0,2,0
1.4092,14866,Rest,HAZIRLANIYOR...,0,0,24,0,0,7,0
1.4092,14867,Rest,HAZIRLANIYOR...,0,0,16,0,0,9,0
1.4093,14868,Rest,HAZIRLANIYOR...,0,0,8,0,0,4,0
1.4093,14869,Rest,HAZIRLANIYOR...,0,0,0,0,0,0,0
1.4093,14870,Rest,HAZIRLANIYOR...,0,0,0,0,0,0,0
1.4093,14871,Rest,HAZIRLANIYOR...,0,0,0,0,0,6,0
1.4093,14872,Rest,HAZIRLANIYOR...,0,0,0,0,0,13,0
1.4093,14873,Rest,HAZIRLANIYOR...,0,0,0,0,5,7,0
1.4093,14874,Rest,HAZIRLANIYOR...,0,0,0,0,72,0,0
1.4094,14875,Rest,HAZIRLANIYOR...,0,21,0,0,124,0,6
1.4094,14876,Rest,HAZIRLANIYOR...,0,63,0,0,178,0,7
1.4094,14877,Rest,HAZIRLANIYOR...,0,100,0,0,236,0,2
1.4094,14878,Rest,HAZIRLANIYOR...,0,133,0,0,287,0,0
1.4094,14879,Rest,HAZIRLANIYOR...,0,161,0,0,326,0,0
1.4094,14880,Rest,HAZIRLANIYOR...,0,180,0,0,354,0,0
1.4095,14881,Rest,HAZIRLANIYOR...,0,188,0,0,375,0,0
1.4095,14882,Rest,HAZIRLANIYOR...,0,192,0,0,380,4,1
1.4095,14883,Rest,HAZIRLANIYOR...,0,199,0,0,362,4,2
1.4095,14884,Rest,HAZIRLANIYOR...,0,206,0,1,333,2,2
1.4095,14885,Rest,HAZIRLANIYOR...,0,209,0,17,316,0,1
1.4095,14886,Rest,HAZIRLANIYOR...,0,208,0,33,313,0,1
1.4095,14887,Rest,HAZIRLANIYOR...,0,202,8,48,301,0,1
1.4096,14888,Rest,HAZIRLANIYOR...,0,192,20,61,263,0,2
1.4097,14889,Rest,HAZIRLANIYOR...,0,170,32,72,197,0,0
1.4097,14890,Rest,HAZIRLANIYOR...,0,135,42,80,117,0,0
1.4097,14891,Rest,HAZIRLANIYOR...,0,89,51,88,31,0,0
1.4097,14892,Rest,HAZIRLANIYOR...,0,35,58,93,0,0,0
1.4097,14893,Rest,HAZIRLANIYOR...,0,0,62,94,0,0,7
1.4098,14894,Rest,HAZIRLANIYOR...,0,0,65,91,0,0,7
1.4098,14895,Rest,HAZIRLANIYOR...,0,0,68,84,0,0,0
1.4098,14896,Rest,HAZIRLANIYOR...,0,0,69,78,0,0,0
1.4098,14897,Rest,HAZIRLANIYOR...,0,0,64,72,0,0,0
1.4098,14898,Rest,HAZIRLANIYOR...,0,0,56,67,0,0,3
1.4098,14899,Rest,HAZIRLANIYOR...,0,0,46,59,0,0,6
1.4098,14900,Rest,HAZIRLANIYOR...,0,0,35,46,0,0,1
1.4098,14901,Rest,HAZIRLANIYOR...,0,0,23,30,0,0,0
1.4098,14902,Rest,HAZIRLANIYOR...,0,0,9,17,0,0,0
1.4098,14903,Rest,HAZIRLANIYOR...,0,0,0,9,0,0,0
1.4098,14904,Rest,HAZIRLANIYOR...,0,0,0,1,0,0,0
1.4099,14905,Rest,HAZIRLANIYOR...,0,0,0,0,0,0,0
1.4099,14906,Rest,HAZIRLANIYOR...,0,0,0,0,0,1,0
1.4235,14907,Rest,HAZIRLANIYOR...,0,0,0,0,0,3,0
1.4236,14908,Rest,HAZIRLANIYOR...,0,0,0,0,0,5,0
1.4236,14909,Rest,HAZIRLANIYOR...,0,0,0,0,36,9,3
1.4237,14910,Rest,HAZIRLANIYOR...,0,0,0,0,107,8,11
1.4237,14911,Rest,HAZIRLANIYOR...,0,0,0,0,167,0,7
1.4238,14912,Rest,HAZIRLANIYOR...,0,0,0,0,220,0,0
1.4239,14913,Rest,HAZIRLANIYOR...,0,0,0,0,268,0,0
1.4239,14914,Rest,HAZIRLANIYOR...,0,51,0,0,312,2,0
1.4240,14915,Rest,HAZIRLANIYOR...,0,140,0,0,348,7,3
1.4240,14916,Rest,HAZIRLANIYOR...,0,226,0,0,370,5,7
1.4241,14917,Rest,HAZIRLANIYOR...,0,309,0,0,377,2,10
1.4241,14918,Rest,HAZIRLANIYOR...,0,387,0,0,370,1,9
1.4241,14919,Rest,HAZIRLANIYOR...,0,456,0,0,353,1,4
1.4242,14920,Rest,HAZIRLANIYOR...,0,509,0,0,336,1,0
1.4242,14921,Rest,HAZIRLANIYOR...,0,543,5,4,323,1,0
1.4242,14922,Rest,HAZIRLANIYOR...,0,557,18,20,311,1,0
1.4243,14923,Rest,HAZIRLANIYOR...,0,555,31,37,285,1,0
1.4244,14924,Rest,HAZIRLANIYOR...,0,539,41,51,229,0,0
1.4244,14925,Rest,HAZIRLANIYOR...,0,506,51,63,147,0,0
1.4244,14926,Rest,HAZIRLANIYOR...,0,449,58,73,58,0,0
1.4244,14927,Rest,HAZIRLANIYOR...,0,364,62,79,0,0,0
1.4244,14928,Rest,HAZIRLANIYOR...,0,261,63,80,0,0,0
1.4244,14929,Rest,HAZIRLANIYOR...,0,156,62,77,0,0,0
1.4245,14930,Rest,HAZIRLANIYOR...,0,57,58,74,0,0,0
1.4245,14931,Rest,HAZIRLANIYOR...,0,0,51,73,0,0,0
1.4246,14932,Rest,HAZIRLANIYOR...,0,0,42,70,0,0,4
1.4391,14933,Rest,HAZIRLANIYOR...,0,0,33,53,0,0,7
1.4396,14934,Rest,HAZIRLANIYOR...,0,0,22,33,0,0,2
1.4396,14935,Rest,HAZIRLANIYOR...,0,0,9,25,0,0,0
1.4396,14936,Rest,HAZIRLANIYOR...,0,0,0,24,0,0,0
1.4396,14937,Rest,HAZIRLANIYOR...,0,0,0,21,0,0,0
1.4396,14938,Rest,HAZIRLANIYOR...,0,0,0,13,0,0,0
1.4397,14939,Rest,HAZIRLANIYOR...,0,0,0,5,0,1,0
1.4397,14940,Rest,HAZIRLANIYOR...,0,0,0,0,0,1,1
1.4397,14941,Rest,HAZIRLANIYOR...,0,0,0,0,0,1,7
1.4397,14942,Rest,HAZIRLANIYOR...,0,0,0,0,0,2,12
1.4397,14943,Rest,HAZIRLANIYOR...,0,0,0,0,0,6,9
1.4397,14944,Rest,HAZIRLANIYOR...,0,0,0,0,4,10,2
1.4397,14945,Rest,HAZIRLANIYOR...,0,0,0,0,82,7,0
1.4398,14946,Rest,HAZIRLANIYOR...,0,0,0,0,147,1,0
1.4398,14947,Rest,HAZIRLANIYOR...,0,0,0,0,198,1,0
1.4398,14948,Rest,HAZIRLANIYOR...,0,0,0,0,245,8,0
1.4398,14949,Rest,HAZIRLANIYOR...,0,0,0,0,292,14,0
1.4398,14950,Rest,HAZIRLANIYOR...,0,0,0,0,331,15,0
1.4398,14951,Rest,HAZIRLANIYOR...,0,0,0,0,353,14,5
1.4398,14952,Rest,HAZIRLANIYOR...,0,0,0,0,362,9,4
1.4398,14953,Rest,HAZIRLANIYOR...,0,0,0,0,365,0,0
1.4398,14954,Rest,HAZIRLANIYOR...,0,0,0,0,360,0,0
1.4398,14955,Rest,HAZIRLANIYOR...,0,0,10,0,343,0,0
1.4398,14956,Rest,HAZIRLANIYOR...,0,0,20,2,324,0,0
1.4398,14957,Rest,HAZIRLANIYOR...,0,17,30,11,312,0,0
1.4399,14958,Rest,HAZIRLANIYOR...,0,56,40,20,297,0,0
1.4399,14959,Rest,HAZIRLANIYOR...,0,90,49,29,255,0,1
1.4545,14960,Rest,HAZIRLANIYOR...,0,115,56,38,182,0,1
1.4545,14961,Rest,HAZIRLANIYOR...,0,130,64,49,97,0,0
1.4546,14962,Rest,HAZIRLANIYOR...,0,135,69,60,15,0,0
1.4546,14963,Rest,HAZIRLANIYOR...,0,133,71,67,0,0,4
1.4546,14964,Rest,HAZIRLANIYOR...,0,126,71,69,0,0,11
1.4546,14965,Rest,HAZIRLANIYOR...,0,121,69,68,0,0,13
1.4546,14966,Rest,HAZIRLANIYOR...,0,123,66,68,0,0,5
1.4546,14967,Rest,HAZIRLANIYOR...,0,135,61,65,0,2,0
1.4546,14968,Rest,HAZIRLANIYOR...,0,156,53,59,0,6,0
1.4546,14969,Rest,HAZIRLANIYOR...,0,180,44,49,0,2,0
1.4546,14970,Rest,HAZIRLANIYOR...,0,207,34,37,0,0,0
1.4547,14971,Rest,HAZIRLANIYOR...,0,235,21,25,0,0,0
1.4547,14972,Rest,HAZIRLANIYOR...,0,263,8,12,0,0,0
1.4547,14973,Rest,HAZIRLANIYOR...,0,288,0,0,0,0,0
1.4547,14974,Rest,HAZIRLANIYOR...,0,310,0,0,0,0,0
1.4547,14975,Rest,HAZIRLANIYOR...,0,329,0,0,0,0,2
1.4547,14976,Rest,HAZIRLANIYOR...,0,343,0,0,0,0,1
1.4547,14977,Rest,HAZIRLANIYOR...,0,353,0,0,0,0,2
1.4547,14978,Rest,HAZIRLANIYOR...,0,360,0,0,0,1,3
1.4547,14979,Rest,HAZIRLANIYOR...,0,365,0,0,0,4,3
1.4547,14980,Rest,HAZIRLANIYOR...,0,367,0,0,37,4,3
1.4547,14981,Rest,HAZIRLANIYOR...,0,367,0,0,104,6,3
1.4548,14982,Rest,HAZIRLANIYOR...,0,366,0,0,167,10,3
1.4548,14983,Rest,HAZIRLANIYOR...,0,366,0,0,220,8,2
1.4548,14984,Rest,HAZIRLANIYOR...,0,368,0,0,267,1,0
1.4548,14985,Rest,HAZIRLANIYOR...,0,375,0,0,310,0,0
1.4699,14986,Rest,HAZIRLANIYOR...,0,383,0,0,344,4,1
1.4701,14987,Rest,HAZIRLANIYOR...,0,386,0,0,366,11,0
1.4702,14988,Rest,HAZIRLANIYOR...,0,378,0,0,372,13,0
1.4703,14989,Rest,HAZIRLANIYOR...,0,361,0,0,366,6,0
1.4703,14990,Rest,HAZIRLANIYOR...,0,341,0,0,350,0,0
1.4704,14991,Rest,HAZIRLANIYOR...,0,319,0,0,329,0,0
1.4704,14992,Rest,HAZIRLANIYOR...,0,295,0,0,311,8,0
1.4704,14993,Rest,HAZIRLANIYOR...,0,270,0,0,298,9,0
1.4704,14994,Rest,HAZIRLANIYOR...,0,242,0,8,268,2,0
1.4704,14995,Rest,HAZIRLANIYOR...,0,206,0,23,201,0,0
1.4705,14996,Rest,HAZIRLANIYOR...,0,165,0,35,113,0,0
1.4705,14997,Rest,HAZIRLANIYOR...,0,120,0,45,36,0,0
1.4705,14998,Rest,HAZIRLANIYOR...,0,69,0,53,0,0,0
1.4705,14999,Rest,HAZIRLANIYOR...,0,12,2,62,0,0,0
1.4705,15000,Rest,HAZIRLANIYOR...,0,0,23,69,0,0,0
1.4705,15001,Rest,HAZIRLANIYOR...,0,0,51,76,0,0,0
1.4705,15002,Rest,HAZIRLANIYOR...,0,0,81,80,0,0,0
1.4706,15003,Rest,HAZIRLANIYOR...,0,0,109,80,0,0,0
1.4706,15004,Rest,HAZIRLANIYOR...,0,0,130,77,0,3,3
1.4706,15005,Rest,HAZIRLANIYOR...,0,0,141,72,0,5,10
1.4706,15006,Rest,HAZIRLANIYOR...,0,0,144,65,0,0,5
1.4707,15007,Rest,HAZIRLANIYOR...,0,0,140,54,0,0,0
1.4707,15008,Rest,HAZIRLANIYOR...,0,0,133,39,0,0,0
1.4707,15009,Rest,HAZIRLANIYOR...,0,0,123,23,0,0,0
1.4707,15010,Rest,HAZIRLANIYOR...,0,0,109,7,0,1,0
1.4707,15011,Rest,HAZIRLANIYOR...,0,0,92,0,0,0,0
1.4708,15012,Rest,HAZIRLANIYOR...,0,0,74,0,0,0,0
1.4708,15013,Rest,HAZIRLANIYOR...,0,0,54,0,0,0,0
1.4708,15014,Rest,HAZIRLANIYOR...,0,0,35,0,0,3,0
1.4862,15015,Rest,HAZIRLANIYOR...,0,0,18,0,17,9,0
1.4863,15016,Rest,HAZIRLANIYOR...,0,0,3,0,87,12,0
1.4863,15017,Rest,HAZIRLANIYOR...,0,0,0,0,141,5,2
1.4863,15018,Rest,HAZIRLANIYOR...,0,0,0,0,192,0,1
1.4863,15019,Rest,HAZIRLANIYOR...,0,0,0,0,243,0,0
1.4863,15020,Rest,HAZIRLANIYOR...,0,0,0,0,290,0,0
1.4864,15021,Rest,HAZIRLANIYOR...,0,0,0,0,327,6,0
1.4864,15022,Rest,HAZIRLANIYOR...,0,0,0,0,350,7,5
1.4864,15023,Rest,HAZIRLANIYOR...,0,0,0,0,358,0,4
1.4864,15024,Rest,HAZIRLANIYOR...,0,0,0,0,354,0,0
1.4864,15025,Rest,HAZIRLANIYOR...,0,0,0,0,345,0,0
1.4864,15026,Rest,HAZIRLANIYOR...,0,20,0,0,334,2,0
1.4865,15027,Rest,HAZIRLANIYOR...,0,60,0,0,320,4,0
1.4865,15028,Rest,HAZIRLANIYOR...,0,97,0,12,307,0,0
1.4865,15029,Rest,HAZIRLANIYOR...,0,130,0,25,285,0,0
1.4865,15030,Rest,HAZIRLANIYOR...,0,161,0,41,241,0,0
1.4865,15031,Rest,HAZIRLANIYOR...,0,189,0,58,168,0,1
1.4866,15032,Rest,HAZIRLANIYOR...,0,211,0,72,83,0,4
1.4866,15033,Rest,HAZIRLANIYOR...,0,224,0,82,3,0,10
1.4866,15034,Rest,HAZIRLANIYOR...,0,226,5,89,0,0,12
1.4866,15035,Rest,HAZIRLANIYOR...,0,217,14,92,0,0,2
1.4867,15036,Rest,HAZIRLANIYOR...,0,200,20,93,0,0,0
1.4867,15037,Rest,HAZIRLANIYOR...,0,180,24,91,0,0,0
1.4867,15038,Rest,HAZIRLANIYOR...,0,157,25,88,0,0,6
1.4867,15039,Rest,HAZIRLANIYOR...,0,130,25,82,0,0,5
1.4867,15040,Rest,HAZIRLANIYOR...,0,97,24,75,0,0,0
1.4869,15041,Rest,HAZIRLANIYOR...,0,59,21,64,0,0,0
1.4869,15042,Rest,HAZIRLANIYOR...,0,18,15,50,0,0,0
1.5015,15043,Rest,HAZIRLANIYOR...,0,0,9,36,0,0,0
1.5015,15044,Rest,HAZIRLANIYOR...,0,0,4,21,0,0,1
1.5015,15045,Rest,HAZIRLANIYOR...,0,0,0,7,0,2,4
1.5015,15046,Rest,HAZIRLANIYOR...,0,0,0,0,0,10,1
1.5016,15047,Rest,HAZIRLANIYOR...,0,0,0,0,0,13,0
1.5016,15048,Rest,HAZIRLANIYOR...,0,0,0,0,0,5,0
1.5016,15049,Rest,HAZIRLANIYOR...,0,0,0,0,0,0,0
1.5016,15050,Rest,HAZIRLANIYOR...,0,0,0,0,0,0,0
1.5016,15051,Rest,HAZIRLANIYOR...,0,0,0,0,50,2,0
1.5016,15052,Rest,HAZIRLANIYOR...,0,0,0,0,114,5,0
1.5016,15053,Rest,HAZIRLANIYOR...,0,0,0,0,168,4,0
1.5016,15054,Rest,HAZIRLANIYOR...,0,0,0,0,218,3,0
1.5017,15055,Rest,HAZIRLANIYOR...,0,0,0,0,265,3,0
1.5017,15056,Rest,HAZIRLANIYOR...,0,0,0,0,308,4,0
1.5017,15057,Rest,HAZIRLANIYOR...,0,0,0,0,338,3,0
1.5017,15058,Rest,HAZIRLANIYOR...,0,0,0,0,356,1,0
1.5017,15059,Rest,HAZIRLANIYOR...,0,0,0,0,360,1,0
1.5017,15060,Rest,HAZIRLANIYOR...,0,0,6,0,352,0,4
1.5017,15061,Rest,HAZIRLANIYOR...,0,0,13,0,335,0,7
1.5017,15062,Rest,HAZIRLANIYOR...,0,0,20,0,317,0,2
1.5018,15063,Rest,HAZIRLANIYOR...,0,0,27,1,304,0,0
1.5018,15064,Rest,HAZIRLANIYOR...,0,0,35,15,290,4,0
1.5018,15065,Rest,HAZIRLANIYOR...,0,0,42,29,256,8,0
1.5018,15066,Rest,HAZIRLANIYOR...,0,0,50,42,193,7,1
1.5018,15067,Rest,HAZIRLANIYOR...,0,0,57,55,113,1,2
1.5018,15068,Rest,HAZIRLANIYOR...,0,0,63,66,31,0,0
1.5019,15069,Rest,HAZIRLANIYOR...,0,0,67,71,0,0,0
1.5175,15070,Rest,HAZIRLANIYOR...,0,0,70,74,0,0,0
1.5175,15071,Rest,HAZIRLANIYOR...,0,0,71,76,0,0,0
1.5176,15072,Rest,HAZIRLANIYOR...,0,5,69,78,0,0,0
1.5176,15073,Rest,HAZIRLANIYOR...,0,3,64,77,0,0,0
1.5176,15074,Rest,HAZIRLANIYOR...,0,0,58,71,0,0,0
1.5176,15075,Rest,HAZIRLANIYOR...,0,0,51,63,0,0,0
1.5176,15076,Rest,HAZIRLANIYOR...,0,0,44,53,0,0,2
1.5176,15077,Rest,HAZIRLANIYOR...,0,0,35,43,0,0,1
1.5176,15078,Rest,HAZIRLANIYOR...,0,0,23,31,0,0,1
1.5176,15079,Rest,HAZIRLANIYOR...,0,0,8,17,0,0,1
1.5177,15080,Rest,HAZIRLANIYOR...,0,0,0,3,0,0,2
1.5177,15081,Rest,HAZIRLANIYOR...,0,0,0,0,0,0,2
1.5178,15082,Rest,HAZIRLANIYOR...,0,0,0,0,0,2,1
1.5178,15083,Rest,HAZIRLANIYOR...,0,0,0,0,0,7,0
1.5178,15084,Rest,HAZIRLANIYOR...,0,0,0,0,0,11,1
1.5178,15085,Rest,HAZIRLANIYOR...,0,0,0,0,0,5,9
1.5178,15086,Rest,HAZIRLANIYOR...,0,0,0,0,3,0,15
1.5178,15087,Rest,HAZIRLANIYOR...,0,0,0,0,76,0,8
1.5178,15088,Rest,HAZIRLANIYOR...,0,0,0,0,135,0,0
1.5178,15089,Rest,HAZIRLANIYOR...,0,1,0,0,183,9,0
1.5178,15090,Rest,HAZIRLANIYOR...,0,36,0,0,228,12,0
1.5179,15091,Rest,HAZIRLANIYOR...,0,79,0,0,274,4,1
1.5179,15092,Rest,HAZIRLANIYOR...,0,129,0,0,312,0,0
1.5179,15093,Rest,HAZIRLANIYOR...,0,181,0,0,336,0,0
1.5179,15094,Rest,HAZIRLANIYOR...,0,232,0,0,345,0,0
1.5179,15095,Rest,HAZIRLANIYOR...,0,283,0,0,341,2,0
1.5179,15096,Rest,HAZIRLANIYOR...,0,331,0,0,328,5,1
1.5180,15097,Rest,HAZIRLANIYOR...,0,365,0,0,312,6,1
1.5327,15098,Rest,HAZIRLANIYOR...,0,382,0,0,298,2,0
1.5328,15099,Rest,HAZIRLANIYOR...,0,383,0,13,286,0,0
1.5329,15100,Rest,HAZIRLANIYOR...,0,373,8,26,262,0,0
1.5329,15101,Rest,HAZIRLANIYOR...,0,357,25,38,215,0,1
1.5329,15102,Rest,HAZIRLANIYOR...,0,339,40,49,145,0,4
1.5329,15103,Rest,HAZIRLANIYOR...,0,316,52,58,67,0,5
1.5329,15104,Rest,HAZIRLANIYOR...,0,284,63,66,0,0,2
1.5329,15105,Rest,HAZIRLANIYOR...,0,244,72,73,0,0,0
1.5330,15106,Rest,HAZIRLANIYOR...,0,201,80,76,0,0,0
1.5330,15107,Rest,HAZIRLANIYOR...,0,159,85,77,0,0,0
1.5330,15108,Rest,HAZIRLANIYOR...,0,122,88,75,0,0,0
1.5330,15109,Rest,HAZIRLANIYOR...,0,91,90,71,0,0,0
1.5330,15110,Rest,HAZIRLANIYOR...,0,61,91,64,0,0,0
1.5330,15111,Rest,HAZIRLANIYOR...,0,25,88,54,0,0,0
1.5330,15112,Rest,HAZIRLANIYOR...,0,0,82,42,0,1,0
1.5330,15113,Rest,HAZIRLANIYOR...,0,0,76,31,0,5,6
1.5330,15114,Rest,HAZIRLANIYOR...,0,0,68,18,0,8,12
1.5331,15115,Rest,HAZIRLANIYOR...,0,0,55,4,0,3,5
1.5331,15116,Rest,HAZIRLANIYOR...,0,0,39,0,0,0,0
1.5331,15117,Rest,HAZIRLANIYOR...,0,0,23,0,0,0,0
1.5331,15118,Rest,HAZIRLANIYOR...,0,0,4,0,0,0,0
1.5331,15119,Rest,HAZIRLANIYOR...,0,0,0,0,0,3,0
1.5331,15120,Rest,HAZIRLANIYOR...,0,0,0,0,0,3,0
1.5331,15121,Rest,HAZIRLANIYOR...,0,0,0,0,0,7,0
1.5331,15122,Rest,HAZIRLANIYOR...,0,0,0,0,50,10,0
1.5332,15123,Rest,HAZIRLANIYOR...,0,0,0,0,109,9,0
1.5488,15124,Rest,HAZIRLANIYOR...,0,0,0,0,159,6,9
1.5488,15125,Rest,HAZIRLANIYOR...,0,0,0,0,206,6,19
1.5489,15126,Rest,HAZIRLANIYOR...,0,0,0,0,252,2,14
1.5489,15127,Rest,HAZIRLANIYOR...,0,0,0,0,293,0,0
1.5489,15128,Rest,HAZIRLANIYOR...,0,0,0,0,322,0,0
1.5489,15129,Rest,HAZIRLANIYOR...,0,0,0,0,335,0,0
1.5489,15130,Rest,HAZIRLANIYOR...,0,0,0,0,336,3,0
1.5489,15131,Rest,HAZIRLANIYOR...,0,59,0,11,329,6,0
1.5489,15132,Rest,HAZIRLANIYOR...,0,126,0,30,317,13,0
1.5490,15133,Rest,HAZIRLANIYOR...,0,186,2,49,302,13,0
1.5490,15134,Rest,HAZIRLANIYOR...,0,235,24,65,291,0,0
1.5490,15135,Rest,HAZIRLANIYOR...,0,275,44,76,276,0,0
1.5490,15136,Rest,HAZIRLANIYOR...,0,311,60,85,243,0,0
1.5490,15137,Rest,HAZIRLANIYOR...,0,339,71,93,183,0,0
1.5490,15138,Rest,HAZIRLANIYOR...,0,353,81,100,107,0,0
1.5490,15139,Rest,HAZIRLANIYOR...,0,352,88,105,31,0,0
1.5491,15140,Rest,HAZIRLANIYOR...,0,339,91,108,0,0,6
1.5491,15141,Rest,HAZIRLANIYOR...,0,317,92,108,0,0,11
1.5491,15142,Rest,HAZIRLANIYOR...,0,286,91,106,0,0,6
1.5491,15143,Rest,HAZIRLANIYOR...,0,250,87,99,0,0,0
1.5491,15144,Rest,HAZIRLANIYOR...,0,213,79,88,0,0,2
1.5491,15145,Rest,HAZIRLANIYOR...,0,179,68,75,0,0,0
1.5492,15146,Rest,HAZIRLANIYOR...,0,149,56,62,0,0,0
1.5492,15147,Rest,HAZIRLANIYOR...,0,121,43,47,0,0,0
1.5492,15148,Rest,HAZIRLANIYOR...,0,97,30,32,0,6,0
1.5492,15149,Rest,HAZIRLANIYOR...,0,75,16,16,0,8,0
1.5492,15150,Rest,HAZIRLANIYOR...,0,55,3,0,0,2,0
1.5492,15151,Rest,HAZIRLANIYOR...,0,35,0,0,0,0,0
1.5493,15152,Rest,HAZIRLANIYOR...,0,14,0,0,0,0,2
1.5494,15153,Rest,HAZIRLANIYOR...,0,0,0,0,0,0,7
1.5648,15154,Rest,HAZIRLANIYOR...,0,0,0,0,0,1,2
1.5650,15155,Rest,HAZIRLANIYOR...,0,0,0,0,0,1,0
1.5650,15156,Rest,HAZIRLANIYOR...,0,0,0,0,0,1,0
1.5650,15157,Rest,HAZIRLANIYOR...,0,0,0,0,17,3,0
1.5650,15158,Rest,HAZIRLANIYOR...,0,0,0,0,83,5,0
1.5650,15159,Rest,HAZIRLANIYOR...,0,0,0,0,136,9,0
1.5650,15160,Rest,HAZIRLANIYOR...,0,0,0,0,184,11,0
1.5651,15161,Rest,HAZIRLANIYOR...,0,0,0,0,230,5,0
1.5651,15162,Rest,HAZIRLANIYOR...,0,0,0,0,269,0,0
1.5651,15163,Rest,HAZIRLANIYOR...,0,0,0,0,298,0,0
1.5651,15164,Rest,HAZIRLANIYOR...,0,0,0,0,315,0,0
1.5651,15165,Rest,HAZIRLANIYOR...,0,0,0,0,325,2,2
1.5651,15166,Rest,HAZIRLANIYOR...,0,0,0,0,326,0,7
1.5651,15167,Rest,HAZIRLANIYOR...,0,0,0,0,314,0,10
1.5651,15168,Rest,HAZIRLANIYOR...,0,0,0,0,294,0,4
1.5651,15169,Rest,HAZIRLANIYOR...,0,0,0,0,279,0,0
1.5652,15170,Rest,HAZIRLANIYOR...,0,10,0,0,269,0,0
1.5652,15171,Rest,HAZIRLANIYOR...,0,37,0,0,249,0,0
1.5652,15172,Rest,HAZIRLANIYOR...,0,63,7,10,202,0,1
1.5652,15173,Rest,HAZIRLANIYOR...,0,84,21,30,131,0,0
1.5652,15174,Rest,HAZIRLANIYOR...,0,95,34,46,55,0,0
1.5652,15175,Rest,HAZIRLANIYOR...,0,96,46,59,0,0,0
1.5652,15176,Rest,HAZIRLANIYOR...,0,88,56,69,0,0,0
1.5653,15177,Rest,HAZIRLANIYOR...,0,73,65,76,0,0,0
1.5653,15178,Rest,HAZIRLANIYOR...,0,52,69,78,0,0,0
1.5653,15179,Rest,HAZIRLANIYOR...,0,25,69,79,0,0,3
1.5653,15180,Rest,HAZIRLANIYOR...,0,0,67,77,0,0,10
1.5654,15181,Rest,HAZIRLANIYOR...,0,0,64,75,0,0,12
1.5803,15182,Rest,HAZIRLANIYOR...,0,0,60,70,0,0,2
1.5804,15183,Rest,HAZIRLANIYOR...,0,0,54,64,0,0,0
1.5804,15184,Rest,HAZIRLANIYOR...,0,0,46,54,0,0,0
1.5804,15185,Rest,HAZIRLANIYOR...,0,0,35,41,0,0,10
1.5804,15186,Rest,HAZIRLANIYOR...,0,0,24,27,0,0,5
1.5804,15187,Rest,HAZIRLANIYOR...,0,0,16,14,0,0,0
1.5804,15188,Rest,HAZIRLANIYOR...,0,0,8,1,0,0,0
1.5805,15189,Rest,HAZIRLANIYOR...,0,0,0,0,0,0,5
1.5805,15190,Rest,HAZIRLANIYOR...,0,0,0,0,0,0,0
1.5805,15191,Rest,HAZIRLANIYOR...,0,0,0,0,0,4,0
1.5805,15192,Rest,HAZIRLANIYOR...,0,0,0,0,0,7,0
1.5805,15193,Rest,HAZIRLANIYOR...,0,0,0,0,59,7,0
1.5805,15194,Rest,HAZIRLANIYOR...,0,0,0,0,104,8,0
1.5805,15195,Rest,HAZIRLANIYOR...,0,0,0,0,149,13,0
1.5805,15196,Rest,HAZIRLANIYOR...,0,0,0,0,196,16,0
1.5805,15197,Rest,HAZIRLANIYOR...,0,0,0,0,238,10,0
1.5806,15198,Rest,HAZIRLANIYOR...,0,0,0,0,273,0,6
1.5806,15199,Rest,HAZIRLANIYOR...,0,0,0,0,298,0,11
1.5806,15200,Rest,HAZIRLANIYOR...,0,0,0,0,314,0,10
1.5806,15201,Rest,HAZIRLANIYOR...,0,6,0,0,322,0,3
1.5806,15202,Rest,HAZIRLANIYOR...,0,12,1,0,317,0,0
1.5806,15203,Rest,HAZIRLANIYOR...,0,18,9,0,295,0,0
1.5806,15204,Rest,HAZIRLANIYOR...,0,23,19,6,271,0,1
1.5806,15205,Rest,HAZIRLANIYOR...,0,28,29,24,266,0,1
1.5807,15206,Rest,HAZIRLANIYOR...,0,32,38,40,266,0,0
1.5807,15207,Rest,HAZIRLANIYOR...,0,32,47,53,234,0,0
1.5807,15208,Rest,HAZIRLANIYOR...,0,30,56,66,160,0,0
1.5965,15209,Rest,HAZIRLANIYOR...,0,23,64,79,73,0,0
1.5965,15210,Rest,HAZIRLANIYOR...,0,8,69,89,4,0,6
1.5965,15211,Rest,HAZIRLANIYOR...,0,0,72,96,0,0,9
1.5966,15212,Rest,HAZIRLANIYOR...,0,0,75,99,0,3,2
1.5966,15213,Rest,HAZIRLANIYOR...,0,0,76,99,0,6,0
1.5966,15214,Rest,HAZIRLANIYOR...,0,0,75,95,0,0,0
1.5967,15215,Rest,HAZIRLANIYOR...,0,0,74,88,0,0,0
1.5967,15216,Rest,HAZIRLANIYOR...,0,0,70,78,0,0,0
1.5967,15217,Rest,HAZIRLANIYOR...,0,0,63,67,0,0,0
1.5967,15218,Rest,HAZIRLANIYOR...,0,0,54,54,0,0,0
1.5967,15219,Rest,HAZIRLANIYOR...,0,0,44,40,0,0,0
1.5967,15220,Rest,HAZIRLANIYOR...,0,0,34,26,0,0,0
1.5967,15221,Rest,HAZIRLANIYOR...,0,0,25,12,0,0,0
1.5968,15222,Rest,HAZIRLANIYOR...,0,0,15,0,0,0,0
1.5968,15223,Rest,HAZIRLANIYOR...,0,0,4,0,0,0,1
1.5968,15224,Rest,HAZIRLANIYOR...,0,0,0,0,0,0,4
1.5968,15225,Rest,HAZIRLANIYOR...,0,0,0,0,0,0,2
1.5968,15226,Rest,HAZIRLANIYOR...,0,0,0,0,0,1,2
1.5968,15227,Rest,HAZIRLANIYOR...,0,0,0,0,0,3,7
1.5968,15228,Rest,HAZIRLANIYOR...,0,0,0,0,43,3,14
1.5969,15229,Rest,HAZIRLANIYOR...,0,0,0,0,100,3,9
1.5969,15230,Rest,HAZIRLANIYOR...,0,0,0,0,147,3,0
1.5969,15231,Rest,HAZIRLANIYOR...,0,0,0,0,187,4,0
1.5969,15232,Rest,HAZIRLANIYOR...,0,0,0,0,227,8,0
1.5969,15233,Rest,HAZIRLANIYOR...,0,0,0,0,267,11,0
1.5969,15234,Rest,HAZIRLANIYOR...,0,13,0,0,299,5,0
1.5970,15235,Rest,HAZIRLANIYOR...,0,52,0,0,315,0,0
1.5971,15236,Rest,HAZIRLANIYOR...,0,85,0,0,318,0,3
1.5971,15237,Rest,HAZIRLANIYOR...,0,116,0,0,311,0,5
1.6116,15238,Rest,HAZIRLANIYOR...,0,146,0,13,299,0,2
1.6117,15239,Rest,HAZIRLANIYOR...,0,179,0,27,286,0,0
1.6117,15240,Rest,HAZIRLANIYOR...,0,210,8,42,281,4,0
1.6117,15241,Rest,HAZIRLANIYOR...,0,233,20,56,274,8,0
1.6118,15242,Rest,HAZIRLANIYOR...,0,248,32,69,247,3,0
1.6118,15243,Rest,HAZIRLANIYOR...,0,257,45,80,193,0,1
1.6118,15244,Rest,HAZIRLANIYOR...,0,262,56,89,130,0,1
1.6118,15245,Rest,HAZIRLANIYOR...,0,264,66,96,64,0,0
1.6118,15246,Rest,HAZIRLANIYOR...,0,264,74,101,0,3,0
1.6118,15247,Rest,HAZIRLANIYOR...,0,262,79,102,0,3,0
1.6118,15248,Rest,HAZIRLANIYOR...,0,256,82,98,0,0,3
1.6119,15249,Rest,HAZIRLANIYOR...,0,247,82,91,0,0,4
1.6119,15250,Rest,HAZIRLANIYOR...,0,235,80,85,0,0,1
1.6119,15251,Rest,HAZIRLANIYOR...,0,217,75,78,0,0,1
1.6119,15252,Rest,HAZIRLANIYOR...,0,191,66,68,0,0,2
1.6119,15253,Rest,HAZIRLANIYOR...,0,160,54,53,0,0,1
1.6119,15254,Rest,HAZIRLANIYOR...,0,126,43,37,0,1,0
1.6119,15255,Rest,HAZIRLANIYOR...,0,93,32,20,0,4,0
1.6119,15256,Rest,HAZIRLANIYOR...,0,66,19,1,0,0,0
1.6120,15257,Rest,HAZIRLANIYOR...,0,43,2,0,0,0,3
1.6120,15258,Rest,HAZIRLANIYOR...,0,23,0,0,0,0,8
1.6120,15259,Rest,HAZIRLANIYOR...,0,4,0,0,0,0,9
1.6120,15260,Rest,HAZIRLANIYOR...,0,0,0,0,0,0,4
1.6120,15261,Rest,HAZIRLANIYOR...,0,0,0,0,0,0,0
1.6121,15262,Rest,HAZIRLANIYOR...,0,0,0,0,0,0,0
1.6121,15263,Rest,HAZIRLANIYOR...,0,2,0,0,0,0,0
1.6121,15264,Rest,HAZIRLANIYOR...,0,26,0,0,56,2,0
1.6268,15265,Rest,HAZIRLANIYOR...,0,60,0,0,108,2,2
1.6268,15266,Rest,HAZIRLANIYOR...,0,97,0,0,153,1,8
1.6268,15267,Rest,HAZIRLANIYOR...,0,131,0,0,194,0,11
1.6269,15268,Rest,HAZIRLANIYOR...,0,164,0,0,233,0,1
1.6269,15269,Rest,HAZIRLANIYOR...,0,197,0,0,268,2,0
1.6269,15270,Rest,HAZIRLANIYOR...,0,225,0,0,291,4,0
1.6269,15271,Rest,HAZIRLANIYOR...,0,244,0,0,300,5,0
1.6269,15272,Rest,HAZIRLANIYOR...,0,257,0,0,296,9,0
1.6269,15273,Rest,HAZIRLANIYOR...,0,268,0,0,286,11,0
1.6269,15274,Rest,HAZIRLANIYOR...,0,282,0,0,274,5,0
1.6270,15275,Rest,HAZIRLANIYOR...,0,300,0,0,263,0,0
1.6270,15276,Rest,HAZIRLANIYOR...,0,319,0,16,254,0,0
1.6270,15277,Rest,HAZIRLANIYOR...,0,334,0,38,237,0,0
1.6270,15278,Rest,HAZIRLANIYOR...,0,344,0,59,199,4,0
1.6270,15279,Rest,HAZIRLANIYOR...,0,347,11,79,140,5,0
1.6270,15280,Rest,HAZIRLANIYOR...,0,340,25,96,71,1,0
1.6271,15281,Rest,HAZIRLANIYOR...,0,323,35,108,4,0,0
1.6271,15282,Rest,HAZIRLANIYOR...,0,296,43,117,0,0,1
1.6271,15283,Rest,HAZIRLANIYOR...,0,268,49,122,0,4,2
1.6271,15284,Rest,HAZIRLANIYOR...,0,239,53,123,0,0,0
1.6271,15285,Rest,HAZIRLANIYOR...,0,208,53,121,0,0,0
1.6271,15286,Rest,HAZIRLANIYOR...,0,173,49,115,0,0,0
1.6271,15287,Rest,HAZIRLANIYOR...,0,140,44,104,0,0,0
1.6272,15288,Rest,HAZIRLANIYOR...,0,109,37,90,0,0,0
1.6272,15289,Rest,HAZIRLANIYOR...,0,75,29,75,0,0,0
1.6272,15290,Rest,HAZIRLANIYOR...,0,31,18,57,0,0,0
1.6273,15291,Rest,HAZIRLANIYOR...,0,0,8,39,0,0,0
1.6424,15292,Rest,HAZIRLANIYOR...,0,0,0,22,0,0,0
1.6424,15293,Rest,HAZIRLANIYOR...,0,0,0,7,0,0,0
1.6424,15294,Rest,HAZIRLANIYOR...,0,0,0,0,0,0,5
1.6425,15295,Rest,HAZIRLANIYOR...,0,0,0,0,0,0,12
1.6425,15296,Rest,HAZIRLANIYOR...,0,0,0,0,0,3,10
1.6425,15297,Rest,HAZIRLANIYOR...,0,0,0,0,0,9,0
1.6425,15298,Rest,HAZIRLANIYOR...,0,0,0,0,0,13,0
1.6425,15299,Rest,HAZIRLANIYOR...,0,0,0,0,44,8,0
1.6425,15300,Rest,HAZIRLANIYOR...,0,0,0,0,98,3,0
1.6425,15301,Rest,HAZIRLANIYOR...,0,0,0,0,141,4,0
1.6426,15302,Rest,HAZIRLANIYOR...,0,0,0,0,180,2,0
1.6426,15303,Rest,HAZIRLANIYOR...,0,0,0,0,219,0,0
1.6426,15304,Rest,HAZIRLANIYOR...,0,0,0,0,255,0,0
1.6426,15305,Rest,HAZIRLANIYOR...,0,0,0,0,282,0,0
1.6426,15306,Rest,HAZIRLANIYOR...,0,0,0,0,297,0,0
1.6426,15307,Rest,HAZIRLANIYOR...,0,0,0,0,299,0,0
1.6427,15308,Rest,HAZIRLANIYOR...,0,0,0,0,290,1,0
1.6427,15309,Rest,HAZIRLANIYOR...,0,0,0,0,274,3,0
1.6427,15310,Rest,HAZIRLANIYOR...,0,0,0,0,259,0,0
1.6427,15311,Rest,HAZIRLANIYOR...,0,0,0,0,250,0,0
1.6427,15312,Rest,HAZIRLANIYOR...,0,0,1,0,239,0,0
1.6428,15313,Rest,HAZIRLANIYOR...,0,0,19,13,214,0,0
1.6428,15314,Rest,HAZIRLANIYOR...,0,0,36,31,166,0,0
1.6428,15315,Rest,HAZIRLANIYOR...,0,0,51,49,101,0,2
1.6428,15316,Rest,HAZIRLANIYOR...,0,0,66,61,30,0,3
1.6428,15317,Rest,HAZIRLANIYOR...,0,0,78,69,0,0,0
1.6429,15318,Rest,HAZIRLANIYOR...,0,0,88,73,0,0,0
1.6429,15319,Rest,HAZIRLANIYOR...,0,0,93,76,0,0,0
1.6584,15320,Rest,HAZIRLANIYOR...,0,0,97,76,0,0,0
1.6585,15321,Rest,HAZIRLANIYOR...,0,0,100,71,0,0,0
1.6585,15322,Rest,HAZIRLANIYOR...,0,13,100,62,0,0,0
1.6585,15323,Rest,HAZIRLANIYOR...,0,24,96,51,0,0,4
1.6586,15324,Rest,HAZIRLANIYOR...,0,34,91,39,0,0,4
1.6586,15325,Rest,HAZIRLANIYOR...,0,43,85,27,0,4,1
1.6586,15326,Rest,HAZIRLANIYOR...,0,49,78,14,0,6,0
1.6586,15327,Rest,HAZIRLANIYOR...,0,53,70,2,0,0,1
1.6586,15328,Rest,HAZIRLANIYOR...,0,54,63,0,0,0,3
1.6586,15329,Rest,HAZIRLANIYOR...,0,55,57,0,0,0,4
1.6586,15330,Rest,HAZIRLANIYOR...,0,58,49,0,0,0,3
1.6586,15331,Rest,HAZIRLANIYOR...,0,61,38,0,0,2,2
1.6587,15332,Rest,HAZIRLANIYOR...,0,59,27,0,0,2,1
1.6587,15333,Rest,HAZIRLANIYOR...,0,51,17,0,0,2,1
1.6587,15334,Rest,HAZIRLANIYOR...,0,41,7,0,18,3,1
1.6587,15335,Rest,HAZIRLANIYOR...,0,33,0,0,64,4,0
1.6587,15336,Rest,HAZIRLANIYOR...,0,29,0,0,107,4,1
1.6587,15337,Rest,HAZIRLANIYOR...,0,27,0,0,151,3,5
1.6587,15338,Rest,HAZIRLANIYOR...,0,27,0,0,196,2,8
1.6588,15339,Rest,HAZIRLANIYOR...,0,33,0,0,239,1,4
1.6588,15340,Rest,HAZIRLANIYOR...,0,44,0,0,272,2,0
1.6588,15341,Rest,HAZIRLANIYOR...,0,53,0,0,292,2,0
1.6588,15342,Rest,HAZIRLANIYOR...,0,56,0,0,299,1,0
1.6588,15343,Rest,HAZIRLANIYOR...,0,58,0,0,295,1,0
1.6588,15344,Rest,HAZIRLANIYOR...,0,63,0,0,281,1,0
1.6588,15345,Rest,HAZIRLANIYOR...,0,69,1,0,263,1,0
1.6588,15346,Rest,HAZIRLANIYOR...,0,72,8,16,249,0,0
1.6589,15347,Rest,HAZIRLANIYOR...,0,72,16,33,241,0,0
1.6745,15348,Rest,HAZIRLANIYOR...,0,73,22,45,226,0,0
1.6746,15349,Rest,HAZIRLANIYOR...,0,74,27,57,193,0,0
1.6746,15350,Rest,HAZIRLANIYOR...,0,76,32,69,136,0,1
1.6747,15351,Rest,HAZIRLANIYOR...,0,78,37,80,61,0,7
1.6747,15352,Rest,HAZIRLANIYOR...,0,79,41,90,0,0,7
1.6747,15353,Rest,HAZIRLANIYOR...,0,80,44,97,0,0,0
1.6747,15354,Rest,HAZIRLANIYOR...,0,72,46,100,0,0,0
1.6747,15355,Rest,HAZIRLANIYOR...,0,48,46,100,0,0,0
1.6747,15356,Rest,HAZIRLANIYOR...,0,13,47,98,0,0,0
1.6747,15357,Rest,HAZIRLANIYOR...,0,0,48,96,0,0,0
1.6748,15358,Rest,HAZIRLANIYOR...,0,0,47,93,0,0,0
1.6748,15359,Rest,HAZIRLANIYOR...,0,0,45,86,0,0,0
1.6748,15360,Rest,HAZIRLANIYOR...,0,0,40,76,0,0,0
1.6749,15361,Rest,HAZIRLANIYOR...,0,0,31,62,0,0,3
1.6749,15362,Rest,HAZIRLANIYOR...,0,0,20,46,0,2,6
1.6749,15363,Rest,HAZIRLANIYOR...,0,0,9,30,0,7,11
1.6749,15364,Rest,HAZIRLANIYOR...,0,0,0,15,0,11,9
1.6749,15365,Rest,HAZIRLANIYOR...,0,0,0,0,0,5,0
1.6749,15366,Rest,HAZIRLANIYOR...,0,0,0,0,0,0,0
1.6750,15367,Rest,HAZIRLANIYOR...,0,0,0,0,0,0,0
1.6750,15368,Rest,HAZIRLANIYOR...,0,0,0,0,0,0,0
1.6750,15369,Rest,HAZIRLANIYOR...,0,0,0,0,0,3,0
1.6750,15370,Rest,HAZIRLANIYOR...,0,0,0,0,51,4,0
1.6750,15371,Rest,HAZIRLANIYOR...,0,0,0,0,104,1,6
1.6750,15372,Rest,HAZIRLANIYOR...,0,39,0,0,148,0,2
1.6750,15373,Rest,HAZIRLANIYOR...,0,100,0,0,187,0,0
1.6750,15374,Rest,HAZIRLANIYOR...,0,160,0,0,222,6,0
1.6751,15375,Rest,HAZIRLANIYOR...,0,217,0,0,252,11,7
1.6752,15376,Rest,HAZIRLANIYOR...,0,270,0,0,275,5,5
1.6898,15377,Rest,HAZIRLANIYOR...,0,320,0,0,288,0,0
1.6899,15378,Rest,HAZIRLANIYOR...,0,366,0,0,289,0,0
1.6899,15379,Rest,HAZIRLANIYOR...,0,404,0,0,277,0,0
1.6900,15380,Rest,HAZIRLANIYOR...,0,431,0,0,259,0,0
1.6900,15381,Rest,HAZIRLANIYOR...,0,453,0,0,244,0,0
1.6900,15382,Rest,HAZIRLANIYOR...,0,477,0,0,234,0,0
1.6900,15383,Rest,HAZIRLANIYOR...,0,502,0,0,224,0,0
1.6901,15384,Rest,HAZIRLANIYOR...,0,519,0,8,199,0,0
1.6901,15385,Rest,HAZIRLANIYOR...,0,522,3,25,150,0,0
1.6905,15386,Rest,HAZIRLANIYOR...,0,513,19,42,85,0,0
1.6906,15387,Rest,HAZIRLANIYOR...,0,496,34,55,18,0,0
1.6906,15388,Rest,HAZIRLANIYOR...,0,469,47,65,0,0,0
1.6906,15389,Rest,HAZIRLANIYOR...,0,430,57,75,0,0,0
1.6906,15390,Rest,HAZIRLANIYOR...,0,381,64,81,0,0,0
1.6906,15391,Rest,HAZIRLANIYOR...,0,334,70,84,0,0,0
1.6907,15392,Rest,HAZIRLANIYOR...,0,295,73,85,0,0,1
1.6907,15393,Rest,HAZIRLANIYOR...,0,261,74,84,0,0,1
1.6907,15394,Rest,HAZIRLANIYOR...,0,226,73,80,0,0,0
1.6907,15395,Rest,HAZIRLANIYOR...,0,186,72,72,0,0,0
1.6907,15396,Rest,HAZIRLANIYOR...,0,145,69,61,0,1,1
1.6907,15397,Rest,HAZIRLANIYOR...,0,102,62,49,0,2,1
1.6907,15398,Rest,HAZIRLANIYOR...,0,59,52,38,0,2,2
1.6908,15399,Rest,HAZIRLANIYOR...,0,13,42,25,0,1,0
1.6908,15400,Rest,HAZIRLANIYOR...,0,0,31,9,0,0,0
1.6908,15401,Rest,HAZIRLANIYOR...,0,0,20,0,0,0,0
1.6909,15402,Rest,HAZIRLANIYOR...,0,0,8,0,0,0,0
1.6910,15403,Rest,HAZIRLANIYOR...,0,0,0,0,0,2,1
1.6911,15404,Rest,HAZIRLANIYOR...,0,0,0,0,0,2,2
1.7059,15405,Rest,HAZIRLANIYOR...,0,0,0,0,24,1,2
1.7060,15406,Rest,HAZIRLANIYOR...,0,0,0,0,80,0,1
1.7060,15407,Rest,HAZIRLANIYOR...,0,0,0,0,125,0,0
1.7060,15408,Rest,HAZIRLANIYOR...,0,0,0,0,158,3,0
1.7060,15409,Rest,HAZIRLANIYOR...,0,0,0,0,189,5,4
1.7061,15410,Rest,HAZIRLANIYOR...,0,0,0,0,222,5,11
1.7061,15411,Rest,HAZIRLANIYOR...,0,0,0,0,249,4,5
1.7061,15412,Rest,HAZIRLANIYOR...,0,0,0,0,263,4,0
1.7061,15413,Rest,HAZIRLANIYOR...,0,0,0,0,267,8,0
1.7061,15414,Rest,HAZIRLANIYOR...,0,0,0,0,263,11,1
1.7061,15415,Rest,HAZIRLANIYOR...,0,0,0,0,251,5,5
1.7062,15416,Rest,HAZIRLANIYOR...,0,0,0,0,238,0,8
1.7062,15417,Rest,HAZIRLANIYOR...,0,0,0,0,233,0,11
1.7062,15418,Rest,HAZIRLANIYOR...,0,0,0,0,230,0,6
1.7062,15419,Rest,HAZIRLANIYOR...,0,0,0,0,203,0,0
1.7062,15420,Rest,HAZIRLANIYOR...,0,0,9,11,152,0,0
1.7062,15421,Rest,HAZIRLANIYOR...,0,0,20,24,93,0,0
1.7062,15422,Rest,HAZIRLANIYOR...,0,0,32,33,35,0,0
1.7062,15423,Rest,HAZIRLANIYOR...,0,0,43,40,0,0,1
1.7062,15424,Rest,HAZIRLANIYOR...,0,0,52,48,0,0,1
1.7063,15425,Rest,HAZIRLANIYOR...,0,0,59,56,0,0,0
1.7063,15426,Rest,HAZIRLANIYOR...,0,0,65,62,0,0,0
1.7063,15427,Rest,HAZIRLANIYOR...,0,0,68,64,0,1,0
1.7063,15428,Rest,HAZIRLANIYOR...,0,0,72,66,0,1,1
1.7063,15429,Rest,HAZIRLANIYOR...,0,0,75,67,0,0,2
1.7063,15430,Rest,HAZIRLANIYOR...,0,0,73,64,0,0,1
1.7065,15431,Rest,HAZIRLANIYOR...,0,0,68,61,0,0,0
1.7209,15432,Rest,HAZIRLANIYOR...,0,0,62,56,0,0,0
1.7209,15433,Rest,HAZIRLANIYOR...,0,0,54,49,0,0,0
1.7210,15434,Rest,HAZIRLANIYOR...,0,0,44,38,0,0,0
1.7210,15435,Rest,HAZIRLANIYOR...,0,0,32,24,0,0,0
1.7210,15436,Rest,HAZIRLANIYOR...,0,0,21,8,0,1,1
1.7210,15437,Rest,HAZIRLANIYOR...,0,24,7,0,0,2,2
1.7210,15438,Rest,HAZIRLANIYOR...,0,70,0,0,0,7,3
1.7210,15439,Rest,HAZIRLANIYOR...,0,113,0,0,0,10,2
1.7211,15440,Rest,HAZIRLANIYOR...,0,154,0,0,0,8,2
1.7211,15441,Rest,HAZIRLANIYOR...,0,194,0,0,53,2,2
1.7211,15442,Rest,HAZIRLANIYOR...,0,230,0,0,103,0,1
1.7211,15443,Rest,HAZIRLANIYOR...,0,255,0,0,148,0,0
1.7211,15444,Rest,HAZIRLANIYOR...,0,264,0,0,187,0,0
1.7212,15445,Rest,HAZIRLANIYOR...,0,260,0,0,213,0,1
1.7212,15446,Rest,HAZIRLANIYOR...,0,247,0,0,230,0,1
1.7212,15447,Rest,HAZIRLANIYOR...,0,234,0,0,246,0,0
1.7212,15448,Rest,HAZIRLANIYOR...,0,221,0,0,257,1,0
1.7212,15449,Rest,HAZIRLANIYOR...,0,210,0,0,257,2,0
1.7212,15450,Rest,HAZIRLANIYOR...,0,205,0,0,245,0,0
1.7213,15451,Rest,HAZIRLANIYOR...,0,209,0,0,226,0,0
1.7213,15452,Rest,HAZIRLANIYOR...,0,221,0,0,207,0,0
1.7213,15453,Rest,HAZIRLANIYOR...,0,241,8,2,203,0,0
1.7213,15454,Rest,HAZIRLANIYOR...,0,270,22,16,208,0,0
1.7213,15455,Rest,HAZIRLANIYOR...,0,299,35,32,189,0,0
1.7213,15456,Rest,HAZIRLANIYOR...,0,319,48,47,138,0,0
1.7213,15457,Rest,HAZIRLANIYOR...,0,330,59,58,73,0,0
1.7214,15458,Rest,HAZIRLANIYOR...,0,339,68,68,8,0,0
1.7363,15459,Rest,HAZIRLANIYOR...,0,350,77,77,0,0,0
1.7364,15460,Rest,HAZIRLANIYOR...,0,365,85,84,0,0,7
1.7364,15461,Rest,HAZIRLANIYOR...,0,380,88,88,0,0,10
1.7365,15462,Rest,HAZIRLANIYOR...,0,389,88,88,0,0,4
1.7365,15463,Rest,HAZIRLANIYOR...,0,384,87,87,0,0,0
1.7365,15464,Rest,HAZIRLANIYOR...,0,367,84,82,0,0,0
1.7365,15465,Rest,HAZIRLANIYOR...,0,342,78,72,0,0,0
1.7365,15466,Rest,HAZIRLANIYOR...,0,318,69,60,0,4,0
1.7365,15467,Rest,HAZIRLANIYOR...,0,292,58,48,0,8,0
1.7365,15468,Rest,HAZIRLANIYOR...,0,261,47,36,0,5,0
1.7365,15469,Rest,HAZIRLANIYOR...,0,230,34,21,0,0,0
1.7365,15470,Rest,HAZIRLANIYOR...,0,208,22,5,0,0,1
1.7366,15471,Rest,HAZIRLANIYOR...,0,197,9,0,0,0,0
1.7366,15472,Rest,HAZIRLANIYOR...,0,187,0,0,0,0,0
1.7366,15473,Rest,HAZIRLANIYOR...,0,168,0,0,0,0,0
1.7366,15474,Rest,HAZIRLANIYOR...,0,138,0,0,0,2,0
1.7366,15475,Rest,HAZIRLANIYOR...,0,104,0,0,0,10,3
1.7366,15476,Rest,HAZIRLANIYOR...,0,67,0,0,22,10,3
1.7366,15477,Rest,HAZIRLANIYOR...,0,27,0,0,74,0,0
1.7366,15478,Rest,HAZIRLANIYOR...,0,0,0,0,117,0,0
1.7367,15479,Rest,HAZIRLANIYOR...,0,0,0,0,149,0,1
1.7367,15480,Rest,HAZIRLANIYOR...,0,0,0,0,175,0,2
1.7367,15481,Rest,HAZIRLANIYOR...,0,0,0,0,203,0,0
1.7367,15482,Rest,HAZIRLANIYOR...,0,0,0,0,228,0,0
1.7367,15483,Rest,HAZIRLANIYOR...,0,0,0,0,244,0,0
1.7367,15484,Rest,HAZIRLANIYOR...,0,0,0,0,247,0,11
1.7368,15485,Rest,HAZIRLANIYOR...,0,0,0,0,242,0,16
1.7522,15486,Rest,HAZIRLANIYOR...,0,0,0,0,229,0,12
1.7523,15487,Rest,HAZIRLANIYOR...,0,0,0,0,214,5,3
1.7523,15488,Rest,HAZIRLANIYOR...,0,0,0,1,203,7,0
1.7523,15489,Rest,HAZIRLANIYOR...,0,0,0,14,197,0,0
1.7523,15490,Rest,HAZIRLANIYOR...,0,0,0,29,184,0,0
1.7523,15491,Rest,HAZIRLANIYOR...,0,0,1,44,150,0,0
1.7523,15492,Rest,HAZIRLANIYOR...,0,0,14,58,97,0,0
1.7523,15493,Rest,HAZIRLANIYOR...,0,0,26,69,38,0,0
1.7524,15494,Rest,HAZIRLANIYOR...,0,0,39,77,0,0,0
1.7524,15495,Rest,HAZIRLANIYOR...,0,0,51,83,0,0,0
1.7524,15496,Rest,HAZIRLANIYOR...,0,0,61,88,0,0,0
1.7524,15497,Rest,HAZIRLANIYOR...,0,0,67,91,0,0,0
1.7524,15498,Rest,HAZIRLANIYOR...,0,0,71,91,0,0,0
1.7524,15499,Rest,HAZIRLANIYOR...,0,0,73,88,0,0,0
1.7524,15500,Rest,HAZIRLANIYOR...,0,0,72,82,0,0,0
1.7524,15501,Rest,HAZIRLANIYOR...,0,0,66,74,0,0,0
1.7524,15502,Rest,HAZIRLANIYOR...,0,0,59,64,0,0,1
1.7524,15503,Rest,HAZIRLANIYOR...,0,0,50,51,0,0,2
1.7524,15504,Rest,HAZIRLANIYOR...,0,0,41,37,0,0,2
1.7524,15505,Rest,HAZIRLANIYOR...,0,0,31,23,0,1,2
1.7524,15506,Rest,HAZIRLANIYOR...,0,0,19,10,0,0,2
1.7525,15507,Rest,HAZIRLANIYOR...,0,0,6,0,0,0,2
1.7525,15508,Rest,HAZIRLANIYOR...,0,0,0,0,0,1,2
1.7525,15509,Rest,HAZIRLANIYOR...,0,0,0,0,0,2,2
1.7525,15510,Rest,HAZIRLANIYOR...,0,0,0,0,0,2,2
1.7525,15511,Rest,HAZIRLANIYOR...,0,0,0,0,0,2,2
1.7525,15512,Rest,HAZIRLANIYOR...,0,0,0,0,44,2,1
1.7525,15513,Rest,HAZIRLANIYOR...,0,0,0,0,87,2,0
1.7684,15514,Rest,HAZIRLANIYOR...,0,0,0,0,122,1,0
1.7686,15515,Rest,HAZIRLANIYOR...,0,0,0,0,154,1,0
1.7686,15516,Rest,HAZIRLANIYOR...,0,0,0,0,186,2,1
1.7686,15517,Rest,HAZIRLANIYOR...,0,0,0,0,213,2,2
1.7686,15518,Rest,HAZIRLANIYOR...,0,0,0,0,231,1,1
1.7686,15519,Rest,HAZIRLANIYOR...,0,0,0,0,241,0,1
1.7686,15520,Rest,HAZIRLANIYOR...,0,0,0,0,244,0,0
1.7687,15521,Rest,HAZIRLANIYOR...,0,0,0,0,240,0,0
1.7687,15522,Rest,HAZIRLANIYOR...,0,0,0,0,228,0,0
1.7687,15523,Rest,HAZIRLANIYOR...,0,0,0,0,209,0,0
1.7687,15524,Rest,HAZIRLANIYOR...,0,0,0,0,193,1,2
1.7688,15525,Rest,HAZIRLANIYOR...,0,0,6,12,184,1,1
1.7688,15526,Rest,HAZIRLANIYOR...,0,11,18,25,164,6,0
1.7688,15527,Rest,HAZIRLANIYOR...,0,42,29,36,118,13,0
1.7688,15528,Rest,HAZIRLANIYOR...,0,58,39,46,51,12,0
1.7688,15529,Rest,HAZIRLANIYOR...,0,62,48,58,0,0,5
1.7688,15530,Rest,HAZIRLANIYOR...,0,63,55,68,0,0,11
1.7689,15531,Rest,HAZIRLANIYOR...,0,67,57,73,0,0,7
1.7689,15532,Rest,HAZIRLANIYOR...,0,71,57,73,0,0,1
1.7689,15533,Rest,HAZIRLANIYOR...,0,75,55,72,0,0,0
1.7689,15534,Rest,HAZIRLANIYOR...,0,79,52,69,0,0,0
1.7689,15535,Rest,HAZIRLANIYOR...,0,84,48,65,0,0,0
1.7689,15536,Rest,HAZIRLANIYOR...,0,90,42,57,0,0,0
1.7689,15537,Rest,HAZIRLANIYOR...,0,95,32,47,0,0,0
1.7689,15538,Rest,HAZIRLANIYOR...,0,103,22,35,0,2,0
1.7690,15539,Rest,HAZIRLANIYOR...,0,117,12,23,0,5,0
1.7690,15540,Rest,HAZIRLANIYOR...,0,132,4,12,0,1,0
1.7690,15541,Rest,HAZIRLANIYOR...,0,141,0,2,0,0,1
1.7691,15542,Rest,HAZIRLANIYOR...,0,145,0,0,0,0,2
1.7836,15543,Rest,HAZIRLANIYOR...,0,147,0,0,0,0,0
1.7837,15544,Rest,HAZIRLANIYOR...,0,156,0,0,0,0,0
1.7837,15545,Rest,HAZIRLANIYOR...,0,171,0,0,0,1,2
1.7837,15546,Rest,HAZIRLANIYOR...,0,186,0,0,0,1,8
1.7837,15547,Rest,HAZIRLANIYOR...,0,195,0,0,18,1,9
1.7837,15548,Rest,HAZIRLANIYOR...,0,198,0,0,66,0,0
1.7838,15549,Rest,HAZIRLANIYOR...,0,200,0,0,108,0,0
1.7838,15550,Rest,HAZIRLANIYOR...,0,193,0,0,149,0,0
1.7838,15551,Rest,HAZIRLANIYOR...,0,167,0,0,185,2,2
1.7838,15552,Rest,HAZIRLANIYOR...,0,130,0,0,209,3,5
1.7838,15553,Rest,HAZIRLANIYOR...,0,100,0,0,222,1,3
1.7838,15554,Rest,HAZIRLANIYOR...,0,77,0,0,231,0,6
1.7838,15555,Rest,HAZIRLANIYOR...,0,59,0,0,238,0,10
1.7839,15556,Rest,HAZIRLANIYOR...,0,49,0,0,236,0,4
1.7839,15557,Rest,HAZIRLANIYOR...,0,46,0,0,224,0,0
1.7840,15558,Rest,HAZIRLANIYOR...,0,49,0,0,211,0,0
1.7840,15559,Rest,HAZIRLANIYOR...,0,58,0,0,204,2,0
1.7840,15560,Rest,HAZIRLANIYOR...,0,76,0,0,201,5,0
1.7840,15561,Rest,HAZIRLANIYOR...,0,102,0,6,189,3,0
1.7840,15562,Rest,HAZIRLANIYOR...,0,130,6,24,156,0,0
1.7840,15563,Rest,HAZIRLANIYOR...,0,156,19,41,103,5,0
1.7841,15564,Rest,HAZIRLANIYOR...,0,180,35,57,42,14,0
1.7841,15565,Rest,HAZIRLANIYOR...,0,203,53,73,0,11,0
1.7841,15566,Rest,HAZIRLANIYOR...,0,220,70,84,0,0,0
1.7841,15567,Rest,HAZIRLANIYOR...,0,224,84,90,0,0,1
1.7841,15568,Rest,HAZIRLANIYOR...,0,212,94,92,0,0,0
1.7842,15569,Rest,HAZIRLANIYOR...,0,185,101,92,0,0,0
1.7987,15570,Rest,HAZIRLANIYOR...,0,141,104,90,0,0,0
1.7988,15571,Rest,HAZIRLANIYOR...,0,83,102,85,0,0,0
1.7988,15572,Rest,HAZIRLANIYOR...,0,17,99,79,0,0,1
1.7989,15573,Rest,HAZIRLANIYOR...,0,0,94,69,0,0,0
1.7989,15574,Rest,HAZIRLANIYOR...,0,0,84,54,0,0,0
1.7989,15575,Rest,HAZIRLANIYOR...,0,0,68,35,0,0,0
1.7989,15576,Rest,HAZIRLANIYOR...,0,0,50,16,0,0,0
1.7989,15577,Rest,HAZIRLANIYOR...,0,0,33,0,0,0,1
1.7989,15578,Rest,HAZIRLANIYOR...,0,0,15,0,0,0,2
1.7990,15579,Rest,HAZIRLANIYOR...,0,0,0,0,0,0,0
1.7990,15580,Rest,HAZIRLANIYOR...,0,0,0,0,0,3,0
1.7990,15581,Rest,HAZIRLANIYOR...,0,0,0,0,0,4,0
1.7990,15582,Rest,HAZIRLANIYOR...,0,0,0,0,0,2,1
1.7990,15583,Rest,HAZIRLANIYOR...,0,0,0,0,34,0,1
1.7990,15584,Rest,HAZIRLANIYOR...,0,0,0,0,80,1,1
1.7990,15585,Rest,HAZIRLANIYOR...,0,0,0,0,117,2,1
1.7991,15586,Rest,HAZIRLANIYOR...,0,0,0,0,151,2,1
1.7991,15587,Rest,HAZIRLANIYOR...,0,0,0,0,187,1,1
1.7991,15588,Rest,HAZIRLANIYOR...,0,0,0,0,221,1,1
1.7991,15589,Rest,HAZIRLANIYOR...,0,0,0,0,249,1,1
1.7991,15590,Rest,HAZIRLANIYOR...,0,0,0,0,266,1,2
1.7991,15591,Rest,HAZIRLANIYOR...,0,0,0,0,266,2,2
1.7991,15592,Rest,HAZIRLANIYOR...,0,0,0,0,247,8,1
1.7991,15593,Rest,HAZIRLANIYOR...,0,0,0,0,226,15,1
1.7992,15594,Rest,HAZIRLANIYOR...,0,0,0,9,218,12,1
1.7992,15595,Rest,HAZIRLANIYOR...,0,0,0,22,216,0,0
1.7992,15596,Rest,HAZIRLANIYOR...,0,0,0,34,206,0,0
1.8139,15597,Rest,HAZIRLANIYOR...,0,0,12,44,180,0,0
1.8140,15598,Rest,HAZIRLANIYOR...,0,4,25,52,137,0,0
1.8140,15599,Rest,HAZIRLANIYOR...,0,22,36,59,80,0,0
1.8140,15600,Rest,HAZIRLANIYOR...,0,30,46,65,20,0,0
1.8140,15601,Rest,HAZIRLANIYOR...,0,26,54,71,0,0,0
1.8140,15602,Rest,HAZIRLANIYOR...,0,12,59,74,0,0,0
1.8141,15603,Rest,HAZIRLANIYOR...,0,0,63,73,0,0,0
1.8141,15604,Rest,HAZIRLANIYOR...,0,0,64,68,0,0,0
1.8141,15605,Rest,HAZIRLANIYOR...,0,0,61,62,0,0,0
1.8141,15606,Rest,HAZIRLANIYOR...,0,0,55,55,0,0,0
1.8141,15607,Rest,HAZIRLANIYOR...,0,0,48,48,0,0,0
1.8141,15608,Rest,HAZIRLANIYOR...,0,0,39,41,0,0,0
1.8142,15609,Rest,HAZIRLANIYOR...,0,0,30,34,0,0,3
1.8142,15610,Rest,HAZIRLANIYOR...,0,0,19,25,0,0,10
1.8142,15611,Rest,HAZIRLANIYOR...,0,0,8,14,0,0,13
1.8142,15612,Rest,HAZIRLANIYOR...,0,0,0,3,0,0,4
1.8142,15613,Rest,HAZIRLANIYOR...,0,0,0,0,0,0,0
1.8142,15614,Rest,HAZIRLANIYOR...,0,0,0,0,0,2,0
1.8142,15615,Rest,HAZIRLANIYOR...,0,0,0,0,0,5,0
1.8142,15616,Rest,HAZIRLANIYOR...,0,0,0,0,0,6,0
1.8143,15617,Rest,HAZIRLANIYOR...,0,0,0,0,0,6,0
1.8143,15618,Rest,HAZIRLANIYOR...,0,0,0,0,27,7,0
1.8143,15619,Rest,HAZIRLANIYOR...,0,6,0,0,74,8,0
1.8143,15620,Rest,HAZIRLANIYOR...,0,48,0,0,106,6,0
1.8143,15621,Rest,HAZIRLANIYOR...,0,89,0,0,140,4,0
1.8143,15622,Rest,HAZIRLANIYOR...,0,129,0,0,180,1,0
1.8144,15623,Rest,HAZIRLANIYOR...,0,165,0,0,217,0,0
1.8293,15624,Rest,HAZIRLANIYOR...,0,197,0,0,243,1,0
1.8294,15625,Rest,HAZIRLANIYOR...,0,232,0,0,256,4,0
1.8294,15626,Rest,HAZIRLANIYOR...,0,271,0,0,259,8,1
1.8294,15627,Rest,HAZIRLANIYOR...,0,307,0,0,255,10,6
1.8294,15628,Rest,HAZIRLANIYOR...,0,336,0,0,245,7,10
1.8294,15629,Rest,HAZIRLANIYOR...,0,358,0,0,232,5,2
1.8294,15630,Rest,HAZIRLANIYOR...,0,375,15,0,218,7,0
1.8295,15631,Rest,HAZIRLANIYOR...,0,385,30,0,206,3,0
1.8295,15632,Rest,HAZIRLANIYOR...,0,390,45,0,192,0,0
1.8295,15633,Rest,HAZIRLANIYOR...,0,393,59,11,161,0,0
1.8295,15634,Rest,HAZIRLANIYOR...,0,392,73,22,104,2,0
1.8295,15635,Rest,HAZIRLANIYOR...,0,388,86,33,38,6,0
1.8295,15636,Rest,HAZIRLANIYOR...,0,378,95,44,0,0,0
1.8296,15637,Rest,HAZIRLANIYOR...,0,363,100,54,0,0,0
1.8296,15638,Rest,HAZIRLANIYOR...,0,343,101,60,0,0,0
1.8296,15639,Rest,HAZIRLANIYOR...,0,320,100,61,0,7,0
1.8296,15640,Rest,HAZIRLANIYOR...,0,294,97,60,0,8,0
1.8296,15641,Rest,HAZIRLANIYOR...,0,264,90,57,0,0,2
1.8296,15642,Rest,HAZIRLANIYOR...,0,229,81,54,0,0,5
1.8296,15643,Rest,HAZIRLANIYOR...,0,189,69,49,0,0,0
1.8296,15644,Rest,HAZIRLANIYOR...,0,144,56,41,0,0,0
1.8297,15645,Rest,HAZIRLANIYOR...,0,97,43,31,0,0,0
1.8297,15646,Rest,HAZIRLANIYOR...,0,49,29,19,0,0,0
1.8297,15647,Rest,HAZIRLANIYOR...,0,3,14,7,0,0,0
1.8297,15648,Rest,HAZIRLANIYOR...,0,0,0,0,0,5,6
1.8297,15649,Rest,HAZIRLANIYOR...,0,0,0,0,0,10,9
1.8298,15650,Rest,HAZIRLANIYOR...,0,0,0,0,0,7,3
1.8447,15651,Rest,HAZIRLANIYOR...,0,0,0,0,0,3,0
1.8448,15652,Rest,HAZIRLANIYOR...,0,0,0,0,0,4,0
1.8448,15653,Rest,HAZIRLANIYOR...,0,0,0,0,0,2,0
1.8448,15654,Rest,HAZIRLANIYOR...,0,0,0,0,48,0,4
1.8448,15655,Rest,HAZIRLANIYOR...,0,0,0,0,98,0,10
1.8449,15656,Rest,HAZIRLANIYOR...,0,0,0,0,140,0,5
1.8449,15657,Rest,HAZIRLANIYOR...,0,0,0,0,178,0,0
1.8449,15658,Rest,HAZIRLANIYOR...,0,0,0,0,215,0,0
1.8449,15659,Rest,HAZIRLANIYOR...,0,0,0,0,248,0,0
1.8449,15660,Rest,HAZIRLANIYOR...,0,0,0,0,270,0,0
1.8449,15661,Rest,HAZIRLANIYOR...,0,0,0,0,279,0,0
1.8449,15662,Rest,HAZIRLANIYOR...,0,0,0,0,276,0,0
1.8450,15663,Rest,HAZIRLANIYOR...,0,0,0,0,271,0,0
1.8450,15664,Rest,HAZIRLANIYOR...,0,0,0,2,264,0,1
1.8450,15665,Rest,HAZIRLANIYOR...,0,0,0,14,250,0,3
1.8450,15666,Rest,HAZIRLANIYOR...,0,0,0,28,231,0,8
1.8450,15667,Rest,HAZIRLANIYOR...,0,0,7,41,213,0,12
1.8450,15668,Rest,HAZIRLANIYOR...,0,0,20,54,184,4,9
1.8450,15669,Rest,HAZIRLANIYOR...,0,0,33,66,134,7,6
1.8451,15670,Rest,HAZIRLANIYOR...,0,0,45,76,71,2,5
1.8451,15671,Rest,HAZIRLANIYOR...,0,0,54,85,7,0,0
1.8451,15672,Rest,HAZIRLANIYOR...,0,0,61,89,0,0,0
1.8451,15673,Rest,HAZIRLANIYOR...,0,0,66,90,0,0,0
1.8451,15674,Rest,HAZIRLANIYOR...,0,0,70,88,0,0,0
1.8451,15675,Rest,HAZIRLANIYOR...,0,0,71,83,0,0,0
1.8451,15676,Rest,HAZIRLANIYOR...,0,0,70,77,0,0,0
1.8452,15677,Rest,HAZIRLANIYOR...,0,0,66,69,0,0,0
1.8609,15678,Rest,HAZIRLANIYOR...,0,0,58,59,0,0,0
1.8610,15679,Rest,HAZIRLANIYOR...,0,0,49,48,0,0,7
1.8610,15680,Rest,HAZIRLANIYOR...,0,0,39,35,0,0,4
1.8611,15681,Rest,HAZIRLANIYOR...,0,0,30,22,0,3,0
1.8611,15682,Rest,HAZIRLANIYOR...,0,0,19,8,0,4,0
1.8611,15683,Rest,HAZIRLANIYOR...,0,0,7,0,0,3,0
1.8611,15684,Rest,HAZIRLANIYOR...,0,0,0,0,0,2,0
1.8611,15685,Rest,HAZIRLANIYOR...,0,0,0,0,0,2,0
1.8611,15686,Rest,HAZIRLANIYOR...,0,0,0,0,0,4,0
1.8611,15687,Rest,HAZIRLANIYOR...,0,0,0,0,0,5,0
1.8612,15688,Rest,HAZIRLANIYOR...,0,0,0,0,0,5,0
1.8612,15689,Rest,HAZIRLANIYOR...,0,0,0,0,27,9,0
1.8612,15690,Rest,HAZIRLANIYOR...,0,0,0,0,86,14,0
1.8612,15691,Rest,HAZIRLANIYOR...,0,0,0,0,135,11,0
1.8612,15692,Rest,HAZIRLANIYOR...,0,18,0,0,171,2,0
1.8612,15693,Rest,HAZIRLANIYOR...,0,42,0,0,202,0,3
1.8612,15694,Rest,HAZIRLANIYOR...,0,65,0,0,236,0,3
1.8612,15695,Rest,HAZIRLANIYOR...,0,88,0,0,267,1,1
1.8613,15696,Rest,HAZIRLANIYOR...,0,111,0,0,284,1,0
1.8613,15697,Rest,HAZIRLANIYOR...,0,127,0,0,286,3,1
1.8613,15698,Rest,HAZIRLANIYOR...,0,130,0,0,279,7,5
1.8613,15699,Rest,HAZIRLANIYOR...,0,118,0,0,267,8,6
1.8613,15700,Rest,HAZIRLANIYOR...,0,90,0,0,254,0,4
1.8613,15701,Rest,HAZIRLANIYOR...,0,47,0,0,243,0,2
1.8613,15702,Rest,HAZIRLANIYOR...,0,0,0,7,229,0,1
1.8613,15703,Rest,HAZIRLANIYOR...,0,0,6,23,202,0,2
1.8614,15704,Rest,HAZIRLANIYOR...,0,0,19,36,155,1,2
1.8614,15705,Rest,HAZIRLANIYOR...,0,0,33,48,96,0,1
1.8614,15706,Rest,HAZIRLANIYOR...,0,0,45,60,36,0,0
1.8764,15707,Rest,HAZIRLANIYOR...,0,0,54,70,0,0,0
1.8765,15708,Rest,HAZIRLANIYOR...,0,0,61,76,0,0,0
1.8765,15709,Rest,HAZIRLANIYOR...,0,0,66,79,0,0,1
1.8765,15710,Rest,HAZIRLANIYOR...,0,0,69,80,0,0,1
1.8765,15711,Rest,HAZIRLANIYOR...,0,0,70,81,0,4,1
1.8765,15712,Rest,HAZIRLANIYOR...,0,0,68,78,0,7,3
1.8765,15713,Rest,HAZIRLANIYOR...,0,0,66,71,0,1,9
1.8765,15714,Rest,HAZIRLANIYOR...,0,0,62,62,0,0,12
1.8766,15715,Rest,HAZIRLANIYOR...,0,0,53,52,0,0,5
1.8766,15716,Rest,HAZIRLANIYOR...,0,0,41,43,0,0,0
1.8767,15717,Rest,HAZIRLANIYOR...,0,0,28,34,0,0,0
1.8767,15718,Rest,HAZIRLANIYOR...,0,0,15,21,0,1,0
1.8768,15719,Rest,HAZIRLANIYOR...,0,0,3,4,0,4,0
1.8769,15720,Rest,HAZIRLANIYOR...,0,0,0,0,0,5,0
1.8769,15721,Rest,HAZIRLANIYOR...,0,0,0,0,0,0,0
1.8769,15722,Rest,HAZIRLANIYOR...,0,0,0,0,0,0,0
1.8769,15723,Rest,HAZIRLANIYOR...,0,0,0,0,0,0,5
1.8769,15724,Rest,HAZIRLANIYOR...,0,0,0,0,6,0,4
1.8769,15725,Rest,HAZIRLANIYOR...,0,0,0,0,66,2,0
1.8770,15726,Rest,HAZIRLANIYOR...,0,0,0,0,117,1,0
1.8770,15727,Rest,HAZIRLANIYOR...,0,19,0,0,161,1,0
1.8770,15728,Rest,HAZIRLANIYOR...,0,51,0,0,201,1,0
1.8770,15729,Rest,HAZIRLANIYOR...,0,80,0,0,239,1,0
1.8770,15730,Rest,HAZIRLANIYOR...,0,106,0,0,272,1,0
1.8770,15731,Rest,HAZIRLANIYOR...,0,134,0,0,293,3,0
1.8770,15732,Rest,HAZIRLANIYOR...,0,173,0,0,302,8,1
1.8771,15733,Rest,HAZIRLANIYOR...,0,220,0,0,299,10,7
1.8771,15734,Rest,HAZIRLANIYOR...,0,263,0,0,287,3,5
1.8925,15735,Rest,HAZIRLANIYOR...,0,288,0,0,272,0,3
1.8926,15736,Rest,HAZIRLANIYOR...,0,294,0,0,259,0,4
1.8926,15737,Rest,HAZIRLANIYOR...,0,295,2,0,245,0,2
1.8926,15738,Rest,HAZIRLANIYOR...,0,296,13,2,223,0,0
1.8927,15739,Rest,HAZIRLANIYOR...,0,296,26,11,184,0,0
1.8927,15740,Rest,HAZIRLANIYOR...,0,287,38,21,128,0,0
1.8927,15741,Rest,HAZIRLANIYOR...,0,270,48,34,67,0,0
1.8927,15742,Rest,HAZIRLANIYOR...,0,251,57,46,5,0,0
1.8927,15743,Rest,HAZIRLANIYOR...,0,233,65,55,0,0,0
1.8928,15744,Rest,HAZIRLANIYOR...,0,211,71,62,0,0,0
1.8928,15745,Rest,HAZIRLANIYOR...,0,174,76,70,0,0,0
1.8928,15746,Rest,HAZIRLANIYOR...,0,128,79,77,0,0,0
1.8928,15747,Rest,HAZIRLANIYOR...,0,84,81,83,0,0,0
1.8928,15748,Rest,HAZIRLANIYOR...,0,48,81,88,0,0,0
1.8928,15749,Rest,HAZIRLANIYOR...,0,22,78,91,0,0,0
1.8928,15750,Rest,HAZIRLANIYOR...,0,2,74,91,0,0,0
1.8928,15751,Rest,HAZIRLANIYOR...,0,0,69,87,0,0,0
1.8929,15752,Rest,HAZIRLANIYOR...,0,0,61,81,0,0,0
1.8929,15753,Rest,HAZIRLANIYOR...,0,0,50,72,0,0,0
1.8929,15754,Rest,HAZIRLANIYOR...,0,0,38,59,0,0,0
1.8929,15755,Rest,HAZIRLANIYOR...,0,0,27,43,0,0,0
1.8929,15756,Rest,HAZIRLANIYOR...,0,0,15,26,0,0,1
1.8929,15757,Rest,HAZIRLANIYOR...,0,0,2,9,0,1,1
1.8929,15758,Rest,HAZIRLANIYOR...,0,0,0,0,0,3,0
1.8929,15759,Rest,HAZIRLANIYOR...,0,0,0,0,0,3,0
1.8930,15760,Rest,HAZIRLANIYOR...,0,0,0,0,45,1,0
1.8930,15761,Rest,HAZIRLANIYOR...,0,0,0,0,99,0,0
1.8931,15762,Rest,HAZIRLANIYOR...,0,0,0,0,141,0,4
1.9076,15763,Rest,HAZIRLANIYOR...,0,0,0,0,181,2,6
1.9077,15764,Rest,HAZIRLANIYOR...,0,6,0,0,222,3,5
1.9077,15765,Rest,HAZIRLANIYOR...,0,13,0,0,260,4,4
1.9077,15766,Rest,HAZIRLANIYOR...,0,24,0,0,287,4,3
1.9078,15767,Rest,HAZIRLANIYOR...,0,41,0,0,299,4,2
1.9078,15768,Rest,HAZIRLANIYOR...,0,58,0,0,299,5,3
1.9078,15769,Rest,HAZIRLANIYOR...,0,75,0,0,289,6,9
1.9078,15770,Rest,HAZIRLANIYOR...,0,93,0,0,275,7,12
1.9078,15771,Rest,HAZIRLANIYOR...,0,114,0,0,260,2,5
1.9078,15772,Rest,HAZIRLANIYOR...,0,139,0,0,248,0,0
1.9079,15773,Rest,HAZIRLANIYOR...,0,166,1,0,235,0,0
1.9079,15774,Rest,HAZIRLANIYOR...,0,191,11,12,208,0,0
1.9079,15775,Rest,HAZIRLANIYOR...,0,209,20,28,157,0,0
1.9079,15776,Rest,HAZIRLANIYOR...,0,215,27,40,89,0,0
1.9079,15777,Rest,HAZIRLANIYOR...,0,209,32,51,21,0,0
1.9079,15778,Rest,HAZIRLANIYOR...,0,192,37,59,0,0,0
1.9079,15779,Rest,HAZIRLANIYOR...,0,170,40,65,0,0,0
1.9079,15780,Rest,HAZIRLANIYOR...,0,147,42,65,0,0,0
1.9079,15781,Rest,HAZIRLANIYOR...,0,125,45,60,0,0,0
1.9080,15782,Rest,HAZIRLANIYOR...,0,104,46,51,0,0,0
1.9080,15783,Rest,HAZIRLANIYOR...,0,84,45,42,0,0,0
1.9080,15784,Rest,HAZIRLANIYOR...,0,63,42,33,0,0,0
1.9080,15785,Rest,HAZIRLANIYOR...,0,39,38,23,0,0,0
1.9080,15786,Rest,HAZIRLANIYOR...,0,12,32,12,0,0,1
1.9080,15787,Rest,HAZIRLANIYOR...,0,0,24,1,0,0,1
1.9080,15788,Rest,HAZIRLANIYOR...,0,0,14,0,0,0,1
1.9081,15789,Rest,HAZIRLANIYOR...,0,0,4,0,0,0,0
1.9228,15790,Rest,HAZIRLANIYOR...,0,0,0,0,0,0,0
1.9229,15791,Rest,HAZIRLANIYOR...,0,0,0,0,0,2,0
1.9229,15792,Rest,HAZIRLANIYOR...,0,0,0,0,0,5,1
1.9229,15793,Rest,HAZIRLANIYOR...,0,0,0,0,0,8,1
1.9229,15794,Rest,HAZIRLANIYOR...,0,0,0,0,0,7,0
1.9229,15795,Rest,HAZIRLANIYOR...,0,0,0,0,8,2,0
1.9230,15796,Rest,HAZIRLANIYOR...,0,0,0,0,68,0,0
1.9230,15797,Rest,HAZIRLANIYOR...,0,0,0,0,119,0,0
1.9230,15798,Rest,HAZIRLANIYOR...,0,0,0,0,164,0,0
1.9230,15799,Rest,HAZIRLANIYOR...,0,0,0,0,208,1,0
1.9230,15800,Rest,HAZIRLANIYOR...,0,0,0,0,255,0,0
1.9230,15801,Rest,HAZIRLANIYOR...,0,0,0,0,291,0,0
1.9230,15802,Rest,HAZIRLANIYOR...,0,0,0,0,304,0,0
1.9231,15803,Rest,HAZIRLANIYOR...,0,0,0,0,299,1,0
1.9231,15804,Rest,HAZIRLANIYOR...,0,0,0,0,293,1,0
1.9231,15805,Rest,HAZIRLANIYOR...,0,0,0,0,286,0,0
1.9231,15806,Rest,HAZIRLANIYOR...,0,0,0,14,275,0,0
1.9231,15807,Rest,HAZIRLANIYOR...,0,0,0,29,262,0,2
1.9231,15808,Rest,HAZIRLANIYOR...,0,0,0,43,252,6,1
1.9231,15809,Rest,HAZIRLANIYOR...,0,0,14,58,239,9,0
1.9231,15810,Rest,HAZIRLANIYOR...,0,0,26,73,207,2,0
1.9232,15811,Rest,HAZIRLANIYOR...,0,0,36,86,141,0,0
1.9232,15812,Rest,HAZIRLANIYOR...,0,0,44,96,54,0,4
1.9232,15813,Rest,HAZIRLANIYOR...,0,0,51,105,0,0,4
1.9232,15814,Rest,HAZIRLANIYOR...,0,0,55,112,0,0,1
1.9232,15815,Rest,HAZIRLANIYOR...,0,37,58,115,0,0,0
1.9233,15816,Rest,HAZIRLANIYOR...,0,100,59,113,0,0,0
1.9380,15817,Rest,HAZIRLANIYOR...,0,158,60,108,0,2,0
1.9381,15818,Rest,HAZIRLANIYOR...,0,209,58,102,0,0,0
1.9381,15819,Rest,HAZIRLANIYOR...,0,253,52,94,0,0,0
1.9381,15820,Rest,HAZIRLANIYOR...,0,286,45,85,0,0,0
1.9381,15821,Rest,HAZIRLANIYOR...,0,303,36,72,0,0,5
1.9381,15822,Rest,HAZIRLANIYOR...,0,306,27,55,0,0,5
1.9381,15823,Rest,HAZIRLANIYOR...,0,295,17,37,0,0,2
1.9381,15824,Rest,HAZIRLANIYOR...,0,268,7,19,0,0,3
1.9382,15825,Rest,HAZIRLANIYOR...,0,230,0,1,0,0,8
1.9382,15826,Rest,HAZIRLANIYOR...,0,186,0,0,0,0,9
1.9382,15827,Rest,HAZIRLANIYOR...,0,144,0,0,0,0,3
1.9382,15828,Rest,HAZIRLANIYOR...,0,104,0,0,0,0,0
1.9382,15829,Rest,HAZIRLANIYOR...,0,66,0,0,0,2,0
1.9382,15830,Rest,HAZIRLANIYOR...,0,32,0,0,0,5,0
1.9382,15831,Rest,HAZIRLANIYOR...,0,5,0,0,47,4,2
1.9382,15832,Rest,HAZIRLANIYOR...,0,0,0,0,102,1,8
1.9383,15833,Rest,HAZIRLANIYOR...,0,0,0,0,147,0,13
1.9383,15834,Rest,HAZIRLANIYOR...,0,0,0,0,189,0,8
1.9383,15835,Rest,HAZIRLANIYOR...,0,0,0,0,231,0,0
1.9383,15836,Rest,HAZIRLANIYOR...,0,0,0,0,269,3,0
1.9383,15837,Rest,HAZIRLANIYOR...,0,4,0,0,297,9,0
1.9383,15838,Rest,HAZIRLANIYOR...,0,24,0,0,313,10,0
1.9383,15839,Rest,HAZIRLANIYOR...,0,48,0,0,319,5,0
1.9384,15840,Rest,HAZIRLANIYOR...,0,78,0,0,307,3,0
1.9384,15841,Rest,HAZIRLANIYOR...,0,109,0,0,284,8,0
1.9384,15842,Rest,HAZIRLANIYOR...,0,137,4,13,268,7,4
1.9385,15843,Rest,HAZIRLANIYOR...,0,156,17,30,260,0,1
1.9534,15844,Rest,HAZIRLANIYOR...,0,169,30,47,250,0,0
1.9535,15845,Rest,HAZIRLANIYOR...,0,176,43,63,221,0,0
1.9535,15846,Rest,HAZIRLANIYOR...,0,177,54,76,166,0,0
1.9535,15847,Rest,HAZIRLANIYOR...,0,173,64,85,96,0,0
1.9535,15848,Rest,HAZIRLANIYOR...,0,161,70,91,26,0,0
1.9536,15849,Rest,HAZIRLANIYOR...,0,143,75,94,0,0,0
1.9536,15850,Rest,HAZIRLANIYOR...,0,115,79,95,0,0,0
1.9536,15851,Rest,HAZIRLANIYOR...,0,74,81,93,0,0,0
1.9536,15852,Rest,HAZIRLANIYOR...,0,16,80,89,0,0,0
1.9536,15853,Rest,HAZIRLANIYOR...,0,0,76,82,0,0,0
1.9536,15854,Rest,HAZIRLANIYOR...,0,0,69,73,0,0,0
1.9536,15855,Rest,HAZIRLANIYOR...,0,0,61,60,0,0,0
1.9537,15856,Rest,HAZIRLANIYOR...,0,0,53,45,0,1,0
1.9537,15857,Rest,HAZIRLANIYOR...,0,0,45,29,0,4,0
1.9537,15858,Rest,HAZIRLANIYOR...,0,0,35,13,0,2,0
1.9537,15859,Rest,HAZIRLANIYOR...,0,0,22,0,0,0,0
1.9537,15860,Rest,HAZIRLANIYOR...,0,0,8,0,0,0,0
1.9537,15861,Rest,HAZIRLANIYOR...,0,0,0,0,0,0,0
1.9537,15862,Rest,HAZIRLANIYOR...,0,0,0,0,0,0,2
1.9538,15863,Rest,HAZIRLANIYOR...,0,0,0,0,0,0,3
1.9538,15864,Rest,HAZIRLANIYOR...,0,0,0,0,0,1,2
1.9538,15865,Rest,HAZIRLANIYOR...,0,0,0,0,0,2,2
1.9538,15866,Rest,HAZIRLANIYOR...,0,0,0,0,10,1,3
1.9538,15867,Rest,HAZIRLANIYOR...,0,0,0,0,71,1,4
1.9538,15868,Rest,HAZIRLANIYOR...,0,0,0,0,124,1,4
1.9538,15869,Rest,HAZIRLANIYOR...,0,0,0,0,171,1,2
1.9539,15870,Rest,HAZIRLANIYOR...,0,0,0,0,212,2,1
1.9697,15871,Rest,HAZIRLANIYOR...,0,9,0,0,249,1,0
1.9698,15872,Rest,HAZIRLANIYOR...,0,52,0,0,278,0,0
1.9698,15873,Rest,HAZIRLANIYOR...,0,92,0,0,298,0,1
1.9699,15874,Rest,HAZIRLANIYOR...,0,131,0,0,307,0,2
1.9699,15875,Rest,HAZIRLANIYOR...,0,166,0,0,305,0,2
1.9700,15876,Rest,HAZIRLANIYOR...,0,197,0,0,296,1,2
1.9700,15877,Rest,HAZIRLANIYOR...,0,220,0,0,287,0,2
1.9700,15878,Rest,HAZIRLANIYOR...,0,235,0,0,278,0,4
1.9701,15879,Rest,HAZIRLANIYOR...,0,242,0,0,259,0,3
1.9701,15880,Rest,HAZIRLANIYOR...,0,245,1,13,223,0,1
1.9701,15881,Rest,HAZIRLANIYOR...,0,241,17,31,175,0,0
1.9701,15882,Rest,HAZIRLANIYOR...,0,224,32,47,115,2,0
1.9702,15883,Rest,HAZIRLANIYOR...,0,196,46,62,48,8,0
1.9702,15884,Rest,HAZIRLANIYOR...,0,164,58,75,0,3,0
1.9702,15885,Rest,HAZIRLANIYOR...,0,128,68,84,0,0,0
1.9702,15886,Rest,HAZIRLANIYOR...,0,87,75,90,0,0,1
1.9702,15887,Rest,HAZIRLANIYOR...,0,44,81,95,0,0,0
1.9702,15888,Rest,HAZIRLANIYOR...,0,8,83,95,0,0,0
1.9702,15889,Rest,HAZIRLANIYOR...,0,0,82,91,0,0,0
1.9702,15890,Rest,HAZIRLANIYOR...,0,0,79,86,0,0,0
1.9702,15891,Rest,HAZIRLANIYOR...,0,0,75,80,0,0,0
1.9703,15892,Rest,HAZIRLANIYOR...,0,0,67,71,0,0,0
1.9703,15893,Rest,HAZIRLANIYOR...,0,0,57,56,0,0,0
1.9703,15894,Rest,HAZIRLANIYOR...,0,0,45,41,0,0,2
1.9703,15895,Rest,HAZIRLANIYOR...,0,25,33,28,0,0,1
1.9703,15896,Rest,HAZIRLANIYOR...,0,63,20,15,0,0,0
1.9703,15897,Rest,HAZIRLANIYOR...,0,101,6,2,0,0,0
1.9704,15898,Rest,HAZIRLANIYOR...,0,135,0,0,0,0,1
1.9705,15899,Rest,HAZIRLANIYOR...,0,163,0,0,0,1,0
1.9857,15900,Rest,HAZIRLANIYOR...,0,187,0,0,0,4,0
1.9858,15901,Rest,HAZIRLANIYOR...,0,206,0,0,0,9,0
1.9859,15902,Rest,HAZIRLANIYOR...,0,220,0,0,58,13,1
1.9859,15903,Rest,HAZIRLANIYOR...,0,227,0,0,119,7,0
1.9859,15904,Rest,HAZIRLANIYOR...,0,231,0,0,157,0,0
1.9859,15905,Rest,HAZIRLANIYOR...,0,228,0,0,187,0,0
1.9860,15906,Rest,HAZIRLANIYOR...,0,220,0,0,226,4,0
1.9860,15907,Rest,HAZIRLANIYOR...,0,209,0,0,268,10,0
1.9860,15908,Rest,HAZIRLANIYOR...,0,197,0,0,297,4,0
1.9860,15909,Rest,HAZIRLANIYOR...,0,186,0,0,309,0,0
1.9861,15910,Rest,HAZIRLANIYOR...,0,177,0,0,308,0,0
1.9861,15911,Rest,HAZIRLANIYOR...,0,168,0,0,297,0,0
1.9861,15912,Rest,HAZIRLANIYOR...,0,158,0,0,283,0,0
1.9861,15913,Rest,HAZIRLANIYOR...,0,151,0,0,269,0,0
1.9862,15914,Rest,HAZIRLANIYOR...,0,146,0,5,258,0,0
1.9862,15915,Rest,HAZIRLANIYOR...,0,139,2,19,242,0,0
1.9862,15916,Rest,HAZIRLANIYOR...,0,131,14,34,211,0,0
1.9862,15917,Rest,HAZIRLANIYOR...,0,124,25,49,156,0,0
1.9863,15918,Rest,HAZIRLANIYOR...,0,118,37,63,89,0,0
1.9863,15919,Rest,HAZIRLANIYOR...,0,110,48,74,26,0,1
1.9863,15920,Rest,HAZIRLANIYOR...,0,98,56,83,0,0,3
1.9863,15921,Rest,HAZIRLANIYOR...,0,80,60,90,0,0,1
1.9864,15922,Rest,HAZIRLANIYOR...,0,54,62,94,0,0,0
1.9864,15923,Rest,HAZIRLANIYOR...,0,19,63,93,0,0,0
1.9864,15924,Rest,HAZIRLANIYOR...,0,0,64,90,0,0,0
1.9864,15925,Rest,HAZIRLANIYOR...,0,0,62,84,0,0,0
1.9864,15926,Rest,HAZIRLANIYOR...,0,0,57,77,0,0,0
1.9866,15927,Rest,HAZIRLANIYOR...,0,0,49,69,0,0,0
1.9866,15928,Rest,HAZIRLANIYOR...,0,0,40,59,0,0,0
2.0018,15929,Rest,HAZIRLANIYOR...,0,0,32,44,0,0,0
2.0018,15930,Rest,HAZIRLANIYOR...,0,0,25,28,0,0,0
2.0018,15931,Rest,HAZIRLANIYOR...,0,0,15,12,0,0,0
2.0019,15932,Rest,HAZIRLANIYOR...,0,0,3,0,0,1,0
2.0019,15933,Rest,HAZIRLANIYOR...,0,0,0,0,0,1,0
2.0019,15934,Rest,HAZIRLANIYOR...,0,0,0,0,0,2,0
2.0020,15935,Rest,HAZIRLANIYOR...,0,0,0,0,0,2,4
2.0020,15936,Rest,HAZIRLANIYOR...,0,0,0,0,0,3,3
2.0020,15937,Rest,HAZIRLANIYOR...,0,0,0,0,21,4,2
2.0020,15938,Rest,HAZIRLANIYOR...,0,0,0,0,80,9,2
2.0020,15939,Rest,HAZIRLANIYOR...,0,0,0,0,131,12,2
2.0020,15940,Rest,HAZIRLANIYOR...,0,0,0,0,176,6,2
2.0020,15941,Rest,HAZIRLANIYOR...,0,0,0,0,217,0,0
2.0021,15942,Rest,HAZIRLANIYOR...,0,0,0,0,254,0,0
2.0021,15943,Rest,HAZIRLANIYOR...,0,0,0,0,281,0,0
2.0021,15944,Rest,HAZIRLANIYOR...,0,0,0,0,296,2,0
2.0021,15945,Rest,HAZIRLANIYOR...,0,0,0,0,301,1,0
2.0021,15946,Rest,HAZIRLANIYOR...,0,0,0,0,301,0,0
2.0021,15947,Rest,HAZIRLANIYOR...,0,0,0,0,297,0,0
2.0022,15948,Rest,HAZIRLANIYOR...,0,47,0,0,289,0,2
2.0022,15949,Rest,HAZIRLANIYOR...,0,99,6,5,276,0,2
2.0022,15950,Rest,HAZIRLANIYOR...,0,139,14,19,259,0,0
2.0022,15951,Rest,HAZIRLANIYOR...,0,171,22,31,230,2,0
2.0022,15952,Rest,HAZIRLANIYOR...,0,199,31,41,179,6,0
2.0022,15953,Rest,HAZIRLANIYOR...,0,224,37,51,115,2,0
2.0022,15954,Rest,HAZIRLANIYOR...,0,245,42,59,53,0,1
2.0022,15955,Rest,HAZIRLANIYOR...,0,264,46,67,0,0,5
2.0023,15956,Rest,HAZIRLANIYOR...,0,279,51,73,0,0,4
2.0171,15957,Rest,HAZIRLANIYOR...,0,287,55,79,0,0,1
2.0171,15958,Rest,HAZIRLANIYOR...,0,281,61,82,0,0,0
2.0172,15959,Rest,HAZIRLANIYOR...,0,259,63,85,0,0,1
2.0172,15960,Rest,HAZIRLANIYOR...,0,227,61,86,0,0,2
2.0172,15961,Rest,HAZIRLANIYOR...,0,191,55,85,0,0,2
2.0172,15962,Rest,HAZIRLANIYOR...,0,155,48,81,0,0,1
2.0172,15963,Rest,HAZIRLANIYOR...,0,121,40,73,0,0,0
2.0173,15964,Rest,HAZIRLANIYOR...,0,88,30,63,0,0,0
2.0173,15965,Rest,HAZIRLANIYOR...,0,58,17,47,0,0,0
2.0173,15966,Rest,HAZIRLANIYOR...,0,35,3,27,0,0,0
2.0173,15967,Rest,HAZIRLANIYOR...,0,21,0,6,0,0,0
2.0173,15968,Rest,HAZIRLANIYOR...,0,17,0,0,0,0,0
2.0173,15969,Rest,HAZIRLANIYOR...,0,20,0,0,0,0,1
2.0173,15970,Rest,HAZIRLANIYOR...,0,25,0,0,0,0,1
2.0173,15971,Rest,HAZIRLANIYOR...,0,31,0,0,0,0,0
2.0174,15972,Rest,HAZIRLANIYOR...,0,36,0,0,0,3,0
2.0174,15973,Rest,HAZIRLANIYOR...,0,39,0,0,60,4,0
2.0174,15974,Rest,HAZIRLANIYOR...,0,43,0,0,118,4,0
2.0174,15975,Rest,HAZIRLANIYOR...,0,47,0,0,156,3,0
2.0174,15976,Rest,HAZIRLANIYOR...,0,50,0,0,187,3,2
2.0175,15977,Rest,HAZIRLANIYOR...,0,50,0,0,225,6,7
2.0175,15978,Rest,HAZIRLANIYOR...,0,46,0,0,266,7,11
2.0175,15979,Rest,HAZIRLANIYOR...,0,38,0,0,293,1,9
2.0175,15980,Rest,HAZIRLANIYOR...,0,27,0,0,303,0,4
2.0175,15981,Rest,HAZIRLANIYOR...,0,17,0,0,302,0,0
2.0175,15982,Rest,HAZIRLANIYOR...,0,10,0,0,293,1,0
2.0176,15983,Rest,HAZIRLANIYOR...,0,1,0,0,280,9,0
2.0323,15984,Rest,HAZIRLANIYOR...,0,0,0,0,268,15,0
2.0324,15985,Rest,HAZIRLANIYOR...,0,0,13,0,255,10,0
2.0324,15986,Rest,HAZIRLANIYOR...,0,0,27,0,230,0,0
2.0325,15987,Rest,HAZIRLANIYOR...,0,0,40,13,190,0,0
2.0325,15988,Rest,HAZIRLANIYOR...,0,0,53,26,138,0,0
2.0325,15989,Rest,HAZIRLANIYOR...,0,2,63,35,79,0,0
2.0325,15990,Rest,HAZIRLANIYOR...,0,14,70,42,13,0,0
2.0325,15991,Rest,HAZIRLANIYOR...,0,26,76,50,0,0,0
2.0325,15992,Rest,HAZIRLANIYOR...,0,39,81,57,0,0,0
2.0326,15993,Rest,HAZIRLANIYOR...,0,54,82,61,0,3,0
2.0326,15994,Rest,HAZIRLANIYOR...,0,69,80,62,0,7,0
2.0326,15995,Rest,HAZIRLANIYOR...,0,84,76,60,0,6,0
2.0326,15996,Rest,HAZIRLANIYOR...,0,99,70,56,0,2,3
2.0326,15997,Rest,HAZIRLANIYOR...,0,112,63,48,0,0,3
2.0326,15998,Rest,HAZIRLANIYOR...,0,123,54,40,0,0,0
2.0327,15999,Rest,HAZIRLANIYOR...,0,132,43,33,0,0,1
2.0327,16000,Rest,HAZIRLANIYOR...,0,140,32,24,0,0,4
2.0327,16001,Rest,HAZIRLANIYOR...,0,142,22,17,0,0,3
2.0327,16002,Rest,HAZIRLANIYOR...,0,135,11,8,0,0,0
2.0327,16003,Rest,HAZIRLANIYOR...,0,122,0,0,0,0,0
2.0327,16004,Rest,HAZIRLANIYOR...,0,106,0,0,0,0,0
2.0327,16005,Rest,HAZIRLANIYOR...,0,90,0,0,0,0,1
2.0327,16006,Rest,HAZIRLANIYOR...,0,75,0,0,0,0,0
2.0327,16007,Rest,HAZIRLANIYOR...,0,62,0,0,0,0,0
2.0328,16008,Rest,HAZIRLANIYOR...,0,54,0,0,23,1,0
2.0328,16009,Rest,HAZIRLANIYOR...,0,53,0,0,77,1,0
2.0329,16010,Rest,HAZIRLANIYOR...,0,56,0,0,135,1,5
2.0475,16011,Rest,HAZIRLANIYOR...,0,62,0,0,191,1,10
2.0477,16012,Rest,HAZIRLANIYOR...,0,70,0,0,236,3,10
2.0477,16013,Rest,HAZIRLANIYOR...,0,79,0,0,276,3,5
2.0477,16014,Rest,HAZIRLANIYOR...,0,85,0,0,311,0,0
2.0477,16015,Rest,HAZIRLANIYOR...,0,91,0,0,325,0,0
2.0477,16016,Rest,HAZIRLANIYOR...,0,99,0,0,312,0,1
2.0477,16017,Rest,HAZIRLANIYOR...,0,107,0,0,292,1,3
2.0478,16018,Rest,HAZIRLANIYOR...,0,112,0,0,281,6,0
2.0478,16019,Rest,HAZIRLANIYOR...,0,112,0,8,273,9,0
2.0478,16020,Rest,HAZIRLANIYOR...,0,105,0,24,261,3,0
2.0479,16021,Rest,HAZIRLANIYOR...,0,91,2,39,246,0,0
2.0479,16022,Rest,HAZIRLANIYOR...,0,73,13,52,219,0,2
2.0479,16023,Rest,HAZIRLANIYOR...,0,51,22,66,172,0,4
2.0479,16024,Rest,HAZIRLANIYOR...,0,27,30,79,107,3,6
2.0480,16025,Rest,HAZIRLANIYOR...,0,0,39,92,37,0,2
2.0480,16026,Rest,HAZIRLANIYOR...,0,0,47,101,0,0,0
2.0480,16027,Rest,HAZIRLANIYOR...,0,0,55,105,0,0,0
2.0480,16028,Rest,HAZIRLANIYOR...,0,0,61,107,0,0,0
2.0480,16029,Rest,HAZIRLANIYOR...,0,0,64,106,0,0,0
2.0480,16030,Rest,HAZIRLANIYOR...,0,0,66,103,0,0,0
2.0480,16031,Rest,HAZIRLANIYOR...,0,0,66,98,0,0,0
2.0481,16032,Rest,HAZIRLANIYOR...,0,0,67,93,0,0,0
2.0481,16033,Rest,HAZIRLANIYOR...,0,0,65,88,0,0,1
2.0482,16034,Rest,HAZIRLANIYOR...,0,0,60,78,0,0,0
2.0482,16035,Rest,HAZIRLANIYOR...,0,0,52,61,0,0,0
2.0482,16036,Rest,HAZIRLANIYOR...,0,0,43,41,0,0,0
2.0483,16037,Rest,HAZIRLANIYOR...,0,0,33,23,0,0,0
2.0628,16038,Rest,HAZIRLANIYOR...,0,0,22,5,0,2,1
2.0630,16039,Rest,HAZIRLANIYOR...,0,0,10,0,0,7,4
2.0630,16040,Rest,HAZIRLANIYOR...,0,0,0,0,0,10,6
2.0630,16041,Rest,HAZIRLANIYOR...,0,0,0,0,0,6,1
2.0630,16042,Rest,HAZIRLANIYOR...,0,0,0,0,0,0,0
2.0630,16043,Rest,HAZIRLANIYOR...,0,0,0,0,2,0,0
2.0630,16044,Rest,HAZIRLANIYOR...,0,0,0,0,65,2,0
2.0630,16045,Rest,HAZIRLANIYOR...,0,0,0,0,116,9,1
2.0631,16046,Rest,HAZIRLANIYOR...,0,0,0,0,160,10,1
2.0631,16047,Rest,HAZIRLANIYOR...,0,0,0,0,201,4,8
2.0631,16048,Rest,HAZIRLANIYOR...,0,0,0,0,239,0,18
2.0631,16049,Rest,HAZIRLANIYOR...,0,0,0,0,270,0,16
2.0631,16050,Rest,HAZIRLANIYOR...,0,0,0,0,290,0,0
2.0631,16051,Rest,HAZIRLANIYOR...,0,0,0,0,299,0,0
2.0631,16052,Rest,HAZIRLANIYOR...,0,0,0,0,298,0,0
2.0632,16053,Rest,HAZIRLANIYOR...,0,0,0,0,289,0,0
2.0632,16054,Rest,HAZIRLANIYOR...,0,0,0,0,280,1,5
2.0632,16055,Rest,HAZIRLANIYOR...,0,26,0,0,275,2,0
2.0632,16056,Rest,HAZIRLANIYOR...,0,104,0,0,260,2,0
2.0632,16057,Rest,HAZIRLANIYOR...,0,173,3,7,225,0,0
2.0633,16058,Rest,HAZIRLANIYOR...,0,232,16,22,175,0,0
2.0633,16059,Rest,HAZIRLANIYOR...,0,276,27,35,118,0,0
2.0633,16060,Rest,HAZIRLANIYOR...,0,305,35,47,58,0,0
2.0633,16061,Rest,HAZIRLANIYOR...,0,319,42,57,0,0,0
2.0633,16062,Rest,HAZIRLANIYOR...,0,322,49,67,0,0,3
2.0633,16063,Rest,HAZIRLANIYOR...,0,318,55,75,0,4,6
2.0634,16064,Rest,HAZIRLANIYOR...,0,310,58,79,0,5,0
2.0780,16065,Rest,HAZIRLANIYOR...,0,299,59,79,0,0,0
2.0781,16066,Rest,HAZIRLANIYOR...,0,285,58,77,0,0,0
2.0781,16067,Rest,HAZIRLANIYOR...,0,264,56,75,0,0,0
2.0781,16068,Rest,HAZIRLANIYOR...,0,234,51,71,0,0,0
2.0781,16069,Rest,HAZIRLANIYOR...,0,199,45,67,0,4,0
2.0781,16070,Rest,HAZIRLANIYOR...,0,166,38,63,0,6,2
2.0781,16071,Rest,HAZIRLANIYOR...,0,134,31,59,0,6,9
2.0782,16072,Rest,HAZIRLANIYOR...,0,101,21,53,0,7,12
2.0782,16073,Rest,HAZIRLANIYOR...,0,67,8,42,0,2,8
2.0782,16074,Rest,HAZIRLANIYOR...,0,38,0,27,0,0,3
2.0782,16075,Rest,HAZIRLANIYOR...,0,19,0,9,0,0,0
2.0782,16076,Rest,HAZIRLANIYOR...,0,8,0,0,0,0,0
2.0782,16077,Rest,HAZIRLANIYOR...,0,7,0,0,0,4,0
2.0782,16078,Rest,HAZIRLANIYOR...,0,15,0,0,0,10,0
2.0782,16079,Rest,HAZIRLANIYOR...,0,33,0,0,36,11,0
2.0782,16080,Rest,HAZIRLANIYOR...,0,59,0,0,91,8,0
2.0783,16081,Rest,HAZIRLANIYOR...,0,86,0,0,136,2,4
2.0783,16082,Rest,HAZIRLANIYOR...,0,113,0,0,175,0,12
2.0783,16083,Rest,HAZIRLANIYOR...,0,142,0,0,216,0,5
2.0783,16084,Rest,HAZIRLANIYOR...,0,175,0,0,257,0,0
2.0783,16085,Rest,HAZIRLANIYOR...,0,212,0,0,286,0,0
2.0783,16086,Rest,HAZIRLANIYOR...,0,249,0,0,292,0,0
2.0783,16087,Rest,HAZIRLANIYOR...,0,283,0,0,283,0,2
2.0785,16088,Rest,HAZIRLANIYOR...,0,311,0,0,272,0,5
2.0785,16089,Rest,HAZIRLANIYOR...,0,330,0,0,261,0,8
2.0785,16090,Rest,HAZIRLANIYOR...,0,339,0,0,247,0,2
2.0786,16091,Rest,HAZIRLANIYOR...,0,340,0,0,235,1,0
2.0941,16092,Rest,HAZIRLANIYOR...,0,335,8,0,224,6,0
2.0941,16093,Rest,HAZIRLANIYOR...,0,324,20,6,199,8,0
2.0941,16094,Rest,HAZIRLANIYOR...,0,309,29,21,150,1,0
2.0942,16095,Rest,HAZIRLANIYOR...,0,287,38,34,84,0,0
2.0942,16096,Rest,HAZIRLANIYOR...,0,257,47,46,18,0,0
2.0942,16097,Rest,HAZIRLANIYOR...,0,219,54,58,0,1,0
2.0942,16098,Rest,HAZIRLANIYOR...,0,176,61,67,0,6,0
2.0942,16099,Rest,HAZIRLANIYOR...,0,126,63,71,0,1,0
2.0942,16100,Rest,HAZIRLANIYOR...,0,76,63,71,0,0,2
2.0942,16101,Rest,HAZIRLANIYOR...,0,31,61,70,0,0,3
2.0942,16102,Rest,HAZIRLANIYOR...,0,0,58,68,0,0,2
2.0942,16103,Rest,HAZIRLANIYOR...,0,0,54,63,0,0,3
2.0943,16104,Rest,HAZIRLANIYOR...,0,0,48,57,0,0,2
2.0943,16105,Rest,HAZIRLANIYOR...,0,0,42,47,0,0,1
2.0943,16106,Rest,HAZIRLANIYOR...,0,0,34,34,0,0,0
2.0943,16107,Rest,HAZIRLANIYOR...,0,0,25,17,0,0,0
2.0943,16108,Rest,HAZIRLANIYOR...,0,0,14,1,0,0,0
2.0943,16109,Rest,HAZIRLANIYOR...,0,0,4,0,0,0,0
2.0943,16110,Rest,HAZIRLANIYOR...,0,0,0,0,0,0,0
2.0944,16111,Rest,HAZIRLANIYOR...,0,0,0,0,0,0,4
2.0944,16112,Rest,HAZIRLANIYOR...,0,0,0,0,0,1,5
2.0944,16113,Rest,HAZIRLANIYOR...,0,0,0,0,0,1,4
2.0944,16114,Rest,HAZIRLANIYOR...,0,0,0,0,18,3,2
2.0944,16115,Rest,HAZIRLANIYOR...,0,0,0,0,75,8,0
2.0944,16116,Rest,HAZIRLANIYOR...,0,0,0,0,124,12,0
2.0944,16117,Rest,HAZIRLANIYOR...,0,0,0,0,165,7,1
2.0945,16118,Rest,HAZIRLANIYOR...,0,0,0,0,202,0,3
2.0945,16119,Rest,HAZIRLANIYOR...,0,0,0,0,234,0,6
2.1092,16120,Rest,HAZIRLANIYOR...,0,0,0,0,261,5,11
2.1092,16121,Rest,HAZIRLANIYOR...,0,0,0,0,283,10,14
2.1093,16122,Rest,HAZIRLANIYOR...,0,0,0,0,293,3,10
2.1093,16123,Rest,HAZIRLANIYOR...,0,0,0,0,280,0,2
2.1093,16124,Rest,HAZIRLANIYOR...,0,0,0,0,254,0,0
2.1093,16125,Rest,HAZIRLANIYOR...,0,0,0,0,237,4,0
2.1093,16126,Rest,HAZIRLANIYOR...,0,0,0,0,232,8,0
2.1093,16127,Rest,HAZIRLANIYOR...,0,20,0,13,231,0,5
2.1093,16128,Rest,HAZIRLANIYOR...,0,37,0,26,221,0,8
2.1093,16129,Rest,HAZIRLANIYOR...,0,43,13,41,185,0,0
2.1094,16130,Rest,HAZIRLANIYOR...,0,42,28,58,118,1,0
2.1094,16131,Rest,HAZIRLANIYOR...,0,37,43,76,43,6,0
2.1094,16132,Rest,HAZIRLANIYOR...,0,33,59,92,0,0,0
2.1094,16133,Rest,HAZIRLANIYOR...,0,26,73,104,0,0,0
2.1094,16134,Rest,HAZIRLANIYOR...,0,17,83,115,0,0,0
2.1094,16135,Rest,HAZIRLANIYOR...,0,8,90,122,0,0,0
2.1094,16136,Rest,HAZIRLANIYOR...,0,4,95,124,0,0,0
2.1094,16137,Rest,HAZIRLANIYOR...,0,7,96,121,0,0,0
2.1094,16138,Rest,HAZIRLANIYOR...,0,10,92,115,0,0,0
2.1095,16139,Rest,HAZIRLANIYOR...,0,6,84,106,0,0,0
2.1095,16140,Rest,HAZIRLANIYOR...,0,0,73,92,0,0,0
2.1095,16141,Rest,HAZIRLANIYOR...,0,0,61,73,0,0,0
2.1095,16142,Rest,HAZIRLANIYOR...,0,0,46,52,0,0,0
2.1095,16143,Rest,HAZIRLANIYOR...,0,0,30,32,0,0,0
2.1095,16144,Rest,HAZIRLANIYOR...,0,0,14,12,0,0,0
2.1095,16145,Rest,HAZIRLANIYOR...,0,0,0,0,0,0,0
2.1096,16146,Rest,HAZIRLANIYOR...,0,0,0,0,0,1,0
2.1246,16147,Rest,HAZIRLANIYOR...,0,0,0,0,0,1,0
2.1247,16148,Rest,HAZIRLANIYOR...,0,0,0,0,0,2,0
2.1247,16149,Rest,HAZIRLANIYOR...,0,0,0,0,0,3,0
2.1247,16150,Rest,HAZIRLANIYOR...,0,0,0,0,33,3,1
2.1247,16151,Rest,HAZIRLANIYOR...,0,4,0,0,86,2,1
2.1248,16152,Rest,HAZIRLANIYOR...,0,15,0,0,130,2,1
2.1248,16153,Rest,HAZIRLANIYOR...,0,21,0,0,164,3,3
2.1248,16154,Rest,HAZIRLANIYOR...,0,22,0,0,197,3,4
2.1248,16155,Rest,HAZIRLANIYOR...,0,22,0,0,233,0,1
2.1248,16156,Rest,HAZIRLANIYOR...,0,23,0,0,264,0,0
2.1248,16157,Rest,HAZIRLANIYOR...,0,26,0,0,273,0,0
2.1248,16158,Rest,HAZIRLANIYOR...,0,32,0,0,256,3,0
2.1249,16159,Rest,HAZIRLANIYOR...,0,38,0,0,232,4,0
2.1249,16160,Rest,HAZIRLANIYOR...,0,42,0,0,218,1,0
2.1249,16161,Rest,HAZIRLANIYOR...,0,44,0,0,213,0,0
2.1249,16162,Rest,HAZIRLANIYOR...,0,47,0,0,207,1,0
2.1249,16163,Rest,HAZIRLANIYOR...,0,51,0,0,197,9,0
2.1249,16164,Rest,HAZIRLANIYOR...,0,53,0,1,178,14,1
2.1250,16165,Rest,HAZIRLANIYOR...,0,49,11,15,137,6,0
2.1250,16166,Rest,HAZIRLANIYOR...,0,40,29,27,72,0,0
2.1250,16167,Rest,HAZIRLANIYOR...,0,33,47,39,1,0,0
2.1250,16168,Rest,HAZIRLANIYOR...,0,29,64,50,0,0,0
2.1250,16169,Rest,HAZIRLANIYOR...,0,27,79,58,0,0,0
2.1250,16170,Rest,HAZIRLANIYOR...,0,24,90,62,0,0,1
2.1250,16171,Rest,HAZIRLANIYOR...,0,17,96,65,0,0,1
2.1250,16172,Rest,HAZIRLANIYOR...,0,11,100,66,0,0,0
2.1251,16173,Rest,HAZIRLANIYOR...,0,7,101,67,0,0,0
2.1251,16174,Rest,HAZIRLANIYOR...,0,5,98,66,0,0,0
2.1400,16175,Rest,HAZIRLANIYOR...,0,4,94,64,0,0,0
2.1401,16176,Rest,HAZIRLANIYOR...,0,2,87,61,0,1,5
2.1401,16177,Rest,HAZIRLANIYOR...,0,0,78,56,0,1,12
2.1401,16178,Rest,HAZIRLANIYOR...,0,0,66,49,0,0,15
2.1402,16179,Rest,HAZIRLANIYOR...,0,0,54,40,0,0,8
2.1402,16180,Rest,HAZIRLANIYOR...,0,0,41,30,0,0,1
2.1402,16181,Rest,HAZIRLANIYOR...,0,0,26,19,0,0,2
2.1402,16182,Rest,HAZIRLANIYOR...,0,0,11,5,0,0,2
2.1402,16183,Rest,HAZIRLANIYOR...,0,0,0,0,0,1,0
2.1402,16184,Rest,HAZIRLANIYOR...,0,0,0,0,0,2,0
2.1402,16185,Rest,HAZIRLANIYOR...,0,0,0,0,18,4,0
2.1403,16186,Rest,HAZIRLANIYOR...,0,0,0,0,71,5,0
2.1403,16187,Rest,HAZIRLANIYOR...,0,0,0,0,115,4,0
2.1403,16188,Rest,HAZIRLANIYOR...,0,0,0,0,152,3,0
2.1403,16189,Rest,HAZIRLANIYOR...,0,0,0,0,187,1,0
2.1403,16190,Rest,HAZIRLANIYOR...,0,0,0,0,219,0,0
2.1403,16191,Rest,HAZIRLANIYOR...,0,0,0,0,245,0,0
2.1403,16192,Rest,HAZIRLANIYOR...,0,0,0,0,264,0,0
2.1405,16193,Rest,HAZIRLANIYOR...,0,0,0,0,271,3,0
2.1406,16194,Rest,HAZIRLANIYOR...,0,0,0,0,259,4,0
2.1406,16195,Rest,HAZIRLANIYOR...,0,0,0,0,236,2,0
2.1406,16196,Rest,HAZIRLANIYOR...,0,16,0,0,220,0,0
2.1406,16197,Rest,HAZIRLANIYOR...,0,34,0,7,215,0,3
2.1406,16198,Rest,HAZIRLANIYOR...,0,58,0,21,212,0,4
2.1407,16199,Rest,HAZIRLANIYOR...,0,87,0,36,195,0,0
2.1407,16200,Rest,HAZIRLANIYOR...,0,116,11,51,156,0,0
2.1408,16201,Rest,HAZIRLANIYOR...,0,139,22,65,100,0,0
2.1408,16202,Rest,HAZIRLANIYOR...,0,155,32,77,41,0,0
2.1562,16203,Rest,HAZIRLANIYOR...,0,168,41,86,0,0,0
2.1563,16204,Rest,HAZIRLANIYOR...,0,181,51,93,0,0,0
2.1563,16205,Rest,HAZIRLANIYOR...,0,194,59,98,0,0,0
2.1563,16206,Rest,HAZIRLANIYOR...,0,203,64,101,0,0,0
2.1564,16207,Rest,HAZIRLANIYOR...,0,209,64,99,0,0,0
2.1564,16208,Rest,HAZIRLANIYOR...,0,213,61,93,0,0,2
2.1564,16209,Rest,HAZIRLANIYOR...,0,215,57,84,0,0,10
2.1564,16210,Rest,HAZIRLANIYOR...,0,214,51,72,0,0,13
2.1564,16211,Rest,HAZIRLANIYOR...,0,206,42,60,0,0,4
2.1564,16212,Rest,HAZIRLANIYOR...,0,188,33,48,0,0,0
2.1564,16213,Rest,HAZIRLANIYOR...,0,163,22,35,0,0,0
2.1565,16214,Rest,HAZIRLANIYOR...,0,141,11,21,0,0,0
2.1565,16215,Rest,HAZIRLANIYOR...,0,123,0,6,0,2,5
2.1565,16216,Rest,HAZIRLANIYOR...,0,101,0,0,0,3,9
2.1565,16217,Rest,HAZIRLANIYOR...,0,75,0,0,0,7,2
2.1565,16218,Rest,HAZIRLANIYOR...,0,49,0,0,0,10,0
2.1565,16219,Rest,HAZIRLANIYOR...,0,26,0,0,0,6,0
2.1565,16220,Rest,HAZIRLANIYOR...,0,4,0,0,0,0,0
2.1565,16221,Rest,HAZIRLANIYOR...,0,0,0,0,32,0,1
2.1566,16222,Rest,HAZIRLANIYOR...,0,0,0,0,84,0,1
2.1566,16223,Rest,HAZIRLANIYOR...,0,0,0,0,126,2,0
2.1566,16224,Rest,HAZIRLANIYOR...,0,0,0,0,162,3,4
2.1566,16225,Rest,HAZIRLANIYOR...,0,0,0,0,195,6,6
2.1566,16226,Rest,HAZIRLANIYOR...,0,0,0,0,224,9,2
2.1566,16227,Rest,HAZIRLANIYOR...,0,0,0,0,244,3,1
2.1568,16228,Rest,HAZIRLANIYOR...,0,0,0,0,252,0,5
2.1568,16229,Rest,HAZIRLANIYOR...,0,0,0,0,252,0,2
2.1568,16230,Rest,HAZIRLANIYOR...,0,0,0,0,243,0,0
2.1715,16231,Rest,HAZIRLANIYOR...,0,0,0,0,232,0,0
2.1718,16232,Rest,HAZIRLANIYOR...,0,0,0,0,220,0,0
2.1718,16233,Rest,HAZIRLANIYOR...,0,0,0,0,211,0,7
2.1718,16234,Rest,HAZIRLANIYOR...,0,0,7,0,195,0,9
2.1718,16235,Rest,HAZIRLANIYOR...,0,0,24,19,159,0,0
2.1719,16236,Rest,HAZIRLANIYOR...,0,0,42,40,108,0,0
2.1719,16237,Rest,HAZIRLANIYOR...,0,0,61,60,61,0,0
2.1719,16238,Rest,HAZIRLANIYOR...,0,2,78,76,20,3,0
2.1719,16239,Rest,HAZIRLANIYOR...,0,14,92,88,0,6,0
2.1720,16240,Rest,HAZIRLANIYOR...,0,22,103,98,0,4,1
2.1720,16241,Rest,HAZIRLANIYOR...,0,24,110,105,0,0,4
2.1720,16242,Rest,HAZIRLANIYOR...,0,21,113,107,0,0,1
2.1720,16243,Rest,HAZIRLANIYOR...,0,17,111,106,0,0,0
2.1720,16244,Rest,HAZIRLANIYOR...,0,9,107,99,0,0,0
2.1720,16245,Rest,HAZIRLANIYOR...,0,0,99,88,0,0,0
2.1721,16246,Rest,HAZIRLANIYOR...,0,0,89,74,0,0,0
2.1721,16247,Rest,HAZIRLANIYOR...,0,0,78,61,0,0,0
2.1721,16248,Rest,HAZIRLANIYOR...,0,0,63,47,0,0,4
2.1721,16249,Rest,HAZIRLANIYOR...,0,0,46,30,0,0,7
2.1722,16250,Rest,HAZIRLANIYOR...,0,0,28,11,0,0,3
2.1722,16251,Rest,HAZIRLANIYOR...,0,0,12,0,0,0,0
2.1722,16252,Rest,HAZIRLANIYOR...,0,0,0,0,0,0,0
2.1722,16253,Rest,HAZIRLANIYOR...,0,0,0,0,0,0,0
2.1723,16254,Rest,HAZIRLANIYOR...,0,0,0,0,0,0,0
2.1723,16255,Rest,HAZIRLANIYOR...,0,0,0,0,0,2,0
2.1723,16256,Rest,HAZIRLANIYOR...,0,0,0,0,9,3,0
2.1723,16257,Rest,HAZIRLANIYOR...,0,0,0,0,62,5,0
2.1875,16258,Rest,HAZIRLANIYOR...,0,0,0,0,103,9,0
2.1876,16259,Rest,HAZIRLANIYOR...,0,0,0,0,139,12,0
2.1877,16260,Rest,HAZIRLANIYOR...,0,0,0,0,177,7,0
2.1877,16261,Rest,HAZIRLANIYOR...,0,0,0,0,212,0,4
2.1877,16262,Rest,HAZIRLANIYOR...,0,0,0,0,237,0,5
2.1877,16263,Rest,HAZIRLANIYOR...,0,0,0,0,251,0,3
2.1877,16264,Rest,HAZIRLANIYOR...,0,0,0,0,256,0,0
2.1877,16265,Rest,HAZIRLANIYOR...,0,0,0,0,252,3,0
2.1877,16266,Rest,HAZIRLANIYOR...,0,0,0,0,240,5,0
2.1877,16267,Rest,HAZIRLANIYOR...,0,0,0,0,228,3,1
2.1878,16268,Rest,HAZIRLANIYOR...,0,0,0,0,222,0,3
2.1878,16269,Rest,HAZIRLANIYOR...,0,26,0,0,215,0,4
2.1878,16270,Rest,HAZIRLANIYOR...,0,104,2,13,195,0,2
2.1878,16271,Rest,HAZIRLANIYOR...,0,172,14,27,154,0,1
2.1878,16272,Rest,HAZIRLANIYOR...,0,229,26,39,97,0,1
2.1878,16273,Rest,HAZIRLANIYOR...,0,276,38,47,34,0,1
2.1879,16274,Rest,HAZIRLANIYOR...,0,317,48,51,0,0,3
2.1879,16275,Rest,HAZIRLANIYOR...,0,350,54,52,0,2,8
2.1879,16276,Rest,HAZIRLANIYOR...,0,371,58,51,0,6,11
2.1879,16277,Rest,HAZIRLANIYOR...,0,381,65,51,0,0,4
2.1879,16278,Rest,HAZIRLANIYOR...,0,384,70,52,0,0,0
2.1879,16279,Rest,HAZIRLANIYOR...,0,379,69,55,0,0,0
2.1880,16280,Rest,HAZIRLANIYOR...,0,365,64,59,0,0,0
2.1880,16281,Rest,HAZIRLANIYOR...,0,340,57,60,0,2,0
2.1880,16282,Rest,HAZIRLANIYOR...,0,308,48,57,0,0,0
2.1880,16283,Rest,HAZIRLANIYOR...,0,274,37,50,0,0,0
2.1880,16284,Rest,HAZIRLANIYOR...,0,239,26,44,0,0,0
2.1881,16285,Rest,HAZIRLANIYOR...,0,205,13,37,0,0,0
2.2028,16286,Rest,HAZIRLANIYOR...,0,170,0,27,0,0,0
2.2029,16287,Rest,HAZIRLANIYOR...,0,136,0,15,0,0,0
2.2029,16288,Rest,HAZIRLANIYOR...,0,107,0,1,0,6,0
2.2029,16289,Rest,HAZIRLANIYOR...,0,86,0,0,0,13,0
2.2029,16290,Rest,HAZIRLANIYOR...,0,73,0,0,0,9,0
2.2029,16291,Rest,HAZIRLANIYOR...,0,64,0,0,0,1,1
2.2029,16292,Rest,HAZIRLANIYOR...,0,58,0,0,44,3,3
2.2029,16293,Rest,HAZIRLANIYOR...,0,58,0,0,89,10,3
2.2030,16294,Rest,HAZIRLANIYOR...,0,63,0,0,129,5,1
2.2030,16295,Rest,HAZIRLANIYOR...,0,71,0,0,169,0,0
2.2030,16296,Rest,HAZIRLANIYOR...,0,81,0,0,207,0,0
2.2030,16297,Rest,HAZIRLANIYOR...,0,93,0,0,242,0,1
2.2030,16298,Rest,HAZIRLANIYOR...,0,104,0,0,267,0,1
2.2030,16299,Rest,HAZIRLANIYOR...,0,113,0,0,277,0,0
2.2031,16300,Rest,HAZIRLANIYOR...,0,119,0,0,268,0,0
2.2031,16301,Rest,HAZIRLANIYOR...,0,120,0,0,251,0,0
2.2031,16302,Rest,HAZIRLANIYOR...,0,116,0,13,238,0,2
2.2031,16303,Rest,HAZIRLANIYOR...,0,107,0,25,233,0,3
2.2031,16304,Rest,HAZIRLANIYOR...,0,96,0,36,229,0,3
2.2031,16305,Rest,HAZIRLANIYOR...,0,84,0,46,216,0,1
2.2031,16306,Rest,HAZIRLANIYOR...,0,74,4,54,186,0,2
2.2031,16307,Rest,HAZIRLANIYOR...,0,64,15,61,135,0,10
2.2032,16308,Rest,HAZIRLANIYOR...,0,51,25,66,72,0,18
2.2032,16309,Rest,HAZIRLANIYOR...,0,34,34,69,9,0,15
2.2032,16310,Rest,HAZIRLANIYOR...,0,17,44,68,0,0,2
2.2032,16311,Rest,HAZIRLANIYOR...,0,0,54,66,0,0,0
2.2033,16312,Rest,HAZIRLANIYOR...,0,0,60,63,0,0,0
2.2179,16313,Rest,HAZIRLANIYOR...,0,0,61,60,0,0,0
2.2180,16314,Rest,HAZIRLANIYOR...,0,0,58,56,0,0,0
2.2180,16315,Rest,HAZIRLANIYOR...,0,0,54,50,0,0,0
2.2180,16316,Rest,HAZIRLANIYOR...,0,0,55,41,0,0,0
2.2180,16317,Rest,HAZIRLANIYOR...,0,0,56,29,0,0,0
2.2180,16318,Rest,HAZIRLANIYOR...,0,0,48,16,0,0,0
2.2180,16319,Rest,HAZIRLANIYOR...,0,0,36,4,0,0,0
2.2181,16320,Rest,HAZIRLANIYOR...,0,0,26,0,0,0,0
2.2181,16321,Rest,HAZIRLANIYOR...,0,0,18,0,0,0,0
2.2181,16322,Rest,HAZIRLANIYOR...,0,0,8,0,0,0,0
2.2181,16323,Rest,HAZIRLANIYOR...,0,0,0,0,0,0,0
2.2182,16324,Rest,HAZIRLANIYOR...,0,0,0,0,0,2,2
2.2182,16325,Rest,HAZIRLANIYOR...,0,0,0,0,0,7,5
2.2182,16326,Rest,HAZIRLANIYOR...,0,0,0,0,0,10,2
2.2182,16327,Rest,HAZIRLANIYOR...,0,0,0,0,22,5,0
2.2182,16328,Rest,HAZIRLANIYOR...,0,0,0,0,74,0,0
2.2182,16329,Rest,HAZIRLANIYOR...,0,0,0,0,116,0,0
2.2182,16330,Rest,HAZIRLANIYOR...,0,0,0,0,154,4,0
2.2183,16331,Rest,HAZIRLANIYOR...,0,0,0,0,190,2,2
2.2183,16332,Rest,HAZIRLANIYOR...,0,0,0,0,223,0,6
2.2183,16333,Rest,HAZIRLANIYOR...,0,0,0,0,249,0,3
2.2183,16334,Rest,HAZIRLANIYOR...,0,11,0,0,264,0,0
2.2183,16335,Rest,HAZIRLANIYOR...,0,34,0,0,267,4,4
2.2183,16336,Rest,HAZIRLANIYOR...,0,56,0,0,261,0,10
2.2183,16337,Rest,HAZIRLANIYOR...,0,82,0,0,255,0,4
2.2183,16338,Rest,HAZIRLANIYOR...,0,111,11,0,248,0,0
2.2184,16339,Rest,HAZIRLANIYOR...,0,139,27,0,235,1,0
2.2330,16340,Rest,HAZIRLANIYOR...,0,168,43,0,219,5,0
2.2331,16341,Rest,HAZIRLANIYOR...,0,199,60,16,201,2,0
2.2331,16342,Rest,HAZIRLANIYOR...,0,229,75,31,167,0,0
2.2331,16343,Rest,HAZIRLANIYOR...,0,256,84,47,102,0,0
2.2331,16344,Rest,HAZIRLANIYOR...,0,280,91,63,25,0,0
2.2331,16345,Rest,HAZIRLANIYOR...,0,298,98,77,0,0,0
2.2332,16346,Rest,HAZIRLANIYOR...,0,311,106,87,0,0,0
2.2332,16347,Rest,HAZIRLANIYOR...,0,319,111,93,0,0,0
2.2332,16348,Rest,HAZIRLANIYOR...,0,319,110,95,0,0,0
2.2332,16349,Rest,HAZIRLANIYOR...,0,310,106,97,0,0,0
2.2332,16350,Rest,HAZIRLANIYOR...,0,295,101,95,0,0,1
2.2333,16351,Rest,HAZIRLANIYOR...,0,277,94,90,0,0,6
2.2333,16352,Rest,HAZIRLANIYOR...,0,259,85,81,0,1,4
2.2333,16353,Rest,HAZIRLANIYOR...,0,241,73,71,0,3,2
2.2334,16354,Rest,HAZIRLANIYOR...,0,224,60,61,0,2,3
2.2334,16355,Rest,HAZIRLANIYOR...,0,208,45,50,0,6,8
2.2334,16356,Rest,HAZIRLANIYOR...,0,187,29,36,0,9,11
2.2334,16357,Rest,HAZIRLANIYOR...,0,159,12,18,0,5,4
2.2334,16358,Rest,HAZIRLANIYOR...,0,126,0,0,0,0,0
2.2334,16359,Rest,HAZIRLANIYOR...,0,94,0,0,0,0,0
2.2334,16360,Rest,HAZIRLANIYOR...,0,70,0,0,0,0,0
2.2334,16361,Rest,HAZIRLANIYOR...,0,53,0,0,0,2,0
2.2334,16362,Rest,HAZIRLANIYOR...,0,43,0,0,0,1,2
2.2335,16363,Rest,HAZIRLANIYOR...,0,36,0,0,57,0,4
2.2335,16364,Rest,HAZIRLANIYOR...,0,26,0,0,106,0,4
2.2335,16365,Rest,HAZIRLANIYOR...,0,8,0,0,144,0,4
2.2336,16366,Rest,HAZIRLANIYOR...,0,0,0,0,178,0,8
2.2484,16367,Rest,HAZIRLANIYOR...,0,0,0,0,215,0,10
2.2485,16368,Rest,HAZIRLANIYOR...,0,0,0,0,253,2,5
2.2485,16369,Rest,HAZIRLANIYOR...,0,0,0,0,279,3,0
2.2485,16370,Rest,HAZIRLANIYOR...,0,0,0,0,284,4,0
2.2485,16371,Rest,HAZIRLANIYOR...,0,0,0,0,276,4,0
2.2485,16372,Rest,HAZIRLANIYOR...,0,0,0,0,263,0,0
2.2485,16373,Rest,HAZIRLANIYOR...,0,0,0,0,244,0,0
2.2485,16374,Rest,HAZIRLANIYOR...,0,0,0,0,228,0,0
2.2485,16375,Rest,HAZIRLANIYOR...,0,0,0,0,222,1,0
2.2486,16376,Rest,HAZIRLANIYOR...,0,0,0,14,215,2,1
2.2486,16377,Rest,HAZIRLANIYOR...,0,0,0,29,182,0,7
2.2486,16378,Rest,HAZIRLANIYOR...,0,0,0,43,123,0,10
2.2486,16379,Rest,HAZIRLANIYOR...,0,0,12,57,56,0,4
2.2486,16380,Rest,HAZIRLANIYOR...,0,0,24,69,0,0,0
2.2486,16381,Rest,HAZIRLANIYOR...,0,0,34,79,0,0,0
2.2486,16382,Rest,HAZIRLANIYOR...,0,0,42,86,0,0,0
2.2486,16383,Rest,HAZIRLANIYOR...,0,0,47,91,0,0,0
2.2487,16384,Rest,HAZIRLANIYOR...,0,0,50,95,0,0,0
2.2487,16385,Rest,HAZIRLANIYOR...,0,0,50,97,0,3,0
2.2487,16386,Rest,HAZIRLANIYOR...,0,0,50,95,0,6,0
2.2487,16387,Rest,HAZIRLANIYOR...,0,0,48,92,0,1,0
2.2487,16388,Rest,HAZIRLANIYOR...,0,0,44,88,0,0,4
2.2487,16389,Rest,HAZIRLANIYOR...,0,0,37,80,0,0,5
2.2487,16390,Rest,HAZIRLANIYOR...,0,0,29,67,0,0,1
2.2488,16391,Rest,HAZIRLANIYOR...,0,0,19,52,0,0,0
2.2488,16392,Rest,HAZIRLANIYOR...,0,0,10,34,0,0,0
2.2488,16393,Rest,HAZIRLANIYOR...,0,0,0,16,0,0,0
2.2636,16394,Rest,HAZIRLANIYOR...,0,0,0,0,0,0,2
2.2637,16395,Rest,HAZIRLANIYOR...,0,0,0,0,0,0,9
2.2637,16396,Rest,HAZIRLANIYOR...,0,0,0,0,0,0,13
2.2637,16397,Rest,HAZIRLANIYOR...,0,0,0,0,0,0,5
2.2637,16398,Rest,HAZIRLANIYOR...,0,0,0,0,26,0,0
2.2637,16399,Rest,HAZIRLANIYOR...,0,0,0,0,100,1,0
2.2637,16400,Rest,HAZIRLANIYOR...,0,17,0,0,150,4,0
2.2638,16401,Rest,HAZIRLANIYOR...,0,42,0,0,181,8,0
2.2638,16402,Rest,HAZIRLANIYOR...,0,67,0,0,211,11,0
2.2638,16403,Rest,HAZIRLANIYOR...,0,91,0,0,244,6,0
2.2638,16404,Rest,HAZIRLANIYOR...,0,113,0,0,270,0,0
2.2638,16405,Rest,HAZIRLANIYOR...,0,135,0,0,283,0,1
2.2638,16406,Rest,HAZIRLANIYOR...,0,155,0,0,285,0,0
2.2638,16407,Rest,HAZIRLANIYOR...,0,173,0,0,276,0,0
2.2638,16408,Rest,HAZIRLANIYOR...,0,186,6,0,261,0,0
2.2639,16409,Rest,HAZIRLANIYOR...,0,189,17,0,246,0,0
2.2639,16410,Rest,HAZIRLANIYOR...,0,179,28,9,234,0,3
2.2639,16411,Rest,HAZIRLANIYOR...,0,160,38,22,222,1,3
2.2639,16412,Rest,HAZIRLANIYOR...,0,137,49,29,202,6,1
2.2639,16413,Rest,HAZIRLANIYOR...,0,114,58,38,164,3,1
2.2639,16414,Rest,HAZIRLANIYOR...,0,93,65,51,107,0,1
2.2639,16415,Rest,HAZIRLANIYOR...,0,75,71,60,40,0,0
2.2639,16416,Rest,HAZIRLANIYOR...,0,59,76,65,0,0,0
2.2640,16417,Rest,HAZIRLANIYOR...,0,41,79,69,0,0,0
2.2640,16418,Rest,HAZIRLANIYOR...,0,18,79,72,0,0,3
2.2640,16419,Rest,HAZIRLANIYOR...,0,0,78,72,0,0,3
2.2641,16420,Rest,HAZIRLANIYOR...,0,0,75,69,0,0,1
2.2789,16421,Rest,HAZIRLANIYOR...,0,0,69,62,0,0,0
2.2790,16422,Rest,HAZIRLANIYOR...,0,0,61,53,0,0,1
2.2790,16423,Rest,HAZIRLANIYOR...,0,0,51,44,0,0,2
2.2790,16424,Rest,HAZIRLANIYOR...,0,0,40,32,0,0,1
2.2790,16425,Rest,HAZIRLANIYOR...,0,0,28,20,0,0,0
2.2791,16426,Rest,HAZIRLANIYOR...,0,0,16,6,0,0,0
2.2791,16427,Rest,HAZIRLANIYOR...,0,0,3,0,0,0,0
2.2791,16428,Rest,HAZIRLANIYOR...,0,0,0,0,0,0,0
2.2791,16429,Rest,HAZIRLANIYOR...,0,0,0,0,0,1,0
2.2791,16430,Rest,HAZIRLANIYOR...,0,0,0,0,0,6,3
2.2792,16431,Rest,HAZIRLANIYOR...,0,0,0,0,0,8,6
2.2792,16432,Rest,HAZIRLANIYOR...,0,0,0,0,0,3,6
2.2792,16433,Rest,HAZIRLANIYOR...,0,4,0,0,23,0,1
2.2792,16434,Rest,HAZIRLANIYOR...,0,21,0,0,85,0,0
2.2794,16435,Rest,HAZIRLANIYOR...,0,31,0,0,126,2,2
2.2794,16436,Rest,HAZIRLANIYOR...,0,35,0,0,156,4,8
2.2795,16437,Rest,HAZIRLANIYOR...,0,43,0,0,191,2,4
2.2795,16438,Rest,HAZIRLANIYOR...,0,57,0,0,229,1,0
2.2795,16439,Rest,HAZIRLANIYOR...,0,69,0,0,261,1,0
2.2796,16440,Rest,HAZIRLANIYOR...,0,76,0,0,278,2,0
2.2796,16441,Rest,HAZIRLANIYOR...,0,79,0,0,285,2,0
2.2796,16442,Rest,HAZIRLANIYOR...,0,83,0,0,289,1,0
2.2796,16443,Rest,HAZIRLANIYOR...,0,92,0,0,287,0,0
2.2797,16444,Rest,HAZIRLANIYOR...,0,102,0,0,271,0,0
2.2797,16445,Rest,HAZIRLANIYOR...,0,111,0,0,249,0,0
2.2797,16446,Rest,HAZIRLANIYOR...,0,116,0,4,234,1,0
2.2798,16447,Rest,HAZIRLANIYOR...,0,121,0,22,216,1,0
2.2799,16448,Rest,HAZIRLANIYOR...,0,126,13,39,174,0,1
2.2942,16449,Rest,HAZIRLANIYOR...,0,127,30,56,111,0,0
2.2942,16450,Rest,HAZIRLANIYOR...,0,117,45,70,41,0,0
2.2943,16451,Rest,HAZIRLANIYOR...,0,98,57,82,0,0,0
2.2943,16452,Rest,HAZIRLANIYOR...,0,73,66,89,0,0,0
2.2943,16453,Rest,HAZIRLANIYOR...,0,45,74,92,0,0,0
2.2943,16454,Rest,HAZIRLANIYOR...,0,20,79,91,0,0,0
2.2943,16455,Rest,HAZIRLANIYOR...,0,2,79,90,0,0,0
2.2943,16456,Rest,HAZIRLANIYOR...,0,0,76,88,0,0,0
2.2943,16457,Rest,HAZIRLANIYOR...,0,0,71,82,0,0,0
2.2944,16458,Rest,HAZIRLANIYOR...,0,0,66,70,0,4,0
2.2944,16459,Rest,HAZIRLANIYOR...,0,0,61,55,0,13,0
2.2944,16460,Rest,HAZIRLANIYOR...,0,0,56,39,0,11,1
2.2944,16461,Rest,HAZIRLANIYOR...,0,0,52,25,0,0,0
2.2944,16462,Rest,HAZIRLANIYOR...,0,0,48,13,0,0,0
2.2944,16463,Rest,HAZIRLANIYOR...,0,0,43,3,0,0,0
2.2944,16464,Rest,HAZIRLANIYOR...,0,0,38,0,0,0,0
2.2945,16465,Rest,HAZIRLANIYOR...,0,0,32,0,0,0,1
2.2945,16466,Rest,HAZIRLANIYOR...,0,0,25,0,0,0,1
2.2945,16467,Rest,HAZIRLANIYOR...,0,0,17,0,0,2,0
2.2945,16468,Rest,HAZIRLANIYOR...,0,0,8,0,0,2,0
2.2945,16469,Rest,HAZIRLANIYOR...,0,0,0,0,61,0,0
2.2946,16470,Rest,HAZIRLANIYOR...,0,0,0,0,106,0,1
2.2946,16471,Rest,HAZIRLANIYOR...,0,0,0,0,144,0,2
2.2946,16472,Rest,HAZIRLANIYOR...,0,0,0,0,185,2,2
2.2946,16473,Rest,HAZIRLANIYOR...,0,0,0,0,226,2,0
2.2947,16474,Rest,HAZIRLANIYOR...,0,0,0,0,258,0,0
2.3092,16475,Rest,HAZIRLANIYOR...,0,0,0,0,281,0,0
2.3093,16476,Rest,HAZIRLANIYOR...,0,0,0,0,299,0,0
2.3093,16477,Rest,HAZIRLANIYOR...,0,0,0,0,304,0,0
2.3093,16478,Rest,HAZIRLANIYOR...,0,0,0,0,287,1,0
2.3094,16479,Rest,HAZIRLANIYOR...,0,0,0,0,261,1,0
2.3094,16480,Rest,HAZIRLANIYOR...,0,0,0,0,245,0,0
2.3094,16481,Rest,HAZIRLANIYOR...,0,0,0,9,241,0,0
2.3094,16482,Rest,HAZIRLANIYOR...,0,0,0,18,232,0,0
2.3094,16483,Rest,HAZIRLANIYOR...,0,3,0,26,202,0,0
2.3095,16484,Rest,HAZIRLANIYOR...,0,19,0,34,148,0,0
2.3095,16485,Rest,HAZIRLANIYOR...,0,35,0,42,81,0,1
2.3095,16486,Rest,HAZIRLANIYOR...,0,48,5,50,13,2,1
2.3095,16487,Rest,HAZIRLANIYOR...,0,58,10,55,0,3,1
2.3095,16488,Rest,HAZIRLANIYOR...,0,61,13,57,0,0,0
2.3095,16489,Rest,HAZIRLANIYOR...,0,59,15,56,0,0,0
2.3096,16490,Rest,HAZIRLANIYOR...,0,57,18,54,0,0,4
2.3096,16491,Rest,HAZIRLANIYOR...,0,60,21,53,0,0,8
2.3096,16492,Rest,HAZIRLANIYOR...,0,57,21,49,0,0,4
2.3096,16493,Rest,HAZIRLANIYOR...,0,36,15,38,0,0,0
2.3096,16494,Rest,HAZIRLANIYOR...,0,6,8,26,0,0,0
2.3096,16495,Rest,HAZIRLANIYOR...,0,0,2,20,0,0,0
2.3096,16496,Rest,HAZIRLANIYOR...,0,0,0,16,0,0,1
2.3097,16497,Rest,HAZIRLANIYOR...,0,0,0,4,0,0,5
2.3097,16498,Rest,HAZIRLANIYOR...,0,0,0,0,0,1,11
2.3097,16499,Rest,HAZIRLANIYOR...,0,0,0,0,0,6,9
2.3099,16500,Rest,HAZIRLANIYOR...,0,0,0,0,0,8,0
2.3099,16501,Rest,HAZIRLANIYOR...,0,0,0,0,0,1,0
2.3244,16502,Rest,HAZIRLANIYOR...,0,0,0,0,0,0,0
2.3246,16503,Rest,HAZIRLANIYOR...,0,0,0,0,0,0,7
2.3246,16504,Rest,HAZIRLANIYOR...,0,0,0,0,22,2,3
2.3246,16505,Rest,HAZIRLANIYOR...,0,8,0,0,77,4,0
2.3246,16506,Rest,HAZIRLANIYOR...,0,17,0,0,125,2,0
2.3246,16507,Rest,HAZIRLANIYOR...,0,17,0,0,167,2,0
2.3247,16508,Rest,HAZIRLANIYOR...,0,8,0,0,204,3,0
2.3247,16509,Rest,HAZIRLANIYOR...,0,0,0,0,235,3,0
2.3247,16510,Rest,HAZIRLANIYOR...,0,0,0,0,259,2,0
2.3249,16511,Rest,HAZIRLANIYOR...,0,0,0,0,274,0,0
2.3249,16512,Rest,HAZIRLANIYOR...,0,0,0,0,279,0,0
2.3249,16513,Rest,HAZIRLANIYOR...,0,0,0,0,275,0,0
2.3249,16514,Rest,HAZIRLANIYOR...,0,0,0,0,262,2,0
2.3250,16515,Rest,HAZIRLANIYOR...,0,0,13,0,248,2,0
2.3250,16516,Rest,HAZIRLANIYOR...,0,0,26,17,239,2,0
2.3250,16517,Rest,HAZIRLANIYOR...,0,0,39,36,231,2,0
2.3250,16518,Rest,HAZIRLANIYOR...,0,0,51,54,212,1,1
2.3251,16519,Rest,HAZIRLANIYOR...,0,0,62,69,171,0,6
2.3251,16520,Rest,HAZIRLANIYOR...,0,0,71,81,109,0,10
2.3251,16521,Rest,HAZIRLANIYOR...,0,4,79,92,41,3,3
2.3251,16522,Rest,HAZIRLANIYOR...,0,29,86,101,0,10,0
2.3251,16523,Rest,HAZIRLANIYOR...,0,53,92,106,0,7,0
2.3251,16524,Rest,HAZIRLANIYOR...,0,70,94,107,0,0,0
2.3252,16525,Rest,HAZIRLANIYOR...,0,79,92,105,0,0,0
2.3252,16526,Rest,HAZIRLANIYOR...,0,87,88,101,0,0,0
2.3252,16527,Rest,HAZIRLANIYOR...,0,99,84,96,0,0,0
2.3253,16528,Rest,HAZIRLANIYOR...,0,112,79,86,0,0,0
2.3254,16529,Rest,HAZIRLANIYOR...,0,123,70,73,0,0,0
2.3405,16530,Rest,HAZIRLANIYOR...,0,128,57,58,0,0,0
2.3406,16531,Rest,HAZIRLANIYOR...,0,128,43,43,0,0,0
2.3406,16532,Rest,HAZIRLANIYOR...,0,130,29,27,0,0,0
2.3406,16533,Rest,HAZIRLANIYOR...,0,137,15,10,0,0,0
2.3406,16534,Rest,HAZIRLANIYOR...,0,145,2,0,0,0,0
2.3407,16535,Rest,HAZIRLANIYOR...,0,153,0,0,0,4,3
2.3407,16536,Rest,HAZIRLANIYOR...,0,160,0,0,0,7,8
2.3407,16537,Rest,HAZIRLANIYOR...,0,170,0,0,0,0,6
2.3407,16538,Rest,HAZIRLANIYOR...,0,181,0,0,0,0,1
2.3407,16539,Rest,HAZIRLANIYOR...,0,193,0,0,2,0,0
2.3407,16540,Rest,HAZIRLANIYOR...,0,203,0,0,58,1,0
2.3407,16541,Rest,HAZIRLANIYOR...,0,208,0,0,98,5,1
2.3407,16542,Rest,HAZIRLANIYOR...,0,207,0,0,136,8,1
2.3408,16543,Rest,HAZIRLANIYOR...,0,201,0,0,178,9,0
2.3408,16544,Rest,HAZIRLANIYOR...,0,193,0,0,217,4,1
2.3408,16545,Rest,HAZIRLANIYOR...,0,181,0,0,247,0,9
2.3408,16546,Rest,HAZIRLANIYOR...,0,164,0,0,266,0,18
2.3408,16547,Rest,HAZIRLANIYOR...,0,144,0,0,277,0,13
2.3408,16548,Rest,HAZIRLANIYOR...,0,125,0,0,278,0,0
2.3408,16549,Rest,HAZIRLANIYOR...,0,108,0,0,269,0,0
2.3408,16550,Rest,HAZIRLANIYOR...,0,96,0,0,254,0,0
2.3409,16551,Rest,HAZIRLANIYOR...,0,88,0,0,241,1,0
2.3409,16552,Rest,HAZIRLANIYOR...,0,80,0,5,231,2,1
2.3409,16553,Rest,HAZIRLANIYOR...,0,68,2,21,217,9,0
2.3409,16554,Rest,HAZIRLANIYOR...,0,53,15,36,188,18,0
2.3409,16555,Rest,HAZIRLANIYOR...,0,39,26,50,138,20,0
2.3410,16556,Rest,HAZIRLANIYOR...,0,28,37,64,76,9,0
2.3561,16557,Rest,HAZIRLANIYOR...,0,21,47,75,10,0,3
2.3562,16558,Rest,HAZIRLANIYOR...,0,12,56,83,0,0,13
2.3562,16559,Rest,HAZIRLANIYOR...,0,0,63,85,0,0,8
2.3562,16560,Rest,HAZIRLANIYOR...,0,0,68,85,0,0,0
2.3562,16561,Rest,HAZIRLANIYOR...,0,0,69,82,0,0,0
2.3562,16562,Rest,HAZIRLANIYOR...,0,0,69,76,0,0,0
2.3562,16563,Rest,HAZIRLANIYOR...,0,0,67,67,0,0,1
2.3563,16564,Rest,HAZIRLANIYOR...,0,0,63,56,0,0,11
2.3563,16565,Rest,HAZIRLANIYOR...,0,0,56,45,0,0,17
2.3563,16566,Rest,HAZIRLANIYOR...,0,0,47,33,0,0,13
2.3563,16567,Rest,HAZIRLANIYOR...,0,0,36,21,0,0,5
2.3563,16568,Rest,HAZIRLANIYOR...,0,0,25,5,0,0,0
2.3563,16569,Rest,HAZIRLANIYOR...,0,0,12,0,0,0,0
2.3563,16570,Rest,HAZIRLANIYOR...,0,0,0,0,0,0,0
2.3564,16571,Rest,HAZIRLANIYOR...,0,0,0,0,0,2,0
2.3564,16572,Rest,HAZIRLANIYOR...,0,0,0,0,0,4,0
2.3564,16573,Rest,HAZIRLANIYOR...,0,0,0,0,0,5,0
2.3564,16574,Rest,HAZIRLANIYOR...,0,0,0,0,0,9,0
2.3564,16575,Rest,HAZIRLANIYOR...,0,0,0,0,36,13,0
2.3565,16576,Rest,HAZIRLANIYOR...,0,0,0,0,83,9,0
2.3565,16577,Rest,HAZIRLANIYOR...,0,0,0,0,126,1,1
2.3565,16578,Rest,HAZIRLANIYOR...,0,0,0,0,168,0,2
2.3565,16579,Rest,HAZIRLANIYOR...,0,0,0,0,209,2,0
2.3565,16580,Rest,HAZIRLANIYOR...,0,0,0,0,245,2,0
2.3565,16581,Rest,HAZIRLANIYOR...,0,0,0,0,267,0,7
2.3565,16582,Rest,HAZIRLANIYOR...,0,0,0,0,273,0,12
2.3566,16583,Rest,HAZIRLANIYOR...,0,0,0,0,270,0,5
2.3567,16584,Rest,HAZIRLANIYOR...,0,0,0,0,259,4,0
2.3713,16585,Rest,HAZIRLANIYOR...,0,42,0,0,245,5,0
2.3715,16586,Rest,HAZIRLANIYOR...,0,95,1,0,236,3,0
2.3715,16587,Rest,HAZIRLANIYOR...,0,138,13,0,234,1,1
2.3715,16588,Rest,HAZIRLANIYOR...,0,174,24,15,229,0,7
2.3715,16589,Rest,HAZIRLANIYOR...,0,205,33,34,205,0,14
2.3715,16590,Rest,HAZIRLANIYOR...,0,231,41,52,158,0,10
2.3716,16591,Rest,HAZIRLANIYOR...,0,251,47,66,99,0,0
2.3716,16592,Rest,HAZIRLANIYOR...,0,263,52,78,36,0,0
2.3716,16593,Rest,HAZIRLANIYOR...,0,268,56,88,0,0,0
2.3716,16594,Rest,HAZIRLANIYOR...,0,269,59,94,0,2,0
2.3716,16595,Rest,HAZIRLANIYOR...,0,265,60,97,0,5,0
2.3716,16596,Rest,HAZIRLANIYOR...,0,256,60,98,0,1,0
2.3717,16597,Rest,HAZIRLANIYOR...,0,242,59,97,0,0,0
2.3717,16598,Rest,HAZIRLANIYOR...,0,224,55,93,0,0,0
2.3717,16599,Rest,HAZIRLANIYOR...,0,201,50,87,0,0,0
2.3717,16600,Rest,HAZIRLANIYOR...,0,171,44,78,0,2,0
2.3717,16601,Rest,HAZIRLANIYOR...,0,137,36,68,0,0,0
2.3717,16602,Rest,HAZIRLANIYOR...,0,101,28,55,0,0,0
2.3717,16603,Rest,HAZIRLANIYOR...,0,66,20,40,0,0,1
2.3717,16604,Rest,HAZIRLANIYOR...,0,30,11,25,0,0,2
2.3718,16605,Rest,HAZIRLANIYOR...,0,0,2,11,0,2,0
2.3718,16606,Rest,HAZIRLANIYOR...,0,0,0,0,0,3,0
2.3718,16607,Rest,HAZIRLANIYOR...,0,0,0,0,0,4,0
2.3718,16608,Rest,HAZIRLANIYOR...,0,0,0,0,0,3,2
2.3718,16609,Rest,HAZIRLANIYOR...,0,0,0,0,0,1,10
2.3718,16610,Rest,HAZIRLANIYOR...,0,0,0,0,6,1,14
2.3720,16611,Rest,HAZIRLANIYOR...,0,0,0,0,61,4,7
2.3872,16612,Rest,HAZIRLANIYOR...,0,0,0,0,107,9,0
2.3874,16613,Rest,HAZIRLANIYOR...,0,0,0,0,146,10,0
2.3874,16614,Rest,HAZIRLANIYOR...,0,0,0,0,181,4,0
2.3874,16615,Rest,HAZIRLANIYOR...,0,0,0,0,214,0,0
2.3874,16616,Rest,HAZIRLANIYOR...,0,0,0,0,243,0,2
2.3875,16617,Rest,HAZIRLANIYOR...,0,0,0,0,266,0,2
2.3875,16618,Rest,HAZIRLANIYOR...,0,0,0,0,276,0,2
2.3875,16619,Rest,HAZIRLANIYOR...,0,0,0,0,272,0,6
2.3875,16620,Rest,HAZIRLANIYOR...,0,0,0,0,258,0,11
2.3875,16621,Rest,HAZIRLANIYOR...,0,0,0,0,244,0,6
2.3875,16622,Rest,HAZIRLANIYOR...,0,0,0,0,234,0,0
2.3876,16623,Rest,HAZIRLANIYOR...,0,0,1,0,226,0,0
2.3876,16624,Rest,HAZIRLANIYOR...,0,0,16,9,214,0,0
2.3876,16625,Rest,HAZIRLANIYOR...,0,0,29,22,184,1,0
2.3876,16626,Rest,HAZIRLANIYOR...,0,0,41,35,130,0,0
2.3876,16627,Rest,HAZIRLANIYOR...,0,0,50,44,65,0,0
2.3877,16628,Rest,HAZIRLANIYOR...,0,0,58,53,2,1,0
2.3877,16629,Rest,HAZIRLANIYOR...,0,0,63,61,0,3,0
2.3877,16630,Rest,HAZIRLANIYOR...,0,0,67,66,0,0,0
2.3877,16631,Rest,HAZIRLANIYOR...,0,0,69,66,0,0,0
2.3877,16632,Rest,HAZIRLANIYOR...,0,0,70,64,0,0,0
2.3877,16633,Rest,HAZIRLANIYOR...,0,0,68,64,0,0,1
2.3877,16634,Rest,HAZIRLANIYOR...,0,0,64,64,0,0,0
2.3878,16635,Rest,HAZIRLANIYOR...,0,0,59,57,0,0,0
2.3878,16636,Rest,HAZIRLANIYOR...,0,0,53,45,0,0,0
2.3878,16637,Rest,HAZIRLANIYOR...,0,0,44,33,0,0,2
2.3878,16638,Rest,HAZIRLANIYOR...,0,0,32,23,0,0,2
2.3879,16639,Rest,HAZIRLANIYOR...,0,0,18,10,0,0,1
2.3879,16640,Rest,HAZIRLANIYOR...,0,0,5,0,0,0,1
2.4024,16641,Rest,HAZIRLANIYOR...,0,0,0,0,0,0,1
2.4024,16642,Rest,HAZIRLANIYOR...,0,0,0,0,0,0,1
2.4024,16643,Rest,HAZIRLANIYOR...,0,0,0,0,0,0,0
2.4025,16644,Rest,HAZIRLANIYOR...,0,0,0,0,0,1,0
2.4025,16645,Rest,HAZIRLANIYOR...,0,0,0,0,0,2,0
2.4025,16646,Rest,HAZIRLANIYOR...,0,0,0,0,37,3,0
2.4025,16647,Rest,HAZIRLANIYOR...,0,0,0,0,94,3,0
2.4025,16648,Rest,HAZIRLANIYOR...,0,0,0,0,134,2,0
2.4025,16649,Rest,HAZIRLANIYOR...,0,0,0,0,160,2,2
2.4026,16650,Rest,HAZIRLANIYOR...,0,0,0,0,188,1,3
2.4026,16651,Rest,HAZIRLANIYOR...,0,26,0,0,223,1,1
2.4026,16652,Rest,HAZIRLANIYOR...,0,69,0,0,253,1,0
2.4026,16653,Rest,HAZIRLANIYOR...,0,106,0,0,268,0,0
2.4026,16654,Rest,HAZIRLANIYOR...,0,134,0,0,268,0,1
2.4026,16655,Rest,HAZIRLANIYOR...,0,157,0,0,260,0,1
2.4026,16656,Rest,HAZIRLANIYOR...,0,179,0,0,248,0,2
2.4026,16657,Rest,HAZIRLANIYOR...,0,196,0,0,237,0,7
2.4027,16658,Rest,HAZIRLANIYOR...,0,206,0,6,229,0,10
2.4027,16659,Rest,HAZIRLANIYOR...,0,214,12,24,222,0,3
2.4027,16660,Rest,HAZIRLANIYOR...,0,223,23,42,202,0,0
2.4027,16661,Rest,HAZIRLANIYOR...,0,229,31,59,162,0,0
2.4027,16662,Rest,HAZIRLANIYOR...,0,228,39,73,104,0,0
2.4027,16663,Rest,HAZIRLANIYOR...,0,222,48,85,36,1,0
2.4027,16664,Rest,HAZIRLANIYOR...,0,209,58,96,0,2,0
2.4027,16665,Rest,HAZIRLANIYOR...,0,191,65,103,0,1,0
2.4028,16666,Rest,HAZIRLANIYOR...,0,170,68,108,0,0,0
2.4174,16667,Rest,HAZIRLANIYOR...,0,146,68,110,0,0,0
2.4175,16668,Rest,HAZIRLANIYOR...,0,114,65,110,0,0,0
2.4176,16669,Rest,HAZIRLANIYOR...,0,81,63,106,0,0,0
2.4176,16670,Rest,HAZIRLANIYOR...,0,50,59,97,0,0,5
2.4176,16671,Rest,HAZIRLANIYOR...,0,20,53,86,0,0,8
2.4176,16672,Rest,HAZIRLANIYOR...,0,0,44,74,0,0,3
2.4176,16673,Rest,HAZIRLANIYOR...,0,0,33,62,0,0,0
2.4177,16674,Rest,HAZIRLANIYOR...,0,0,23,48,0,0,0
2.4177,16675,Rest,HAZIRLANIYOR...,0,0,13,30,0,0,0
2.4177,16676,Rest,HAZIRLANIYOR...,0,0,1,12,0,0,5
2.4177,16677,Rest,HAZIRLANIYOR...,0,0,0,0,0,0,6
2.4177,16678,Rest,HAZIRLANIYOR...,0,0,0,0,0,0,0
2.4177,16679,Rest,HAZIRLANIYOR...,0,0,0,0,0,0,0
2.4177,16680,Rest,HAZIRLANIYOR...,0,0,0,0,0,0,0
2.4177,16681,Rest,HAZIRLANIYOR...,0,0,0,0,11,7,0
2.4178,16682,Rest,HAZIRLANIYOR...,0,0,0,0,60,10,0
2.4178,16683,Rest,HAZIRLANIYOR...,0,0,0,0,99,5,0
2.4178,16684,Rest,HAZIRLANIYOR...,0,0,0,0,139,0,0
2.4178,16685,Rest,HAZIRLANIYOR...,0,0,0,0,180,0,0
2.4178,16686,Rest,HAZIRLANIYOR...,0,0,0,0,216,3,0
2.4178,16687,Rest,HAZIRLANIYOR...,0,0,0,0,243,4,0
2.4178,16688,Rest,HAZIRLANIYOR...,0,0,0,0,260,4,0
2.4178,16689,Rest,HAZIRLANIYOR...,0,0,0,0,270,3,0
2.4178,16690,Rest,HAZIRLANIYOR...,0,0,0,0,269,1,0
2.4179,16691,Rest,HAZIRLANIYOR...,0,21,0,0,257,0,0
2.4179,16692,Rest,HAZIRLANIYOR...,0,92,0,0,240,0,0
2.4179,16693,Rest,HAZIRLANIYOR...,0,156,0,0,230,0,0
2.4337,16694,Rest,HAZIRLANIYOR...,0,216,5,0,224,0,0
2.4337,16695,Rest,HAZIRLANIYOR...,0,272,15,11,209,0,1
2.4338,16696,Rest,HAZIRLANIYOR...,0,325,25,26,172,0,1
2.4338,16697,Rest,HAZIRLANIYOR...,0,369,35,41,118,0,0
2.4338,16698,Rest,HAZIRLANIYOR...,0,400,44,56,58,0,0
2.4338,16699,Rest,HAZIRLANIYOR...,0,418,50,68,0,0,0
2.4338,16700,Rest,HAZIRLANIYOR...,0,423,54,76,0,0,0
2.4338,16701,Rest,HAZIRLANIYOR...,0,418,55,81,0,0,0
2.4338,16702,Rest,HAZIRLANIYOR...,0,402,55,83,0,0,1
2.4339,16703,Rest,HAZIRLANIYOR...,0,373,54,84,0,0,8
2.4339,16704,Rest,HAZIRLANIYOR...,0,333,52,82,0,0,11
2.4339,16705,Rest,HAZIRLANIYOR...,0,287,49,76,0,0,4
2.4339,16706,Rest,HAZIRLANIYOR...,0,238,44,68,0,0,0
2.4339,16707,Rest,HAZIRLANIYOR...,0,188,38,58,0,0,0
2.4339,16708,Rest,HAZIRLANIYOR...,0,136,30,49,0,0,0
2.4339,16709,Rest,HAZIRLANIYOR...,0,83,22,38,0,0,0
2.4339,16710,Rest,HAZIRLANIYOR...,0,32,13,26,0,0,0
2.4339,16711,Rest,HAZIRLANIYOR...,0,0,5,11,0,0,0
2.4340,16712,Rest,HAZIRLANIYOR...,0,0,0,0,0,0,0
2.4340,16713,Rest,HAZIRLANIYOR...,0,0,0,0,0,0,2
2.4340,16714,Rest,HAZIRLANIYOR...,0,0,0,0,0,0,3
2.4340,16715,Rest,HAZIRLANIYOR...,0,0,0,0,0,0,3
2.4340,16716,Rest,HAZIRLANIYOR...,0,0,0,0,0,0,1
2.4340,16717,Rest,HAZIRLANIYOR...,0,0,0,0,39,0,0
2.4340,16718,Rest,HAZIRLANIYOR...,0,0,0,0,88,2,1
2.4340,16719,Rest,HAZIRLANIYOR...,0,0,0,0,127,2,1
2.4341,16720,Rest,HAZIRLANIYOR...,0,0,0,0,161,2,1
2.4341,16721,Rest,HAZIRLANIYOR...,0,0,0,0,197,2,0
2.4342,16722,Rest,HAZIRLANIYOR...,0,0,0,0,239,2,1
2.4488,16723,Rest,HAZIRLANIYOR...,0,0,0,0,269,2,1
2.4489,16724,Rest,HAZIRLANIYOR...,0,0,0,0,274,0,0
2.4489,16725,Rest,HAZIRLANIYOR...,0,0,0,0,263,0,0
2.4489,16726,Rest,HAZIRLANIYOR...,0,0,0,0,252,0,0
2.4490,16727,Rest,HAZIRLANIYOR...,0,0,0,0,244,1,0
2.4490,16728,Rest,HAZIRLANIYOR...,0,0,0,0,234,3,1
2.4490,16729,Rest,HAZIRLANIYOR...,0,0,0,0,225,2,0
2.4490,16730,Rest,HAZIRLANIYOR...,0,0,2,13,217,0,0
2.4490,16731,Rest,HAZIRLANIYOR...,0,0,15,29,195,0,0
2.4491,16732,Rest,HAZIRLANIYOR...,0,0,26,44,150,1,0
2.4491,16733,Rest,HAZIRLANIYOR...,0,0,35,58,87,5,0
2.4491,16734,Rest,HAZIRLANIYOR...,0,0,43,70,22,8,0
2.4491,16735,Rest,HAZIRLANIYOR...,0,0,51,77,0,3,0
2.4491,16736,Rest,HAZIRLANIYOR...,0,0,59,82,0,0,1
2.4491,16737,Rest,HAZIRLANIYOR...,0,0,62,84,0,0,2
2.4491,16738,Rest,HAZIRLANIYOR...,0,0,62,85,0,0,0
2.4492,16739,Rest,HAZIRLANIYOR...,0,0,61,83,0,0,0
2.4492,16740,Rest,HAZIRLANIYOR...,0,0,59,77,0,2,3
2.4492,16741,Rest,HAZIRLANIYOR...,0,0,56,67,0,4,5
2.4492,16742,Rest,HAZIRLANIYOR...,0,0,51,57,0,0,0
2.4492,16743,Rest,HAZIRLANIYOR...,0,0,45,47,0,0,0
2.4492,16744,Rest,HAZIRLANIYOR...,0,0,41,35,0,0,0
2.4492,16745,Rest,HAZIRLANIYOR...,0,0,36,20,0,0,8
2.4493,16746,Rest,HAZIRLANIYOR...,0,0,28,5,0,0,12
2.4493,16747,Rest,HAZIRLANIYOR...,0,0,18,0,0,0,3
2.4494,16748,Rest,HAZIRLANIYOR...,0,0,9,0,0,0,0
2.4494,16749,Rest,HAZIRLANIYOR...,0,0,0,0,0,0,0
2.4649,16750,Rest,HAZIRLANIYOR...,0,0,0,0,0,0,0
2.4650,16751,Rest,HAZIRLANIYOR...,0,0,0,0,0,1,1
2.4651,16752,Rest,HAZIRLANIYOR...,0,0,0,0,24,1,0
2.4651,16753,Rest,HAZIRLANIYOR...,0,0,0,0,72,1,0
2.4651,16754,Rest,HAZIRLANIYOR...,0,0,0,0,107,0,0
2.4651,16755,Rest,HAZIRLANIYOR...,0,0,0,0,144,0,7
2.4651,16756,Rest,HAZIRLANIYOR...,0,0,0,0,184,0,11
2.4651,16757,Rest,HAZIRLANIYOR...,0,0,0,0,220,0,5
2.4651,16758,Rest,HAZIRLANIYOR...,0,0,0,0,245,0,0
2.4651,16759,Rest,HAZIRLANIYOR...,0,0,0,0,262,0,0
2.4652,16760,Rest,HAZIRLANIYOR...,0,0,0,0,269,0,0
2.4652,16761,Rest,HAZIRLANIYOR...,0,0,0,0,265,0,0
2.4652,16762,Rest,HAZIRLANIYOR...,0,29,0,0,253,0,3
2.4652,16763,Rest,HAZIRLANIYOR...,0,81,0,0,239,0,8
2.4652,16764,Rest,HAZIRLANIYOR...,0,126,0,0,230,6,2
2.4653,16765,Rest,HAZIRLANIYOR...,0,166,0,0,223,13,0
2.4653,16766,Rest,HAZIRLANIYOR...,0,205,12,11,206,15,0
2.4653,16767,Rest,HAZIRLANIYOR...,0,242,23,24,163,7,0
2.4653,16768,Rest,HAZIRLANIYOR...,0,271,34,36,102,0,0
2.4653,16769,Rest,HAZIRLANIYOR...,0,290,44,48,44,0,0
2.4654,16770,Rest,HAZIRLANIYOR...,0,300,54,57,0,0,0
2.4654,16771,Rest,HAZIRLANIYOR...,0,303,62,65,0,0,0
2.4654,16772,Rest,HAZIRLANIYOR...,0,295,68,71,0,0,0
2.4654,16773,Rest,HAZIRLANIYOR...,0,272,69,75,0,0,0
2.4654,16774,Rest,HAZIRLANIYOR...,0,237,66,76,0,0,0
2.4655,16775,Rest,HAZIRLANIYOR...,0,203,62,76,0,0,0
2.4655,16776,Rest,HAZIRLANIYOR...,0,175,56,74,0,0,0
2.4656,16777,Rest,HAZIRLANIYOR...,0,151,49,71,0,0,0
2.4801,16778,Rest,HAZIRLANIYOR...,0,126,41,65,0,0,0
2.4802,16779,Rest,HAZIRLANIYOR...,0,100,31,58,0,4,0
2.4803,16780,Rest,HAZIRLANIYOR...,0,73,20,50,0,6,0
2.4803,16781,Rest,HAZIRLANIYOR...,0,50,8,40,0,1,0
2.4803,16782,Rest,HAZIRLANIYOR...,0,31,0,29,0,0,0
2.4803,16783,Rest,HAZIRLANIYOR...,0,18,0,16,0,2,0
2.4803,16784,Rest,HAZIRLANIYOR...,0,13,0,4,0,3,0
2.4804,16785,Rest,HAZIRLANIYOR...,0,20,0,0,0,0,0
2.4804,16786,Rest,HAZIRLANIYOR...,0,36,0,0,0,0,0
2.4804,16787,Rest,HAZIRLANIYOR...,0,58,0,0,0,0,0
2.4804,16788,Rest,HAZIRLANIYOR...,0,79,0,0,48,1,3
2.4804,16789,Rest,HAZIRLANIYOR...,0,101,0,0,99,0,5
2.4804,16790,Rest,HAZIRLANIYOR...,0,125,0,0,140,0,5
2.4804,16791,Rest,HAZIRLANIYOR...,0,149,0,0,176,8,7
2.4805,16792,Rest,HAZIRLANIYOR...,0,171,0,0,211,18,9
2.4805,16793,Rest,HAZIRLANIYOR...,0,194,0,0,242,13,5
2.4805,16794,Rest,HAZIRLANIYOR...,0,220,0,0,265,0,0
2.4805,16795,Rest,HAZIRLANIYOR...,0,250,0,0,279,0,0
2.4805,16796,Rest,HAZIRLANIYOR...,0,285,0,0,280,0,8
2.4805,16797,Rest,HAZIRLANIYOR...,0,318,0,0,265,0,16
2.4805,16798,Rest,HAZIRLANIYOR...,0,346,0,0,243,0,12
2.4806,16799,Rest,HAZIRLANIYOR...,0,366,0,0,230,0,0
2.4806,16800,Rest,HAZIRLANIYOR...,0,382,0,0,225,0,0
2.4806,16801,Rest,HAZIRLANIYOR...,0,393,0,3,216,0,0
2.4806,16802,Rest,HAZIRLANIYOR...,0,393,10,17,191,0,0
2.4806,16803,Rest,HAZIRLANIYOR...,0,379,24,33,144,0,0
2.4809,16804,Rest,HAZIRLANIYOR...,0,350,40,48,80,0,0
2.4961,16805,Rest,HAZIRLANIYOR...,0,309,54,60,12,0,0
2.4962,16806,Rest,HAZIRLANIYOR...,0,260,65,68,0,0,0
2.4962,16807,Rest,HAZIRLANIYOR...,0,204,73,75,0,2,0
2.4962,16808,Rest,HAZIRLANIYOR...,0,145,80,82,0,5,0
2.4962,16809,Rest,HAZIRLANIYOR...,0,84,87,85,0,0,0
2.4962,16810,Rest,HAZIRLANIYOR...,0,25,89,85,0,0,1
2.4962,16811,Rest,HAZIRLANIYOR...,0,0,86,82,0,0,6
2.4963,16812,Rest,HAZIRLANIYOR...,0,0,81,78,0,0,3
2.4963,16813,Rest,HAZIRLANIYOR...,0,0,77,70,0,0,0
2.4963,16814,Rest,HAZIRLANIYOR...,0,0,72,58,0,0,0
2.4963,16815,Rest,HAZIRLANIYOR...,0,0,62,44,0,0,4
2.4963,16816,Rest,HAZIRLANIYOR...,0,0,49,29,0,0,9
2.4963,16817,Rest,HAZIRLANIYOR...,0,0,36,13,0,0,0
2.4963,16818,Rest,HAZIRLANIYOR...,0,0,21,0,0,0,0
2.4964,16819,Rest,HAZIRLANIYOR...,0,0,7,0,0,0,0
2.4964,16820,Rest,HAZIRLANIYOR...,0,0,0,0,0,2,3
2.4964,16821,Rest,HAZIRLANIYOR...,0,0,0,0,0,7,2
2.4964,16822,Rest,HAZIRLANIYOR...,0,0,0,0,0,11,0
2.4964,16823,Rest,HAZIRLANIYOR...,0,0,0,0,17,6,0
2.4964,16824,Rest,HAZIRLANIYOR...,0,0,0,0,76,0,3
2.4964,16825,Rest,HAZIRLANIYOR...,0,0,0,0,123,0,9
2.4964,16826,Rest,HAZIRLANIYOR...,0,0,0,0,152,0,2
2.4965,16827,Rest,HAZIRLANIYOR...,0,0,0,0,181,0,0
2.4965,16828,Rest,HAZIRLANIYOR...,0,0,0,0,217,1,0
2.4966,16829,Rest,HAZIRLANIYOR...,0,0,0,0,247,3,0
2.4966,16830,Rest,HAZIRLANIYOR...,0,0,0,0,258,5,3
2.4966,16831,Rest,HAZIRLANIYOR...,0,0,0,0,258,8,4
2.4967,16832,Rest,HAZIRLANIYOR...,0,0,0,0,254,10,0
2.5114,16833,Rest,HAZIRLANIYOR...,0,0,0,0,245,4,0
2.5115,16834,Rest,HAZIRLANIYOR...,0,0,0,0,234,0,0
2.5115,16835,Rest,HAZIRLANIYOR...,0,22,0,0,228,0,4
2.5115,16836,Rest,HAZIRLANIYOR...,0,61,0,0,227,0,10
2.5116,16837,Rest,HAZIRLANIYOR...,0,93,0,7,215,0,2
2.5116,16838,Rest,HAZIRLANIYOR...,0,117,2,24,170,0,0
2.5116,16839,Rest,HAZIRLANIYOR...,0,132,14,40,102,0,0
2.5116,16840,Rest,HAZIRLANIYOR...,0,141,26,55,37,0,0
2.5116,16841,Rest,HAZIRLANIYOR...,0,146,36,68,0,0,0
2.5116,16842,Rest,HAZIRLANIYOR...,0,148,46,78,0,0,0
2.5116,16843,Rest,HAZIRLANIYOR...,0,149,54,85,0,0,0
2.5117,16844,Rest,HAZIRLANIYOR...,0,153,58,90,0,0,0
2.5117,16845,Rest,HAZIRLANIYOR...,0,159,61,93,0,0,0
2.5117,16846,Rest,HAZIRLANIYOR...,0,166,64,95,0,0,0
2.5117,16847,Rest,HAZIRLANIYOR...,0,171,65,92,0,0,0
2.5117,16848,Rest,HAZIRLANIYOR...,0,172,63,84,0,0,0
2.5117,16849,Rest,HAZIRLANIYOR...,0,168,58,75,0,0,1
2.5117,16850,Rest,HAZIRLANIYOR...,0,159,50,64,0,0,0
2.5117,16851,Rest,HAZIRLANIYOR...,0,146,41,53,0,0,0
2.5117,16852,Rest,HAZIRLANIYOR...,0,127,31,39,0,2,0
2.5118,16853,Rest,HAZIRLANIYOR...,0,99,20,25,0,3,5
2.5118,16854,Rest,HAZIRLANIYOR...,0,64,7,12,0,0,10
2.5118,16855,Rest,HAZIRLANIYOR...,0,29,0,0,0,0,4
2.5118,16856,Rest,HAZIRLANIYOR...,0,0,0,0,0,1,0
2.5118,16857,Rest,HAZIRLANIYOR...,0,0,0,0,0,2,2
2.5118,16858,Rest,HAZIRLANIYOR...,0,0,0,0,0,1,10
2.5118,16859,Rest,HAZIRLANIYOR...,0,0,0,0,54,0,4
2.5269,16860,Rest,HAZIRLANIYOR...,0,0,0,0,102,0,0
2.5270,16861,Rest,HAZIRLANIYOR...,0,0,0,0,145,0,0
2.5270,16862,Rest,HAZIRLANIYOR...,0,0,0,0,187,2,0
2.5270,16863,Rest,HAZIRLANIYOR...,0,0,0,0,226,5,0
2.5270,16864,Rest,HAZIRLANIYOR...,0,0,0,0,249,6,0
2.5270,16865,Rest,HAZIRLANIYOR...,0,0,0,0,259,4,0
2.5271,16866,Rest,HAZIRLANIYOR...,0,0,0,0,267,2,0
2.5271,16867,Rest,HAZIRLANIYOR...,0,0,0,0,274,2,0
2.5271,16868,Rest,HAZIRLANIYOR...,0,0,0,0,273,3,1
2.5271,16869,Rest,HAZIRLANIYOR...,0,0,0,0,261,2,1
2.5272,16870,Rest,HAZIRLANIYOR...,0,0,0,0,238,2,0
2.5272,16871,Rest,HAZIRLANIYOR...,0,0,0,0,215,1,0
2.5272,16872,Rest,HAZIRLANIYOR...,0,0,1,14,202,0,0
2.5272,16873,Rest,HAZIRLANIYOR...,0,0,18,30,182,1,1
2.5272,16874,Rest,HAZIRLANIYOR...,0,0,33,46,142,0,2
2.5272,16875,Rest,HAZIRLANIYOR...,0,0,47,62,82,0,4
2.5273,16876,Rest,HAZIRLANIYOR...,0,0,62,76,11,0,9
2.5273,16877,Rest,HAZIRLANIYOR...,0,0,75,90,0,0,13
2.5274,16878,Rest,HAZIRLANIYOR...,0,0,84,98,0,0,6
2.5274,16879,Rest,HAZIRLANIYOR...,0,0,89,101,0,0,0
2.5274,16880,Rest,HAZIRLANIYOR...,0,0,91,100,0,0,0
2.5274,16881,Rest,HAZIRLANIYOR...,0,0,92,94,0,0,0
2.5274,16882,Rest,HAZIRLANIYOR...,0,0,92,84,0,0,0
2.5274,16883,Rest,HAZIRLANIYOR...,0,0,88,72,0,0,0
2.5274,16884,Rest,HAZIRLANIYOR...,0,0,82,59,0,0,0
2.5275,16885,Rest,HAZIRLANIYOR...,0,0,73,47,0,0,0
2.5275,16886,Rest,HAZIRLANIYOR...,0,0,62,34,0,0,0
2.5276,16887,Rest,HAZIRLANIYOR...,0,0,49,16,0,0,2
2.5420,16888,Rest,HAZIRLANIYOR...,0,0,34,0,0,0,2
2.5421,16889,Rest,HAZIRLANIYOR...,0,0,18,0,0,0,1
2.5421,16890,Rest,HAZIRLANIYOR...,0,0,3,0,0,0,0
2.5422,16891,Rest,HAZIRLANIYOR...,0,31,0,0,0,0,0
2.5422,16892,Rest,HAZIRLANIYOR...,0,65,0,0,0,0,0
2.5422,16893,Rest,HAZIRLANIYOR...,0,94,0,0,0,3,0
2.5422,16894,Rest,HAZIRLANIYOR...,0,116,0,0,21,2,1
2.5422,16895,Rest,HAZIRLANIYOR...,0,131,0,0,83,2,1
2.5422,16896,Rest,HAZIRLANIYOR...,0,147,0,0,129,1,0
2.5422,16897,Rest,HAZIRLANIYOR...,0,168,0,0,158,3,0
2.5422,16898,Rest,HAZIRLANIYOR...,0,189,0,0,183,8,0
2.5422,16899,Rest,HAZIRLANIYOR...,0,213,0,0,216,10,0
2.5423,16900,Rest,HAZIRLANIYOR...,0,249,0,0,247,3,0
2.5423,16901,Rest,HAZIRLANIYOR...,0,296,0,0,264,0,0
2.5423,16902,Rest,HAZIRLANIYOR...,0,342,0,0,267,0,0
2.5423,16903,Rest,HAZIRLANIYOR...,0,378,0,0,258,0,0
2.5423,16904,Rest,HAZIRLANIYOR...,0,403,0,0,246,0,0
2.5423,16905,Rest,HAZIRLANIYOR...,0,418,0,0,234,0,0
2.5424,16906,Rest,HAZIRLANIYOR...,0,424,0,0,225,0,0
2.5424,16907,Rest,HAZIRLANIYOR...,0,422,0,0,213,1,1
2.5424,16908,Rest,HAZIRLANIYOR...,0,415,0,14,192,0,0
2.5424,16909,Rest,HAZIRLANIYOR...,0,403,6,28,158,0,0
2.5424,16910,Rest,HAZIRLANIYOR...,0,385,21,43,109,0,0
2.5424,16911,Rest,HAZIRLANIYOR...,0,361,34,56,46,0,0
2.5424,16912,Rest,HAZIRLANIYOR...,0,328,44,66,0,0,0
2.5425,16913,Rest,HAZIRLANIYOR...,0,287,52,73,0,0,5
2.5425,16914,Rest,HAZIRLANIYOR...,0,240,57,77,0,0,10
2.5571,16915,Rest,HAZIRLANIYOR...,0,192,60,80,0,0,4
2.5572,16916,Rest,HAZIRLANIYOR...,0,141,62,79,0,0,0
2.5572,16917,Rest,HAZIRLANIYOR...,0,86,61,74,0,0,0
2.5573,16918,Rest,HAZIRLANIYOR...,0,30,57,66,0,0,0
2.5573,16919,Rest,HAZIRLANIYOR...,0,0,49,55,0,4,0
2.5573,16920,Rest,HAZIRLANIYOR...,0,0,39,44,0,7,0
2.5573,16921,Rest,HAZIRLANIYOR...,0,0,30,31,0,2,1
2.5573,16922,Rest,HAZIRLANIYOR...,0,0,21,17,0,0,0
2.5573,16923,Rest,HAZIRLANIYOR...,0,0,10,4,0,0,0
2.5573,16924,Rest,HAZIRLANIYOR...,0,0,0,0,0,0,0
2.5574,16925,Rest,HAZIRLANIYOR...,0,0,0,0,0,0,0
2.5574,16926,Rest,HAZIRLANIYOR...,0,0,0,0,0,0,1
2.5574,16927,Rest,HAZIRLANIYOR...,0,0,0,0,0,0,7
2.5574,16928,Rest,HAZIRLANIYOR...,0,0,0,0,0,1,8
2.5574,16929,Rest,HAZIRLANIYOR...,0,0,0,0,0,4,1
2.5574,16930,Rest,HAZIRLANIYOR...,0,0,0,0,47,3,0
2.5574,16931,Rest,HAZIRLANIYOR...,0,0,0,0,92,1,0
2.5575,16932,Rest,HAZIRLANIYOR...,0,0,0,0,135,0,0
2.5575,16933,Rest,HAZIRLANIYOR...,0,0,0,0,178,0,0
2.5575,16934,Rest,HAZIRLANIYOR...,0,0,0,0,215,1,0
2.5575,16935,Rest,HAZIRLANIYOR...,0,0,0,0,241,1,0
2.5575,16936,Rest,HAZIRLANIYOR...,0,0,0,0,259,1,0
2.5575,16937,Rest,HAZIRLANIYOR...,0,0,0,0,271,2,4
2.5575,16938,Rest,HAZIRLANIYOR...,0,0,0,0,272,1,9
2.5575,16939,Rest,HAZIRLANIYOR...,0,12,0,0,263,2,4
2.5576,16940,Rest,HAZIRLANIYOR...,0,32,0,0,250,6,0
2.5724,16941,Rest,HAZIRLANIYOR...,0,43,6,9,241,8,1
2.5725,16942,Rest,HAZIRLANIYOR...,0,48,15,19,235,1,0
2.5725,16943,Rest,HAZIRLANIYOR...,0,51,25,30,222,0,0
2.5725,16944,Rest,HAZIRLANIYOR...,0,52,35,43,191,0,0
2.5725,16945,Rest,HAZIRLANIYOR...,0,48,44,57,137,0,0
2.5726,16946,Rest,HAZIRLANIYOR...,0,36,52,66,73,0,0
2.5726,16947,Rest,HAZIRLANIYOR...,0,19,60,73,10,0,0
2.5726,16948,Rest,HAZIRLANIYOR...,0,0,65,79,0,0,0
2.5726,16949,Rest,HAZIRLANIYOR...,0,0,68,85,0,0,0
2.5726,16950,Rest,HAZIRLANIYOR...,0,0,69,86,0,0,0
2.5726,16951,Rest,HAZIRLANIYOR...,0,0,67,82,0,0,0
2.5726,16952,Rest,HAZIRLANIYOR...,0,0,63,74,0,0,0
2.5727,16953,Rest,HAZIRLANIYOR...,0,0,58,66,0,0,0
2.5727,16954,Rest,HAZIRLANIYOR...,0,0,52,58,0,4,0
2.5727,16955,Rest,HAZIRLANIYOR...,0,0,44,51,0,7,1
2.5727,16956,Rest,HAZIRLANIYOR...,0,0,33,41,0,1,0
2.5727,16957,Rest,HAZIRLANIYOR...,0,0,20,28,0,0,0
2.5727,16958,Rest,HAZIRLANIYOR...,0,0,8,13,0,0,0
2.5727,16959,Rest,HAZIRLANIYOR...,0,0,0,0,0,0,1
2.5727,16960,Rest,HAZIRLANIYOR...,0,0,0,0,0,0,1
2.5728,16961,Rest,HAZIRLANIYOR...,0,0,0,0,0,0,2
2.5728,16962,Rest,HAZIRLANIYOR...,0,0,0,0,0,0,3
2.5728,16963,Rest,HAZIRLANIYOR...,0,0,0,0,0,0,3
2.5728,16964,Rest,HAZIRLANIYOR...,0,0,0,0,0,0,4
2.5728,16965,Rest,HAZIRLANIYOR...,0,0,0,0,24,1,11
2.5728,16966,Rest,HAZIRLANIYOR...,0,0,0,0,76,0,14
2.5728,16967,Rest,HAZIRLANIYOR...,0,0,0,0,119,0,5
2.5879,16968,Rest,HAZIRLANIYOR...,0,0,0,0,158,0,0
2.5880,16969,Rest,HAZIRLANIYOR...,0,0,0,0,191,0,0
2.5880,16970,Rest,HAZIRLANIYOR...,0,0,0,0,219,7,0
2.5880,16971,Rest,HAZIRLANIYOR...,0,0,0,0,244,9,0
2.5880,16972,Rest,HAZIRLANIYOR...,0,0,0,0,265,6,0
2.5881,16973,Rest,HAZIRLANIYOR...,0,0,0,0,280,4,1
2.5881,16974,Rest,HAZIRLANIYOR...,0,50,0,0,278,3,3
2.5881,16975,Rest,HAZIRLANIYOR...,0,102,0,0,261,2,3
2.5881,16976,Rest,HAZIRLANIYOR...,0,142,0,0,248,2,2
2.5882,16977,Rest,HAZIRLANIYOR...,0,173,0,8,243,2,1
2.5882,16978,Rest,HAZIRLANIYOR...,0,200,13,24,228,2,1
2.5882,16979,Rest,HAZIRLANIYOR...,0,224,29,38,193,2,1
2.5882,16980,Rest,HAZIRLANIYOR...,0,245,45,51,148,6,1
2.5882,16981,Rest,HAZIRLANIYOR...,0,264,62,64,95,8,1
2.5882,16982,Rest,HAZIRLANIYOR...,0,281,77,76,34,1,1
2.5883,16983,Rest,HAZIRLANIYOR...,0,299,90,83,0,0,1
2.5883,16984,Rest,HAZIRLANIYOR...,0,311,99,85,0,0,0
2.5883,16985,Rest,HAZIRLANIYOR...,0,314,106,86,0,0,0
2.5883,16986,Rest,HAZIRLANIYOR...,0,305,111,85,0,0,0
2.5884,16987,Rest,HAZIRLANIYOR...,0,287,111,81,0,0,0
2.5885,16988,Rest,HAZIRLANIYOR...,0,261,107,74,0,0,0
2.5885,16989,Rest,HAZIRLANIYOR...,0,225,102,65,0,0,0
2.5885,16990,Rest,HAZIRLANIYOR...,0,184,96,56,0,0,0
2.5885,16991,Rest,HAZIRLANIYOR...,0,145,86,46,0,0,1
2.5885,16992,Rest,HAZIRLANIYOR...,0,109,72,33,0,0,1
2.5885,16993,Rest,HAZIRLANIYOR...,0,76,55,17,0,0,1
2.5885,16994,Rest,HAZIRLANIYOR...,0,44,40,1,0,0,0
2.5886,16995,Rest,HAZIRLANIYOR...,0,14,25,0,0,0,0
2.6030,16996,Rest,HAZIRLANIYOR...,0,0,10,0,0,0,1
2.6032,16997,Rest,HAZIRLANIYOR...,0,0,0,0,0,0,4
2.6032,16998,Rest,HAZIRLANIYOR...,0,0,0,0,0,0,6
2.6032,16999,Rest,HAZIRLANIYOR...,0,0,0,0,0,0,2
2.6033,17000,Rest,HAZIRLANIYOR...,0,0,0,0,0,1,0
2.6033,17001,Rest,HAZIRLANIYOR...,0,0,0,0,57,3,0
2.6033,17002,Rest,HAZIRLANIYOR...,0,0,0,0,104,6,0
2.6033,17003,Rest,HAZIRLANIYOR...,0,0,0,0,143,10,0
2.6033,17004,Rest,HAZIRLANIYOR...,0,0,0,0,181,9,5
2.6034,17005,Rest,HAZIRLANIYOR...,0,1,0,0,218,0,11
2.6034,17006,Rest,HAZIRLANIYOR...,0,12,0,0,249,0,5
2.6034,17007,Rest,HAZIRLANIYOR...,0,18,0,0,269,0,0
2.6035,17008,Rest,HAZIRLANIYOR...,0,23,0,0,276,1,0
2.6035,17009,Rest,HAZIRLANIYOR...,0,30,0,0,274,3,0
2.6035,17010,Rest,HAZIRLANIYOR...,0,36,0,0,263,1,0
2.6036,17011,Rest,HAZIRLANIYOR...,0,42,0,0,250,0,0
2.6036,17012,Rest,HAZIRLANIYOR...,0,48,0,7,240,2,0
2.6036,17013,Rest,HAZIRLANIYOR...,0,55,0,19,234,8,0
2.6036,17014,Rest,HAZIRLANIYOR...,0,60,0,32,222,11,0
2.6037,17015,Rest,HAZIRLANIYOR...,0,62,9,44,188,4,0
2.6037,17016,Rest,HAZIRLANIYOR...,0,54,18,56,130,0,0
2.6037,17017,Rest,HAZIRLANIYOR...,0,35,28,65,63,0,0
2.6037,17018,Rest,HAZIRLANIYOR...,0,4,37,71,1,0,0
2.6038,17019,Rest,HAZIRLANIYOR...,0,0,44,74,0,0,0
2.6038,17020,Rest,HAZIRLANIYOR...,0,0,47,76,0,0,0
2.6038,17021,Rest,HAZIRLANIYOR...,0,0,48,77,0,0,0
2.6039,17022,Rest,HAZIRLANIYOR...,0,0,48,75,0,0,0
2.6040,17023,Rest,HAZIRLANIYOR...,0,0,47,71,0,0,0
2.6188,17024,Rest,HAZIRLANIYOR...,0,0,45,65,0,0,0
2.6189,17025,Rest,HAZIRLANIYOR...,0,0,41,60,0,0,0
2.6189,17026,Rest,HAZIRLANIYOR...,0,0,34,53,0,0,0
2.6189,17027,Rest,HAZIRLANIYOR...,0,0,26,41,0,0,2
2.6189,17028,Rest,HAZIRLANIYOR...,0,0,17,27,0,0,9
2.6190,17029,Rest,HAZIRLANIYOR...,0,0,5,12,0,0,12
2.6190,17030,Rest,HAZIRLANIYOR...,0,0,0,0,0,0,3
2.6190,17031,Rest,HAZIRLANIYOR...,0,0,0,0,0,0,0
2.6190,17032,Rest,HAZIRLANIYOR...,0,0,0,0,0,1,0
2.6190,17033,Rest,HAZIRLANIYOR...,0,0,0,0,0,2,0
2.6191,17034,Rest,HAZIRLANIYOR...,0,0,0,0,0,3,0
2.6191,17035,Rest,HAZIRLANIYOR...,0,0,0,0,0,5,0
2.6191,17036,Rest,HAZIRLANIYOR...,0,0,0,0,35,12,0
2.6191,17037,Rest,HAZIRLANIYOR...,0,0,0,0,87,17,0
2.6191,17038,Rest,HAZIRLANIYOR...,0,56,0,0,130,14,0
2.6192,17039,Rest,HAZIRLANIYOR...,0,112,0,0,168,6,0
2.6192,17040,Rest,HAZIRLANIYOR...,0,166,0,0,204,0,0
2.6192,17041,Rest,HAZIRLANIYOR...,0,215,0,0,237,0,0
2.6192,17042,Rest,HAZIRLANIYOR...,0,257,0,0,261,0,2
2.6192,17043,Rest,HAZIRLANIYOR...,0,291,0,0,272,0,8
2.6192,17044,Rest,HAZIRLANIYOR...,0,318,0,0,272,0,11
2.6192,17045,Rest,HAZIRLANIYOR...,0,338,0,0,262,0,3
2.6192,17046,Rest,HAZIRLANIYOR...,0,352,0,0,250,0,0
2.6193,17047,Rest,HAZIRLANIYOR...,0,358,0,0,239,0,0
2.6193,17048,Rest,HAZIRLANIYOR...,0,360,0,0,231,0,0
2.6193,17049,Rest,HAZIRLANIYOR...,0,356,0,12,223,0,0
2.6194,17050,Rest,HAZIRLANIYOR...,0,344,5,21,207,0,0
2.6345,17051,Rest,HAZIRLANIYOR...,0,324,17,29,166,4,0
2.6346,17052,Rest,HAZIRLANIYOR...,0,299,30,37,97,7,0
2.6346,17053,Rest,HAZIRLANIYOR...,0,270,42,45,22,2,1
2.6346,17054,Rest,HAZIRLANIYOR...,0,237,55,51,0,0,2
2.6346,17055,Rest,HAZIRLANIYOR...,0,199,67,55,0,0,1
2.6346,17056,Rest,HAZIRLANIYOR...,0,160,74,59,0,0,1
2.6347,17057,Rest,HAZIRLANIYOR...,0,120,77,62,0,0,2
2.6347,17058,Rest,HAZIRLANIYOR...,0,83,78,62,0,0,7
2.6347,17059,Rest,HAZIRLANIYOR...,0,45,80,57,0,0,12
2.6347,17060,Rest,HAZIRLANIYOR...,0,6,77,51,0,0,10
2.6347,17061,Rest,HAZIRLANIYOR...,0,0,70,45,0,3,1
2.6347,17062,Rest,HAZIRLANIYOR...,0,0,62,37,0,5,0
2.6347,17063,Rest,HAZIRLANIYOR...,0,0,54,27,0,2,0
2.6348,17064,Rest,HAZIRLANIYOR...,0,0,45,14,0,0,0
2.6348,17065,Rest,HAZIRLANIYOR...,0,0,35,1,0,0,0
2.6348,17066,Rest,HAZIRLANIYOR...,0,0,26,0,0,0,0
2.6348,17067,Rest,HAZIRLANIYOR...,0,0,16,0,0,0,0
2.6348,17068,Rest,HAZIRLANIYOR...,0,0,5,0,0,0,0
2.6349,17069,Rest,HAZIRLANIYOR...,0,0,0,0,0,0,0
2.6349,17070,Rest,HAZIRLANIYOR...,0,0,0,0,0,0,1
2.6349,17071,Rest,HAZIRLANIYOR...,0,0,0,0,1,0,1
2.6349,17072,Rest,HAZIRLANIYOR...,0,0,0,0,57,0,0
2.6349,17073,Rest,HAZIRLANIYOR...,0,0,0,0,101,1,0
2.6349,17074,Rest,HAZIRLANIYOR...,0,0,0,0,146,3,1
2.6349,17075,Rest,HAZIRLANIYOR...,0,0,0,0,190,3,6
2.6349,17076,Rest,HAZIRLANIYOR...,0,0,0,0,226,3,9
2.6350,17077,Rest,HAZIRLANIYOR...,0,0,0,0,252,2,4
2.6350,17078,Rest,HAZIRLANIYOR...,0,0,0,0,271,2,0
2.6505,17079,Rest,HAZIRLANIYOR...,0,0,0,0,281,3,0
2.6506,17080,Rest,HAZIRLANIYOR...,0,0,0,0,277,5,0
2.6506,17081,Rest,HAZIRLANIYOR...,0,0,0,0,264,9,0
2.6506,17082,Rest,HAZIRLANIYOR...,0,0,0,0,248,10,0
2.6506,17083,Rest,HAZIRLANIYOR...,0,0,4,6,237,3,0
2.6507,17084,Rest,HAZIRLANIYOR...,0,0,18,16,229,0,0
2.6507,17085,Rest,HAZIRLANIYOR...,0,0,31,21,213,0,0
2.6507,17086,Rest,HAZIRLANIYOR...,0,0,41,24,177,0,0
2.6507,17087,Rest,HAZIRLANIYOR...,0,0,50,31,121,0,0
2.6507,17088,Rest,HAZIRLANIYOR...,0,0,60,43,58,0,0
2.6507,17089,Rest,HAZIRLANIYOR...,0,0,69,53,0,0,0
2.6507,17090,Rest,HAZIRLANIYOR...,0,0,77,59,0,0,0
2.6507,17091,Rest,HAZIRLANIYOR...,0,9,80,62,0,0,0
2.6508,17092,Rest,HAZIRLANIYOR...,0,35,80,66,0,0,1
2.6508,17093,Rest,HAZIRLANIYOR...,0,62,78,71,0,0,2
2.6508,17094,Rest,HAZIRLANIYOR...,0,86,76,74,0,0,1
2.6508,17095,Rest,HAZIRLANIYOR...,0,106,71,74,0,0,0
2.6508,17096,Rest,HAZIRLANIYOR...,0,123,63,69,0,0,0
2.6509,17097,Rest,HAZIRLANIYOR...,0,137,53,64,0,0,0
2.6509,17098,Rest,HAZIRLANIYOR...,0,149,42,59,0,1,0
2.6509,17099,Rest,HAZIRLANIYOR...,0,161,31,52,0,1,0
2.6509,17100,Rest,HAZIRLANIYOR...,0,171,21,43,0,1,0
2.6509,17101,Rest,HAZIRLANIYOR...,0,182,9,30,0,1,0
2.6509,17102,Rest,HAZIRLANIYOR...,0,195,0,17,0,1,1
2.6509,17103,Rest,HAZIRLANIYOR...,0,206,0,4,0,2,1
2.6509,17104,Rest,HAZIRLANIYOR...,0,205,0,0,0,3,1
2.6509,17105,Rest,HAZIRLANIYOR...,0,198,0,0,0,4,1
2.6510,17106,Rest,HAZIRLANIYOR...,0,196,0,0,0,4,1
2.6658,17107,Rest,HAZIRLANIYOR...,0,198,0,0,43,3,1
2.6658,17108,Rest,HAZIRLANIYOR...,0,199,0,0,95,3,0
2.6659,17109,Rest,HAZIRLANIYOR...,0,196,0,0,135,3,0
2.6659,17110,Rest,HAZIRLANIYOR...,0,190,0,0,171,4,0
2.6659,17111,Rest,HAZIRLANIYOR...,0,179,0,0,209,8,0
2.6659,17112,Rest,HAZIRLANIYOR...,0,170,0,0,246,10,0
2.6659,17113,Rest,HAZIRLANIYOR...,0,169,0,0,268,4,0
2.6659,17114,Rest,HAZIRLANIYOR...,0,172,0,0,272,0,0
2.6660,17115,Rest,HAZIRLANIYOR...,0,169,0,0,265,0,0
2.6660,17116,Rest,HAZIRLANIYOR...,0,162,0,0,256,0,2
2.6660,17117,Rest,HAZIRLANIYOR...,0,155,0,0,245,0,3
2.6660,17118,Rest,HAZIRLANIYOR...,0,146,0,0,235,0,3
2.6660,17119,Rest,HAZIRLANIYOR...,0,127,0,0,228,0,2
2.6660,17120,Rest,HAZIRLANIYOR...,0,97,0,2,216,0,2
2.6661,17121,Rest,HAZIRLANIYOR...,0,65,0,18,190,0,2
2.6661,17122,Rest,HAZIRLANIYOR...,0,36,8,34,143,0,1
2.6661,17123,Rest,HAZIRLANIYOR...,0,14,18,46,82,0,0
2.6661,17124,Rest,HAZIRLANIYOR...,0,0,28,55,18,0,0
2.6661,17125,Rest,HAZIRLANIYOR...,0,0,38,59,0,0,0
2.6661,17126,Rest,HAZIRLANIYOR...,0,0,46,60,0,0,0
2.6661,17127,Rest,HAZIRLANIYOR...,0,0,50,57,0,0,0
2.6662,17128,Rest,HAZIRLANIYOR...,0,0,52,50,0,0,3
2.6662,17129,Rest,HAZIRLANIYOR...,0,0,56,40,0,0,1
2.6662,17130,Rest,HAZIRLANIYOR...,0,0,59,29,0,0,0
2.6662,17131,Rest,HAZIRLANIYOR...,0,0,56,20,0,0,0
2.6662,17132,Rest,HAZIRLANIYOR...,0,0,51,9,0,0,0
2.6663,17133,Rest,HAZIRLANIYOR...,0,0,44,0,0,4,0
2.6809,17134,Rest,HAZIRLANIYOR...,0,0,38,0,0,8,0
2.6810,17135,Rest,HAZIRLANIYOR...,0,0,28,0,0,4,0
2.6811,17136,Rest,HAZIRLANIYOR...,0,0,16,0,0,0,0
2.6811,17137,Rest,HAZIRLANIYOR...,0,0,5,0,0,0,2
2.6811,17138,Rest,HAZIRLANIYOR...,0,0,0,0,0,5,6
2.6811,17139,Rest,HAZIRLANIYOR...,0,0,0,0,0,2,8
2.6811,17140,Rest,HAZIRLANIYOR...,0,0,0,0,0,0,1
2.6811,17141,Rest,HAZIRLANIYOR...,0,0,0,0,0,0,0
2.6811,17142,Rest,HAZIRLANIYOR...,0,0,0,0,0,0,0
2.6812,17143,Rest,HAZIRLANIYOR...,0,0,0,0,52,0,0
2.6812,17144,Rest,HAZIRLANIYOR...,0,0,0,0,100,0,0
2.6812,17145,Rest,HAZIRLANIYOR...,0,0,0,0,144,0,0
2.6813,17146,Rest,HAZIRLANIYOR...,0,0,0,0,183,2,0
2.6813,17147,Rest,HAZIRLANIYOR...,0,0,0,0,220,3,1
2.6813,17148,Rest,HAZIRLANIYOR...,0,0,0,0,249,6,5
2.6813,17149,Rest,HAZIRLANIYOR...,0,0,0,0,268,8,6
2.6813,17150,Rest,HAZIRLANIYOR...,0,21,0,0,274,2,0
2.6814,17151,Rest,HAZIRLANIYOR...,0,58,0,0,271,0,0
2.6814,17152,Rest,HAZIRLANIYOR...,0,95,0,0,259,0,0
2.6814,17153,Rest,HAZIRLANIYOR...,0,128,0,10,245,0,0
2.6814,17154,Rest,HAZIRLANIYOR...,0,155,0,24,236,0,0
2.6814,17155,Rest,HAZIRLANIYOR...,0,178,10,38,231,0,0
2.6814,17156,Rest,HAZIRLANIYOR...,0,198,22,51,215,0,0
2.6814,17157,Rest,HAZIRLANIYOR...,0,210,34,64,181,0,0
2.6814,17158,Rest,HAZIRLANIYOR...,0,217,44,77,128,0,0
2.6814,17159,Rest,HAZIRLANIYOR...,0,222,52,90,62,0,0
2.6815,17160,Rest,HAZIRLANIYOR...,0,228,60,101,0,0,0
2.6961,17161,Rest,HAZIRLANIYOR...,0,232,67,108,0,0,0
2.6962,17162,Rest,HAZIRLANIYOR...,0,226,74,112,0,0,0
2.6962,17163,Rest,HAZIRLANIYOR...,0,206,77,113,0,0,0
2.6962,17164,Rest,HAZIRLANIYOR...,0,182,77,111,0,0,1
2.6962,17165,Rest,HAZIRLANIYOR...,0,160,73,105,0,0,1
2.6962,17166,Rest,HAZIRLANIYOR...,0,139,65,96,0,0,0
2.6962,17167,Rest,HAZIRLANIYOR...,0,112,55,85,0,0,0
2.6962,17168,Rest,HAZIRLANIYOR...,0,80,44,73,0,0,1
2.6962,17169,Rest,HAZIRLANIYOR...,0,49,31,59,0,0,6
2.6963,17170,Rest,HAZIRLANIYOR...,0,20,18,43,0,0,9
2.6963,17171,Rest,HAZIRLANIYOR...,0,0,6,27,0,0,5
2.6963,17172,Rest,HAZIRLANIYOR...,0,0,0,12,0,0,0
2.6963,17173,Rest,HAZIRLANIYOR...,0,0,0,0,0,0,0
2.6963,17174,Rest,HAZIRLANIYOR...,0,0,0,0,0,0,0
2.6963,17175,Rest,HAZIRLANIYOR...,0,0,0,0,0,2,0
2.6963,17176,Rest,HAZIRLANIYOR...,0,0,0,0,0,5,0
2.6963,17177,Rest,HAZIRLANIYOR...,0,0,0,0,0,4,1
2.6963,17178,Rest,HAZIRLANIYOR...,0,0,0,0,32,1,1
2.6964,17179,Rest,HAZIRLANIYOR...,0,0,0,0,85,1,0
2.6964,17180,Rest,HAZIRLANIYOR...,0,0,0,0,132,4,0
2.6964,17181,Rest,HAZIRLANIYOR...,0,0,0,0,170,6,0
2.6964,17182,Rest,HAZIRLANIYOR...,0,0,0,0,198,6,0
2.6964,17183,Rest,HAZIRLANIYOR...,0,0,0,0,221,5,0
2.6964,17184,Rest,HAZIRLANIYOR...,0,0,0,0,246,5,0
2.6964,17185,Rest,HAZIRLANIYOR...,0,0,0,0,268,4,0
2.6964,17186,Rest,HAZIRLANIYOR...,0,0,0,0,275,3,0
2.6965,17187,Rest,HAZIRLANIYOR...,0,0,0,0,260,2,0
2.7112,17188,Rest,HAZIRLANIYOR...,0,0,0,0,239,2,0
2.7113,17189,Rest,HAZIRLANIYOR...,0,0,0,0,231,2,1
2.7113,17190,Rest,HAZIRLANIYOR...,0,0,0,0,232,2,2
2.7113,17191,Rest,HAZIRLANIYOR...,0,0,8,0,220,1,1
2.7113,17192,Rest,HAZIRLANIYOR...,0,0,21,10,183,0,0
2.7113,17193,Rest,HAZIRLANIYOR...,0,0,34,24,130,0,0
2.7113,17194,Rest,HAZIRLANIYOR...,0,0,46,39,71,0,0
2.7114,17195,Rest,HAZIRLANIYOR...,0,0,57,50,12,0,0
2.7114,17196,Rest,HAZIRLANIYOR...,0,0,69,58,0,0,0
2.7114,17197,Rest,HAZIRLANIYOR...,0,0,77,62,0,0,3
2.7114,17198,Rest,HAZIRLANIYOR...,0,0,82,66,0,0,3
2.7114,17199,Rest,HAZIRLANIYOR...,0,0,84,70,0,0,1
2.7114,17200,Rest,HAZIRLANIYOR...,0,0,86,71,0,0,1
2.7114,17201,Rest,HAZIRLANIYOR...,0,0,86,67,0,4,1
2.7115,17202,Rest,HAZIRLANIYOR...,0,0,83,62,0,7,1
2.7115,17203,Rest,HAZIRLANIYOR...,0,0,77,56,0,3,0
2.7115,17204,Rest,HAZIRLANIYOR...,0,0,68,49,0,0,4
2.7115,17205,Rest,HAZIRLANIYOR...,0,0,58,40,0,0,8
2.7115,17206,Rest,HAZIRLANIYOR...,0,0,45,29,0,0,4
2.7115,17207,Rest,HAZIRLANIYOR...,0,0,32,17,0,0,0
2.7115,17208,Rest,HAZIRLANIYOR...,0,0,19,4,0,0,0
2.7115,17209,Rest,HAZIRLANIYOR...,0,0,6,0,0,0,0
2.7115,17210,Rest,HAZIRLANIYOR...,0,0,0,0,0,0,1
2.7116,17211,Rest,HAZIRLANIYOR...,0,0,0,0,0,0,4
2.7116,17212,Rest,HAZIRLANIYOR...,0,0,0,0,0,3,6
2.7116,17213,Rest,HAZIRLANIYOR...,0,0,0,0,6,6,0
2.7117,17214,Rest,HAZIRLANIYOR...,0,0,0,0,66,1,0
2.7273,17215,Rest,HAZIRLANIYOR...,0,0,0,0,115,0,0
2.7274,17216,Rest,HAZIRLANIYOR...,0,0,0,0,153,0,0
2.7275,17217,Rest,HAZIRLANIYOR...,0,0,0,0,187,0,0
2.7275,17218,Rest,HAZIRLANIYOR...,0,0,0,0,221,1,0
2.7275,17219,Rest,HAZIRLANIYOR...,0,0,0,0,248,4,0
2.7275,17220,Rest,HAZIRLANIYOR...,0,0,0,0,261,6,0
2.7275,17221,Rest,HAZIRLANIYOR...,0,42,0,0,264,3,0
2.7275,17222,Rest,HAZIRLANIYOR...,0,101,0,0,260,0,0
2.7275,17223,Rest,HAZIRLANIYOR...,0,158,0,0,249,0,0
2.7276,17224,Rest,HAZIRLANIYOR...,0,214,0,0,236,0,0
2.7276,17225,Rest,HAZIRLANIYOR...,0,270,0,0,230,0,2
2.7276,17226,Rest,HAZIRLANIYOR...,0,330,0,0,231,0,1
2.7276,17227,Rest,HAZIRLANIYOR...,0,396,9,17,219,0,0
2.7276,17228,Rest,HAZIRLANIYOR...,0,461,22,32,172,5,0
2.7276,17229,Rest,HAZIRLANIYOR...,0,517,35,47,103,5,5
2.7276,17230,Rest,HAZIRLANIYOR...,0,556,48,62,38,2,8
2.7277,17231,Rest,HAZIRLANIYOR...,0,579,59,75,0,0,4
2.7277,17232,Rest,HAZIRLANIYOR...,0,586,68,84,0,0,0
2.7277,17233,Rest,HAZIRLANIYOR...,0,580,75,89,0,0,0
2.7277,17234,Rest,HAZIRLANIYOR...,0,565,78,91,0,0,0
2.7277,17235,Rest,HAZIRLANIYOR...,0,547,76,91,0,0,0
2.7277,17236,Rest,HAZIRLANIYOR...,0,528,72,86,0,0,0
2.7277,17237,Rest,HAZIRLANIYOR...,0,509,68,78,0,0,0
2.7278,17238,Rest,HAZIRLANIYOR...,0,485,63,68,0,0,3
2.7278,17239,Rest,HAZIRLANIYOR...,0,455,56,59,0,0,2
2.7278,17240,Rest,HAZIRLANIYOR...,0,420,47,47,0,0,0
2.7278,17241,Rest,HAZIRLANIYOR...,0,382,36,34,0,0,0
2.7279,17242,Rest,HAZIRLANIYOR...,0,342,24,20,0,0,0
2.7279,17243,Rest,HAZIRLANIYOR...,0,305,13,7,0,0,1
2.7426,17244,Rest,HAZIRLANIYOR...,0,269,3,0,0,0,1
2.7427,17245,Rest,HAZIRLANIYOR...,0,232,0,0,0,0,0
2.7427,17246,Rest,HAZIRLANIYOR...,0,195,0,0,0,0,0
2.7427,17247,Rest,HAZIRLANIYOR...,0,155,0,0,0,1,0
2.7428,17248,Rest,HAZIRLANIYOR...,0,109,0,0,0,1,0
2.7428,17249,Rest,HAZIRLANIYOR...,0,57,0,0,38,2,0
2.7428,17250,Rest,HAZIRLANIYOR...,0,2,0,0,83,3,1
2.7428,17251,Rest,HAZIRLANIYOR...,0,0,0,0,127,3,0
2.7428,17252,Rest,HAZIRLANIYOR...,0,0,0,0,166,3,0
2.7428,17253,Rest,HAZIRLANIYOR...,0,0,0,0,201,4,0
2.7428,17254,Rest,HAZIRLANIYOR...,0,0,0,0,231,5,0
2.7429,17255,Rest,HAZIRLANIYOR...,0,0,0,0,254,9,4
2.7429,17256,Rest,HAZIRLANIYOR...,0,0,0,0,265,10,5
2.7429,17257,Rest,HAZIRLANIYOR...,0,0,0,0,264,2,2
2.7429,17258,Rest,HAZIRLANIYOR...,0,0,0,0,255,0,0
2.7429,17259,Rest,HAZIRLANIYOR...,0,0,0,0,246,0,0
2.7429,17260,Rest,HAZIRLANIYOR...,0,0,0,0,238,0,0
2.7429,17261,Rest,HAZIRLANIYOR...,0,0,0,3,226,1,0
2.7430,17262,Rest,HAZIRLANIYOR...,0,0,0,14,207,0,0
2.7430,17263,Rest,HAZIRLANIYOR...,0,0,8,27,177,0,0
2.7430,17264,Rest,HAZIRLANIYOR...,0,0,18,39,132,0,0
2.7430,17265,Rest,HAZIRLANIYOR...,0,0,29,49,74,0,0
2.7430,17266,Rest,HAZIRLANIYOR...,0,0,38,58,8,0,0
2.7430,17267,Rest,HAZIRLANIYOR...,0,0,46,65,0,0,0
2.7431,17268,Rest,HAZIRLANIYOR...,0,0,54,69,0,0,0
2.7588,17269,Rest,HAZIRLANIYOR...,0,0,60,72,0,0,0
2.7589,17270,Rest,HAZIRLANIYOR...,0,0,62,73,0,0,0
2.7589,17271,Rest,HAZIRLANIYOR...,0,0,60,70,0,0,0
2.7590,17272,Rest,HAZIRLANIYOR...,0,0,57,65,0,2,0
2.7590,17273,Rest,HAZIRLANIYOR...,0,0,53,58,0,10,0
2.7590,17274,Rest,HAZIRLANIYOR...,0,0,47,48,0,12,5
2.7590,17275,Rest,HAZIRLANIYOR...,0,0,38,35,0,7,11
2.7590,17276,Rest,HAZIRLANIYOR...,0,0,29,23,0,0,6
2.7591,17277,Rest,HAZIRLANIYOR...,0,0,20,14,0,0,0
2.7591,17278,Rest,HAZIRLANIYOR...,0,0,11,4,0,3,0
2.7591,17279,Rest,HAZIRLANIYOR...,0,0,0,0,0,1,0
2.7591,17280,Rest,HAZIRLANIYOR...,0,0,0,0,0,0,0
2.7591,17281,Rest,HAZIRLANIYOR...,0,0,0,0,0,0,0
2.7591,17282,Rest,HAZIRLANIYOR...,0,0,0,0,0,0,0
2.7591,17283,Rest,HAZIRLANIYOR...,0,0,0,0,0,2,0
2.7591,17284,Rest,HAZIRLANIYOR...,0,0,0,0,24,7,2
2.7591,17285,Rest,HAZIRLANIYOR...,0,0,0,0,76,9,7
2.7592,17286,Rest,HAZIRLANIYOR...,0,0,0,0,122,3,5
2.7592,17287,Rest,HAZIRLANIYOR...,0,0,0,0,164,0,0
2.7592,17288,Rest,HAZIRLANIYOR...,0,0,0,0,200,0,0
2.7592,17289,Rest,HAZIRLANIYOR...,0,0,0,0,228,0,0
2.7592,17290,Rest,HAZIRLANIYOR...,0,0,0,0,249,5,0
2.7592,17291,Rest,HAZIRLANIYOR...,0,0,0,0,265,9,0
2.7592,17292,Rest,HAZIRLANIYOR...,0,0,0,0,272,8,0
2.7593,17293,Rest,HAZIRLANIYOR...,0,0,0,0,265,4,0
2.7593,17294,Rest,HAZIRLANIYOR...,0,9,0,0,250,0,4
2.7593,17295,Rest,HAZIRLANIYOR...,0,29,0,0,235,0,2
2.7593,17296,Rest,HAZIRLANIYOR...,0,46,0,0,226,0,0
2.7593,17297,Rest,HAZIRLANIYOR...,0,58,5,10,217,0,0
2.7597,17298,Rest,HAZIRLANIYOR...,0,66,16,22,200,0,0
2.7597,17299,Rest,HAZIRLANIYOR...,0,69,27,34,165,0,9
2.7741,17300,Rest,HAZIRLANIYOR...,0,71,37,45,110,0,11
2.7742,17301,Rest,HAZIRLANIYOR...,0,73,49,56,40,0,2
2.7742,17302,Rest,HAZIRLANIYOR...,0,71,60,66,0,0,0
2.7742,17303,Rest,HAZIRLANIYOR...,0,65,69,73,0,0,0
2.7742,17304,Rest,HAZIRLANIYOR...,0,58,73,75,0,0,0
2.7743,17305,Rest,HAZIRLANIYOR...,0,50,73,74,0,0,0
2.7743,17306,Rest,HAZIRLANIYOR...,0,40,73,72,0,0,0
2.7743,17307,Rest,HAZIRLANIYOR...,0,26,72,68,0,0,0
2.7744,17308,Rest,HAZIRLANIYOR...,0,7,70,60,0,0,1
2.7744,17309,Rest,HAZIRLANIYOR...,0,0,63,50,0,0,0
2.7744,17310,Rest,HAZIRLANIYOR...,0,0,51,38,0,0,0
2.7744,17311,Rest,HAZIRLANIYOR...,0,0,38,26,0,0,0
2.7744,17312,Rest,HAZIRLANIYOR...,0,0,25,12,0,0,0
2.7744,17313,Rest,HAZIRLANIYOR...,0,0,13,0,0,1,7
2.7744,17314,Rest,HAZIRLANIYOR...,0,0,2,0,0,0,8
2.7744,17315,Rest,HAZIRLANIYOR...,0,0,0,0,0,0,0
2.7745,17316,Rest,HAZIRLANIYOR...,0,0,0,0,0,5,0
2.7745,17317,Rest,HAZIRLANIYOR...,0,0,0,0,0,11,0
2.7745,17318,Rest,HAZIRLANIYOR...,0,0,0,0,0,8,1
2.7745,17319,Rest,HAZIRLANIYOR...,0,0,0,0,0,0,2
2.7745,17320,Rest,HAZIRLANIYOR...,0,0,0,0,48,0,0
2.7745,17321,Rest,HAZIRLANIYOR...,0,0,0,0,95,4,0
2.7745,17322,Rest,HAZIRLANIYOR...,0,0,0,0,136,6,0
2.7745,17323,Rest,HAZIRLANIYOR...,0,0,0,0,172,4,0
2.7745,17324,Rest,HAZIRLANIYOR...,0,65,0,0,205,2,0
2.7747,17325,Rest,HAZIRLANIYOR...,0,147,0,0,234,2,0
2.7897,17326,Rest,HAZIRLANIYOR...,0,225,0,0,255,1,1
2.7898,17327,Rest,HAZIRLANIYOR...,0,296,0,0,264,0,2
2.7898,17328,Rest,HAZIRLANIYOR...,0,360,0,0,263,0,1
2.7898,17329,Rest,HAZIRLANIYOR...,0,414,0,0,253,2,0
2.7898,17330,Rest,HAZIRLANIYOR...,0,459,0,0,239,5,0
2.7898,17331,Rest,HAZIRLANIYOR...,0,496,0,0,226,9,0
2.7898,17332,Rest,HAZIRLANIYOR...,0,523,0,12,218,13,0
2.7899,17333,Rest,HAZIRLANIYOR...,0,536,12,30,207,11,3
2.7899,17334,Rest,HAZIRLANIYOR...,0,535,25,46,179,4,3
2.7899,17335,Rest,HAZIRLANIYOR...,0,525,38,62,128,0,2
2.7899,17336,Rest,HAZIRLANIYOR...,0,510,51,77,67,0,2
2.7899,17337,Rest,HAZIRLANIYOR...,0,489,62,91,12,0,1
2.7899,17338,Rest,HAZIRLANIYOR...,0,459,69,102,0,0,1
2.7900,17339,Rest,HAZIRLANIYOR...,0,423,73,110,0,0,0
2.7900,17340,Rest,HAZIRLANIYOR...,0,381,77,114,0,0,0
2.7900,17341,Rest,HAZIRLANIYOR...,0,333,78,114,0,0,0
2.7900,17342,Rest,HAZIRLANIYOR...,0,283,76,106,0,0,1
2.7900,17343,Rest,HAZIRLANIYOR...,0,235,72,84,0,0,2
2.7900,17344,Rest,HAZIRLANIYOR...,0,185,67,65,0,0,1
2.7900,17345,Rest,HAZIRLANIYOR...,0,133,59,67,0,0,1
2.7900,17346,Rest,HAZIRLANIYOR...,0,80,48,73,0,0,0
2.7901,17347,Rest,HAZIRLANIYOR...,0,32,34,57,0,0,1
2.7901,17348,Rest,HAZIRLANIYOR...,0,0,19,27,0,1,5
2.7901,17349,Rest,HAZIRLANIYOR...,0,0,6,3,0,0,7
2.7901,17350,Rest,HAZIRLANIYOR...,0,0,0,0,0,0,2
2.7901,17351,Rest,HAZIRLANIYOR...,0,0,0,0,0,0,0
2.7902,17352,Rest,HAZIRLANIYOR...,0,0,0,0,0,1,0
2.7902,17353,Rest,HAZIRLANIYOR...,0,0,0,0,0,5,5
2.8045,17354,Rest,HAZIRLANIYOR...,0,0,0,0,0,4,8
2.8047,17355,Rest,HAZIRLANIYOR...,0,0,0,0,23,1,1
2.8047,17356,Rest,HAZIRLANIYOR...,0,0,0,0,75,1,0
2.8047,17357,Rest,HAZIRLANIYOR...,0,0,0,0,115,3,0
2.8047,17358,Rest,HAZIRLANIYOR...,0,0,0,0,153,4,0
2.8048,17359,Rest,HAZIRLANIYOR...,0,0,0,0,190,3,0
2.8048,17360,Rest,HAZIRLANIYOR...,0,0,0,0,223,3,0
2.8048,17361,Rest,HAZIRLANIYOR...,0,0,0,0,247,2,0
2.8048,17362,Rest,HAZIRLANIYOR...,0,0,0,0,260,1,0
2.8048,17363,Rest,HAZIRLANIYOR...,0,0,0,0,262,0,0
2.8048,17364,Rest,HAZIRLANIYOR...,0,0,0,0,254,0,4
2.8048,17365,Rest,HAZIRLANIYOR...,0,0,0,0,239,0,9
2.8049,17366,Rest,HAZIRLANIYOR...,0,0,0,0,226,0,4
2.8049,17367,Rest,HAZIRLANIYOR...,0,0,0,0,221,0,0
2.8049,17368,Rest,HAZIRLANIYOR...,0,0,3,9,215,1,0
2.8049,17369,Rest,HAZIRLANIYOR...,0,0,18,26,195,2,0
2.8049,17370,Rest,HAZIRLANIYOR...,0,0,33,41,153,0,2
2.8049,17371,Rest,HAZIRLANIYOR...,0,0,46,54,95,0,3
2.8050,17372,Rest,HAZIRLANIYOR...,0,0,58,66,34,2,4
2.8050,17373,Rest,HAZIRLANIYOR...,0,0,68,77,0,7,5
2.8050,17374,Rest,HAZIRLANIYOR...,0,0,75,84,0,3,2
2.8050,17375,Rest,HAZIRLANIYOR...,0,0,79,89,0,0,0
2.8050,17376,Rest,HAZIRLANIYOR...,0,0,83,92,0,0,0
2.8050,17377,Rest,HAZIRLANIYOR...,0,0,83,91,0,2,10
2.8050,17378,Rest,HAZIRLANIYOR...,0,0,80,85,0,0,9
2.8052,17379,Rest,HAZIRLANIYOR...,0,0,75,77,0,0,0
2.8200,17380,Rest,HAZIRLANIYOR...,0,0,69,68,0,0,0
2.8201,17381,Rest,HAZIRLANIYOR...,0,0,61,57,0,0,0
2.8202,17382,Rest,HAZIRLANIYOR...,0,0,50,42,0,0,0
2.8202,17383,Rest,HAZIRLANIYOR...,0,0,36,26,0,0,0
2.8202,17384,Rest,HAZIRLANIYOR...,0,0,22,11,0,0,0
2.8202,17385,Rest,HAZIRLANIYOR...,0,0,9,0,0,0,0
2.8202,17386,Rest,HAZIRLANIYOR...,0,0,0,0,0,0,0
2.8203,17387,Rest,HAZIRLANIYOR...,0,0,0,0,0,0,0
2.8203,17388,Rest,HAZIRLANIYOR...,0,0,0,0,0,2,0
2.8203,17389,Rest,HAZIRLANIYOR...,0,0,0,0,0,1,0
2.8203,17390,Rest,HAZIRLANIYOR...,0,0,0,0,0,0,1
2.8203,17391,Rest,HAZIRLANIYOR...,0,0,0,0,50,0,0
2.8203,17392,Rest,HAZIRLANIYOR...,0,0,0,0,92,0,0
2.8203,17393,Rest,HAZIRLANIYOR...,0,0,0,0,130,1,0
2.8204,17394,Rest,HAZIRLANIYOR...,0,0,0,0,169,0,2
2.8204,17395,Rest,HAZIRLANIYOR...,0,0,0,0,205,0,4
2.8204,17396,Rest,HAZIRLANIYOR...,0,0,0,0,232,1,3
2.8204,17397,Rest,HAZIRLANIYOR...,0,17,0,0,249,5,3
2.8204,17398,Rest,HAZIRLANIYOR...,0,45,0,0,256,7,5
2.8204,17399,Rest,HAZIRLANIYOR...,0,68,0,0,253,2,4
2.8204,17400,Rest,HAZIRLANIYOR...,0,91,0,0,243,0,1
2.8204,17401,Rest,HAZIRLANIYOR...,0,116,0,0,232,0,0
2.8204,17402,Rest,HAZIRLANIYOR...,0,138,0,0,224,0,0
2.8205,17403,Rest,HAZIRLANIYOR...,0,156,4,20,216,0,0
2.8205,17404,Rest,HAZIRLANIYOR...,0,171,19,38,200,0,0
2.8205,17405,Rest,HAZIRLANIYOR...,0,183,35,52,169,0,0
2.8206,17406,Rest,HAZIRLANIYOR...,0,192,50,65,119,2,0
2.8206,17407,Rest,HAZIRLANIYOR...,0,193,62,79,58,5,0
2.8352,17408,Rest,HAZIRLANIYOR...,0,185,71,91,0,0,0
2.8353,17409,Rest,HAZIRLANIYOR...,0,171,78,98,0,0,0
2.8353,17410,Rest,HAZIRLANIYOR...,0,157,82,102,0,0,0
2.8353,17411,Rest,HAZIRLANIYOR...,0,147,84,103,0,0,0
2.8354,17412,Rest,HAZIRLANIYOR...,0,139,83,100,0,0,2
2.8354,17413,Rest,HAZIRLANIYOR...,0,130,79,95,0,0,6
2.8354,17414,Rest,HAZIRLANIYOR...,0,120,71,88,0,0,4
2.8354,17415,Rest,HAZIRLANIYOR...,0,109,63,79,0,0,0
2.8355,17416,Rest,HAZIRLANIYOR...,0,99,53,67,0,0,0
2.8355,17417,Rest,HAZIRLANIYOR...,0,87,42,52,0,0,0
2.8356,17418,Rest,HAZIRLANIYOR...,0,72,29,36,0,0,0
2.8356,17419,Rest,HAZIRLANIYOR...,0,57,15,19,0,1,0
2.8356,17420,Rest,HAZIRLANIYOR...,0,43,1,3,0,6,0
2.8356,17421,Rest,HAZIRLANIYOR...,0,33,0,0,0,9,0
2.8357,17422,Rest,HAZIRLANIYOR...,0,23,0,0,0,5,0
2.8357,17423,Rest,HAZIRLANIYOR...,0,8,0,0,0,0,0
2.8357,17424,Rest,HAZIRLANIYOR...,0,0,0,0,0,0,0
2.8357,17425,Rest,HAZIRLANIYOR...,0,0,0,0,0,1,0
2.8357,17426,Rest,HAZIRLANIYOR...,0,0,0,0,29,3,0
2.8358,17427,Rest,HAZIRLANIYOR...,0,0,0,0,80,2,0
2.8358,17428,Rest,HAZIRLANIYOR...,0,0,0,0,120,2,0
2.8358,17429,Rest,HAZIRLANIYOR...,0,0,0,0,155,1,1
2.8358,17430,Rest,HAZIRLANIYOR...,0,0,0,0,187,0,1
2.8359,17431,Rest,HAZIRLANIYOR...,0,9,0,0,215,0,0
2.8359,17432,Rest,HAZIRLANIYOR...,0,25,0,0,236,0,0
2.8360,17433,Rest,HAZIRLANIYOR...,0,36,0,0,251,2,0
2.8361,17434,Rest,HAZIRLANIYOR...,0,36,0,0,260,4,1
2.8515,17435,Rest,HAZIRLANIYOR...,0,27,0,0,257,4,0
2.8516,17436,Rest,HAZIRLANIYOR...,0,13,0,0,236,7,0
2.8516,17437,Rest,HAZIRLANIYOR...,0,0,0,0,212,11,0
2.8516,17438,Rest,HAZIRLANIYOR...,0,0,0,0,201,11,0
2.8516,17439,Rest,HAZIRLANIYOR...,0,0,0,3,194,6,1
2.8516,17440,Rest,HAZIRLANIYOR...,0,4,9,22,176,0,1
2.8516,17441,Rest,HAZIRLANIYOR...,0,9,20,39,142,0,2
2.8517,17442,Rest,HAZIRLANIYOR...,0,8,31,55,92,0,7
2.8517,17443,Rest,HAZIRLANIYOR...,0,0,40,70,30,0,11
2.8517,17444,Rest,HAZIRLANIYOR...,0,0,48,82,0,0,4
2.8517,17445,Rest,HAZIRLANIYOR...,0,0,55,89,0,0,0
2.8517,17446,Rest,HAZIRLANIYOR...,0,0,60,90,0,0,0
2.8517,17447,Rest,HAZIRLANIYOR...,0,0,63,88,0,0,0
2.8517,17448,Rest,HAZIRLANIYOR...,0,0,66,84,0,0,0
2.8517,17449,Rest,HAZIRLANIYOR...,0,0,67,77,0,0,0
2.8518,17450,Rest,HAZIRLANIYOR...,0,0,65,65,0,0,0
2.8518,17451,Rest,HAZIRLANIYOR...,0,0,59,52,0,0,3
2.8518,17452,Rest,HAZIRLANIYOR...,0,0,50,39,0,0,8
2.8518,17453,Rest,HAZIRLANIYOR...,0,0,41,29,0,0,2
2.8518,17454,Rest,HAZIRLANIYOR...,0,0,32,21,0,0,0
2.8518,17455,Rest,HAZIRLANIYOR...,0,0,21,14,0,1,0
2.8518,17456,Rest,HAZIRLANIYOR...,0,0,9,6,0,2,2
2.8518,17457,Rest,HAZIRLANIYOR...,0,0,0,0,0,0,7
2.8519,17458,Rest,HAZIRLANIYOR...,0,0,0,0,0,0,0
2.8519,17459,Rest,HAZIRLANIYOR...,0,0,0,0,0,0,0
2.8519,17460,Rest,HAZIRLANIYOR...,0,0,0,0,0,4,0
2.8519,17461,Rest,HAZIRLANIYOR...,0,0,0,0,11,7,0
2.8520,17462,Rest,HAZIRLANIYOR...,0,0,0,0,65,5,1
2.8666,17463,Rest,HAZIRLANIYOR...,0,3,0,0,111,4,4
2.8667,17464,Rest,HAZIRLANIYOR...,0,25,0,0,150,6,7
2.8670,17465,Rest,HAZIRLANIYOR...,0,45,0,0,186,9,1
2.8671,17466,Rest,HAZIRLANIYOR...,0,64,0,0,223,7,0
2.8671,17467,Rest,HAZIRLANIYOR...,0,84,0,0,254,2,0
2.8671,17468,Rest,HAZIRLANIYOR...,0,100,0,0,263,0,0
2.8671,17469,Rest,HAZIRLANIYOR...,0,108,0,0,254,2,0
2.8671,17470,Rest,HAZIRLANIYOR...,0,109,0,0,244,2,0
2.8671,17471,Rest,HAZIRLANIYOR...,0,108,0,0,243,1,0
2.8672,17472,Rest,HAZIRLANIYOR...,0,111,0,0,239,0,0
2.8672,17473,Rest,HAZIRLANIYOR...,0,115,0,4,223,0,4
2.8672,17474,Rest,HAZIRLANIYOR...,0,119,9,12,204,0,7
2.8672,17475,Rest,HAZIRLANIYOR...,0,121,22,21,188,0,3
2.8672,17476,Rest,HAZIRLANIYOR...,0,122,33,30,159,0,0
2.8673,17477,Rest,HAZIRLANIYOR...,0,127,42,39,107,3,3
2.8673,17478,Rest,HAZIRLANIYOR...,0,138,51,47,45,6,2
2.8673,17479,Rest,HAZIRLANIYOR...,0,151,59,55,0,0,0
2.8673,17480,Rest,HAZIRLANIYOR...,0,159,66,59,0,0,0
2.8673,17481,Rest,HAZIRLANIYOR...,0,163,69,59,0,0,0
2.8673,17482,Rest,HAZIRLANIYOR...,0,165,70,58,0,0,0
2.8673,17483,Rest,HAZIRLANIYOR...,0,166,67,56,0,0,0
2.8674,17484,Rest,HAZIRLANIYOR...,0,164,64,51,0,0,0
2.8674,17485,Rest,HAZIRLANIYOR...,0,157,59,42,0,0,2
2.8674,17486,Rest,HAZIRLANIYOR...,0,143,54,32,0,0,4
2.8675,17487,Rest,HAZIRLANIYOR...,0,117,46,21,0,0,2
2.8675,17488,Rest,HAZIRLANIYOR...,0,82,35,8,0,0,0
2.8675,17489,Rest,HAZIRLANIYOR...,0,44,22,0,0,0,1
2.8676,17490,Rest,HAZIRLANIYOR...,0,4,9,0,0,0,1
2.8817,17491,Rest,HAZIRLANIYOR...,0,0,0,0,0,0,2
2.8818,17492,Rest,HAZIRLANIYOR...,0,0,0,0,0,0,5
2.8818,17493,Rest,HAZIRLANIYOR...,0,0,0,0,0,4,9
2.8818,17494,Rest,HAZIRLANIYOR...,0,0,0,0,0,8,5
2.8818,17495,Rest,HAZIRLANIYOR...,0,0,0,0,0,4,0
2.8818,17496,Rest,HAZIRLANIYOR...,0,0,0,0,0,0,0
2.8818,17497,Rest,HAZIRLANIYOR...,0,0,0,0,32,0,0
2.8819,17498,Rest,HAZIRLANIYOR...,0,0,0,0,76,0,0
2.8819,17499,Rest,HAZIRLANIYOR...,0,0,0,0,116,0,0
2.8819,17500,Rest,HAZIRLANIYOR...,0,0,0,0,155,0,0
2.8819,17501,Rest,HAZIRLANIYOR...,0,0,0,0,192,0,4
2.8819,17502,Rest,HAZIRLANIYOR...,0,0,0,0,223,1,5
2.8819,17503,Rest,HAZIRLANIYOR...,0,0,0,0,243,5,2
2.8819,17504,Rest,HAZIRLANIYOR...,0,0,0,0,257,8,0
2.8819,17505,Rest,HAZIRLANIYOR...,0,0,0,0,265,1,0
2.8820,17506,Rest,HAZIRLANIYOR...,0,0,0,0,263,0,0
2.8820,17507,Rest,HAZIRLANIYOR...,0,0,0,0,244,0,1
2.8820,17508,Rest,HAZIRLANIYOR...,0,0,0,0,224,0,5
2.8820,17509,Rest,HAZIRLANIYOR...,0,0,0,17,215,0,9
2.8820,17510,Rest,HAZIRLANIYOR...,0,3,3,37,210,0,16
2.8820,17511,Rest,HAZIRLANIYOR...,0,22,23,55,186,0,25
2.8820,17512,Rest,HAZIRLANIYOR...,0,36,41,70,137,0,19
2.8820,17513,Rest,HAZIRLANIYOR...,0,46,57,83,77,0,0
2.8821,17514,Rest,HAZIRLANIYOR...,0,52,73,97,20,2,0
2.8821,17515,Rest,HAZIRLANIYOR...,0,55,87,109,0,0,0
2.8821,17516,Rest,HAZIRLANIYOR...,0,52,98,117,0,0,2
2.8977,17517,Rest,HAZIRLANIYOR...,0,43,107,123,0,0,5
2.8978,17518,Rest,HAZIRLANIYOR...,0,31,111,126,0,0,0
2.8979,17519,Rest,HAZIRLANIYOR...,0,17,112,126,0,3,0
2.8979,17520,Rest,HAZIRLANIYOR...,0,0,109,121,0,6,0
2.8979,17521,Rest,HAZIRLANIYOR...,0,0,104,114,0,0,2
2.8979,17522,Rest,HAZIRLANIYOR...,0,0,97,104,0,0,6
2.8979,17523,Rest,HAZIRLANIYOR...,0,0,87,90,0,0,9
2.8979,17524,Rest,HAZIRLANIYOR...,0,0,74,72,0,0,3
2.8979,17525,Rest,HAZIRLANIYOR...,0,0,60,56,0,0,0
2.8979,17526,Rest,HAZIRLANIYOR...,0,0,44,42,0,0,0
2.8980,17527,Rest,HAZIRLANIYOR...,0,0,28,29,0,0,0
2.8980,17528,Rest,HAZIRLANIYOR...,0,0,13,12,0,0,0
2.8980,17529,Rest,HAZIRLANIYOR...,0,0,0,0,0,2,0
2.8980,17530,Rest,HAZIRLANIYOR...,0,0,0,0,0,7,6
2.8980,17531,Rest,HAZIRLANIYOR...,0,0,0,0,0,8,10
2.8980,17532,Rest,HAZIRLANIYOR...,0,0,0,0,17,1,3
2.8980,17533,Rest,HAZIRLANIYOR...,0,0,0,0,70,0,0
2.8980,17534,Rest,HAZIRLANIYOR...,0,0,0,0,111,0,0
2.8981,17535,Rest,HAZIRLANIYOR...,0,0,0,0,145,2,4
2.8981,17536,Rest,HAZIRLANIYOR...,0,0,0,0,181,4,0
2.8981,17537,Rest,HAZIRLANIYOR...,0,0,0,0,211,3,0
2.8981,17538,Rest,HAZIRLANIYOR...,0,0,0,0,233,2,0
2.8981,17539,Rest,HAZIRLANIYOR...,0,21,0,0,250,5,0
2.8981,17540,Rest,HAZIRLANIYOR...,0,43,0,0,256,11,3
2.8981,17541,Rest,HAZIRLANIYOR...,0,65,0,0,248,15,6
2.8981,17542,Rest,HAZIRLANIYOR...,0,87,0,0,235,7,7
2.8982,17543,Rest,HAZIRLANIYOR...,0,105,0,0,224,0,1
2.8983,17544,Rest,HAZIRLANIYOR...,0,118,0,0,218,0,0
2.9130,17545,Rest,HAZIRLANIYOR...,0,124,0,0,212,0,0
2.9131,17546,Rest,HAZIRLANIYOR...,0,127,0,4,195,1,0
2.9131,17547,Rest,HAZIRLANIYOR...,0,129,1,17,158,6,0
2.9131,17548,Rest,HAZIRLANIYOR...,0,129,13,30,104,8,2
2.9131,17549,Rest,HAZIRLANIYOR...,0,128,25,42,44,1,1
2.9132,17550,Rest,HAZIRLANIYOR...,0,126,37,52,0,0,0
2.9132,17551,Rest,HAZIRLANIYOR...,0,121,46,59,0,0,0
2.9132,17552,Rest,HAZIRLANIYOR...,0,113,50,64,0,0,0
2.9132,17553,Rest,HAZIRLANIYOR...,0,99,52,67,0,0,0
2.9132,17554,Rest,HAZIRLANIYOR...,0,80,53,67,0,0,0
2.9132,17555,Rest,HAZIRLANIYOR...,0,54,51,63,0,0,0
2.9132,17556,Rest,HAZIRLANIYOR...,0,28,47,57,0,0,0
2.9132,17557,Rest,HAZIRLANIYOR...,0,5,41,48,0,0,0
2.9133,17558,Rest,HAZIRLANIYOR...,0,0,32,36,0,0,0
2.9133,17559,Rest,HAZIRLANIYOR...,0,0,23,24,0,0,0
2.9133,17560,Rest,HAZIRLANIYOR...,0,0,13,11,0,0,0
2.9133,17561,Rest,HAZIRLANIYOR...,0,0,2,0,0,0,0
2.9133,17562,Rest,HAZIRLANIYOR...,0,0,0,0,0,0,1
2.9133,17563,Rest,HAZIRLANIYOR...,0,0,0,0,0,0,7
2.9133,17564,Rest,HAZIRLANIYOR...,0,0,0,0,0,0,11
2.9133,17565,Rest,HAZIRLANIYOR...,0,0,0,0,0,0,4
2.9133,17566,Rest,HAZIRLANIYOR...,0,0,0,0,0,0,0
2.9133,17567,Rest,HAZIRLANIYOR...,0,0,0,0,0,3,0
2.9134,17568,Rest,HAZIRLANIYOR...,0,0,0,0,41,5,0
2.9134,17569,Rest,HAZIRLANIYOR...,0,0,0,0,89,6,6
2.9134,17570,Rest,HAZIRLANIYOR...,0,0,0,0,128,6,10
2.9134,17571,Rest,HAZIRLANIYOR...,0,0,0,0,164,4,5
2.9282,17572,Rest,HAZIRLANIYOR...,0,7,0,0,200,1,0
2.9284,17573,Rest,HAZIRLANIYOR...,0,20,0,0,235,0,0
2.9284,17574,Rest,HAZIRLANIYOR...,0,32,0,0,264,0,0
2.9284,17575,Rest,HAZIRLANIYOR...,0,43,0,0,275,3,0
2.9284,17576,Rest,HAZIRLANIYOR...,0,52,0,0,262,3,0
2.9284,17577,Rest,HAZIRLANIYOR...,0,58,0,0,240,2,0
2.9285,17578,Rest,HAZIRLANIYOR...,0,62,0,0,227,1,3
2.9285,17579,Rest,HAZIRLANIYOR...,0,65,7,11,223,2,10
2.9285,17580,Rest,HAZIRLANIYOR...,0,68,19,25,219,2,13
2.9285,17581,Rest,HAZIRLANIYOR...,0,74,31,38,207,5,5
2.9285,17582,Rest,HAZIRLANIYOR...,0,83,45,50,179,7,0
2.9285,17583,Rest,HAZIRLANIYOR...,0,92,58,62,131,2,0
2.9285,17584,Rest,HAZIRLANIYOR...,0,98,70,75,72,0,0
2.9286,17585,Rest,HAZIRLANIYOR...,0,97,80,86,13,0,0
2.9286,17586,Rest,HAZIRLANIYOR...,0,91,88,93,0,0,0
2.9286,17587,Rest,HAZIRLANIYOR...,0,83,92,96,0,0,0
2.9286,17588,Rest,HAZIRLANIYOR...,0,75,94,97,0,0,6
2.9286,17589,Rest,HAZIRLANIYOR...,0,67,94,96,0,0,10
2.9286,17590,Rest,HAZIRLANIYOR...,0,59,92,93,0,0,4
2.9286,17591,Rest,HAZIRLANIYOR...,0,50,87,86,0,0,0
2.9286,17592,Rest,HAZIRLANIYOR...,0,40,78,76,0,0,0
2.9287,17593,Rest,HAZIRLANIYOR...,0,29,68,64,0,0,0
2.9287,17594,Rest,HAZIRLANIYOR...,0,17,57,50,0,0,0
2.9287,17595,Rest,HAZIRLANIYOR...,0,1,43,34,0,0,0
2.9287,17596,Rest,HAZIRLANIYOR...,0,0,27,18,0,0,0
2.9287,17597,Rest,HAZIRLANIYOR...,0,0,11,2,0,0,0
2.9288,17598,Rest,HAZIRLANIYOR...,0,0,0,0,0,0,0
2.9289,17599,Rest,HAZIRLANIYOR...,0,0,0,0,0,0,0
2.9435,17600,Rest,HAZIRLANIYOR...,0,0,0,0,0,0,0
2.9437,17601,Rest,HAZIRLANIYOR...,0,0,0,0,0,0,0
2.9438,17602,Rest,HAZIRLANIYOR...,0,0,0,0,0,1,0
2.9438,17603,Rest,HAZIRLANIYOR...,0,0,0,0,8,1,0
2.9438,17604,Rest,HAZIRLANIYOR...,0,0,0,0,59,1,0
2.9438,17605,Rest,HAZIRLANIYOR...,0,0,0,0,107,1,1
2.9438,17606,Rest,HAZIRLANIYOR...,0,0,0,0,149,1,1
2.9438,17607,Rest,HAZIRLANIYOR...,0,0,0,0,184,1,1
2.9439,17608,Rest,HAZIRLANIYOR...,0,0,0,0,215,1,2
2.9439,17609,Rest,HAZIRLANIYOR...,0,0,0,0,238,1,8
2.9439,17610,Rest,HAZIRLANIYOR...,0,0,0,0,252,0,13
2.9439,17611,Rest,HAZIRLANIYOR...,0,0,0,0,259,0,7
2.9439,17612,Rest,HAZIRLANIYOR...,0,0,0,0,261,0,0
2.9440,17613,Rest,HAZIRLANIYOR...,0,14,0,0,251,0,0
2.9440,17614,Rest,HAZIRLANIYOR...,0,42,0,0,230,0,0
2.9440,17615,Rest,HAZIRLANIYOR...,0,67,0,0,210,0,0
2.9440,17616,Rest,HAZIRLANIYOR...,0,85,0,7,202,0,0
2.9440,17617,Rest,HAZIRLANIYOR...,0,93,0,21,190,0,0
2.9440,17618,Rest,HAZIRLANIYOR...,0,90,14,35,154,0,6
2.9441,17619,Rest,HAZIRLANIYOR...,0,82,28,46,97,0,8
2.9441,17620,Rest,HAZIRLANIYOR...,0,72,41,55,33,0,6
2.9441,17621,Rest,HAZIRLANIYOR...,0,60,53,61,0,0,0
2.9441,17622,Rest,HAZIRLANIYOR...,0,47,64,65,0,0,0
2.9441,17623,Rest,HAZIRLANIYOR...,0,32,75,66,0,0,0
2.9443,17624,Rest,HAZIRLANIYOR...,0,16,81,65,0,0,3
2.9443,17625,Rest,HAZIRLANIYOR...,0,0,84,62,0,0,9
2.9444,17626,Rest,HAZIRLANIYOR...,0,0,83,59,0,0,2
2.9587,17627,Rest,HAZIRLANIYOR...,0,0,82,56,0,0,0
2.9588,17628,Rest,HAZIRLANIYOR...,0,0,79,53,0,0,0
2.9588,17629,Rest,HAZIRLANIYOR...,0,0,74,45,0,0,0
2.9589,17630,Rest,HAZIRLANIYOR...,0,0,65,36,0,1,0
2.9589,17631,Rest,HAZIRLANIYOR...,0,0,54,25,0,1,0
2.9589,17632,Rest,HAZIRLANIYOR...,0,0,44,15,0,0,0
2.9589,17633,Rest,HAZIRLANIYOR...,0,0,33,4,0,0,0
2.9589,17634,Rest,HAZIRLANIYOR...,0,0,22,0,0,1,0
2.9589,17635,Rest,HAZIRLANIYOR...,0,0,10,0,0,2,0
2.9590,17636,Rest,HAZIRLANIYOR...,0,0,0,0,0,2,0
2.9590,17637,Rest,HAZIRLANIYOR...,0,0,0,0,0,2,0
2.9590,17638,Rest,HAZIRLANIYOR...,0,0,0,0,0,2,0
2.9590,17639,Rest,HAZIRLANIYOR...,0,0,0,0,47,3,0
2.9590,17640,Rest,HAZIRLANIYOR...,0,36,0,0,92,3,2
2.9591,17641,Rest,HAZIRLANIYOR...,0,74,0,0,121,3,1
2.9591,17642,Rest,HAZIRLANIYOR...,0,104,0,0,150,3,0
2.9591,17643,Rest,HAZIRLANIYOR...,0,127,0,0,195,2,0
2.9591,17644,Rest,HAZIRLANIYOR...,0,144,0,0,242,2,0
2.9591,17645,Rest,HAZIRLANIYOR...,0,154,0,0,259,1,0
2.9591,17646,Rest,HAZIRLANIYOR...,0,159,0,0,251,1,0
2.9591,17647,Rest,HAZIRLANIYOR...,0,161,0,0,242,2,0
2.9592,17648,Rest,HAZIRLANIYOR...,0,159,0,0,237,2,3
2.9592,17649,Rest,HAZIRLANIYOR...,0,155,0,0,228,1,9
2.9592,17650,Rest,HAZIRLANIYOR...,0,151,0,0,218,0,12
2.9592,17651,Rest,HAZIRLANIYOR...,0,146,0,11,210,0,4
2.9593,17652,Rest,HAZIRLANIYOR...,0,139,0,24,199,0,0
2.9594,17653,Rest,HAZIRLANIYOR...,0,132,0,37,172,0,0
2.9740,17654,Rest,HAZIRLANIYOR...,0,126,4,51,123,0,0
2.9741,17655,Rest,HAZIRLANIYOR...,0,119,14,65,61,0,0
2.9741,17656,Rest,HAZIRLANIYOR...,0,111,22,76,2,0,0
2.9742,17657,Rest,HAZIRLANIYOR...,0,101,30,84,0,0,0
2.9742,17658,Rest,HAZIRLANIYOR...,0,91,38,90,0,0,0
2.9742,17659,Rest,HAZIRLANIYOR...,0,82,46,93,0,0,0
2.9742,17660,Rest,HAZIRLANIYOR...,0,72,51,93,0,0,0
2.9742,17661,Rest,HAZIRLANIYOR...,0,59,51,90,0,0,0
2.9742,17662,Rest,HAZIRLANIYOR...,0,42,49,85,0,0,0
2.9743,17663,Rest,HAZIRLANIYOR...,0,27,46,77,0,0,0
2.9743,17664,Rest,HAZIRLANIYOR...,0,14,42,65,0,0,3
2.9743,17665,Rest,HAZIRLANIYOR...,0,0,37,50,0,0,2
2.9743,17666,Rest,HAZIRLANIYOR...,0,0,30,34,0,0,0
2.9744,17667,Rest,HAZIRLANIYOR...,0,0,20,20,0,0,0
2.9744,17668,Rest,HAZIRLANIYOR...,0,0,9,6,0,1,0
2.9744,17669,Rest,HAZIRLANIYOR...,0,0,0,0,0,6,0
2.9745,17670,Rest,HAZIRLANIYOR...,0,0,0,0,0,7,0
2.9745,17671,Rest,HAZIRLANIYOR...,0,0,0,0,0,5,3
2.9745,17672,Rest,HAZIRLANIYOR...,0,0,0,0,0,2,2
2.9745,17673,Rest,HAZIRLANIYOR...,0,0,0,0,0,1,0
2.9745,17674,Rest,HAZIRLANIYOR...,0,0,0,0,19,3,0
2.9745,17675,Rest,HAZIRLANIYOR...,0,0,0,0,67,4,3
2.9745,17676,Rest,HAZIRLANIYOR...,0,0,0,0,113,4,3
2.9745,17677,Rest,HAZIRLANIYOR...,0,0,0,0,151,3,3
2.9746,17678,Rest,HAZIRLANIYOR...,0,0,0,0,182,2,5
2.9747,17679,Rest,HAZIRLANIYOR...,0,0,0,0,211,1,9
2.9747,17680,Rest,HAZIRLANIYOR...,0,0,0,0,232,0,12
2.9901,17681,Rest,HAZIRLANIYOR...,0,0,0,0,241,0,10
2.9903,17682,Rest,HAZIRLANIYOR...,0,0,0,0,240,0,1
2.9903,17683,Rest,HAZIRLANIYOR...,0,0,0,0,238,0,0
2.9903,17684,Rest,HAZIRLANIYOR...,0,0,0,0,232,2,0
2.9903,17685,Rest,HAZIRLANIYOR...,0,0,0,0,222,8,0
2.9903,17686,Rest,HAZIRLANIYOR...,0,0,2,0,211,10,0
2.9903,17687,Rest,HAZIRLANIYOR...,0,0,18,4,201,5,0
2.9904,17688,Rest,HAZIRLANIYOR...,0,0,32,19,183,0,0
2.9904,17689,Rest,HAZIRLANIYOR...,0,0,46,34,146,0,0
2.9906,17690,Rest,HAZIRLANIYOR...,0,0,59,49,91,0,0
2.9906,17691,Rest,HAZIRLANIYOR...,0,0,72,62,30,0,0
2.9906,17692,Rest,HAZIRLANIYOR...,0,0,82,74,0,0,0
2.9906,17693,Rest,HAZIRLANIYOR...,0,11,90,82,0,0,0
2.9906,17694,Rest,HAZIRLANIYOR...,0,34,94,88,0,0,0
2.9907,17695,Rest,HAZIRLANIYOR...,0,60,95,91,0,0,4
2.9907,17696,Rest,HAZIRLANIYOR...,0,82,95,91,0,0,10
2.9907,17697,Rest,HAZIRLANIYOR...,0,97,92,85,0,0,6
2.9907,17698,Rest,HAZIRLANIYOR...,0,101,88,76,0,0,0
2.9907,17699,Rest,HAZIRLANIYOR...,0,98,81,67,0,4,0
2.9907,17700,Rest,HAZIRLANIYOR...,0,94,72,55,0,7,0
2.9908,17701,Rest,HAZIRLANIYOR...,0,91,61,41,0,2,0
2.9908,17702,Rest,HAZIRLANIYOR...,0,85,49,26,0,0,0
2.9908,17703,Rest,HAZIRLANIYOR...,0,77,38,13,0,0,1
2.9908,17704,Rest,HAZIRLANIYOR...,0,65,27,0,0,0,1
2.9908,17705,Rest,HAZIRLANIYOR...,0,53,16,0,0,0,2
2.9908,17706,Rest,HAZIRLANIYOR...,0,41,5,0,0,0,8
2.9909,17707,Rest,HAZIRLANIYOR...,0,29,0,0,0,0,18
2.9910,17708,Rest,HAZIRLANIYOR...,0,18,0,0,0,0,21
2.9910,17709,Rest,HAZIRLANIYOR...,0,9,0,0,3,0,11
3.0053,17710,Rest,HAZIRLANIYOR...,0,4,0,0,47,1,0
3.0055,17711,Rest,HAZIRLANIYOR...,0,5,0,0,91,1,0
3.0055,17712,Rest,HAZIRLANIYOR...,0,8,0,0,134,1,0
3.0055,17713,Rest,HAZIRLANIYOR...,0,16,0,0,170,0,0
3.0056,17714,Rest,HAZIRLANIYOR...,0,28,0,0,199,1,0
3.0056,17715,Rest,HAZIRLANIYOR...,0,40,0,0,224,1,0
3.0056,17716,Rest,HAZIRLANIYOR...,0,50,0,0,241,2,0
3.0056,17717,Rest,HAZIRLANIYOR...,0,57,0,0,249,7,0
3.0056,17718,Rest,HAZIRLANIYOR...,0,63,0,0,244,9,0
3.0056,17719,Rest,HAZIRLANIYOR...,0,71,0,0,230,1,0
3.0056,17720,Rest,HAZIRLANIYOR...,0,79,0,0,214,0,0
3.0056,17721,Rest,HAZIRLANIYOR...,0,86,0,0,204,0,0
3.0057,17722,Rest,HAZIRLANIYOR...,0,93,0,0,202,0,0
3.0057,17723,Rest,HAZIRLANIYOR...,0,100,11,10,195,0,0
3.0057,17724,Rest,HAZIRLANIYOR...,0,108,25,26,167,0,0
3.0057,17725,Rest,HAZIRLANIYOR...,0,114,36,42,117,0,0
3.0057,17726,Rest,HAZIRLANIYOR...,0,117,45,47,58,0,0
3.0057,17727,Rest,HAZIRLANIYOR...,0,116,55,47,2,0,0
3.0057,17728,Rest,HAZIRLANIYOR...,0,111,63,52,0,1,0
3.0057,17729,Rest,HAZIRLANIYOR...,0,102,67,60,0,5,0
3.0058,17730,Rest,HAZIRLANIYOR...,0,89,69,65,0,8,0
3.0058,17731,Rest,HAZIRLANIYOR...,0,72,67,66,0,2,0
3.0058,17732,Rest,HAZIRLANIYOR...,0,50,65,66,0,0,0
3.0058,17733,Rest,HAZIRLANIYOR...,0,25,61,64,0,0,0
3.0058,17734,Rest,HAZIRLANIYOR...,0,0,57,60,0,0,1
3.0059,17735,Rest,HAZIRLANIYOR...,0,0,51,55,0,0,2
3.0060,17736,Rest,HAZIRLANIYOR...,0,0,40,49,0,0,1
3.0206,17737,Rest,HAZIRLANIYOR...,0,0,29,40,0,0,1
3.0207,17738,Rest,HAZIRLANIYOR...,0,0,18,29,0,5,4
3.0207,17739,Rest,HAZIRLANIYOR...,0,0,7,17,0,8,6
3.0207,17740,Rest,HAZIRLANIYOR...,0,0,0,5,0,3,2
3.0207,17741,Rest,HAZIRLANIYOR...,0,0,0,0,0,0,0
3.0207,17742,Rest,HAZIRLANIYOR...,0,0,0,0,0,0,0
3.0208,17743,Rest,HAZIRLANIYOR...,0,0,0,0,0,0,1
3.0208,17744,Rest,HAZIRLANIYOR...,0,0,0,0,0,2,3
3.0208,17745,Rest,HAZIRLANIYOR...,0,0,0,0,25,2,2
3.0208,17746,Rest,HAZIRLANIYOR...,0,0,0,0,70,1,1
3.0208,17747,Rest,HAZIRLANIYOR...,0,0,0,0,108,1,1
3.0208,17748,Rest,HAZIRLANIYOR...,0,0,0,0,150,1,2
3.0209,17749,Rest,HAZIRLANIYOR...,0,0,0,0,193,2,3
3.0209,17750,Rest,HAZIRLANIYOR...,0,0,0,0,229,2,3
3.0209,17751,Rest,HAZIRLANIYOR...,0,0,0,0,254,3,3
3.0209,17752,Rest,HAZIRLANIYOR...,0,0,0,0,265,8,2
3.0209,17753,Rest,HAZIRLANIYOR...,0,0,0,0,259,14,2
3.0209,17754,Rest,HAZIRLANIYOR...,0,0,0,0,246,10,2
3.0210,17755,Rest,HAZIRLANIYOR...,0,0,0,0,236,0,1
3.0210,17756,Rest,HAZIRLANIYOR...,0,0,0,6,222,0,1
3.0210,17757,Rest,HAZIRLANIYOR...,0,0,0,17,206,0,0
3.0210,17758,Rest,HAZIRLANIYOR...,0,6,0,28,196,0,0
3.0210,17759,Rest,HAZIRLANIYOR...,0,37,2,39,180,0,6
3.0210,17760,Rest,HAZIRLANIYOR...,0,67,17,49,142,0,16
3.0210,17761,Rest,HAZIRLANIYOR...,0,89,31,57,84,0,15
3.0211,17762,Rest,HAZIRLANIYOR...,0,100,45,60,22,0,0
3.0368,17763,Rest,HAZIRLANIYOR...,0,102,59,61,0,0,0
3.0368,17764,Rest,HAZIRLANIYOR...,0,103,70,58,0,0,0
3.0368,17765,Rest,HAZIRLANIYOR...,0,106,77,54,0,0,0
3.0369,17766,Rest,HAZIRLANIYOR...,0,110,80,48,0,0,0
3.0369,17767,Rest,HAZIRLANIYOR...,0,106,81,41,0,0,0
3.0369,17768,Rest,HAZIRLANIYOR...,0,87,79,35,0,0,0
3.0369,17769,Rest,HAZIRLANIYOR...,0,58,73,26,0,0,0
3.0369,17770,Rest,HAZIRLANIYOR...,0,27,64,16,0,2,0
3.0369,17771,Rest,HAZIRLANIYOR...,0,1,54,7,0,6,0
3.0369,17772,Rest,HAZIRLANIYOR...,0,0,44,0,0,9,0
3.0369,17773,Rest,HAZIRLANIYOR...,0,0,33,0,0,4,0
3.0370,17774,Rest,HAZIRLANIYOR...,0,0,20,0,0,0,0
3.0370,17775,Rest,HAZIRLANIYOR...,0,0,7,0,0,0,0
3.0370,17776,Rest,HAZIRLANIYOR...,0,0,0,0,0,0,0
3.0370,17777,Rest,HAZIRLANIYOR...,0,0,0,0,0,8,2
3.0370,17778,Rest,HAZIRLANIYOR...,0,5,0,0,0,11,5
3.0370,17779,Rest,HAZIRLANIYOR...,0,36,0,0,0,6,5
3.0370,17780,Rest,HAZIRLANIYOR...,0,71,0,0,0,0,2
3.0371,17781,Rest,HAZIRLANIYOR...,0,108,0,0,56,0,0
3.0371,17782,Rest,HAZIRLANIYOR...,0,146,0,0,103,0,0
3.0371,17783,Rest,HAZIRLANIYOR...,0,184,0,0,140,1,0
3.0371,17784,Rest,HAZIRLANIYOR...,0,220,0,0,172,0,1
3.0372,17785,Rest,HAZIRLANIYOR...,0,253,0,0,204,0,4
3.0372,17786,Rest,HAZIRLANIYOR...,0,284,0,0,230,0,0
3.0372,17787,Rest,HAZIRLANIYOR...,0,309,0,0,246,0,0
3.0372,17788,Rest,HAZIRLANIYOR...,0,328,0,0,251,0,0
3.0372,17789,Rest,HAZIRLANIYOR...,0,340,0,0,248,0,0
3.0372,17790,Rest,HAZIRLANIYOR...,0,344,0,0,237,0,0
3.0373,17791,Rest,HAZIRLANIYOR...,0,340,0,0,224,0,0
3.0526,17792,Rest,HAZIRLANIYOR...,0,328,0,1,215,0,0
3.0527,17793,Rest,HAZIRLANIYOR...,0,315,7,14,208,4,3
3.0527,17794,Rest,HAZIRLANIYOR...,0,301,22,28,195,5,4
3.0527,17795,Rest,HAZIRLANIYOR...,0,285,36,41,164,0,0
3.0527,17796,Rest,HAZIRLANIYOR...,0,266,47,55,112,0,0
3.0528,17797,Rest,HAZIRLANIYOR...,0,244,57,68,52,0,0
3.0528,17798,Rest,HAZIRLANIYOR...,0,221,65,79,0,0,0
3.0528,17799,Rest,HAZIRLANIYOR...,0,194,73,88,0,0,6
3.0528,17800,Rest,HAZIRLANIYOR...,0,166,81,94,0,0,8
3.0528,17801,Rest,HAZIRLANIYOR...,0,140,86,99,0,0,1
3.0528,17802,Rest,HAZIRLANIYOR...,0,120,86,100,0,0,0
3.0528,17803,Rest,HAZIRLANIYOR...,0,100,83,96,0,0,0
3.0528,17804,Rest,HAZIRLANIYOR...,0,76,79,90,0,0,0
3.0529,17805,Rest,HAZIRLANIYOR...,0,42,73,81,0,0,0
3.0529,17806,Rest,HAZIRLANIYOR...,0,2,62,69,0,0,0
3.0529,17807,Rest,HAZIRLANIYOR...,0,0,49,56,0,0,4
3.0529,17808,Rest,HAZIRLANIYOR...,0,0,36,41,0,0,8
3.0529,17809,Rest,HAZIRLANIYOR...,0,0,24,26,0,0,3
3.0529,17810,Rest,HAZIRLANIYOR...,0,0,10,9,0,0,0
3.0529,17811,Rest,HAZIRLANIYOR...,0,0,0,0,0,0,0
3.0529,17812,Rest,HAZIRLANIYOR...,0,0,0,0,0,5,0
3.0529,17813,Rest,HAZIRLANIYOR...,0,0,0,0,0,16,0
3.0530,17814,Rest,HAZIRLANIYOR...,0,0,0,0,0,13,0
3.0530,17815,Rest,HAZIRLANIYOR...,0,0,0,0,0,2,0
3.0530,17816,Rest,HAZIRLANIYOR...,0,0,0,0,33,0,2
3.0530,17817,Rest,HAZIRLANIYOR...,0,0,0,0,84,1,1
3.0530,17818,Rest,HAZIRLANIYOR...,0,0,0,0,117,4,0
3.0531,17819,Rest,HAZIRLANIYOR...,0,0,0,0,142,2,0
3.0679,17820,Rest,HAZIRLANIYOR...,0,0,0,0,171,1,0
3.0680,17821,Rest,HAZIRLANIYOR...,0,0,0,0,202,1,2
3.0680,17822,Rest,HAZIRLANIYOR...,0,0,0,0,227,2,2
3.0680,17823,Rest,HAZIRLANIYOR...,0,0,0,0,244,2,1
3.0680,17824,Rest,HAZIRLANIYOR...,0,0,0,0,247,1,1
3.0681,17825,Rest,HAZIRLANIYOR...,0,0,0,0,232,0,3
3.0681,17826,Rest,HAZIRLANIYOR...,0,0,0,0,211,0,3
3.0681,17827,Rest,HAZIRLANIYOR...,0,0,0,0,205,0,2
3.0681,17828,Rest,HAZIRLANIYOR...,0,0,0,0,214,0,1
3.0681,17829,Rest,HAZIRLANIYOR...,0,2,10,0,208,0,1
3.0681,17830,Rest,HAZIRLANIYOR...,0,11,26,12,170,1,3
3.0682,17831,Rest,HAZIRLANIYOR...,0,10,41,30,114,1,6
3.0682,17832,Rest,HAZIRLANIYOR...,0,0,53,45,61,0,7
3.0682,17833,Rest,HAZIRLANIYOR...,0,0,65,56,10,0,2
3.0682,17834,Rest,HAZIRLANIYOR...,0,0,77,66,0,0,0
3.0682,17835,Rest,HAZIRLANIYOR...,0,0,87,76,0,0,0
3.0682,17836,Rest,HAZIRLANIYOR...,0,0,93,86,0,0,0
3.0682,17837,Rest,HAZIRLANIYOR...,0,0,95,91,0,0,0
3.0682,17838,Rest,HAZIRLANIYOR...,0,0,94,91,0,0,0
3.0682,17839,Rest,HAZIRLANIYOR...,0,0,91,88,0,0,0
3.0683,17840,Rest,HAZIRLANIYOR...,0,0,87,81,0,0,0
3.0683,17841,Rest,HAZIRLANIYOR...,0,0,79,72,0,0,0
3.0683,17842,Rest,HAZIRLANIYOR...,0,0,66,62,0,0,0
3.0683,17843,Rest,HAZIRLANIYOR...,0,0,52,52,0,0,0
3.0683,17844,Rest,HAZIRLANIYOR...,0,0,41,39,0,2,2
3.0683,17845,Rest,HAZIRLANIYOR...,0,0,32,25,0,2,2
3.0684,17846,Rest,HAZIRLANIYOR...,0,0,18,11,0,0,1
3.0831,17847,Rest,HAZIRLANIYOR...,0,0,2,0,0,0,0
3.0832,17848,Rest,HAZIRLANIYOR...,0,0,0,0,0,1,1
3.0832,17849,Rest,HAZIRLANIYOR...,0,0,0,0,0,0,4
3.0832,17850,Rest,HAZIRLANIYOR...,0,0,0,0,0,0,8
3.0832,17851,Rest,HAZIRLANIYOR...,0,0,0,0,4,0,7
3.0832,17852,Rest,HAZIRLANIYOR...,0,0,0,0,53,0,1
3.0833,17853,Rest,HAZIRLANIYOR...,0,0,0,0,102,5,0
3.0833,17854,Rest,HAZIRLANIYOR...,0,0,0,0,147,6,0
3.0833,17855,Rest,HAZIRLANIYOR...,0,0,0,0,181,2,0
3.0833,17856,Rest,HAZIRLANIYOR...,0,0,0,0,210,0,0
3.0833,17857,Rest,HAZIRLANIYOR...,0,0,0,0,235,0,0
3.0833,17858,Rest,HAZIRLANIYOR...,0,0,0,0,250,2,0
3.0834,17859,Rest,HAZIRLANIYOR...,0,0,0,0,251,2,0
3.0834,17860,Rest,HAZIRLANIYOR...,0,0,0,0,240,1,0
3.0834,17861,Rest,HAZIRLANIYOR...,0,0,0,0,226,1,0
3.0834,17862,Rest,HAZIRLANIYOR...,0,1,0,0,215,1,0
3.0834,17863,Rest,HAZIRLANIYOR...,0,28,0,0,208,1,1
3.0834,17864,Rest,HAZIRLANIYOR...,0,50,0,7,202,1,1
3.0834,17865,Rest,HAZIRLANIYOR...,0,75,13,22,186,0,0
3.0835,17866,Rest,HAZIRLANIYOR...,0,108,26,37,153,0,0
3.0835,17867,Rest,HAZIRLANIYOR...,0,146,36,51,102,0,0
3.0835,17868,Rest,HAZIRLANIYOR...,0,184,47,61,44,0,0
3.0835,17869,Rest,HAZIRLANIYOR...,0,218,57,68,0,0,0
3.0835,17870,Rest,HAZIRLANIYOR...,0,247,64,73,0,0,0
3.0835,17871,Rest,HAZIRLANIYOR...,0,269,70,77,0,0,0
3.0835,17872,Rest,HAZIRLANIYOR...,0,284,72,79,0,0,1
3.0836,17873,Rest,HAZIRLANIYOR...,0,293,72,77,0,0,5
3.0985,17874,Rest,HAZIRLANIYOR...,0,297,71,73,0,5,6
3.0986,17875,Rest,HAZIRLANIYOR...,0,301,68,68,0,5,0
3.0986,17876,Rest,HAZIRLANIYOR...,0,306,61,61,0,0,0
3.0986,17877,Rest,HAZIRLANIYOR...,0,313,51,49,0,0,0
3.0986,17878,Rest,HAZIRLANIYOR...,0,319,39,35,0,0,0
3.0987,17879,Rest,HAZIRLANIYOR...,0,322,27,22,0,0,1
3.0987,17880,Rest,HAZIRLANIYOR...,0,322,10,9,0,0,0
3.0987,17881,Rest,HAZIRLANIYOR...,0,318,0,0,0,0,3
3.0987,17882,Rest,HAZIRLANIYOR...,0,308,0,0,0,0,7
3.0987,17883,Rest,HAZIRLANIYOR...,0,294,0,0,0,0,3
3.0987,17884,Rest,HAZIRLANIYOR...,0,276,0,0,0,0,0
3.0987,17885,Rest,HAZIRLANIYOR...,0,253,0,0,0,1,0
3.0987,17886,Rest,HAZIRLANIYOR...,0,225,0,0,0,2,0
3.0988,17887,Rest,HAZIRLANIYOR...,0,193,0,0,29,1,0
3.0988,17888,Rest,HAZIRLANIYOR...,0,160,0,0,84,1,0
3.0988,17889,Rest,HAZIRLANIYOR...,0,127,0,0,127,0,0
3.0988,17890,Rest,HAZIRLANIYOR...,0,95,0,0,152,1,0
3.0988,17891,Rest,HAZIRLANIYOR...,0,66,0,0,172,1,0
3.0988,17892,Rest,HAZIRLANIYOR...,0,44,0,0,201,0,0
3.0988,17893,Rest,HAZIRLANIYOR...,0,31,0,0,230,0,0
3.0989,17894,Rest,HAZIRLANIYOR...,0,25,0,0,244,0,1
3.0989,17895,Rest,HAZIRLANIYOR...,0,24,0,0,240,2,0
3.0989,17896,Rest,HAZIRLANIYOR...,0,28,0,0,228,2,0
3.0989,17897,Rest,HAZIRLANIYOR...,0,37,0,1,215,0,0
3.0989,17898,Rest,HAZIRLANIYOR...,0,51,0,6,202,0,0
3.0989,17899,Rest,HAZIRLANIYOR...,0,68,2,11,189,0,0
3.0990,17900,Rest,HAZIRLANIYOR...,0,83,17,16,179,0,0
3.1147,17901,Rest,HAZIRLANIYOR...,0,94,33,21,161,0,3
3.1148,17902,Rest,HAZIRLANIYOR...,0,102,48,28,121,0,4
3.1148,17903,Rest,HAZIRLANIYOR...,0,109,63,37,64,0,6
3.1148,17904,Rest,HAZIRLANIYOR...,0,112,74,45,5,0,9
3.1148,17905,Rest,HAZIRLANIYOR...,0,110,81,51,0,0,12
3.1149,17906,Rest,HAZIRLANIYOR...,0,104,86,53,0,0,12
3.1149,17907,Rest,HAZIRLANIYOR...,0,95,90,53,0,0,7
3.1149,17908,Rest,HAZIRLANIYOR...,0,80,92,53,0,0,0
3.1149,17909,Rest,HAZIRLANIYOR...,0,61,91,52,0,0,0
3.1149,17910,Rest,HAZIRLANIYOR...,0,38,88,48,0,0,0
3.1149,17911,Rest,HAZIRLANIYOR...,0,14,82,41,0,0,0
3.1149,17912,Rest,HAZIRLANIYOR...,0,0,73,34,0,0,0
3.1149,17913,Rest,HAZIRLANIYOR...,0,0,59,26,0,0,0
3.1150,17914,Rest,HAZIRLANIYOR...,0,0,43,17,0,0,2
3.1150,17915,Rest,HAZIRLANIYOR...,0,0,27,4,0,2,6
3.1150,17916,Rest,HAZIRLANIYOR...,0,0,11,0,0,3,0
3.1150,17917,Rest,HAZIRLANIYOR...,0,0,0,0,0,1,0
3.1150,17918,Rest,HAZIRLANIYOR...,0,0,0,0,0,0,0
3.1150,17919,Rest,HAZIRLANIYOR...,0,0,0,0,0,0,0
3.1150,17920,Rest,HAZIRLANIYOR...,0,0,0,0,0,1,0
3.1150,17921,Rest,HAZIRLANIYOR...,0,0,0,0,0,1,1
3.1150,17922,Rest,HAZIRLANIYOR...,0,0,0,0,7,0,4
3.1151,17923,Rest,HAZIRLANIYOR...,0,0,0,0,59,0,7
3.1151,17924,Rest,HAZIRLANIYOR...,0,0,0,0,101,0,2
3.1151,17925,Rest,HAZIRLANIYOR...,0,0,0,0,135,1,0
3.1151,17926,Rest,HAZIRLANIYOR...,0,0,0,0,168,4,0
3.1151,17927,Rest,HAZIRLANIYOR...,0,0,0,0,201,5,0
3.1151,17928,Rest,HAZIRLANIYOR...,0,0,0,0,227,5,0
3.1152,17929,Rest,HAZIRLANIYOR...,0,0,0,0,241,2,0
3.1300,17930,Rest,HAZIRLANIYOR...,0,0,0,0,242,1,0
3.1300,17931,Rest,HAZIRLANIYOR...,0,0,0,0,232,1,1
3.1300,17932,Rest,HAZIRLANIYOR...,0,0,0,0,218,2,2
3.1300,17933,Rest,HAZIRLANIYOR...,0,0,0,13,209,3,1
3.1301,17934,Rest,HAZIRLANIYOR...,0,0,0,25,207,8,4
3.1301,17935,Rest,HAZIRLANIYOR...,0,0,12,37,203,11,8
3.1301,17936,Rest,HAZIRLANIYOR...,0,0,26,49,187,4,3
3.1301,17937,Rest,HAZIRLANIYOR...,0,0,40,61,152,0,0
3.1301,17938,Rest,HAZIRLANIYOR...,0,0,53,71,100,0,0
3.1301,17939,Rest,HAZIRLANIYOR...,0,0,66,80,42,0,0
3.1301,17940,Rest,HAZIRLANIYOR...,0,0,76,88,0,0,0
3.1301,17941,Rest,HAZIRLANIYOR...,0,0,83,93,0,0,0
3.1302,17942,Rest,HAZIRLANIYOR...,0,0,87,96,0,0,0
3.1302,17943,Rest,HAZIRLANIYOR...,0,0,88,95,0,0,0
3.1302,17944,Rest,HAZIRLANIYOR...,0,0,87,93,0,3,0
3.1302,17945,Rest,HAZIRLANIYOR...,0,0,83,90,0,1,0
3.1303,17946,Rest,HAZIRLANIYOR...,0,0,77,84,0,0,0
3.1303,17947,Rest,HAZIRLANIYOR...,0,0,70,74,0,0,0
3.1303,17948,Rest,HAZIRLANIYOR...,0,0,61,61,0,0,0
3.1303,17949,Rest,HAZIRLANIYOR...,0,0,49,47,0,0,0
3.1303,17950,Rest,HAZIRLANIYOR...,0,0,36,32,0,0,0
3.1303,17951,Rest,HAZIRLANIYOR...,0,0,23,16,0,0,4
3.1303,17952,Rest,HAZIRLANIYOR...,0,0,8,0,0,0,9
3.1303,17953,Rest,HAZIRLANIYOR...,0,0,0,0,0,0,5
3.1304,17954,Rest,HAZIRLANIYOR...,0,0,0,0,0,0,0
3.1304,17955,Rest,HAZIRLANIYOR...,0,0,0,0,0,0,0
3.1304,17956,Rest,HAZIRLANIYOR...,0,0,0,0,0,0,0
3.1461,17957,Rest,HAZIRLANIYOR...,0,0,0,0,0,1,1
3.1462,17958,Rest,HAZIRLANIYOR...,0,0,0,0,41,2,0
3.1462,17959,Rest,HAZIRLANIYOR...,0,0,0,0,75,2,0
3.1463,17960,Rest,HAZIRLANIYOR...,0,0,0,0,107,1,0
3.1463,17961,Rest,HAZIRLANIYOR...,0,0,0,0,142,1,2
3.1463,17962,Rest,HAZIRLANIYOR...,0,0,0,0,179,1,3
3.1463,17963,Rest,HAZIRLANIYOR...,0,0,0,0,207,2,2
3.1463,17964,Rest,HAZIRLANIYOR...,0,0,0,0,224,3,1
3.1463,17965,Rest,HAZIRLANIYOR...,0,33,0,0,231,4,2
3.1463,17966,Rest,HAZIRLANIYOR...,0,70,0,0,234,1,8
3.1464,17967,Rest,HAZIRLANIYOR...,0,106,0,0,234,0,12
3.1464,17968,Rest,HAZIRLANIYOR...,0,144,0,0,226,4,5
3.1464,17969,Rest,HAZIRLANIYOR...,0,183,0,0,210,9,0
3.1464,17970,Rest,HAZIRLANIYOR...,0,223,0,0,191,4,0
3.1464,17971,Rest,HAZIRLANIYOR...,0,262,4,3,174,0,5
3.1464,17972,Rest,HAZIRLANIYOR...,0,299,18,18,149,0,12
3.1464,17973,Rest,HAZIRLANIYOR...,0,335,32,34,108,1,10
3.1464,17974,Rest,HAZIRLANIYOR...,0,370,45,49,56,6,2
3.1464,17975,Rest,HAZIRLANIYOR...,0,401,55,61,0,0,0
3.1465,17976,Rest,HAZIRLANIYOR...,0,423,63,70,0,0,0
3.1465,17977,Rest,HAZIRLANIYOR...,0,434,69,78,0,1,0
3.1465,17978,Rest,HAZIRLANIYOR...,0,438,73,82,0,5,0
3.1465,17979,Rest,HAZIRLANIYOR...,0,435,75,83,0,0,0
3.1465,17980,Rest,HAZIRLANIYOR...,0,421,73,82,0,0,0
3.1465,17981,Rest,HAZIRLANIYOR...,0,392,69,80,0,0,0
3.1466,17982,Rest,HAZIRLANIYOR...,0,350,67,74,0,0,0
3.1466,17983,Rest,HAZIRLANIYOR...,0,297,63,65,0,0,0
3.1466,17984,Rest,HAZIRLANIYOR...,0,241,56,54,0,0,0
3.1467,17985,Rest,HAZIRLANIYOR...,0,188,47,44,0,0,0
3.1618,17986,Rest,HAZIRLANIYOR...,0,140,37,33,0,0,1
3.1618,17987,Rest,HAZIRLANIYOR...,0,94,25,21,0,0,7
3.1619,17988,Rest,HAZIRLANIYOR...,0,49,13,9,0,0,7
3.1619,17989,Rest,HAZIRLANIYOR...,0,5,2,0,0,0,0
3.1619,17990,Rest,HAZIRLANIYOR...,0,0,0,0,0,0,0
3.1619,17991,Rest,HAZIRLANIYOR...,0,0,0,0,0,1,0
3.1619,17992,Rest,HAZIRLANIYOR...,0,0,0,0,0,7,0
3.1620,17993,Rest,HAZIRLANIYOR...,0,0,0,0,21,5,0
3.1620,17994,Rest,HAZIRLANIYOR...,0,0,0,0,70,0,0
3.1620,17995,Rest,HAZIRLANIYOR...,0,0,0,0,111,0,0
3.1620,17996,Rest,HAZIRLANIYOR...,0,0,0,0,149,0,1
3.1621,17997,Rest,HAZIRLANIYOR...,0,0,0,0,187,2,0
3.1621,17998,Rest,HAZIRLANIYOR...,0,0,0,0,218,4,0
3.1621,17999,Rest,HAZIRLANIYOR...,0,0,0,0,234,8,1
3.1621,18000,Rest,HAZIRLANIYOR...,0,0,0,0,237,14,0
3.1621,18001,Rest,HAZIRLANIYOR...,0,20,0,0,238,17,0
3.1622,18002,Rest,HAZIRLANIYOR...,0,48,0,0,236,14,0
3.1622,18003,Rest,HAZIRLANIYOR...,0,70,0,0,225,10,7
3.1622,18004,Rest,HAZIRLANIYOR...,0,86,0,0,212,1,9
3.1622,18005,Rest,HAZIRLANIYOR...,0,99,0,10,204,0,5
3.1622,18006,Rest,HAZIRLANIYOR...,0,108,2,21,199,0,1
3.1623,18007,Rest,HAZIRLANIYOR...,0,114,15,33,182,0,1
3.1623,18008,Rest,HAZIRLANIYOR...,0,120,26,44,145,0,3
3.1623,18009,Rest,HAZIRLANIYOR...,0,122,35,55,93,0,5
3.1623,18010,Rest,HAZIRLANIYOR...,0,115,45,65,37,0,9
3.1623,18011,Rest,HAZIRLANIYOR...,0,101,54,73,0,0,11
3.1623,18012,Rest,HAZIRLANIYOR...,0,82,62,77,0,0,5
3.1624,18013,Rest,HAZIRLANIYOR...,0,58,68,79,0,0,0
3.1769,18014,Rest,HAZIRLANIYOR...,0,22,69,79,0,0,0
3.1769,18015,Rest,HAZIRLANIYOR...,0,0,70,77,0,0,0
3.1770,18016,Rest,HAZIRLANIYOR...,0,0,69,72,0,0,0
3.1770,18017,Rest,HAZIRLANIYOR...,0,0,64,63,0,0,0
3.1770,18018,Rest,HAZIRLANIYOR...,0,0,55,51,0,0,0
3.1770,18019,Rest,HAZIRLANIYOR...,0,0,46,36,0,2,0
3.1770,18020,Rest,HAZIRLANIYOR...,0,0,37,20,0,1,0
3.1770,18021,Rest,HAZIRLANIYOR...,0,0,26,4,0,0,0
3.1771,18022,Rest,HAZIRLANIYOR...,0,0,11,0,0,0,0
3.1771,18023,Rest,HAZIRLANIYOR...,0,0,0,0,0,1,0
3.1771,18024,Rest,HAZIRLANIYOR...,0,0,0,0,0,2,0
3.1771,18025,Rest,HAZIRLANIYOR...,0,0,0,0,0,2,0
3.1771,18026,Rest,HAZIRLANIYOR...,0,0,0,0,0,3,1
3.1771,18027,Rest,HAZIRLANIYOR...,0,0,0,0,0,4,0
3.1772,18028,Rest,HAZIRLANIYOR...,0,0,0,0,0,5,0
3.1772,18029,Rest,HAZIRLANIYOR...,0,0,0,0,42,5,1
3.1772,18030,Rest,HAZIRLANIYOR...,0,0,0,0,91,5,4
3.1772,18031,Rest,HAZIRLANIYOR...,0,0,0,0,122,5,3
3.1772,18032,Rest,HAZIRLANIYOR...,0,0,0,0,145,4,0
3.1772,18033,Rest,HAZIRLANIYOR...,0,0,0,0,177,3,0
3.1772,18034,Rest,HAZIRLANIYOR...,0,0,0,0,214,3,0
3.1773,18035,Rest,HAZIRLANIYOR...,0,0,0,0,239,3,0
3.1773,18036,Rest,HAZIRLANIYOR...,0,29,0,0,240,3,1
3.1773,18037,Rest,HAZIRLANIYOR...,0,77,0,0,229,4,5
3.1773,18038,Rest,HAZIRLANIYOR...,0,120,0,0,220,8,8
3.1774,18039,Rest,HAZIRLANIYOR...,0,158,0,0,213,9,3
3.1919,18040,Rest,HAZIRLANIYOR...,0,193,0,0,205,2,0
3.1920,18041,Rest,HAZIRLANIYOR...,0,223,0,13,198,0,0
3.1920,18042,Rest,HAZIRLANIYOR...,0,246,12,29,187,0,0
3.1920,18043,Rest,HAZIRLANIYOR...,0,262,27,45,163,7,0
3.1921,18044,Rest,HAZIRLANIYOR...,0,271,42,61,121,0,0
3.1921,18045,Rest,HAZIRLANIYOR...,0,273,58,75,71,0,0
3.1921,18046,Rest,HAZIRLANIYOR...,0,268,72,85,20,0,0
3.1921,18047,Rest,HAZIRLANIYOR...,0,256,82,93,0,0,0
3.1921,18048,Rest,HAZIRLANIYOR...,0,239,88,99,0,0,0
3.1921,18049,Rest,HAZIRLANIYOR...,0,217,93,102,0,0,8
3.1921,18050,Rest,HAZIRLANIYOR...,0,190,96,100,0,0,12
3.1922,18051,Rest,HAZIRLANIYOR...,0,160,96,95,0,0,2
3.1922,18052,Rest,HAZIRLANIYOR...,0,127,92,87,0,0,0
3.1922,18053,Rest,HAZIRLANIYOR...,0,91,85,76,0,0,0
3.1922,18054,Rest,HAZIRLANIYOR...,0,55,74,62,0,0,9
3.1922,18055,Rest,HAZIRLANIYOR...,0,19,61,49,0,0,5
3.1922,18056,Rest,HAZIRLANIYOR...,0,0,47,34,0,0,0
3.1922,18057,Rest,HAZIRLANIYOR...,0,0,31,19,0,0,0
3.1922,18058,Rest,HAZIRLANIYOR...,0,0,15,2,0,0,0
3.1923,18059,Rest,HAZIRLANIYOR...,0,0,0,0,0,0,0
3.1923,18060,Rest,HAZIRLANIYOR...,0,0,0,0,0,0,0
3.1923,18061,Rest,HAZIRLANIYOR...,0,0,0,0,0,0,3
3.1923,18062,Rest,HAZIRLANIYOR...,0,0,0,0,0,0,1
3.1923,18063,Rest,HAZIRLANIYOR...,0,0,0,0,0,0,0
3.1923,18064,Rest,HAZIRLANIYOR...,0,0,0,0,16,3,0
3.1923,18065,Rest,HAZIRLANIYOR...,0,0,0,0,65,5,0
3.1924,18066,Rest,HAZIRLANIYOR...,0,0,0,0,107,5,4
3.2072,18067,Rest,HAZIRLANIYOR...,0,0,0,0,144,4,5
3.2073,18068,Rest,HAZIRLANIYOR...,0,0,0,0,178,3,0
3.2073,18069,Rest,HAZIRLANIYOR...,0,0,0,0,204,2,0
3.2074,18070,Rest,HAZIRLANIYOR...,0,0,0,0,222,2,0
3.2074,18071,Rest,HAZIRLANIYOR...,0,0,0,0,235,2,0
3.2074,18072,Rest,HAZIRLANIYOR...,0,0,0,0,240,2,0
3.2074,18073,Rest,HAZIRLANIYOR...,0,0,0,0,234,0,0
3.2074,18074,Rest,HAZIRLANIYOR...,0,0,0,0,221,0,0
3.2074,18075,Rest,HAZIRLANIYOR...,0,0,0,0,211,0,0
3.2075,18076,Rest,HAZIRLANIYOR...,0,11,0,8,213,0,0
3.2075,18077,Rest,HAZIRLANIYOR...,0,31,11,26,218,0,0
3.2075,18078,Rest,HAZIRLANIYOR...,0,44,26,42,203,0,0
3.2075,18079,Rest,HAZIRLANIYOR...,0,48,42,57,152,0,0
3.2075,18080,Rest,HAZIRLANIYOR...,0,44,58,72,81,0,0
3.2075,18081,Rest,HAZIRLANIYOR...,0,35,72,84,16,0,0
3.2075,18082,Rest,HAZIRLANIYOR...,0,24,83,95,0,0,0
3.2076,18083,Rest,HAZIRLANIYOR...,0,13,92,101,0,0,0
3.2076,18084,Rest,HAZIRLANIYOR...,0,5,97,103,0,0,0
3.2076,18085,Rest,HAZIRLANIYOR...,0,0,100,99,0,3,0
3.2076,18086,Rest,HAZIRLANIYOR...,0,0,102,91,0,0,2
3.2076,18087,Rest,HAZIRLANIYOR...,0,0,103,82,0,0,5
3.2076,18088,Rest,HAZIRLANIYOR...,0,0,101,71,0,0,5
3.2076,18089,Rest,HAZIRLANIYOR...,0,0,94,56,0,0,3
3.2076,18090,Rest,HAZIRLANIYOR...,0,0,86,37,0,0,3
3.2077,18091,Rest,HAZIRLANIYOR...,0,0,76,17,0,0,9
3.2077,18092,Rest,HAZIRLANIYOR...,0,0,61,0,0,0,19
3.2077,18093,Rest,HAZIRLANIYOR...,0,0,44,0,0,0,19
3.2223,18094,Rest,HAZIRLANIYOR...,0,0,26,0,0,0,3
3.2224,18095,Rest,HAZIRLANIYOR...,0,0,10,0,0,0,0
3.2224,18096,Rest,HAZIRLANIYOR...,0,0,0,0,0,0,0
3.2224,18097,Rest,HAZIRLANIYOR...,0,0,0,0,0,0,0
3.2224,18098,Rest,HAZIRLANIYOR...,0,0,0,0,0,0,0
3.2225,18099,Rest,HAZIRLANIYOR...,0,0,0,0,0,1,0
3.2225,18100,Rest,HAZIRLANIYOR...,0,0,0,0,43,2,0
3.2226,18101,Rest,HAZIRLANIYOR...,0,0,0,0,93,1,0
3.2226,18102,Rest,HAZIRLANIYOR...,0,0,0,0,131,0,0
3.2226,18103,Rest,HAZIRLANIYOR...,0,0,0,0,152,0,1
3.2226,18104,Rest,HAZIRLANIYOR...,0,14,0,0,170,0,0
3.2226,18105,Rest,HAZIRLANIYOR...,0,51,0,0,202,2,0
3.2226,18106,Rest,HAZIRLANIYOR...,0,88,0,0,235,2,1
3.2227,18107,Rest,HAZIRLANIYOR...,0,124,0,0,247,3,3
3.2227,18108,Rest,HAZIRLANIYOR...,0,159,0,0,239,7,8
3.2227,18109,Rest,HAZIRLANIYOR...,0,193,0,0,225,8,11
3.2227,18110,Rest,HAZIRLANIYOR...,0,223,0,0,217,2,5
3.2227,18111,Rest,HAZIRLANIYOR...,0,246,0,5,212,0,0
3.2227,18112,Rest,HAZIRLANIYOR...,0,261,0,23,206,0,0
3.2228,18113,Rest,HAZIRLANIYOR...,0,267,0,42,193,0,0
3.2228,18114,Rest,HAZIRLANIYOR...,0,261,0,61,163,0,0
3.2228,18115,Rest,HAZIRLANIYOR...,0,240,13,77,115,0,0
3.2228,18116,Rest,HAZIRLANIYOR...,0,205,29,89,60,0,0
3.2228,18117,Rest,HAZIRLANIYOR...,0,161,45,100,10,0,0
3.2228,18118,Rest,HAZIRLANIYOR...,0,115,59,108,0,0,1
3.2228,18119,Rest,HAZIRLANIYOR...,0,69,70,114,0,0,7
3.2229,18120,Rest,HAZIRLANIYOR...,0,21,79,116,0,0,10
3.2376,18121,Rest,HAZIRLANIYOR...,0,0,86,114,0,0,6
3.2377,18122,Rest,HAZIRLANIYOR...,0,0,88,109,0,0,0
3.2378,18123,Rest,HAZIRLANIYOR...,0,0,86,101,0,0,0
3.2378,18124,Rest,HAZIRLANIYOR...,0,0,83,92,0,0,0
3.2378,18125,Rest,HAZIRLANIYOR...,0,0,78,79,0,1,0
3.2378,18126,Rest,HAZIRLANIYOR...,0,0,68,60,0,0,0
3.2378,18127,Rest,HAZIRLANIYOR...,0,0,55,40,0,0,0
3.2378,18128,Rest,HAZIRLANIYOR...,0,0,41,23,0,1,0
3.2378,18129,Rest,HAZIRLANIYOR...,0,0,27,7,0,7,0
3.2379,18130,Rest,HAZIRLANIYOR...,0,0,12,0,0,11,0
3.2379,18131,Rest,HAZIRLANIYOR...,0,0,0,0,0,5,0
3.2379,18132,Rest,HAZIRLANIYOR...,0,0,0,0,0,0,0
3.2379,18133,Rest,HAZIRLANIYOR...,0,0,0,0,0,0,0
3.2379,18134,Rest,HAZIRLANIYOR...,0,0,0,0,0,1,0
3.2379,18135,Rest,HAZIRLANIYOR...,0,0,0,0,24,3,0
3.2379,18136,Rest,HAZIRLANIYOR...,0,0,0,0,70,2,0
3.2379,18137,Rest,HAZIRLANIYOR...,0,0,0,0,108,0,0
3.2379,18138,Rest,HAZIRLANIYOR...,0,0,0,0,145,1,0
3.2380,18139,Rest,HAZIRLANIYOR...,0,0,0,0,185,2,0
3.2380,18140,Rest,HAZIRLANIYOR...,0,0,0,0,222,2,0
3.2380,18141,Rest,HAZIRLANIYOR...,0,0,0,0,238,3,0
3.2380,18142,Rest,HAZIRLANIYOR...,0,0,0,0,231,6,0
3.2380,18143,Rest,HAZIRLANIYOR...,0,0,0,0,222,9,0
3.2380,18144,Rest,HAZIRLANIYOR...,0,7,0,0,220,5,0
3.2380,18145,Rest,HAZIRLANIYOR...,0,37,0,0,216,3,2
3.2380,18146,Rest,HAZIRLANIYOR...,0,72,0,0,207,5,3
3.2381,18147,Rest,HAZIRLANIYOR...,0,108,0,0,199,2,2
3.2528,18148,Rest,HAZIRLANIYOR...,0,142,4,8,193,0,1
3.2529,18149,Rest,HAZIRLANIYOR...,0,176,19,25,175,0,0
3.2529,18150,Rest,HAZIRLANIYOR...,0,208,33,39,136,0,1
3.2529,18151,Rest,HAZIRLANIYOR...,0,236,45,52,87,0,2
3.2529,18152,Rest,HAZIRLANIYOR...,0,258,56,62,34,0,2
3.2529,18153,Rest,HAZIRLANIYOR...,0,271,65,70,0,0,1
3.2530,18154,Rest,HAZIRLANIYOR...,0,277,72,75,0,0,4
3.2530,18155,Rest,HAZIRLANIYOR...,0,280,76,76,0,0,10
3.2530,18156,Rest,HAZIRLANIYOR...,0,282,81,76,0,0,13
3.2530,18157,Rest,HAZIRLANIYOR...,0,286,84,74,0,2,4
3.2530,18158,Rest,HAZIRLANIYOR...,0,292,82,72,0,5,0
3.2530,18159,Rest,HAZIRLANIYOR...,0,296,75,69,0,0,0
3.2530,18160,Rest,HAZIRLANIYOR...,0,296,66,64,0,0,0
3.2530,18161,Rest,HAZIRLANIYOR...,0,289,58,57,0,0,0
3.2530,18162,Rest,HAZIRLANIYOR...,0,274,47,48,0,2,0
3.2531,18163,Rest,HAZIRLANIYOR...,0,250,33,38,0,0,0
3.2531,18164,Rest,HAZIRLANIYOR...,0,220,17,26,0,0,3
3.2531,18165,Rest,HAZIRLANIYOR...,0,189,3,13,0,0,8
3.2531,18166,Rest,HAZIRLANIYOR...,0,158,0,1,0,0,5
3.2531,18167,Rest,HAZIRLANIYOR...,0,128,0,0,0,7,0
3.2531,18168,Rest,HAZIRLANIYOR...,0,95,0,0,0,12,1
3.2531,18169,Rest,HAZIRLANIYOR...,0,60,0,0,0,8,3
3.2532,18170,Rest,HAZIRLANIYOR...,0,27,0,0,4,0,0
3.2532,18171,Rest,HAZIRLANIYOR...,0,0,0,0,57,0,0
3.2532,18172,Rest,HAZIRLANIYOR...,0,0,0,0,101,0,0
3.2532,18173,Rest,HAZIRLANIYOR...,0,0,0,0,137,0,0
3.2533,18174,Rest,HAZIRLANIYOR...,0,0,0,0,171,0,0
3.2690,18175,Rest,HAZIRLANIYOR...,0,0,0,0,204,0,0
3.2692,18176,Rest,HAZIRLANIYOR...,0,0,0,0,230,0,0
3.2692,18177,Rest,HAZIRLANIYOR...,0,0,0,0,246,0,0
3.2692,18178,Rest,HAZIRLANIYOR...,0,0,0,0,251,0,0
3.2692,18179,Rest,HAZIRLANIYOR...,0,0,0,0,246,0,0
3.2692,18180,Rest,HAZIRLANIYOR...,0,0,0,0,230,0,0
3.2693,18181,Rest,HAZIRLANIYOR...,0,0,0,0,213,0,2
3.2693,18182,Rest,HAZIRLANIYOR...,0,0,0,0,203,0,8
3.2693,18183,Rest,HAZIRLANIYOR...,0,0,0,8,199,0,11
3.2693,18184,Rest,HAZIRLANIYOR...,0,0,13,23,188,1,4
3.2693,18185,Rest,HAZIRLANIYOR...,0,3,27,36,156,2,0
3.2693,18186,Rest,HAZIRLANIYOR...,0,8,41,48,106,6,0
3.2694,18187,Rest,HAZIRLANIYOR...,0,7,55,59,51,9,0
3.2694,18188,Rest,HAZIRLANIYOR...,0,0,68,69,4,2,0
3.2694,18189,Rest,HAZIRLANIYOR...,0,0,77,78,0,0,0
3.2694,18190,Rest,HAZIRLANIYOR...,0,0,84,81,0,0,0
3.2694,18191,Rest,HAZIRLANIYOR...,0,0,90,80,0,0,3
3.2694,18192,Rest,HAZIRLANIYOR...,0,0,93,76,0,0,7
3.2694,18193,Rest,HAZIRLANIYOR...,0,0,90,72,0,0,2
3.2694,18194,Rest,HAZIRLANIYOR...,0,0,83,64,0,0,0
3.2695,18195,Rest,HAZIRLANIYOR...,0,0,76,53,0,0,0
3.2695,18196,Rest,HAZIRLANIYOR...,0,0,69,41,0,5,0
3.2695,18197,Rest,HAZIRLANIYOR...,0,0,60,27,0,9,0
3.2695,18198,Rest,HAZIRLANIYOR...,0,0,47,13,0,4,0
3.2695,18199,Rest,HAZIRLANIYOR...,0,0,33,0,0,0,0
3.2695,18200,Rest,HAZIRLANIYOR...,0,0,21,0,0,1,0
3.2695,18201,Rest,HAZIRLANIYOR...,0,0,9,0,0,8,0
3.2695,18202,Rest,HAZIRLANIYOR...,0,0,0,0,0,3,0
3.2696,18203,Rest,HAZIRLANIYOR...,0,0,0,0,0,0,0
3.2845,18204,Rest,HAZIRLANIYOR...,0,0,0,0,0,0,1
3.2846,18205,Rest,HAZIRLANIYOR...,0,0,0,0,0,0,4
3.2846,18206,Rest,HAZIRLANIYOR...,0,0,0,0,24,2,4
3.2847,18207,Rest,HAZIRLANIYOR...,0,0,0,0,76,1,3
3.2847,18208,Rest,HAZIRLANIYOR...,0,0,0,0,118,0,2
3.2847,18209,Rest,HAZIRLANIYOR...,0,0,0,0,152,1,3
3.2848,18210,Rest,HAZIRLANIYOR...,0,0,0,0,184,2,4
3.2848,18211,Rest,HAZIRLANIYOR...,0,0,0,0,214,2,3
3.2848,18212,Rest,HAZIRLANIYOR...,0,0,0,0,237,2,2
3.2848,18213,Rest,HAZIRLANIYOR...,0,0,0,0,247,2,2
3.2848,18214,Rest,HAZIRLANIYOR...,0,0,0,0,246,1,2
3.2848,18215,Rest,HAZIRLANIYOR...,0,0,0,0,238,1,2
3.2848,18216,Rest,HAZIRLANIYOR...,0,0,0,0,226,0,4
3.2848,18217,Rest,HAZIRLANIYOR...,0,0,0,0,213,0,10
3.2849,18218,Rest,HAZIRLANIYOR...,0,0,0,10,204,0,15
3.2849,18219,Rest,HAZIRLANIYOR...,0,0,0,27,194,1,7
3.2849,18220,Rest,HAZIRLANIYOR...,0,0,12,43,172,1,0
3.2849,18221,Rest,HAZIRLANIYOR...,0,0,28,59,129,1,0
3.2849,18222,Rest,HAZIRLANIYOR...,0,0,43,74,74,0,8
3.2849,18223,Rest,HAZIRLANIYOR...,0,0,56,86,18,0,4
3.2849,18224,Rest,HAZIRLANIYOR...,0,0,68,93,0,0,0
3.2849,18225,Rest,HAZIRLANIYOR...,0,0,78,98,0,0,0
3.2850,18226,Rest,HAZIRLANIYOR...,0,0,86,102,0,0,0
3.2850,18227,Rest,HAZIRLANIYOR...,0,0,91,104,0,0,0
3.2850,18228,Rest,HAZIRLANIYOR...,0,0,94,100,0,0,0
3.2850,18229,Rest,HAZIRLANIYOR...,0,0,93,92,0,0,0
3.2851,18230,Rest,HAZIRLANIYOR...,0,0,88,84,0,0,0
3.2996,18231,Rest,HAZIRLANIYOR...,0,0,80,74,0,0,5
3.2997,18232,Rest,HAZIRLANIYOR...,0,0,70,62,0,0,9
3.2997,18233,Rest,HAZIRLANIYOR...,0,0,60,48,0,0,2
3.2997,18234,Rest,HAZIRLANIYOR...,0,0,47,32,0,0,0
3.2998,18235,Rest,HAZIRLANIYOR...,0,0,32,15,0,1,0
3.2998,18236,Rest,HAZIRLANIYOR...,0,0,17,0,0,4,0
3.2998,18237,Rest,HAZIRLANIYOR...,0,37,0,0,0,4,0
3.2998,18238,Rest,HAZIRLANIYOR...,0,88,0,0,0,3,0
3.2998,18239,Rest,HAZIRLANIYOR...,0,132,0,0,0,3,0
3.2998,18240,Rest,HAZIRLANIYOR...,0,172,0,0,0,4,4
3.2998,18241,Rest,HAZIRLANIYOR...,0,213,0,0,9,4,8
3.2998,18242,Rest,HAZIRLANIYOR...,0,255,0,0,61,4,3
3.2999,18243,Rest,HAZIRLANIYOR...,0,292,0,0,111,4,0
3.2999,18244,Rest,HAZIRLANIYOR...,0,318,0,0,152,3,0
3.2999,18245,Rest,HAZIRLANIYOR...,0,335,0,0,181,2,0
3.2999,18246,Rest,HAZIRLANIYOR...,0,351,0,0,208,2,0
3.2999,18247,Rest,HAZIRLANIYOR...,0,369,0,0,234,2,0
3.3000,18248,Rest,HAZIRLANIYOR...,0,387,0,0,244,1,0
3.3000,18249,Rest,HAZIRLANIYOR...,0,405,0,0,236,1,0
3.3000,18250,Rest,HAZIRLANIYOR...,0,420,0,0,225,2,0
3.3000,18251,Rest,HAZIRLANIYOR...,0,430,0,0,224,2,3
3.3000,18252,Rest,HAZIRLANIYOR...,0,431,0,0,223,0,4
3.3001,18253,Rest,HAZIRLANIYOR...,0,424,0,0,216,0,0
3.3001,18254,Rest,HAZIRLANIYOR...,0,411,0,11,208,0,0
3.3001,18255,Rest,HAZIRLANIYOR...,0,393,9,31,194,0,0
3.3001,18256,Rest,HAZIRLANIYOR...,0,368,22,50,160,0,0
3.3002,18257,Rest,HAZIRLANIYOR...,0,336,35,66,104,0,0
3.3156,18258,Rest,HAZIRLANIYOR...,0,299,48,79,43,0,0
3.3157,18259,Rest,HAZIRLANIYOR...,0,262,61,91,0,0,0
3.3158,18260,Rest,HAZIRLANIYOR...,0,224,70,99,0,0,0
3.3158,18261,Rest,HAZIRLANIYOR...,0,181,77,103,0,0,0
3.3158,18262,Rest,HAZIRLANIYOR...,0,132,81,104,0,0,0
3.3158,18263,Rest,HAZIRLANIYOR...,0,81,83,104,0,0,0
3.3159,18264,Rest,HAZIRLANIYOR...,0,34,83,101,0,0,0
3.3159,18265,Rest,HAZIRLANIYOR...,0,0,81,94,0,0,0
3.3159,18266,Rest,HAZIRLANIYOR...,0,0,76,83,0,3,0
3.3159,18267,Rest,HAZIRLANIYOR...,0,0,65,71,0,7,0
3.3159,18268,Rest,HAZIRLANIYOR...,0,0,53,58,0,2,0
3.3159,18269,Rest,HAZIRLANIYOR...,0,0,41,45,0,0,2
3.3159,18270,Rest,HAZIRLANIYOR...,0,0,29,30,0,0,3
3.3159,18271,Rest,HAZIRLANIYOR...,0,0,16,12,0,0,2
3.3160,18272,Rest,HAZIRLANIYOR...,0,0,1,0,0,0,2
3.3160,18273,Rest,HAZIRLANIYOR...,0,0,0,0,0,0,1
3.3160,18274,Rest,HAZIRLANIYOR...,0,0,0,0,0,0,1
3.3160,18275,Rest,HAZIRLANIYOR...,0,0,0,0,0,0,1
3.3160,18276,Rest,HAZIRLANIYOR...,0,0,0,0,0,1,0
3.3160,18277,Rest,HAZIRLANIYOR...,0,0,0,0,38,2,0
3.3160,18278,Rest,HAZIRLANIYOR...,0,0,0,0,85,1,1
3.3160,18279,Rest,HAZIRLANIYOR...,0,0,0,0,124,1,2
3.3161,18280,Rest,HAZIRLANIYOR...,0,0,0,0,158,2,1
3.3161,18281,Rest,HAZIRLANIYOR...,0,0,0,0,191,3,0
3.3161,18282,Rest,HAZIRLANIYOR...,0,0,0,0,220,3,0
3.3161,18283,Rest,HAZIRLANIYOR...,0,0,0,0,240,5,0
3.3161,18284,Rest,HAZIRLANIYOR...,0,0,0,0,250,8,2
3.3162,18285,Rest,HAZIRLANIYOR...,0,0,0,0,247,9,1
3.3163,18286,Rest,HAZIRLANIYOR...,0,0,0,0,236,0,0
3.3312,18287,Rest,HAZIRLANIYOR...,0,0,0,0,222,0,2
3.3312,18288,Rest,HAZIRLANIYOR...,0,0,0,0,211,0,3
3.3313,18289,Rest,HAZIRLANIYOR...,0,26,0,0,206,0,3
3.3313,18290,Rest,HAZIRLANIYOR...,0,70,0,0,200,1,3
3.3313,18291,Rest,HAZIRLANIYOR...,0,112,14,21,178,0,8
3.3313,18292,Rest,HAZIRLANIYOR...,0,149,27,41,132,3,11
3.3313,18293,Rest,HAZIRLANIYOR...,0,178,40,60,73,7,5
3.3313,18294,Rest,HAZIRLANIYOR...,0,197,51,78,14,0,0
3.3313,18295,Rest,HAZIRLANIYOR...,0,208,61,94,0,0,0
3.3314,18296,Rest,HAZIRLANIYOR...,0,210,68,105,0,0,0
3.3314,18297,Rest,HAZIRLANIYOR...,0,207,75,110,0,0,0
3.3314,18298,Rest,HAZIRLANIYOR...,0,200,81,110,0,0,0
3.3314,18299,Rest,HAZIRLANIYOR...,0,188,87,105,0,0,0
3.3314,18300,Rest,HAZIRLANIYOR...,0,171,91,98,0,0,0
3.3314,18301,Rest,HAZIRLANIYOR...,0,151,93,91,0,0,0
3.3314,18302,Rest,HAZIRLANIYOR...,0,129,92,85,0,0,0
3.3314,18303,Rest,HAZIRLANIYOR...,0,104,86,76,0,0,0
3.3315,18304,Rest,HAZIRLANIYOR...,0,76,76,62,0,0,0
3.3315,18305,Rest,HAZIRLANIYOR...,0,47,63,47,0,0,0
3.3315,18306,Rest,HAZIRLANIYOR...,0,19,50,33,0,0,0
3.3315,18307,Rest,HAZIRLANIYOR...,0,0,35,18,0,0,0
3.3315,18308,Rest,HAZIRLANIYOR...,0,0,18,1,0,0,0
3.3315,18309,Rest,HAZIRLANIYOR...,0,0,0,0,0,3,0
3.3315,18310,Rest,HAZIRLANIYOR...,0,0,0,0,0,3,0
3.3315,18311,Rest,HAZIRLANIYOR...,0,0,0,0,0,3,0
3.3315,18312,Rest,HAZIRLANIYOR...,0,0,0,0,10,7,0
3.3316,18313,Rest,HAZIRLANIYOR...,0,0,0,0,59,8,2
3.3463,18314,Rest,HAZIRLANIYOR...,0,0,0,0,102,0,3
3.3464,18315,Rest,HAZIRLANIYOR...,0,0,0,0,138,0,3
3.3465,18316,Rest,HAZIRLANIYOR...,0,0,0,0,171,0,2
3.3465,18317,Rest,HAZIRLANIYOR...,0,0,0,0,207,1,2
3.3465,18318,Rest,HAZIRLANIYOR...,0,0,0,0,240,1,1
3.3465,18319,Rest,HAZIRLANIYOR...,0,0,0,0,257,0,0
3.3465,18320,Rest,HAZIRLANIYOR...,0,0,0,0,259,0,0
3.3465,18321,Rest,HAZIRLANIYOR...,0,0,0,0,250,1,0
3.3466,18322,Rest,HAZIRLANIYOR...,0,0,0,0,238,1,0
3.3466,18323,Rest,HAZIRLANIYOR...,0,0,0,0,229,0,1
3.3466,18324,Rest,HAZIRLANIYOR...,0,0,0,0,225,0,2
3.3466,18325,Rest,HAZIRLANIYOR...,0,0,0,0,216,0,0
3.3466,18326,Rest,HAZIRLANIYOR...,0,0,0,14,196,0,0
3.3466,18327,Rest,HAZIRLANIYOR...,0,0,7,31,162,0,0
3.3466,18328,Rest,HAZIRLANIYOR...,0,0,24,46,105,0,0
3.3466,18329,Rest,HAZIRLANIYOR...,0,6,40,59,37,0,1
3.3466,18330,Rest,HAZIRLANIYOR...,0,15,52,70,0,0,1
3.3467,18331,Rest,HAZIRLANIYOR...,0,21,62,77,0,0,0
3.3467,18332,Rest,HAZIRLANIYOR...,0,25,71,82,0,3,0
3.3467,18333,Rest,HAZIRLANIYOR...,0,28,78,86,0,6,0
3.3467,18334,Rest,HAZIRLANIYOR...,0,30,81,86,0,2,0
3.3467,18335,Rest,HAZIRLANIYOR...,0,31,82,83,0,0,0
3.3467,18336,Rest,HAZIRLANIYOR...,0,30,81,78,0,0,0
3.3467,18337,Rest,HAZIRLANIYOR...,0,29,78,72,0,0,0
3.3467,18338,Rest,HAZIRLANIYOR...,0,29,72,62,0,0,2
3.3615,18339,Rest,HAZIRLANIYOR...,0,25,61,47,0,4,6
3.3615,18340,Rest,HAZIRLANIYOR...,0,14,47,31,0,6,9
3.3616,18341,Rest,HAZIRLANIYOR...,0,0,34,16,0,1,3
3.3616,18342,Rest,HAZIRLANIYOR...,0,0,20,1,0,0,0
3.3616,18343,Rest,HAZIRLANIYOR...,0,0,5,0,0,0,0
3.3616,18344,Rest,HAZIRLANIYOR...,0,0,0,0,0,2,5
3.3616,18345,Rest,HAZIRLANIYOR...,0,0,0,0,0,5,8
3.3616,18346,Rest,HAZIRLANIYOR...,0,0,0,0,0,0,4
3.3617,18347,Rest,HAZIRLANIYOR...,0,0,0,0,0,0,0
3.3617,18348,Rest,HAZIRLANIYOR...,0,0,0,0,46,0,0
3.3617,18349,Rest,HAZIRLANIYOR...,0,0,0,0,90,8,0
3.3617,18350,Rest,HAZIRLANIYOR...,0,0,0,0,127,6,0
3.3617,18351,Rest,HAZIRLANIYOR...,0,0,0,0,162,0,0
3.3617,18352,Rest,HAZIRLANIYOR...,0,0,0,0,199,0,0
3.3617,18353,Rest,HAZIRLANIYOR...,0,0,0,0,233,2,0
3.3617,18354,Rest,HAZIRLANIYOR...,0,0,0,0,254,7,0
3.3618,18355,Rest,HAZIRLANIYOR...,0,0,0,0,255,6,0
3.3618,18356,Rest,HAZIRLANIYOR...,0,25,0,0,244,2,0
3.3618,18357,Rest,HAZIRLANIYOR...,0,68,0,0,232,0,0
3.3618,18358,Rest,HAZIRLANIYOR...,0,118,0,0,224,0,0
3.3618,18359,Rest,HAZIRLANIYOR...,0,170,0,0,217,0,2
3.3618,18360,Rest,HAZIRLANIYOR...,0,221,0,8,212,0,2
3.3619,18361,Rest,HAZIRLANIYOR...,0,271,0,24,201,0,0
3.3619,18362,Rest,HAZIRLANIYOR...,0,324,13,40,167,0,0
3.3619,18363,Rest,HAZIRLANIYOR...,0,369,26,55,112,0,0
3.3619,18364,Rest,HAZIRLANIYOR...,0,396,38,70,59,0,3
3.3619,18365,Rest,HAZIRLANIYOR...,0,412,49,81,16,3,5
3.3620,18366,Rest,HAZIRLANIYOR...,0,427,59,90,0,0,0
3.3621,18367,Rest,HAZIRLANIYOR...,0,439,66,97,0,0,0
3.3768,18368,Rest,HAZIRLANIYOR...,0,440,71,103,0,0,0
3.3769,18369,Rest,HAZIRLANIYOR...,0,432,72,105,0,0,0
3.3769,18370,Rest,HAZIRLANIYOR...,0,415,72,103,0,0,0
3.3769,18371,Rest,HAZIRLANIYOR...,0,387,72,98,0,0,0
3.3769,18372,Rest,HAZIRLANIYOR...,0,349,70,90,0,0,0
3.3769,18373,Rest,HAZIRLANIYOR...,0,306,65,78,0,0,0
3.3769,18374,Rest,HAZIRLANIYOR...,0,260,54,64,0,0,0
3.3769,18375,Rest,HAZIRLANIYOR...,0,212,41,49,0,5,3
3.3770,18376,Rest,HAZIRLANIYOR...,0,163,29,32,0,8,6
3.3770,18377,Rest,HAZIRLANIYOR...,0,119,17,11,0,3,3
3.3770,18378,Rest,HAZIRLANIYOR...,0,80,4,0,0,0,0
3.3770,18379,Rest,HAZIRLANIYOR...,0,45,0,0,0,0,0
3.3770,18380,Rest,HAZIRLANIYOR...,0,17,0,0,0,0,0
3.3770,18381,Rest,HAZIRLANIYOR...,0,0,0,0,0,1,3
3.3770,18382,Rest,HAZIRLANIYOR...,0,0,0,0,0,1,10
3.3771,18383,Rest,HAZIRLANIYOR...,0,0,0,0,13,1,17
3.3771,18384,Rest,HAZIRLANIYOR...,0,0,0,0,67,1,11
3.3771,18385,Rest,HAZIRLANIYOR...,0,0,0,0,112,0,0
3.3771,18386,Rest,HAZIRLANIYOR...,0,0,0,0,148,0,0
3.3771,18387,Rest,HAZIRLANIYOR...,0,0,0,0,180,0,0
3.3771,18388,Rest,HAZIRLANIYOR...,0,0,0,0,210,0,0
3.3771,18389,Rest,HAZIRLANIYOR...,0,0,0,0,235,0,5
3.3771,18390,Rest,HAZIRLANIYOR...,0,0,0,0,249,1,7
3.3771,18391,Rest,HAZIRLANIYOR...,0,0,0,0,251,3,1
3.3772,18392,Rest,HAZIRLANIYOR...,0,0,0,0,242,4,0
3.3772,18393,Rest,HAZIRLANIYOR...,0,0,0,0,228,2,0
3.3772,18394,Rest,HAZIRLANIYOR...,0,0,0,0,215,0,0
3.3921,18395,Rest,HAZIRLANIYOR...,0,0,0,0,210,1,0
3.3922,18396,Rest,HAZIRLANIYOR...,0,0,9,15,210,3,0
3.3922,18397,Rest,HAZIRLANIYOR...,0,0,25,36,197,5,3
3.3923,18398,Rest,HAZIRLANIYOR...,0,0,41,57,153,4,7
3.3923,18399,Rest,HAZIRLANIYOR...,0,0,56,76,88,2,3
3.3923,18400,Rest,HAZIRLANIYOR...,0,0,69,94,25,1,0
3.3923,18401,Rest,HAZIRLANIYOR...,0,0,78,110,0,0,0
3.3923,18402,Rest,HAZIRLANIYOR...,0,0,87,121,0,0,4
3.3923,18403,Rest,HAZIRLANIYOR...,0,0,93,127,0,0,8
3.3923,18404,Rest,HAZIRLANIYOR...,0,0,98,128,0,1,0
3.3924,18405,Rest,HAZIRLANIYOR...,0,0,102,126,0,7,0
3.3925,18406,Rest,HAZIRLANIYOR...,0,0,105,120,0,4,0
3.3925,18407,Rest,HAZIRLANIYOR...,0,0,105,113,0,0,0
3.3925,18408,Rest,HAZIRLANIYOR...,0,0,100,104,0,0,0
3.3925,18409,Rest,HAZIRLANIYOR...,0,0,91,90,0,0,0
3.3925,18410,Rest,HAZIRLANIYOR...,0,0,79,73,0,2,0
3.3925,18411,Rest,HAZIRLANIYOR...,0,0,66,55,0,1,0
3.3925,18412,Rest,HAZIRLANIYOR...,0,0,49,36,0,0,0
3.3925,18413,Rest,HAZIRLANIYOR...,0,0,30,17,0,0,0
3.3926,18414,Rest,HAZIRLANIYOR...,0,0,11,0,0,0,0
3.3926,18415,Rest,HAZIRLANIYOR...,0,0,0,0,0,0,2
3.3926,18416,Rest,HAZIRLANIYOR...,0,0,0,0,0,2,4
3.3926,18417,Rest,HAZIRLANIYOR...,0,0,0,0,0,6,1
3.3926,18418,Rest,HAZIRLANIYOR...,0,25,0,0,20,12,0
3.3927,18419,Rest,HAZIRLANIYOR...,0,47,0,0,66,12,4
3.3928,18420,Rest,HAZIRLANIYOR...,0,65,0,0,101,2,4
3.3929,18421,Rest,HAZIRLANIYOR...,0,82,0,0,133,0,0
3.4073,18422,Rest,HAZIRLANIYOR...,0,100,0,0,166,0,0
3.4074,18423,Rest,HAZIRLANIYOR...,0,119,0,0,200,0,0
3.4074,18424,Rest,HAZIRLANIYOR...,0,139,0,0,226,0,0
3.4074,18425,Rest,HAZIRLANIYOR...,0,156,0,0,241,0,0
3.4074,18426,Rest,HAZIRLANIYOR...,0,167,0,0,246,0,0
3.4075,18427,Rest,HAZIRLANIYOR...,0,176,0,0,242,0,0
3.4075,18428,Rest,HAZIRLANIYOR...,0,185,0,0,230,0,0
3.4075,18429,Rest,HAZIRLANIYOR...,0,197,0,0,215,0,1
3.4075,18430,Rest,HAZIRLANIYOR...,0,214,0,0,203,0,1
3.4075,18431,Rest,HAZIRLANIYOR...,0,240,0,0,195,0,0
3.4075,18432,Rest,HAZIRLANIYOR...,0,273,0,0,185,0,0
3.4075,18433,Rest,HAZIRLANIYOR...,0,306,1,14,159,0,0
3.4075,18434,Rest,HAZIRLANIYOR...,0,331,15,31,108,0,0
3.4075,18435,Rest,HAZIRLANIYOR...,0,348,29,46,41,0,4
3.4076,18436,Rest,HAZIRLANIYOR...,0,355,43,61,0,0,5
3.4076,18437,Rest,HAZIRLANIYOR...,0,345,54,72,0,0,3
3.4076,18438,Rest,HAZIRLANIYOR...,0,316,61,77,0,0,1
3.4076,18439,Rest,HAZIRLANIYOR...,0,273,67,78,0,0,1
3.4076,18440,Rest,HAZIRLANIYOR...,0,223,72,79,0,0,2
3.4076,18441,Rest,HAZIRLANIYOR...,0,173,73,81,0,0,5
3.4076,18442,Rest,HAZIRLANIYOR...,0,127,71,80,0,0,5
3.4077,18443,Rest,HAZIRLANIYOR...,0,83,65,73,0,0,2
3.4077,18444,Rest,HAZIRLANIYOR...,0,37,59,63,0,0,0
3.4077,18445,Rest,HAZIRLANIYOR...,0,0,51,54,0,0,0
3.4077,18446,Rest,HAZIRLANIYOR...,0,0,41,42,0,0,0
3.4077,18447,Rest,HAZIRLANIYOR...,0,0,27,27,0,2,0
3.4078,18448,Rest,HAZIRLANIYOR...,0,0,12,10,0,1,0
3.4225,18449,Rest,HAZIRLANIYOR...,0,0,0,0,0,0,1
3.4226,18450,Rest,HAZIRLANIYOR...,0,0,0,0,0,0,1
3.4226,18451,Rest,HAZIRLANIYOR...,0,0,0,0,0,1,0
3.4226,18452,Rest,HAZIRLANIYOR...,0,0,0,0,0,2,0
3.4227,18453,Rest,HAZIRLANIYOR...,0,0,0,0,0,3,4
3.4227,18454,Rest,HAZIRLANIYOR...,0,0,0,0,32,2,7
3.4227,18455,Rest,HAZIRLANIYOR...,0,0,0,0,85,2,2
3.4227,18456,Rest,HAZIRLANIYOR...,0,0,0,0,132,3,0
3.4227,18457,Rest,HAZIRLANIYOR...,0,0,0,0,166,3,0
3.4227,18458,Rest,HAZIRLANIYOR...,0,0,0,0,189,3,0
3.4227,18459,Rest,HAZIRLANIYOR...,0,0,0,0,207,3,7
3.4227,18460,Rest,HAZIRLANIYOR...,0,0,0,0,226,2,4
3.4228,18461,Rest,HAZIRLANIYOR...,0,0,0,0,242,2,0
3.4228,18462,Rest,HAZIRLANIYOR...,0,59,0,0,248,6,0
3.4228,18463,Rest,HAZIRLANIYOR...,0,146,0,0,241,10,0
3.4228,18464,Rest,HAZIRLANIYOR...,0,227,0,0,225,9,0
3.4228,18465,Rest,HAZIRLANIYOR...,0,293,0,0,211,5,0
3.4228,18466,Rest,HAZIRLANIYOR...,0,339,1,15,204,0,0
3.4228,18467,Rest,HAZIRLANIYOR...,0,369,14,34,199,0,0
3.4228,18468,Rest,HAZIRLANIYOR...,0,387,29,51,183,0,0
3.4229,18469,Rest,HAZIRLANIYOR...,0,394,44,66,144,0,0
3.4229,18470,Rest,HAZIRLANIYOR...,0,390,56,81,86,0,0
3.4229,18471,Rest,HAZIRLANIYOR...,0,369,67,93,26,0,4
3.4229,18472,Rest,HAZIRLANIYOR...,0,333,74,102,0,0,7
3.4229,18473,Rest,HAZIRLANIYOR...,0,284,81,109,0,0,7
3.4229,18474,Rest,HAZIRLANIYOR...,0,228,87,113,0,0,4
3.4230,18475,Rest,HAZIRLANIYOR...,0,171,93,112,0,0,0
3.4386,18476,Rest,HAZIRLANIYOR...,0,120,94,104,0,0,0
3.4387,18477,Rest,HAZIRLANIYOR...,0,74,90,93,0,0,0
3.4387,18478,Rest,HAZIRLANIYOR...,0,33,86,82,0,0,0
3.4387,18479,Rest,HAZIRLANIYOR...,0,0,82,70,0,0,0
3.4387,18480,Rest,HAZIRLANIYOR...,0,0,73,55,0,0,0
3.4387,18481,Rest,HAZIRLANIYOR...,0,0,61,37,0,0,0
3.4388,18482,Rest,HAZIRLANIYOR...,0,0,48,19,0,0,0
3.4388,18483,Rest,HAZIRLANIYOR...,0,0,34,3,0,0,0
3.4388,18484,Rest,HAZIRLANIYOR...,0,0,20,0,0,2,0
3.4388,18485,Rest,HAZIRLANIYOR...,0,0,5,0,0,5,0
3.4388,18486,Rest,HAZIRLANIYOR...,0,0,0,0,0,0,0
3.4389,18487,Rest,HAZIRLANIYOR...,0,0,0,0,0,0,0
3.4389,18488,Rest,HAZIRLANIYOR...,0,0,0,0,0,0,0
3.4389,18489,Rest,HAZIRLANIYOR...,0,0,0,0,1,0,0
3.4389,18490,Rest,HAZIRLANIYOR...,0,0,0,0,60,3,0
3.4389,18491,Rest,HAZIRLANIYOR...,0,0,0,0,108,6,0
3.4390,18492,Rest,HAZIRLANIYOR...,0,0,0,0,138,8,0
3.4390,18493,Rest,HAZIRLANIYOR...,0,0,0,0,161,3,0
3.4390,18494,Rest,HAZIRLANIYOR...,0,0,0,0,191,0,1
3.4390,18495,Rest,HAZIRLANIYOR...,0,0,0,0,226,0,0
3.4390,18496,Rest,HAZIRLANIYOR...,0,0,0,0,248,0,0
3.4391,18497,Rest,HAZIRLANIYOR...,0,0,0,0,249,0,0
3.4391,18498,Rest,HAZIRLANIYOR...,0,0,0,0,237,0,0
3.4391,18499,Rest,HAZIRLANIYOR...,0,0,0,0,223,0,3
3.4391,18500,Rest,HAZIRLANIYOR...,0,0,0,0,211,0,4
3.4391,18501,Rest,HAZIRLANIYOR...,0,0,0,0,203,1,3
3.4391,18502,Rest,HAZIRLANIYOR...,0,0,0,2,199,7,6
3.4391,18503,Rest,HAZIRLANIYOR...,0,0,0,19,190,9,8
3.4392,18504,Rest,HAZIRLANIYOR...,0,0,3,37,162,2,4
3.4538,18505,Rest,HAZIRLANIYOR...,0,0,16,54,113,0,0
3.4539,18506,Rest,HAZIRLANIYOR...,0,0,31,66,55,0,0
3.4539,18507,Rest,HAZIRLANIYOR...,0,0,46,73,0,3,0
3.4539,18508,Rest,HAZIRLANIYOR...,0,0,59,78,0,8,0
3.4539,18509,Rest,HAZIRLANIYOR...,0,0,70,83,0,1,0
3.4539,18510,Rest,HAZIRLANIYOR...,0,0,79,86,0,0,3
3.4540,18511,Rest,HAZIRLANIYOR...,0,0,87,86,0,0,3
3.4540,18512,Rest,HAZIRLANIYOR...,0,0,92,83,0,0,0
3.4540,18513,Rest,HAZIRLANIYOR...,0,0,92,80,0,0,2
3.4540,18514,Rest,HAZIRLANIYOR...,0,0,87,76,0,0,10
3.4540,18515,Rest,HAZIRLANIYOR...,0,12,77,71,0,0,14
3.4540,18516,Rest,HAZIRLANIYOR...,0,30,67,62,0,0,7
3.4540,18517,Rest,HAZIRLANIYOR...,0,50,58,50,0,0,0
3.4540,18518,Rest,HAZIRLANIYOR...,0,70,48,35,0,5,0
3.4541,18519,Rest,HAZIRLANIYOR...,0,90,36,20,0,8,0
3.4541,18520,Rest,HAZIRLANIYOR...,0,109,23,4,0,3,1
3.4541,18521,Rest,HAZIRLANIYOR...,0,128,8,0,0,0,0
3.4541,18522,Rest,HAZIRLANIYOR...,0,143,0,0,0,0,0
3.4541,18523,Rest,HAZIRLANIYOR...,0,155,0,0,0,0,0
3.4541,18524,Rest,HAZIRLANIYOR...,0,161,0,0,0,1,0
3.4541,18525,Rest,HAZIRLANIYOR...,0,165,0,0,31,4,0
3.4542,18526,Rest,HAZIRLANIYOR...,0,165,0,0,76,5,0
3.4542,18527,Rest,HAZIRLANIYOR...,0,160,0,0,119,1,0
3.4542,18528,Rest,HAZIRLANIYOR...,0,149,0,0,157,0,0
3.4542,18529,Rest,HAZIRLANIYOR...,0,133,0,0,188,0,3
3.4543,18530,Rest,HAZIRLANIYOR...,0,118,0,0,216,0,5
3.4700,18531,Rest,HAZIRLANIYOR...,0,104,0,0,236,2,2
3.4700,18532,Rest,HAZIRLANIYOR...,0,88,0,0,247,2,0
3.4701,18533,Rest,HAZIRLANIYOR...,0,69,0,0,247,0,0
3.4701,18534,Rest,HAZIRLANIYOR...,0,49,0,0,239,0,0
3.4701,18535,Rest,HAZIRLANIYOR...,0,32,0,0,226,0,0
3.4701,18536,Rest,HAZIRLANIYOR...,0,22,0,3,212,0,0
3.4701,18537,Rest,HAZIRLANIYOR...,0,19,0,12,204,6,0
3.4701,18538,Rest,HAZIRLANIYOR...,0,18,0,19,198,9,0
3.4702,18539,Rest,HAZIRLANIYOR...,0,13,16,24,179,2,0
3.4702,18540,Rest,HAZIRLANIYOR...,0,2,32,28,138,0,0
3.4702,18541,Rest,HAZIRLANIYOR...,0,0,48,31,80,0,0
3.4702,18542,Rest,HAZIRLANIYOR...,0,0,64,32,19,0,0
3.4702,18543,Rest,HAZIRLANIYOR...,0,0,78,35,0,0,0
3.4702,18544,Rest,HAZIRLANIYOR...,0,0,89,38,0,0,0
3.4702,18545,Rest,HAZIRLANIYOR...,0,0,96,40,0,0,0
3.4703,18546,Rest,HAZIRLANIYOR...,0,0,100,40,0,0,0
3.4703,18547,Rest,HAZIRLANIYOR...,0,0,98,40,0,0,0
3.4703,18548,Rest,HAZIRLANIYOR...,0,0,91,37,0,0,0
3.4703,18549,Rest,HAZIRLANIYOR...,0,0,82,32,0,0,0
3.4703,18550,Rest,HAZIRLANIYOR...,0,0,72,26,0,0,0
3.4703,18551,Rest,HAZIRLANIYOR...,0,0,59,19,0,0,0
3.4703,18552,Rest,HAZIRLANIYOR...,0,0,44,11,0,0,0
3.4703,18553,Rest,HAZIRLANIYOR...,0,0,27,2,0,0,2
3.4703,18554,Rest,HAZIRLANIYOR...,0,19,11,0,0,0,9
3.4704,18555,Rest,HAZIRLANIYOR...,0,50,0,0,0,0,12
3.4704,18556,Rest,HAZIRLANIYOR...,0,82,0,0,0,0,4
3.4704,18557,Rest,HAZIRLANIYOR...,0,113,0,0,0,1,0
3.4704,18558,Rest,HAZIRLANIYOR...,0,139,0,0,0,7,0
3.4705,18559,Rest,HAZIRLANIYOR...,0,160,0,0,0,8,0
3.4853,18560,Rest,HAZIRLANIYOR...,0,174,0,0,5,7,0
3.4854,18561,Rest,HAZIRLANIYOR...,0,184,0,0,58,7,3
3.4854,18562,Rest,HAZIRLANIYOR...,0,193,0,0,101,6,8
3.4854,18563,Rest,HAZIRLANIYOR...,0,200,0,0,138,5,4
3.4854,18564,Rest,HAZIRLANIYOR...,0,203,0,0,170,3,0
3.4855,18565,Rest,HAZIRLANIYOR...,0,201,0,0,199,3,0
3.4855,18566,Rest,HAZIRLANIYOR...,0,197,0,0,223,3,0
3.4855,18567,Rest,HAZIRLANIYOR...,0,193,0,0,238,7,0
3.4855,18568,Rest,HAZIRLANIYOR...,0,188,0,0,244,12,0
3.4855,18569,Rest,HAZIRLANIYOR...,0,177,0,0,241,10,2
3.4855,18570,Rest,HAZIRLANIYOR...,0,161,0,0,232,0,8
3.4855,18571,Rest,HAZIRLANIYOR...,0,143,0,0,216,0,5
3.4855,18572,Rest,HAZIRLANIYOR...,0,125,0,17,197,0,0
3.4856,18573,Rest,HAZIRLANIYOR...,0,105,12,34,191,0,0
3.4856,18574,Rest,HAZIRLANIYOR...,0,85,27,51,188,0,0
3.4856,18575,Rest,HAZIRLANIYOR...,0,64,41,66,164,0,0
3.4856,18576,Rest,HAZIRLANIYOR...,0,41,54,80,111,0,0
3.4857,18577,Rest,HAZIRLANIYOR...,0,15,63,92,49,0,0
3.4857,18578,Rest,HAZIRLANIYOR...,0,0,71,103,0,0,0
3.4857,18579,Rest,HAZIRLANIYOR...,0,0,79,111,0,0,0
3.4857,18580,Rest,HAZIRLANIYOR...,0,0,86,115,0,3,5
3.4857,18581,Rest,HAZIRLANIYOR...,0,0,88,116,0,4,10
3.4857,18582,Rest,HAZIRLANIYOR...,0,0,84,113,0,0,4
3.4857,18583,Rest,HAZIRLANIYOR...,0,0,80,107,0,0,0
3.4858,18584,Rest,HAZIRLANIYOR...,0,0,74,98,0,0,0
3.4858,18585,Rest,HAZIRLANIYOR...,0,0,65,86,0,0,0
3.4859,18586,Rest,HAZIRLANIYOR...,0,0,51,73,0,0,0
3.5014,18587,Rest,HAZIRLANIYOR...,0,0,36,58,0,1,0
3.5015,18588,Rest,HAZIRLANIYOR...,0,0,18,42,0,2,0
3.5015,18589,Rest,HAZIRLANIYOR...,0,0,1,25,0,5,0
3.5015,18590,Rest,HAZIRLANIYOR...,0,0,0,8,0,8,0
3.5015,18591,Rest,HAZIRLANIYOR...,0,0,0,0,0,3,0
3.5016,18592,Rest,HAZIRLANIYOR...,0,0,0,0,0,0,3
3.5016,18593,Rest,HAZIRLANIYOR...,0,0,0,0,0,0,6
3.5016,18594,Rest,HAZIRLANIYOR...,0,0,0,0,0,4,9
3.5016,18595,Rest,HAZIRLANIYOR...,0,0,0,0,0,10,10
3.5016,18596,Rest,HAZIRLANIYOR...,0,0,0,0,40,4,4
3.5016,18597,Rest,HAZIRLANIYOR...,0,0,0,0,84,0,0
3.5016,18598,Rest,HAZIRLANIYOR...,0,0,0,0,120,0,0
3.5017,18599,Rest,HAZIRLANIYOR...,0,0,0,0,151,0,0
3.5017,18600,Rest,HAZIRLANIYOR...,0,0,0,0,178,0,0
3.5017,18601,Rest,HAZIRLANIYOR...,0,0,0,0,204,0,0
3.5017,18602,Rest,HAZIRLANIYOR...,0,0,0,0,225,0,0
3.5017,18603,Rest,HAZIRLANIYOR...,0,0,0,0,237,0,0
3.5017,18604,Rest,HAZIRLANIYOR...,0,0,0,0,239,0,2
3.5018,18605,Rest,HAZIRLANIYOR...,0,1,0,0,233,0,2
3.5018,18606,Rest,HAZIRLANIYOR...,0,69,0,0,220,0,1
3.5018,18607,Rest,HAZIRLANIYOR...,0,139,0,0,203,0,3
3.5018,18608,Rest,HAZIRLANIYOR...,0,208,7,0,191,6,9
3.5018,18609,Rest,HAZIRLANIYOR...,0,275,27,0,185,16,13
3.5018,18610,Rest,HAZIRLANIYOR...,0,334,46,9,171,14,7
3.5018,18611,Rest,HAZIRLANIYOR...,0,383,62,30,131,0,0
3.5019,18612,Rest,HAZIRLANIYOR...,0,422,77,51,73,0,0
3.5019,18613,Rest,HAZIRLANIYOR...,0,449,92,69,14,0,0
3.5019,18614,Rest,HAZIRLANIYOR...,0,460,105,82,0,0,1
3.5020,18615,Rest,HAZIRLANIYOR...,0,460,113,93,0,0,0
3.5169,18616,Rest,HAZIRLANIYOR...,0,451,116,101,0,0,0
3.5170,18617,Rest,HAZIRLANIYOR...,0,435,117,104,0,0,5
3.5170,18618,Rest,HAZIRLANIYOR...,0,413,115,103,0,0,10
3.5170,18619,Rest,HAZIRLANIYOR...,0,388,109,99,0,0,3
3.5170,18620,Rest,HAZIRLANIYOR...,0,363,101,94,0,0,0
3.5170,18621,Rest,HAZIRLANIYOR...,0,336,90,87,0,0,0
3.5170,18622,Rest,HAZIRLANIYOR...,0,310,77,75,0,2,0
3.5171,18623,Rest,HAZIRLANIYOR...,0,290,61,61,0,3,0
3.5171,18624,Rest,HAZIRLANIYOR...,0,275,45,47,0,3,0
3.5171,18625,Rest,HAZIRLANIYOR...,0,260,28,32,0,4,0
3.5171,18626,Rest,HAZIRLANIYOR...,0,240,11,17,0,4,0
3.5171,18627,Rest,HAZIRLANIYOR...,0,220,0,3,0,3,0
3.5171,18628,Rest,HAZIRLANIYOR...,0,202,0,0,0,2,0
3.5171,18629,Rest,HAZIRLANIYOR...,0,192,0,0,0,3,0
3.5171,18630,Rest,HAZIRLANIYOR...,0,189,0,0,0,5,0
3.5171,18631,Rest,HAZIRLANIYOR...,0,191,0,0,24,5,0
3.5172,18632,Rest,HAZIRLANIYOR...,0,196,0,0,65,4,0
3.5172,18633,Rest,HAZIRLANIYOR...,0,207,0,0,104,4,0
3.5172,18634,Rest,HAZIRLANIYOR...,0,224,0,0,142,4,0
3.5172,18635,Rest,HAZIRLANIYOR...,0,240,0,0,175,3,0
3.5172,18636,Rest,HAZIRLANIYOR...,0,248,0,0,201,3,0
3.5172,18637,Rest,HAZIRLANIYOR...,0,245,0,0,222,2,0
3.5172,18638,Rest,HAZIRLANIYOR...,0,230,0,0,236,1,0
3.5172,18639,Rest,HAZIRLANIYOR...,0,205,0,0,238,1,0
3.5172,18640,Rest,HAZIRLANIYOR...,0,163,0,0,228,1,0
3.5173,18641,Rest,HAZIRLANIYOR...,0,102,0,0,210,0,1
3.5173,18642,Rest,HAZIRLANIYOR...,0,29,0,0,191,0,1
3.5329,18643,Rest,HAZIRLANIYOR...,0,0,0,0,182,0,0
3.5330,18644,Rest,HAZIRLANIYOR...,0,0,0,0,182,0,0
3.5331,18645,Rest,HAZIRLANIYOR...,0,0,13,0,176,2,0
3.5331,18646,Rest,HAZIRLANIYOR...,0,0,28,3,150,4,4
3.5331,18647,Rest,HAZIRLANIYOR...,0,0,41,17,100,0,4
3.5331,18648,Rest,HAZIRLANIYOR...,0,0,51,32,35,0,2
3.5331,18649,Rest,HAZIRLANIYOR...,0,0,60,44,0,0,1
3.5331,18650,Rest,HAZIRLANIYOR...,0,0,68,52,0,0,2
3.5331,18651,Rest,HAZIRLANIYOR...,0,0,73,56,0,0,2
3.5332,18652,Rest,HAZIRLANIYOR...,0,0,74,59,0,0,3
3.5332,18653,Rest,HAZIRLANIYOR...,0,0,71,61,0,2,8
3.5332,18654,Rest,HAZIRLANIYOR...,0,0,66,63,0,4,11
3.5332,18655,Rest,HAZIRLANIYOR...,0,0,59,61,0,0,2
3.5332,18656,Rest,HAZIRLANIYOR...,0,0,52,55,0,0,0
3.5332,18657,Rest,HAZIRLANIYOR...,0,0,43,46,0,0,0
3.5333,18658,Rest,HAZIRLANIYOR...,0,0,31,36,0,0,1
3.5333,18659,Rest,HAZIRLANIYOR...,0,0,14,25,0,0,10
3.5333,18660,Rest,HAZIRLANIYOR...,0,0,0,14,0,0,11
3.5333,18661,Rest,HAZIRLANIYOR...,0,0,0,3,0,0,6
3.5333,18662,Rest,HAZIRLANIYOR...,0,0,0,0,0,0,0
3.5333,18663,Rest,HAZIRLANIYOR...,0,0,0,0,0,0,0
3.5333,18664,Rest,HAZIRLANIYOR...,0,0,0,0,0,0,0
3.5333,18665,Rest,HAZIRLANIYOR...,0,0,0,0,0,3,0
3.5333,18666,Rest,HAZIRLANIYOR...,0,0,0,0,3,3,0
3.5334,18667,Rest,HAZIRLANIYOR...,0,0,0,0,56,1,0
3.5334,18668,Rest,HAZIRLANIYOR...,0,0,0,0,97,2,0
3.5334,18669,Rest,HAZIRLANIYOR...,0,17,0,0,139,4,0
3.5335,18670,Rest,HAZIRLANIYOR...,0,64,0,0,171,4,3
3.5335,18671,Rest,HAZIRLANIYOR...,0,106,0,0,188,3,9
3.5482,18672,Rest,HAZIRLANIYOR...,0,139,0,0,201,1,11
3.5483,18673,Rest,HAZIRLANIYOR...,0,162,0,0,221,0,2
3.5483,18674,Rest,HAZIRLANIYOR...,0,177,0,0,238,1,0
3.5483,18675,Rest,HAZIRLANIYOR...,0,189,0,0,238,7,0
3.5484,18676,Rest,HAZIRLANIYOR...,0,201,3,0,224,13,0
3.5484,18677,Rest,HAZIRLANIYOR...,0,212,14,3,209,13,0
3.5484,18678,Rest,HAZIRLANIYOR...,0,219,24,17,199,7,0
3.5484,18679,Rest,HAZIRLANIYOR...,0,219,33,29,193,0,0
3.5484,18680,Rest,HAZIRLANIYOR...,0,217,42,40,184,0,0
3.5484,18681,Rest,HAZIRLANIYOR...,0,215,50,52,161,0,0
3.5484,18682,Rest,HAZIRLANIYOR...,0,211,59,64,117,0,1
3.5485,18683,Rest,HAZIRLANIYOR...,0,197,67,73,62,0,3
3.5485,18684,Rest,HAZIRLANIYOR...,0,173,73,80,7,0,0
3.5485,18685,Rest,HAZIRLANIYOR...,0,147,76,85,0,0,0
3.5485,18686,Rest,HAZIRLANIYOR...,0,121,76,87,0,0,0
3.5485,18687,Rest,HAZIRLANIYOR...,0,96,74,86,0,0,0
3.5485,18688,Rest,HAZIRLANIYOR...,0,68,72,82,0,0,1
3.5486,18689,Rest,HAZIRLANIYOR...,0,41,66,76,0,0,1
3.5486,18690,Rest,HAZIRLANIYOR...,0,22,57,66,0,0,0
3.5486,18691,Rest,HAZIRLANIYOR...,0,13,46,55,0,0,0
3.5486,18692,Rest,HAZIRLANIYOR...,0,10,35,43,0,0,0
3.5486,18693,Rest,HAZIRLANIYOR...,0,7,22,31,0,0,4
3.5486,18694,Rest,HAZIRLANIYOR...,0,3,7,18,0,1,8
3.5486,18695,Rest,HAZIRLANIYOR...,0,2,0,2,0,1,3
3.5486,18696,Rest,HAZIRLANIYOR...,0,9,0,0,0,0,0
3.5487,18697,Rest,HAZIRLANIYOR...,0,18,0,0,0,0,0
3.5487,18698,Rest,HAZIRLANIYOR...,0,24,0,0,0,0,0
3.5641,18699,Rest,HAZIRLANIYOR...,0,24,0,0,0,1,1
3.5642,18700,Rest,HAZIRLANIYOR...,0,19,0,0,0,1,4
3.5642,18701,Rest,HAZIRLANIYOR...,0,13,0,0,0,2,6
3.5643,18702,Rest,HAZIRLANIYOR...,0,4,0,0,18,2,1
3.5643,18703,Rest,HAZIRLANIYOR...,0,0,0,0,65,2,0
3.5643,18704,Rest,HAZIRLANIYOR...,0,0,0,0,104,5,0
3.5643,18705,Rest,HAZIRLANIYOR...,0,0,0,0,138,9,0
3.5643,18706,Rest,HAZIRLANIYOR...,0,0,0,0,169,11,0
3.5643,18707,Rest,HAZIRLANIYOR...,0,0,0,0,196,6,0
3.5644,18708,Rest,HAZIRLANIYOR...,0,0,0,0,219,2,0
3.5644,18709,Rest,HAZIRLANIYOR...,0,0,0,0,233,4,0
3.5644,18710,Rest,HAZIRLANIYOR...,0,0,0,0,236,3,0
3.5644,18711,Rest,HAZIRLANIYOR...,0,0,0,0,228,0,2
3.5645,18712,Rest,HAZIRLANIYOR...,0,0,0,0,210,0,3
3.5645,18713,Rest,HAZIRLANIYOR...,0,0,0,0,194,0,1
3.5645,18714,Rest,HAZIRLANIYOR...,0,0,0,0,188,0,1
3.5645,18715,Rest,HAZIRLANIYOR...,0,0,2,0,189,0,1
3.5645,18716,Rest,HAZIRLANIYOR...,0,0,20,16,180,0,1
3.5645,18717,Rest,HAZIRLANIYOR...,0,0,39,31,146,0,2
3.5645,18718,Rest,HAZIRLANIYOR...,0,0,57,44,93,0,2
3.5645,18719,Rest,HAZIRLANIYOR...,0,0,71,55,34,0,1
3.5646,18720,Rest,HAZIRLANIYOR...,0,0,83,65,0,0,2
3.5646,18721,Rest,HAZIRLANIYOR...,0,0,92,72,0,0,8
3.5646,18722,Rest,HAZIRLANIYOR...,0,0,97,77,0,0,12
3.5646,18723,Rest,HAZIRLANIYOR...,0,0,99,81,0,0,5
3.5646,18724,Rest,HAZIRLANIYOR...,0,0,98,82,0,0,0
3.5646,18725,Rest,HAZIRLANIYOR...,0,0,96,81,0,0,0
3.5647,18726,Rest,HAZIRLANIYOR...,0,0,92,77,0,0,0
3.5796,18727,Rest,HAZIRLANIYOR...,0,0,84,72,0,0,0
3.5797,18728,Rest,HAZIRLANIYOR...,0,0,72,66,0,0,0
3.5797,18729,Rest,HAZIRLANIYOR...,0,0,59,59,0,0,0
3.5798,18730,Rest,HAZIRLANIYOR...,0,0,48,50,0,0,0
3.5798,18731,Rest,HAZIRLANIYOR...,0,0,37,40,0,1,0
3.5798,18732,Rest,HAZIRLANIYOR...,0,0,25,30,0,1,0
3.5798,18733,Rest,HAZIRLANIYOR...,0,0,11,18,0,2,0
3.5798,18734,Rest,HAZIRLANIYOR...,0,0,0,6,0,1,0
3.5799,18735,Rest,HAZIRLANIYOR...,0,0,0,0,0,0,0
3.5802,18736,Rest,HAZIRLANIYOR...,0,0,0,0,0,0,1
3.5802,18737,Rest,HAZIRLANIYOR...,0,0,0,0,0,2,1
3.5802,18738,Rest,HAZIRLANIYOR...,0,0,0,0,42,6,0
3.5803,18739,Rest,HAZIRLANIYOR...,0,0,0,0,89,8,1
3.5803,18740,Rest,HAZIRLANIYOR...,0,0,0,0,127,10,6
3.5803,18741,Rest,HAZIRLANIYOR...,0,0,0,0,158,11,8
3.5803,18742,Rest,HAZIRLANIYOR...,0,35,0,0,186,7,4
3.5803,18743,Rest,HAZIRLANIYOR...,0,81,0,0,213,1,0
3.5804,18744,Rest,HAZIRLANIYOR...,0,129,0,0,230,0,0
3.5804,18745,Rest,HAZIRLANIYOR...,0,175,0,0,237,0,0
3.5804,18746,Rest,HAZIRLANIYOR...,0,215,0,0,234,0,0
3.5804,18747,Rest,HAZIRLANIYOR...,0,247,0,0,223,0,0
3.5804,18748,Rest,HAZIRLANIYOR...,0,272,0,0,206,0,0
3.5804,18749,Rest,HAZIRLANIYOR...,0,291,0,2,194,0,3
3.5804,18750,Rest,HAZIRLANIYOR...,0,309,0,18,192,0,11
3.5804,18751,Rest,HAZIRLANIYOR...,0,324,2,32,195,0,14
3.5804,18752,Rest,HAZIRLANIYOR...,0,330,14,43,177,0,6
3.5805,18753,Rest,HAZIRLANIYOR...,0,329,27,54,125,0,0
3.5806,18754,Rest,HAZIRLANIYOR...,0,322,39,65,62,0,0
3.5957,18755,Rest,HAZIRLANIYOR...,0,308,49,74,10,0,0
3.5958,18756,Rest,HAZIRLANIYOR...,0,290,56,81,0,0,0
3.5958,18757,Rest,HAZIRLANIYOR...,0,273,62,86,0,0,0
3.5958,18758,Rest,HAZIRLANIYOR...,0,265,68,86,0,1,0
3.5959,18759,Rest,HAZIRLANIYOR...,0,265,73,85,0,1,0
3.5959,18760,Rest,HAZIRLANIYOR...,0,268,75,83,0,0,0
3.5959,18761,Rest,HAZIRLANIYOR...,0,271,76,80,0,0,0
3.5959,18762,Rest,HAZIRLANIYOR...,0,273,76,74,0,0,0
3.5959,18763,Rest,HAZIRLANIYOR...,0,274,72,66,0,1,0
3.5959,18764,Rest,HAZIRLANIYOR...,0,273,60,57,0,1,1
3.5959,18765,Rest,HAZIRLANIYOR...,0,269,46,46,0,2,7
3.5960,18766,Rest,HAZIRLANIYOR...,0,264,35,32,0,6,13
3.5960,18767,Rest,HAZIRLANIYOR...,0,255,24,15,0,9,10
3.5960,18768,Rest,HAZIRLANIYOR...,0,243,9,0,0,8,0
3.5960,18769,Rest,HAZIRLANIYOR...,0,227,0,0,0,4,0
3.5960,18770,Rest,HAZIRLANIYOR...,0,211,0,0,0,0,0
3.5960,18771,Rest,HAZIRLANIYOR...,0,194,0,0,0,0,0
3.5960,18772,Rest,HAZIRLANIYOR...,0,177,0,0,0,0,0
3.5961,18773,Rest,HAZIRLANIYOR...,0,157,0,0,20,0,0
3.5961,18774,Rest,HAZIRLANIYOR...,0,137,0,0,66,0,0
3.5961,18775,Rest,HAZIRLANIYOR...,0,117,0,0,105,0,0
3.5961,18776,Rest,HAZIRLANIYOR...,0,98,0,0,138,0,2
3.5961,18777,Rest,HAZIRLANIYOR...,0,77,0,0,170,0,5
3.5961,18778,Rest,HAZIRLANIYOR...,0,55,0,0,205,0,2
3.5961,18779,Rest,HAZIRLANIYOR...,0,31,0,0,230,0,0
3.5961,18780,Rest,HAZIRLANIYOR...,0,4,0,0,232,0,0
3.5962,18781,Rest,HAZIRLANIYOR...,0,0,0,0,220,0,0
3.5962,18782,Rest,HAZIRLANIYOR...,0,0,0,0,210,1,0
3.6116,18783,Rest,HAZIRLANIYOR...,0,0,0,0,203,1,1
3.6117,18784,Rest,HAZIRLANIYOR...,0,0,0,0,195,0,0
3.6117,18785,Rest,HAZIRLANIYOR...,0,0,0,0,188,0,0
3.6117,18786,Rest,HAZIRLANIYOR...,0,0,0,0,182,0,0
3.6117,18787,Rest,HAZIRLANIYOR...,0,0,10,7,167,0,0
3.6117,18788,Rest,HAZIRLANIYOR...,0,0,25,26,134,0,0
3.6117,18789,Rest,HAZIRLANIYOR...,0,0,38,43,83,0,2
3.6118,18790,Rest,HAZIRLANIYOR...,0,0,48,58,28,0,8
3.6118,18791,Rest,HAZIRLANIYOR...,0,0,56,72,0,0,6
3.6118,18792,Rest,HAZIRLANIYOR...,0,0,64,82,0,0,0
3.6118,18793,Rest,HAZIRLANIYOR...,0,0,69,86,0,0,0
3.6118,18794,Rest,HAZIRLANIYOR...,0,0,72,84,0,0,0
3.6118,18795,Rest,HAZIRLANIYOR...,0,0,72,78,0,0,1
3.6118,18796,Rest,HAZIRLANIYOR...,0,0,72,68,0,0,0
3.6119,18797,Rest,HAZIRLANIYOR...,0,0,71,53,0,0,0
3.6119,18798,Rest,HAZIRLANIYOR...,0,0,66,35,0,0,0
3.6119,18799,Rest,HAZIRLANIYOR...,0,0,58,17,0,0,0
3.6119,18800,Rest,HAZIRLANIYOR...,0,0,49,1,0,0,0
3.6119,18801,Rest,HAZIRLANIYOR...,0,0,40,0,0,0,0
3.6119,18802,Rest,HAZIRLANIYOR...,0,0,31,0,0,0,0
3.6119,18803,Rest,HAZIRLANIYOR...,0,0,21,0,0,0,0
3.6120,18804,Rest,HAZIRLANIYOR...,0,0,10,0,0,0,0
3.6120,18805,Rest,HAZIRLANIYOR...,0,0,0,0,0,0,0
3.6120,18806,Rest,HAZIRLANIYOR...,0,0,0,0,0,0,2
3.6120,18807,Rest,HAZIRLANIYOR...,0,0,0,0,0,1,3
3.6120,18808,Rest,HAZIRLANIYOR...,0,0,0,0,10,1,1
3.6120,18809,Rest,HAZIRLANIYOR...,0,0,0,0,45,1,1
3.6121,18810,Rest,HAZIRLANIYOR...,0,0,0,0,86,2,1
3.6270,18811,Rest,HAZIRLANIYOR...,0,36,0,0,128,6,1
3.6271,18812,Rest,HAZIRLANIYOR...,0,74,0,0,158,7,1
3.6272,18813,Rest,HAZIRLANIYOR...,0,109,0,0,181,3,0
3.6272,18814,Rest,HAZIRLANIYOR...,0,141,0,0,207,0,0
3.6272,18815,Rest,HAZIRLANIYOR...,0,173,0,0,232,1,0
3.6272,18816,Rest,HAZIRLANIYOR...,0,208,0,0,242,1,3
3.6272,18817,Rest,HAZIRLANIYOR...,0,246,0,0,236,3,11
3.6272,18818,Rest,HAZIRLANIYOR...,0,285,0,0,221,4,14
3.6272,18819,Rest,HAZIRLANIYOR...,0,325,0,3,207,0,7
3.6272,18820,Rest,HAZIRLANIYOR...,0,367,0,18,198,0,0
3.6273,18821,Rest,HAZIRLANIYOR...,0,410,4,32,194,0,0
3.6273,18822,Rest,HAZIRLANIYOR...,0,447,17,46,188,0,0
3.6273,18823,Rest,HAZIRLANIYOR...,0,476,29,61,162,2,6
3.6273,18824,Rest,HAZIRLANIYOR...,0,497,41,75,114,6,9
3.6273,18825,Rest,HAZIRLANIYOR...,0,508,52,87,59,5,1
3.6273,18826,Rest,HAZIRLANIYOR...,0,508,64,98,13,0,0
3.6273,18827,Rest,HAZIRLANIYOR...,0,495,74,106,0,0,0
3.6274,18828,Rest,HAZIRLANIYOR...,0,471,78,112,0,0,0
3.6274,18829,Rest,HAZIRLANIYOR...,0,439,78,116,0,0,3
3.6274,18830,Rest,HAZIRLANIYOR...,0,399,78,117,0,0,7
3.6274,18831,Rest,HAZIRLANIYOR...,0,353,77,113,0,0,0
3.6274,18832,Rest,HAZIRLANIYOR...,0,303,72,105,0,0,0
3.6274,18833,Rest,HAZIRLANIYOR...,0,248,62,96,0,3,0
3.6275,18834,Rest,HAZIRLANIYOR...,0,190,49,86,0,6,0
3.6275,18835,Rest,HAZIRLANIYOR...,0,133,36,76,0,2,0
3.6275,18836,Rest,HAZIRLANIYOR...,0,77,24,61,0,0,0
3.6276,18837,Rest,HAZIRLANIYOR...,0,22,10,45,0,0,5
3.6276,18838,Rest,HAZIRLANIYOR...,0,0,0,30,0,0,15
3.6427,18839,Rest,HAZIRLANIYOR...,0,0,0,15,0,0,14
3.6428,18840,Rest,HAZIRLANIYOR...,0,0,0,0,0,0,0
3.6428,18841,Rest,HAZIRLANIYOR...,0,0,0,0,0,0,0
3.6428,18842,Rest,HAZIRLANIYOR...,0,0,0,0,0,0,0
3.6428,18843,Rest,HAZIRLANIYOR...,0,0,0,0,0,0,0
3.6429,18844,Rest,HAZIRLANIYOR...,0,0,0,0,22,0,0
3.6429,18845,Rest,HAZIRLANIYOR...,0,0,0,0,72,0,0
3.6429,18846,Rest,HAZIRLANIYOR...,0,0,0,0,110,0,0
3.6429,18847,Rest,HAZIRLANIYOR...,0,0,0,0,140,0,0
3.6429,18848,Rest,HAZIRLANIYOR...,0,0,0,0,169,0,0
3.6429,18849,Rest,HAZIRLANIYOR...,0,0,0,0,198,3,4
3.6430,18850,Rest,HAZIRLANIYOR...,0,0,0,0,219,4,9
3.6430,18851,Rest,HAZIRLANIYOR...,0,0,0,0,230,4,4
3.6430,18852,Rest,HAZIRLANIYOR...,0,0,0,0,234,3,0
3.6430,18853,Rest,HAZIRLANIYOR...,0,0,0,0,230,3,0
3.6430,18854,Rest,HAZIRLANIYOR...,0,0,0,0,210,3,0
3.6431,18855,Rest,HAZIRLANIYOR...,0,0,0,0,186,2,0
3.6431,18856,Rest,HAZIRLANIYOR...,0,0,0,0,175,1,0
3.6431,18857,Rest,HAZIRLANIYOR...,0,0,5,0,176,2,0
3.6431,18858,Rest,HAZIRLANIYOR...,0,0,24,3,167,2,0
3.6431,18859,Rest,HAZIRLANIYOR...,0,0,44,25,133,2,0
3.6431,18860,Rest,HAZIRLANIYOR...,0,0,62,47,78,1,0
3.6431,18861,Rest,HAZIRLANIYOR...,0,0,76,64,21,0,0
3.6432,18862,Rest,HAZIRLANIYOR...,0,0,87,75,0,0,0
3.6432,18863,Rest,HAZIRLANIYOR...,0,0,95,87,0,0,0
3.6432,18864,Rest,HAZIRLANIYOR...,0,0,100,98,0,0,0
3.6433,18865,Rest,HAZIRLANIYOR...,0,0,100,105,0,0,0
3.6582,18866,Rest,HAZIRLANIYOR...,0,0,96,108,0,0,0
3.6583,18867,Rest,HAZIRLANIYOR...,0,0,89,106,0,0,1
3.6583,18868,Rest,HAZIRLANIYOR...,0,0,81,100,0,0,0
3.6583,18869,Rest,HAZIRLANIYOR...,0,0,72,89,0,1,0
3.6584,18870,Rest,HAZIRLANIYOR...,0,0,63,74,0,3,0
3.6584,18871,Rest,HAZIRLANIYOR...,0,0,52,55,0,2,5
3.6584,18872,Rest,HAZIRLANIYOR...,0,0,39,34,0,0,11
3.6584,18873,Rest,HAZIRLANIYOR...,0,0,24,9,0,0,11
3.6584,18874,Rest,HAZIRLANIYOR...,0,0,8,0,0,0,4
3.6584,18875,Rest,HAZIRLANIYOR...,0,0,0,0,0,0,0
3.6585,18876,Rest,HAZIRLANIYOR...,0,0,0,0,0,1,0
3.6585,18877,Rest,HAZIRLANIYOR...,0,0,0,0,0,2,2
3.6585,18878,Rest,HAZIRLANIYOR...,0,0,0,0,0,2,4
3.6585,18879,Rest,HAZIRLANIYOR...,0,0,0,0,0,2,2
3.6585,18880,Rest,HAZIRLANIYOR...,0,0,0,0,49,3,0
3.6585,18881,Rest,HAZIRLANIYOR...,0,0,0,0,89,3,0
3.6585,18882,Rest,HAZIRLANIYOR...,0,0,0,0,116,3,1
3.6585,18883,Rest,HAZIRLANIYOR...,0,0,0,0,144,3,2
3.6586,18884,Rest,HAZIRLANIYOR...,0,3,0,0,176,2,2
3.6586,18885,Rest,HAZIRLANIYOR...,0,25,0,0,204,1,2
3.6586,18886,Rest,HAZIRLANIYOR...,0,45,0,0,220,2,3
3.6586,18887,Rest,HAZIRLANIYOR...,0,63,0,0,226,6,7
3.6586,18888,Rest,HAZIRLANIYOR...,0,79,0,0,225,9,9
3.6586,18889,Rest,HAZIRLANIYOR...,0,97,0,0,213,3,4
3.6586,18890,Rest,HAZIRLANIYOR...,0,111,0,0,190,0,0
3.6587,18891,Rest,HAZIRLANIYOR...,0,117,0,8,171,0,1
3.6587,18892,Rest,HAZIRLANIYOR...,0,112,9,34,174,6,14
3.6587,18893,Rest,HAZIRLANIYOR...,0,101,23,57,184,0,21
3.6733,18894,Rest,HAZIRLANIYOR...,0,89,35,77,168,0,10
3.6735,18895,Rest,HAZIRLANIYOR...,0,78,47,95,120,0,0
3.6735,18896,Rest,HAZIRLANIYOR...,0,66,58,110,61,0,0
3.6735,18897,Rest,HAZIRLANIYOR...,0,49,66,120,9,0,0
3.6735,18898,Rest,HAZIRLANIYOR...,0,28,71,126,0,0,0
3.6735,18899,Rest,HAZIRLANIYOR...,0,6,75,128,0,0,0
3.6735,18900,Rest,HAZIRLANIYOR...,0,0,78,126,0,0,0
3.6736,18901,Rest,HAZIRLANIYOR...,0,0,79,120,0,0,0
3.6736,18902,Rest,HAZIRLANIYOR...,0,0,76,109,0,0,0
3.6736,18903,Rest,HAZIRLANIYOR...,0,0,69,94,0,0,0
3.6736,18904,Rest,HAZIRLANIYOR...,0,0,60,76,0,0,0
3.6736,18905,Rest,HAZIRLANIYOR...,0,0,50,58,0,0,0
3.6736,18906,Rest,HAZIRLANIYOR...,0,0,38,41,0,0,0
3.6736,18907,Rest,HAZIRLANIYOR...,0,0,25,24,0,0,1
3.6736,18908,Rest,HAZIRLANIYOR...,0,0,12,9,0,0,0
3.6737,18909,Rest,HAZIRLANIYOR...,0,0,0,0,0,0,0
3.6737,18910,Rest,HAZIRLANIYOR...,0,0,0,0,0,1,0
3.6737,18911,Rest,HAZIRLANIYOR...,0,0,0,0,0,0,0
3.6737,18912,Rest,HAZIRLANIYOR...,0,0,0,0,0,0,0
3.6737,18913,Rest,HAZIRLANIYOR...,0,8,0,0,0,1,1
3.6737,18914,Rest,HAZIRLANIYOR...,0,34,0,0,0,3,0
3.6738,18915,Rest,HAZIRLANIYOR...,0,61,0,0,27,5,0
3.6738,18916,Rest,HAZIRLANIYOR...,0,88,0,0,71,7,0
3.6738,18917,Rest,HAZIRLANIYOR...,0,115,0,0,113,8,0
3.6738,18918,Rest,HAZIRLANIYOR...,0,144,0,0,148,5,0
3.6738,18919,Rest,HAZIRLANIYOR...,0,175,0,0,182,3,0
3.6739,18920,Rest,HAZIRLANIYOR...,0,204,0,0,216,3,0
3.6888,18921,Rest,HAZIRLANIYOR...,0,231,0,0,242,0,0
3.6888,18922,Rest,HAZIRLANIYOR...,0,256,0,0,246,0,0
3.6888,18923,Rest,HAZIRLANIYOR...,0,279,0,0,235,0,1
3.6888,18924,Rest,HAZIRLANIYOR...,0,300,0,2,225,0,6
3.6888,18925,Rest,HAZIRLANIYOR...,0,316,0,4,214,0,13
3.6889,18926,Rest,HAZIRLANIYOR...,0,331,0,6,201,0,15
3.6889,18927,Rest,HAZIRLANIYOR...,0,348,0,6,190,0,7
3.6889,18928,Rest,HAZIRLANIYOR...,0,368,9,6,182,0,0
3.6889,18929,Rest,HAZIRLANIYOR...,0,390,27,5,165,0,0
3.6889,18930,Rest,HAZIRLANIYOR...,0,410,41,4,127,0,0
3.6889,18931,Rest,HAZIRLANIYOR...,0,420,55,5,71,0,0
3.6890,18932,Rest,HAZIRLANIYOR...,0,419,68,11,13,0,2
3.6890,18933,Rest,HAZIRLANIYOR...,0,408,78,21,0,0,4
3.6890,18934,Rest,HAZIRLANIYOR...,0,384,85,30,0,0,1
3.6890,18935,Rest,HAZIRLANIYOR...,0,347,88,38,0,0,0
3.6890,18936,Rest,HAZIRLANIYOR...,0,298,90,45,0,0,0
3.6890,18937,Rest,HAZIRLANIYOR...,0,243,90,50,0,0,0
3.6890,18938,Rest,HAZIRLANIYOR...,0,188,86,50,0,0,0
3.6890,18939,Rest,HAZIRLANIYOR...,0,133,79,46,0,0,0
3.6890,18940,Rest,HAZIRLANIYOR...,0,76,71,37,0,4,0
3.6891,18941,Rest,HAZIRLANIYOR...,0,19,63,29,0,4,1
3.6891,18942,Rest,HAZIRLANIYOR...,0,0,54,22,0,3,0
3.6891,18943,Rest,HAZIRLANIYOR...,0,0,43,17,0,1,0
3.6891,18944,Rest,HAZIRLANIYOR...,0,0,31,9,0,3,0
3.6891,18945,Rest,HAZIRLANIYOR...,0,0,17,0,0,7,0
3.6891,18946,Rest,HAZIRLANIYOR...,0,0,1,0,0,9,3
3.6892,18947,Rest,HAZIRLANIYOR...,0,0,0,0,0,3,14
3.7048,18948,Rest,HAZIRLANIYOR...,0,0,0,0,0,0,10
3.7050,18949,Rest,HAZIRLANIYOR...,0,0,0,0,0,0,0
3.7050,18950,Rest,HAZIRLANIYOR...,0,0,0,0,4,0,0
3.7050,18951,Rest,HAZIRLANIYOR...,0,0,0,0,53,3,0
3.7050,18952,Rest,HAZIRLANIYOR...,0,0,0,0,98,1,3
3.7050,18953,Rest,HAZIRLANIYOR...,0,0,0,0,140,0,0
3.7051,18954,Rest,HAZIRLANIYOR...,0,0,0,0,175,4,0
3.7051,18955,Rest,HAZIRLANIYOR...,0,0,0,0,203,11,0
3.7051,18956,Rest,HAZIRLANIYOR...,0,0,0,0,226,7,0
3.7051,18957,Rest,HAZIRLANIYOR...,0,0,0,0,240,0,1
3.7051,18958,Rest,HAZIRLANIYOR...,0,0,0,0,238,0,0
3.7051,18959,Rest,HAZIRLANIYOR...,0,0,0,0,230,0,0
3.7051,18960,Rest,HAZIRLANIYOR...,0,0,0,0,221,0,2
3.7051,18961,Rest,HAZIRLANIYOR...,0,0,0,0,204,0,8
3.7052,18962,Rest,HAZIRLANIYOR...,0,0,0,0,184,0,10
3.7052,18963,Rest,HAZIRLANIYOR...,0,0,0,0,176,0,3
3.7052,18964,Rest,HAZIRLANIYOR...,0,0,17,0,174,4,0
3.7052,18965,Rest,HAZIRLANIYOR...,0,0,34,0,158,7,0
3.7052,18966,Rest,HAZIRLANIYOR...,0,0,49,13,115,1,0
3.7052,18967,Rest,HAZIRLANIYOR...,0,0,65,25,51,0,3
3.7052,18968,Rest,HAZIRLANIYOR...,0,10,80,38,0,0,0
3.7052,18969,Rest,HAZIRLANIYOR...,0,55,91,51,0,0,0
3.7053,18970,Rest,HAZIRLANIYOR...,0,85,96,59,0,0,0
3.7053,18971,Rest,HAZIRLANIYOR...,0,100,97,62,0,0,0
3.7053,18972,Rest,HAZIRLANIYOR...,0,107,95,62,0,0,2
3.7053,18973,Rest,HAZIRLANIYOR...,0,108,89,60,0,0,3
3.7053,18974,Rest,HAZIRLANIYOR...,0,101,83,55,0,0,0
3.7054,18975,Rest,HAZIRLANIYOR...,0,83,76,44,0,0,0
3.7055,18976,Rest,HAZIRLANIYOR...,0,58,67,28,0,0,0
3.7202,18977,Rest,HAZIRLANIYOR...,0,34,55,11,0,0,0
3.7202,18978,Rest,HAZIRLANIYOR...,0,18,40,0,0,0,0
3.7203,18979,Rest,HAZIRLANIYOR...,0,14,24,0,0,0,0
3.7203,18980,Rest,HAZIRLANIYOR...,0,20,9,0,0,0,0
3.7203,18981,Rest,HAZIRLANIYOR...,0,33,0,0,0,0,0
3.7203,18982,Rest,HAZIRLANIYOR...,0,51,0,0,0,0,0
3.7203,18983,Rest,HAZIRLANIYOR...,0,72,0,0,0,0,0
3.7204,18984,Rest,HAZIRLANIYOR...,0,94,0,0,0,1,0
3.7204,18985,Rest,HAZIRLANIYOR...,0,114,0,0,0,1,0
3.7204,18986,Rest,HAZIRLANIYOR...,0,132,0,0,32,0,0
3.7204,18987,Rest,HAZIRLANIYOR...,0,152,0,0,77,0,0
3.7204,18988,Rest,HAZIRLANIYOR...,0,174,0,0,115,1,2
3.7204,18989,Rest,HAZIRLANIYOR...,0,195,0,0,150,2,3
3.7204,18990,Rest,HAZIRLANIYOR...,0,211,0,0,183,2,2
3.7205,18991,Rest,HAZIRLANIYOR...,0,225,0,0,208,2,0
3.7205,18992,Rest,HAZIRLANIYOR...,0,237,0,0,224,2,0
3.7205,18993,Rest,HAZIRLANIYOR...,0,248,0,0,233,4,0
3.7205,18994,Rest,HAZIRLANIYOR...,0,254,0,0,235,8,0
3.7206,18995,Rest,HAZIRLANIYOR...,0,256,0,0,227,11,0
3.7206,18996,Rest,HAZIRLANIYOR...,0,252,0,0,210,4,0
3.7206,18997,Rest,HAZIRLANIYOR...,0,242,0,4,194,0,3
3.7207,18998,Rest,HAZIRLANIYOR...,0,229,0,20,187,0,4
3.7207,18999,Rest,HAZIRLANIYOR...,0,214,8,38,187,0,4
3.7207,19000,Rest,HAZIRLANIYOR...,0,195,28,54,177,0,3
3.7207,19001,Rest,HAZIRLANIYOR...,0,169,46,69,147,0,3
3.7207,19002,Rest,HAZIRLANIYOR...,0,136,60,84,96,1,5
3.7209,19003,Rest,HAZIRLANIYOR...,0,97,73,100,31,4,5
3.7352,19004,Rest,HAZIRLANIYOR...,0,52,86,112,0,0,2
3.7353,19005,Rest,HAZIRLANIYOR...,0,3,94,120,0,0,0
3.7353,19006,Rest,HAZIRLANIYOR...,0,0,97,124,0,0,0
3.7353,19007,Rest,HAZIRLANIYOR...,0,0,98,124,0,0,0
3.7354,19008,Rest,HAZIRLANIYOR...,0,0,98,123,0,0,0
3.7354,19009,Rest,HAZIRLANIYOR...,0,0,95,118,0,0,3
3.7354,19010,Rest,HAZIRLANIYOR...,0,0,89,109,0,0,2
3.7354,19011,Rest,HAZIRLANIYOR...,0,0,79,97,0,0,0
3.7354,19012,Rest,HAZIRLANIYOR...,0,0,69,84,0,0,0
3.7354,19013,Rest,HAZIRLANIYOR...,0,0,59,72,0,1,8
3.7355,19014,Rest,HAZIRLANIYOR...,0,0,46,59,0,2,14
3.7355,19015,Rest,HAZIRLANIYOR...,0,0,30,45,0,1,7
3.7355,19016,Rest,HAZIRLANIYOR...,0,0,14,28,0,0,0
3.7355,19017,Rest,HAZIRLANIYOR...,0,0,0,12,0,1,0
3.7355,19018,Rest,HAZIRLANIYOR...,0,0,0,0,0,2,0
3.7355,19019,Rest,HAZIRLANIYOR...,0,0,0,0,0,2,0
3.7355,19020,Rest,HAZIRLANIYOR...,0,0,0,0,0,2,0
3.7356,19021,Rest,HAZIRLANIYOR...,0,0,0,0,11,2,0
3.7356,19022,Rest,HAZIRLANIYOR...,0,0,0,0,57,2,6
3.7356,19023,Rest,HAZIRLANIYOR...,0,0,0,0,100,2,10
3.7356,19024,Rest,HAZIRLANIYOR...,0,0,0,0,137,3,5
3.7356,19025,Rest,HAZIRLANIYOR...,0,0,0,0,171,2,0
3.7356,19026,Rest,HAZIRLANIYOR...,0,0,0,0,203,2,0
3.7356,19027,Rest,HAZIRLANIYOR...,0,0,0,0,228,4,0
3.7357,19028,Rest,HAZIRLANIYOR...,0,0,0,0,234,7,0
3.7357,19029,Rest,HAZIRLANIYOR...,0,7,0,0,226,3,0
3.7505,19030,Rest,HAZIRLANIYOR...,0,27,0,0,219,0,0
3.7506,19031,Rest,HAZIRLANIYOR...,0,45,0,0,212,0,0
3.7507,19032,Rest,HAZIRLANIYOR...,0,61,0,0,200,1,0
3.7507,19033,Rest,HAZIRLANIYOR...,0,69,0,0,188,11,0
3.7507,19034,Rest,HAZIRLANIYOR...,0,64,1,0,182,12,0
3.7507,19035,Rest,HAZIRLANIYOR...,0,39,14,0,173,0,0
3.7507,19036,Rest,HAZIRLANIYOR...,0,0,26,0,147,0,0
3.7507,19037,Rest,HAZIRLANIYOR...,0,0,39,2,98,0,0
3.7508,19038,Rest,HAZIRLANIYOR...,0,0,51,5,39,0,0
3.7508,19039,Rest,HAZIRLANIYOR...,0,0,62,8,0,0,0
3.7508,19040,Rest,HAZIRLANIYOR...,0,0,71,13,0,0,0
3.7508,19041,Rest,HAZIRLANIYOR...,0,0,77,19,0,0,0
3.7508,19042,Rest,HAZIRLANIYOR...,0,0,80,22,0,0,0
3.7508,19043,Rest,HAZIRLANIYOR...,0,0,81,20,0,0,6
3.7508,19044,Rest,HAZIRLANIYOR...,0,0,82,14,0,0,15
3.7509,19045,Rest,HAZIRLANIYOR...,0,0,81,8,0,2,12
3.7509,19046,Rest,HAZIRLANIYOR...,0,33,77,2,0,5,0
3.7509,19047,Rest,HAZIRLANIYOR...,0,71,70,0,0,2,0
3.7509,19048,Rest,HAZIRLANIYOR...,0,99,63,0,0,0,0
3.7509,19049,Rest,HAZIRLANIYOR...,0,117,53,0,0,1,0
3.7509,19050,Rest,HAZIRLANIYOR...,0,133,42,0,0,0,1
3.7510,19051,Rest,HAZIRLANIYOR...,0,146,30,0,0,0,1
3.7510,19052,Rest,HAZIRLANIYOR...,0,154,16,0,0,0,0
3.7510,19053,Rest,HAZIRLANIYOR...,0,156,1,0,0,3,0
3.7511,19054,Rest,HAZIRLANIYOR...,0,159,0,0,0,10,0
3.7511,19055,Rest,HAZIRLANIYOR...,0,165,0,0,0,4,0
3.7512,19056,Rest,HAZIRLANIYOR...,0,174,0,0,0,0,0
3.7512,19057,Rest,HAZIRLANIYOR...,0,181,0,0,38,0,1
3.7659,19058,Rest,HAZIRLANIYOR...,0,185,0,0,85,0,1
3.7660,19059,Rest,HAZIRLANIYOR...,0,183,0,0,115,0,2
3.7660,19060,Rest,HAZIRLANIYOR...,0,176,0,0,138,0,6
3.7660,19061,Rest,HAZIRLANIYOR...,0,165,0,0,168,1,11
3.7660,19062,Rest,HAZIRLANIYOR...,0,155,0,0,198,3,6
3.7660,19063,Rest,HAZIRLANIYOR...,0,150,0,0,219,0,0
3.7660,19064,Rest,HAZIRLANIYOR...,0,152,0,0,227,0,0
3.7660,19065,Rest,HAZIRLANIYOR...,0,158,0,0,229,0,0
3.7661,19066,Rest,HAZIRLANIYOR...,0,164,0,0,229,0,0
3.7661,19067,Rest,HAZIRLANIYOR...,0,171,0,24,220,0,0
3.7661,19068,Rest,HAZIRLANIYOR...,0,181,0,50,199,0,0
3.7661,19069,Rest,HAZIRLANIYOR...,0,191,0,72,183,0,2
3.7661,19070,Rest,HAZIRLANIYOR...,0,198,2,92,186,0,2
3.7661,19071,Rest,HAZIRLANIYOR...,0,198,14,111,184,0,0
3.7661,19072,Rest,HAZIRLANIYOR...,0,192,26,128,144,0,0
3.7662,19073,Rest,HAZIRLANIYOR...,0,184,38,139,76,0,0
3.7662,19074,Rest,HAZIRLANIYOR...,0,182,47,146,16,4,0
3.7662,19075,Rest,HAZIRLANIYOR...,0,187,52,148,0,8,0
3.7662,19076,Rest,HAZIRLANIYOR...,0,193,54,147,0,4,0
3.7662,19077,Rest,HAZIRLANIYOR...,0,192,55,142,0,0,0
3.7662,19078,Rest,HAZIRLANIYOR...,0,189,54,134,0,0,1
3.7662,19079,Rest,HAZIRLANIYOR...,0,190,53,124,0,0,0
3.7662,19080,Rest,HAZIRLANIYOR...,0,190,48,112,0,0,0
3.7662,19081,Rest,HAZIRLANIYOR...,0,178,42,99,0,0,0
3.7663,19082,Rest,HAZIRLANIYOR...,0,152,33,86,0,0,0
3.7663,19083,Rest,HAZIRLANIYOR...,0,117,23,74,0,0,0
3.7663,19084,Rest,HAZIRLANIYOR...,0,74,11,59,0,1,0
3.7819,19085,Rest,HAZIRLANIYOR...,0,28,0,40,0,0,0
3.7820,19086,Rest,HAZIRLANIYOR...,0,0,0,16,0,0,0
3.7820,19087,Rest,HAZIRLANIYOR...,0,0,0,0,0,1,0
3.7820,19088,Rest,HAZIRLANIYOR...,0,0,0,0,0,1,0
3.7821,19089,Rest,HAZIRLANIYOR...,0,0,0,0,0,3,1
3.7821,19090,Rest,HAZIRLANIYOR...,0,0,0,0,0,8,9
3.7821,19091,Rest,HAZIRLANIYOR...,0,0,0,0,0,10,16
3.7821,19092,Rest,HAZIRLANIYOR...,0,0,0,0,17,6,15
3.7821,19093,Rest,HAZIRLANIYOR...,0,0,0,0,49,0,7
3.7821,19094,Rest,HAZIRLANIYOR...,0,0,0,0,88,0,0
3.7822,19095,Rest,HAZIRLANIYOR...,0,0,0,0,129,2,0
3.7822,19096,Rest,HAZIRLANIYOR...,0,0,0,0,163,3,0
3.7822,19097,Rest,HAZIRLANIYOR...,0,0,0,0,190,2,0
3.7822,19098,Rest,HAZIRLANIYOR...,0,0,0,0,211,1,0
3.7822,19099,Rest,HAZIRLANIYOR...,0,0,0,0,226,1,0
3.7822,19100,Rest,HAZIRLANIYOR...,0,0,0,0,233,1,0
3.7822,19101,Rest,HAZIRLANIYOR...,0,0,0,0,235,0,0
3.7823,19102,Rest,HAZIRLANIYOR...,0,0,0,0,226,0,0
3.7823,19103,Rest,HAZIRLANIYOR...,0,0,4,12,205,0,1
3.7823,19104,Rest,HAZIRLANIYOR...,0,0,16,27,184,1,9
3.7823,19105,Rest,HAZIRLANIYOR...,0,0,28,39,177,3,18
3.7823,19106,Rest,HAZIRLANIYOR...,0,0,39,48,176,7,17
3.7823,19107,Rest,HAZIRLANIYOR...,0,0,50,57,157,9,5
3.7823,19108,Rest,HAZIRLANIYOR...,0,19,62,65,113,3,0
3.7824,19109,Rest,HAZIRLANIYOR...,0,53,73,70,48,0,0
3.7824,19110,Rest,HAZIRLANIYOR...,0,79,83,69,0,0,0
3.7824,19111,Rest,HAZIRLANIYOR...,0,94,91,68,0,0,0
3.7824,19112,Rest,HAZIRLANIYOR...,0,99,94,65,0,0,0
3.7975,19113,Rest,HAZIRLANIYOR...,0,95,95,59,0,2,0
3.7976,19114,Rest,HAZIRLANIYOR...,0,80,94,52,0,4,0
3.7976,19115,Rest,HAZIRLANIYOR...,0,58,89,44,0,0,0
3.7976,19116,Rest,HAZIRLANIYOR...,0,29,81,36,0,0,0
3.7976,19117,Rest,HAZIRLANIYOR...,0,0,70,26,0,0,0
3.7977,19118,Rest,HAZIRLANIYOR...,0,0,57,13,0,0,0
3.7977,19119,Rest,HAZIRLANIYOR...,0,0,43,2,0,0,0
3.7977,19120,Rest,HAZIRLANIYOR...,0,0,27,0,0,0,3
3.7977,19121,Rest,HAZIRLANIYOR...,0,0,11,0,0,0,7
3.7977,19122,Rest,HAZIRLANIYOR...,0,0,0,0,0,0,0
3.7977,19123,Rest,HAZIRLANIYOR...,0,0,0,0,0,0,0
3.7977,19124,Rest,HAZIRLANIYOR...,0,0,0,0,0,1,0
3.7978,19125,Rest,HAZIRLANIYOR...,0,0,0,0,0,5,0
3.7978,19126,Rest,HAZIRLANIYOR...,0,0,0,0,0,8,0
3.7978,19127,Rest,HAZIRLANIYOR...,0,0,0,0,0,5,0
3.7978,19128,Rest,HAZIRLANIYOR...,0,0,0,0,41,0,0
3.7978,19129,Rest,HAZIRLANIYOR...,0,0,0,0,89,0,0
3.7978,19130,Rest,HAZIRLANIYOR...,0,0,0,0,127,0,1
3.7978,19131,Rest,HAZIRLANIYOR...,0,0,0,0,154,1,1
3.7978,19132,Rest,HAZIRLANIYOR...,0,0,0,0,177,1,1
3.7979,19133,Rest,HAZIRLANIYOR...,0,0,0,0,202,1,1
3.7979,19134,Rest,HAZIRLANIYOR...,0,7,0,0,224,6,1
3.7979,19135,Rest,HAZIRLANIYOR...,0,52,0,0,235,10,2
3.7979,19136,Rest,HAZIRLANIYOR...,0,93,0,0,233,8,8
3.7979,19137,Rest,HAZIRLANIYOR...,0,124,0,0,221,2,13
3.7979,19138,Rest,HAZIRLANIYOR...,0,142,0,0,201,0,6
3.7979,19139,Rest,HAZIRLANIYOR...,0,147,0,0,185,0,0
3.7982,19140,Rest,HAZIRLANIYOR...,0,144,0,0,178,0,1
3.8133,19141,Rest,HAZIRLANIYOR...,0,138,10,0,173,0,12
3.8134,19142,Rest,HAZIRLANIYOR...,0,129,32,0,151,0,8
3.8134,19143,Rest,HAZIRLANIYOR...,0,116,52,0,110,0,0
3.8134,19144,Rest,HAZIRLANIYOR...,0,99,71,0,56,0,0
3.8134,19145,Rest,HAZIRLANIYOR...,0,77,89,0,0,0,0
3.8134,19146,Rest,HAZIRLANIYOR...,0,55,103,0,0,0,0
3.8135,19147,Rest,HAZIRLANIYOR...,0,35,109,0,0,0,0
3.8135,19148,Rest,HAZIRLANIYOR...,0,19,111,1,0,0,0
3.8135,19149,Rest,HAZIRLANIYOR...,0,4,112,8,0,0,2
3.8135,19150,Rest,HAZIRLANIYOR...,0,0,111,12,0,0,5
3.8135,19151,Rest,HAZIRLANIYOR...,0,0,105,14,0,0,3
3.8135,19152,Rest,HAZIRLANIYOR...,0,0,98,19,0,0,4
3.8135,19153,Rest,HAZIRLANIYOR...,0,0,89,25,0,0,7
3.8136,19154,Rest,HAZIRLANIYOR...,0,0,80,35,0,6,3
3.8136,19155,Rest,HAZIRLANIYOR...,0,0,69,45,0,10,0
3.8136,19156,Rest,HAZIRLANIYOR...,0,0,56,55,0,5,0
3.8136,19157,Rest,HAZIRLANIYOR...,0,0,41,64,0,0,4
3.8136,19158,Rest,HAZIRLANIYOR...,0,0,26,70,0,0,0
3.8136,19159,Rest,HAZIRLANIYOR...,0,0,11,75,0,3,0
3.8136,19160,Rest,HAZIRLANIYOR...,0,0,0,79,0,0,0
3.8136,19161,Rest,HAZIRLANIYOR...,0,0,0,82,0,0,7
3.8136,19162,Rest,HAZIRLANIYOR...,0,0,0,85,0,0,2
3.8136,19163,Rest,HAZIRLANIYOR...,0,0,0,88,39,0,0
3.8137,19164,Rest,HAZIRLANIYOR...,0,0,0,90,88,2,0
3.8137,19165,Rest,HAZIRLANIYOR...,0,0,0,91,132,1,0
3.8137,19166,Rest,HAZIRLANIYOR...,0,0,0,88,169,0,0
3.8137,19167,Rest,HAZIRLANIYOR...,0,0,0,83,201,0,0
3.8138,19168,Rest,HAZIRLANIYOR...,0,0,0,77,226,2,0
3.8290,19169,Rest,HAZIRLANIYOR...,0,0,0,69,240,6,0
3.8291,19170,Rest,HAZIRLANIYOR...,0,0,0,61,249,8,0
3.8291,19171,Rest,HAZIRLANIYOR...,0,0,0,53,254,6,0
3.8292,19172,Rest,HAZIRLANIYOR...,0,29,0,43,244,4,0
3.8292,19173,Rest,HAZIRLANIYOR...,0,82,0,33,221,1,7
3.8292,19174,Rest,HAZIRLANIYOR...,0,131,1,29,202,0,12
3.8292,19175,Rest,HAZIRLANIYOR...,0,181,6,33,195,0,4
3.8292,19176,Rest,HAZIRLANIYOR...,0,232,14,42,194,0,0
3.8292,19177,Rest,HAZIRLANIYOR...,0,278,31,48,186,1,0
3.8293,19178,Rest,HAZIRLANIYOR...,0,318,47,51,157,6,0
3.8293,19179,Rest,HAZIRLANIYOR...,0,352,57,53,104,7,0
3.8293,19180,Rest,HAZIRLANIYOR...,0,382,63,55,39,0,0
3.8293,19181,Rest,HAZIRLANIYOR...,0,408,69,56,0,0,0
3.8293,19182,Rest,HAZIRLANIYOR...,0,428,73,51,0,0,1
3.8293,19183,Rest,HAZIRLANIYOR...,0,444,74,41,0,0,1
3.8294,19184,Rest,HAZIRLANIYOR...,0,460,72,29,0,1,0
3.8294,19185,Rest,HAZIRLANIYOR...,0,475,68,17,0,4,0
3.8294,19186,Rest,HAZIRLANIYOR...,0,482,61,5,0,5,0
3.8294,19187,Rest,HAZIRLANIYOR...,0,483,52,0,0,0,3
3.8294,19188,Rest,HAZIRLANIYOR...,0,481,41,0,0,0,2
3.8294,19189,Rest,HAZIRLANIYOR...,0,478,28,0,0,0,0
3.8294,19190,Rest,HAZIRLANIYOR...,0,473,12,0,0,0,1
3.8294,19191,Rest,HAZIRLANIYOR...,0,468,0,0,0,0,2
3.8294,19192,Rest,HAZIRLANIYOR...,0,466,0,0,0,0,2
3.8295,19193,Rest,HAZIRLANIYOR...,0,466,0,0,0,0,2
3.8295,19194,Rest,HAZIRLANIYOR...,0,463,0,0,0,0,2
3.8295,19195,Rest,HAZIRLANIYOR...,0,454,0,0,0,0,2
3.8296,19196,Rest,HAZIRLANIYOR...,0,436,0,0,0,0,1
3.8450,19197,Rest,HAZIRLANIYOR...,0,410,0,0,0,1,1
3.8452,19198,Rest,HAZIRLANIYOR...,0,378,0,0,0,2,1
3.8452,19199,Rest,HAZIRLANIYOR...,0,341,0,0,30,3,1
3.8453,19200,Rest,HAZIRLANIYOR...,0,302,0,0,74,3,1
3.8453,19201,Rest,HAZIRLANIYOR...,0,261,0,0,110,3,0
3.8453,19202,Rest,HAZIRLANIYOR...,0,222,0,0,143,3,0
3.8453,19203,Rest,HAZIRLANIYOR...,0,189,0,0,176,4,0
3.8454,19204,Rest,HAZIRLANIYOR...,0,160,0,0,205,3,0
3.8454,19205,Rest,HAZIRLANIYOR...,0,131,0,0,222,1,0
3.8454,19206,Rest,HAZIRLANIYOR...,0,101,0,0,227,1,0
3.8454,19207,Rest,HAZIRLANIYOR...,0,73,0,0,224,1,0
3.8454,19208,Rest,HAZIRLANIYOR...,0,44,0,0,213,2,0
3.8454,19209,Rest,HAZIRLANIYOR...,0,12,0,0,198,2,0
3.8454,19210,Rest,HAZIRLANIYOR...,0,0,19,0,186,2,2
3.8455,19211,Rest,HAZIRLANIYOR...,0,0,36,0,180,1,2
3.8455,19212,Rest,HAZIRLANIYOR...,0,0,53,0,173,1,1
3.8456,19213,Rest,HAZIRLANIYOR...,0,0,69,4,155,1,6
3.8456,19214,Rest,HAZIRLANIYOR...,0,0,80,25,121,0,11
3.8456,19215,Rest,HAZIRLANIYOR...,0,0,87,49,74,0,6
3.8456,19216,Rest,HAZIRLANIYOR...,0,0,92,72,18,0,0
3.8456,19217,Rest,HAZIRLANIYOR...,0,0,99,92,0,0,0
3.8458,19218,Rest,HAZIRLANIYOR...,0,0,104,107,0,0,0
3.8459,19219,Rest,HAZIRLANIYOR...,0,0,105,116,0,0,0
3.8459,19220,Rest,HAZIRLANIYOR...,0,0,103,120,0,0,0
3.8459,19221,Rest,HAZIRLANIYOR...,0,0,99,118,0,0,3
3.8459,19222,Rest,HAZIRLANIYOR...,0,0,94,111,0,0,10
3.8459,19223,Rest,HAZIRLANIYOR...,0,0,87,100,0,0,8
3.8461,19224,Rest,HAZIRLANIYOR...,0,0,78,86,0,0,0
3.8461,19225,Rest,HAZIRLANIYOR...,0,0,66,70,0,0,0
3.8606,19226,Rest,HAZIRLANIYOR...,0,0,53,51,0,0,0
3.8607,19227,Rest,HAZIRLANIYOR...,0,0,39,32,0,1,0
3.8608,19228,Rest,HAZIRLANIYOR...,0,0,25,18,0,1,0
3.8608,19229,Rest,HAZIRLANIYOR...,0,0,11,8,0,0,10
3.8609,19230,Rest,HAZIRLANIYOR...,0,0,0,0,0,0,13
3.8609,19231,Rest,HAZIRLANIYOR...,0,0,0,0,0,0,4
3.8609,19232,Rest,HAZIRLANIYOR...,0,0,0,0,0,0,0
3.8609,19233,Rest,HAZIRLANIYOR...,0,0,0,0,0,0,0
3.8610,19234,Rest,HAZIRLANIYOR...,0,0,0,0,13,0,0
3.8610,19235,Rest,HAZIRLANIYOR...,0,0,0,0,66,1,0
3.8610,19236,Rest,HAZIRLANIYOR...,0,0,0,0,118,1,0
3.8611,19237,Rest,HAZIRLANIYOR...,0,0,0,0,155,2,0
3.8611,19238,Rest,HAZIRLANIYOR...,0,0,0,0,181,8,0
3.8611,19239,Rest,HAZIRLANIYOR...,0,0,0,0,205,11,0
3.8611,19240,Rest,HAZIRLANIYOR...,0,0,0,0,227,5,0
3.8611,19241,Rest,HAZIRLANIYOR...,0,0,0,0,241,0,0
3.8611,19242,Rest,HAZIRLANIYOR...,0,0,0,0,244,0,0
3.8612,19243,Rest,HAZIRLANIYOR...,0,0,0,0,235,0,0
3.8612,19244,Rest,HAZIRLANIYOR...,0,0,0,0,220,0,0
3.8612,19245,Rest,HAZIRLANIYOR...,0,0,0,8,204,0,2
3.8612,19246,Rest,HAZIRLANIYOR...,0,0,2,18,197,0,2
3.8612,19247,Rest,HAZIRLANIYOR...,0,0,12,29,201,0,0
3.8612,19248,Rest,HAZIRLANIYOR...,0,0,22,40,195,0,0
3.8612,19249,Rest,HAZIRLANIYOR...,0,0,33,50,157,0,5
3.8612,19250,Rest,HAZIRLANIYOR...,0,0,43,58,94,5,8
3.8612,19251,Rest,HAZIRLANIYOR...,0,24,53,64,33,12,1
3.8614,19252,Rest,HAZIRLANIYOR...,0,59,60,68,0,9,0
3.8759,19253,Rest,HAZIRLANIYOR...,0,92,66,72,0,0,0
3.8760,19254,Rest,HAZIRLANIYOR...,0,117,71,73,0,0,0
3.8760,19255,Rest,HAZIRLANIYOR...,0,133,73,73,0,0,1
3.8760,19256,Rest,HAZIRLANIYOR...,0,144,72,72,0,0,1
3.8760,19257,Rest,HAZIRLANIYOR...,0,152,67,70,0,0,2
3.8760,19258,Rest,HAZIRLANIYOR...,0,151,59,65,0,0,0
3.8760,19259,Rest,HAZIRLANIYOR...,0,138,50,60,0,0,0
3.8761,19260,Rest,HAZIRLANIYOR...,0,116,40,54,0,0,0
3.8761,19261,Rest,HAZIRLANIYOR...,0,93,26,46,0,0,0
3.8761,19262,Rest,HAZIRLANIYOR...,0,70,11,34,0,0,0
3.8761,19263,Rest,HAZIRLANIYOR...,0,49,0,20,0,0,0
3.8761,19264,Rest,HAZIRLANIYOR...,0,29,0,5,0,0,0
3.8761,19265,Rest,HAZIRLANIYOR...,0,14,0,0,0,0,2
3.8762,19266,Rest,HAZIRLANIYOR...,0,5,0,0,0,0,1
3.8762,19267,Rest,HAZIRLANIYOR...,0,4,0,0,0,1,0
3.8762,19268,Rest,HAZIRLANIYOR...,0,8,0,0,0,4,0
3.8762,19269,Rest,HAZIRLANIYOR...,0,18,0,0,0,8,0
3.8762,19270,Rest,HAZIRLANIYOR...,0,37,0,0,41,6,1
3.8762,19271,Rest,HAZIRLANIYOR...,0,67,0,0,92,0,2
3.8762,19272,Rest,HAZIRLANIYOR...,0,105,0,0,133,0,2
3.8762,19273,Rest,HAZIRLANIYOR...,0,144,0,0,157,0,2
3.8763,19274,Rest,HAZIRLANIYOR...,0,181,0,0,176,3,2
3.8763,19275,Rest,HAZIRLANIYOR...,0,220,0,0,200,4,1
3.8763,19276,Rest,HAZIRLANIYOR...,0,268,0,0,224,4,0
3.8763,19277,Rest,HAZIRLANIYOR...,0,319,0,0,234,8,0
3.8763,19278,Rest,HAZIRLANIYOR...,0,364,0,0,231,12,0
3.8765,19279,Rest,HAZIRLANIYOR...,0,400,0,0,221,7,3
3.8912,19280,Rest,HAZIRLANIYOR...,0,432,0,0,206,2,2
3.8913,19281,Rest,HAZIRLANIYOR...,0,459,0,0,192,3,2
3.8913,19282,Rest,HAZIRLANIYOR...,0,481,12,3,185,2,2
3.8913,19283,Rest,HAZIRLANIYOR...,0,497,29,16,184,0,3
3.8914,19284,Rest,HAZIRLANIYOR...,0,507,44,29,167,0,4
3.8914,19285,Rest,HAZIRLANIYOR...,0,512,57,40,124,3,6
3.8914,19286,Rest,HAZIRLANIYOR...,0,513,69,50,60,4,8
3.8914,19287,Rest,HAZIRLANIYOR...,0,509,77,58,0,0,3
3.8914,19288,Rest,HAZIRLANIYOR...,0,502,82,65,0,0,0
3.8914,19289,Rest,HAZIRLANIYOR...,0,493,84,68,0,0,0
3.8915,19290,Rest,HAZIRLANIYOR...,0,479,86,69,0,0,0
3.8915,19291,Rest,HAZIRLANIYOR...,0,455,85,68,0,0,0
3.8915,19292,Rest,HAZIRLANIYOR...,0,424,82,64,0,0,0
3.8915,19293,Rest,HAZIRLANIYOR...,0,388,75,59,0,0,0
3.8915,19294,Rest,HAZIRLANIYOR...,0,348,66,55,0,0,0
3.8915,19295,Rest,HAZIRLANIYOR...,0,303,58,47,0,0,0
3.8915,19296,Rest,HAZIRLANIYOR...,0,249,47,38,0,0,0
3.8915,19297,Rest,HAZIRLANIYOR...,0,186,35,27,0,0,1
3.8916,19298,Rest,HAZIRLANIYOR...,0,120,22,19,0,0,7
3.8916,19299,Rest,HAZIRLANIYOR...,0,58,9,12,0,0,10
3.8916,19300,Rest,HAZIRLANIYOR...,0,3,0,5,0,0,2
3.8916,19301,Rest,HAZIRLANIYOR...,0,0,0,0,0,0,0
3.8916,19302,Rest,HAZIRLANIYOR...,0,0,0,0,0,2,0
3.8916,19303,Rest,HAZIRLANIYOR...,0,0,0,0,0,4,0
3.8917,19304,Rest,HAZIRLANIYOR...,0,0,0,0,0,4,0
3.8917,19305,Rest,HAZIRLANIYOR...,0,0,0,0,34,5,0
3.8918,19306,Rest,HAZIRLANIYOR...,0,0,0,0,72,6,0
3.9073,19307,Rest,HAZIRLANIYOR...,0,0,0,0,109,6,0
3.9074,19308,Rest,HAZIRLANIYOR...,0,0,0,0,146,5,0
3.9075,19309,Rest,HAZIRLANIYOR...,0,0,0,0,180,7,0
3.9075,19310,Rest,HAZIRLANIYOR...,0,0,0,0,207,8,4
3.9075,19311,Rest,HAZIRLANIYOR...,0,0,0,0,228,5,11
3.9075,19312,Rest,HAZIRLANIYOR...,0,0,0,0,239,1,7
3.9075,19313,Rest,HAZIRLANIYOR...,0,0,0,0,241,0,0
3.9075,19314,Rest,HAZIRLANIYOR...,0,0,0,0,233,0,0
3.9075,19315,Rest,HAZIRLANIYOR...,0,0,0,0,219,0,5
3.9076,19316,Rest,HAZIRLANIYOR...,0,0,0,2,209,0,2
3.9076,19317,Rest,HAZIRLANIYOR...,0,0,0,14,205,0,0
3.9076,19318,Rest,HAZIRLANIYOR...,0,0,0,23,198,0,0
3.9076,19319,Rest,HAZIRLANIYOR...,0,0,15,30,178,0,0
3.9076,19320,Rest,HAZIRLANIYOR...,0,0,29,37,143,0,0
3.9076,19321,Rest,HAZIRLANIYOR...,0,0,43,44,94,0,0
3.9076,19322,Rest,HAZIRLANIYOR...,0,0,54,49,37,0,0
3.9076,19323,Rest,HAZIRLANIYOR...,0,0,62,51,0,0,0
3.9077,19324,Rest,HAZIRLANIYOR...,0,0,66,52,0,0,0
3.9077,19325,Rest,HAZIRLANIYOR...,0,0,69,51,0,0,0
3.9077,19326,Rest,HAZIRLANIYOR...,0,0,71,46,0,0,0
3.9077,19327,Rest,HAZIRLANIYOR...,0,0,71,37,0,0,0
3.9077,19328,Rest,HAZIRLANIYOR...,0,0,66,26,0,0,0
3.9077,19329,Rest,HAZIRLANIYOR...,0,0,58,14,0,0,0
3.9077,19330,Rest,HAZIRLANIYOR...,0,0,50,3,0,0,0
3.9077,19331,Rest,HAZIRLANIYOR...,0,0,41,0,0,1,0
3.9078,19332,Rest,HAZIRLANIYOR...,0,0,30,0,0,3,0
3.9078,19333,Rest,HAZIRLANIYOR...,0,0,17,0,0,5,0
3.9079,19334,Rest,HAZIRLANIYOR...,0,0,2,0,0,3,2
3.9079,19335,Rest,HAZIRLANIYOR...,0,0,0,0,0,0,7
3.9222,19336,Rest,HAZIRLANIYOR...,0,0,0,0,0,0,7
3.9223,19337,Rest,HAZIRLANIYOR...,0,0,0,0,0,1,0
3.9223,19338,Rest,HAZIRLANIYOR...,0,0,0,0,0,3,0
3.9223,19339,Rest,HAZIRLANIYOR...,0,0,0,0,0,3,0
3.9223,19340,Rest,HAZIRLANIYOR...,0,0,0,0,0,5,0
3.9223,19341,Rest,HAZIRLANIYOR...,0,0,0,0,51,6,1
3.9224,19342,Rest,HAZIRLANIYOR...,0,0,0,0,94,3,0
3.9224,19343,Rest,HAZIRLANIYOR...,0,0,0,0,129,0,0
3.9224,19344,Rest,HAZIRLANIYOR...,0,0,0,0,161,0,2
3.9224,19345,Rest,HAZIRLANIYOR...,0,0,0,0,192,0,3
3.9224,19346,Rest,HAZIRLANIYOR...,0,29,0,0,217,1,1
3.9224,19347,Rest,HAZIRLANIYOR...,0,57,0,0,232,0,0
3.9225,19348,Rest,HAZIRLANIYOR...,0,84,0,0,240,0,0
3.9225,19349,Rest,HAZIRLANIYOR...,0,107,0,0,244,0,0
3.9225,19350,Rest,HAZIRLANIYOR...,0,124,0,0,237,0,5
3.9225,19351,Rest,HAZIRLANIYOR...,0,135,0,0,210,0,6
3.9225,19352,Rest,HAZIRLANIYOR...,0,146,6,1,181,0,4
3.9225,19353,Rest,HAZIRLANIYOR...,0,155,29,13,171,0,4
3.9225,19354,Rest,HAZIRLANIYOR...,0,161,52,27,173,0,8
3.9226,19355,Rest,HAZIRLANIYOR...,0,163,75,41,159,0,10
3.9226,19356,Rest,HAZIRLANIYOR...,0,161,98,54,118,0,4
3.9226,19357,Rest,HAZIRLANIYOR...,0,157,117,65,61,0,0
3.9226,19358,Rest,HAZIRLANIYOR...,0,150,131,77,5,0,0
3.9226,19359,Rest,HAZIRLANIYOR...,0,143,139,94,0,0,0
3.9226,19360,Rest,HAZIRLANIYOR...,0,134,142,111,0,0,1
3.9227,19361,Rest,HAZIRLANIYOR...,0,124,139,125,0,0,0
3.9375,19362,Rest,HAZIRLANIYOR...,0,112,132,133,0,2,0
3.9376,19363,Rest,HAZIRLANIYOR...,0,99,124,140,0,7,4
3.9376,19364,Rest,HAZIRLANIYOR...,0,83,111,145,0,2,11
3.9377,19365,Rest,HAZIRLANIYOR...,0,66,94,146,0,0,5
3.9377,19366,Rest,HAZIRLANIYOR...,0,49,74,141,0,0,0
3.9377,19367,Rest,HAZIRLANIYOR...,0,33,54,130,0,0,0
3.9377,19368,Rest,HAZIRLANIYOR...,0,20,36,113,0,0,0
3.9377,19369,Rest,HAZIRLANIYOR...,0,12,17,93,0,1,0
3.9378,19370,Rest,HAZIRLANIYOR...,0,9,0,72,0,0,0
3.9378,19371,Rest,HAZIRLANIYOR...,0,7,0,53,0,0,0
3.9378,19372,Rest,HAZIRLANIYOR...,0,7,0,34,0,0,0
3.9379,19373,Rest,HAZIRLANIYOR...,0,9,0,15,0,3,0
3.9379,19374,Rest,HAZIRLANIYOR...,0,16,0,0,0,8,0
3.9379,19375,Rest,HAZIRLANIYOR...,0,24,0,0,0,12,0
3.9379,19376,Rest,HAZIRLANIYOR...,0,33,0,0,44,7,0
3.9379,19377,Rest,HAZIRLANIYOR...,0,41,0,0,87,0,0
3.9379,19378,Rest,HAZIRLANIYOR...,0,51,0,0,124,0,3
3.9379,19379,Rest,HAZIRLANIYOR...,0,61,0,0,159,0,10
3.9379,19380,Rest,HAZIRLANIYOR...,0,72,0,0,189,1,14
3.9379,19381,Rest,HAZIRLANIYOR...,0,86,0,0,212,0,5
3.9380,19382,Rest,HAZIRLANIYOR...,0,101,0,0,231,0,0
3.9380,19383,Rest,HAZIRLANIYOR...,0,115,0,0,248,0,0
3.9380,19384,Rest,HAZIRLANIYOR...,0,125,0,0,254,0,6
3.9380,19385,Rest,HAZIRLANIYOR...,0,133,0,0,238,1,13
3.9380,19386,Rest,HAZIRLANIYOR...,0,140,0,0,209,5,5
3.9380,19387,Rest,HAZIRLANIYOR...,0,144,0,0,189,7,0
3.9381,19388,Rest,HAZIRLANIYOR...,0,145,0,0,185,0,0
3.9536,19389,Rest,HAZIRLANIYOR...,0,145,0,0,185,0,0
3.9537,19390,Rest,HAZIRLANIYOR...,0,145,6,0,169,0,0
3.9537,19391,Rest,HAZIRLANIYOR...,0,147,14,0,129,0,0
3.9537,19392,Rest,HAZIRLANIYOR...,0,149,21,0,73,0,0
3.9538,19393,Rest,HAZIRLANIYOR...,0,147,27,2,14,0,0
3.9538,19394,Rest,HAZIRLANIYOR...,0,137,32,9,0,3,0
3.9538,19395,Rest,HAZIRLANIYOR...,0,123,37,11,0,7,0
3.9538,19396,Rest,HAZIRLANIYOR...,0,106,39,8,0,0,8
3.9539,19397,Rest,HAZIRLANIYOR...,0,85,39,4,0,0,4
3.9539,19398,Rest,HAZIRLANIYOR...,0,58,37,0,0,0,0
3.9539,19399,Rest,HAZIRLANIYOR...,0,26,35,0,0,0,0
3.9539,19400,Rest,HAZIRLANIYOR...,0,0,32,0,0,0,0
3.9539,19401,Rest,HAZIRLANIYOR...,0,0,26,0,0,0,0
3.9539,19402,Rest,HAZIRLANIYOR...,0,0,17,0,0,0,0
3.9539,19403,Rest,HAZIRLANIYOR...,0,0,5,0,0,2,6
3.9539,19404,Rest,HAZIRLANIYOR...,0,0,0,0,0,4,11
3.9539,19405,Rest,HAZIRLANIYOR...,0,0,0,0,0,2,4
3.9540,19406,Rest,HAZIRLANIYOR...,0,0,0,0,0,0,0
3.9540,19407,Rest,HAZIRLANIYOR...,0,0,0,0,0,1,0
3.9540,19408,Rest,HAZIRLANIYOR...,0,0,0,0,0,3,6
3.9540,19409,Rest,HAZIRLANIYOR...,0,0,0,0,0,2,2
3.9540,19410,Rest,HAZIRLANIYOR...,0,0,0,0,0,1,0
3.9540,19411,Rest,HAZIRLANIYOR...,0,0,0,0,9,3,0
3.9540,19412,Rest,HAZIRLANIYOR...,0,0,0,0,58,4,1
3.9541,19413,Rest,HAZIRLANIYOR...,0,0,0,0,92,5,7
3.9541,19414,Rest,HAZIRLANIYOR...,0,0,0,0,118,4,2
3.9541,19415,Rest,HAZIRLANIYOR...,0,0,0,0,150,4,0
3.9541,19416,Rest,HAZIRLANIYOR...,0,0,0,0,184,3,0
3.9542,19417,Rest,HAZIRLANIYOR...,0,0,0,0,211,2,0
3.9689,19418,Rest,HAZIRLANIYOR...,0,0,0,0,228,1,0
3.9690,19419,Rest,HAZIRLANIYOR...,0,0,0,0,236,1,0
3.9690,19420,Rest,HAZIRLANIYOR...,0,13,0,1,237,1,0
3.9690,19421,Rest,HAZIRLANIYOR...,0,21,0,27,231,0,0
3.9690,19422,Rest,HAZIRLANIYOR...,0,26,9,51,219,0,2
3.9690,19423,Rest,HAZIRLANIYOR...,0,32,32,71,204,0,3
3.9691,19424,Rest,HAZIRLANIYOR...,0,42,56,88,194,1,3
3.9691,19425,Rest,HAZIRLANIYOR...,0,53,83,102,188,7,3
3.9691,19426,Rest,HAZIRLANIYOR...,0,62,109,114,168,8,2
3.9693,19427,Rest,HAZIRLANIYOR...,0,67,133,123,125,1,1
3.9693,19428,Rest,HAZIRLANIYOR...,0,71,156,131,71,0,0
3.9693,19429,Rest,HAZIRLANIYOR...,0,76,177,134,17,0,1
3.9693,19430,Rest,HAZIRLANIYOR...,0,80,195,132,0,0,8
3.9693,19431,Rest,HAZIRLANIYOR...,0,80,203,126,0,0,15
3.9694,19432,Rest,HAZIRLANIYOR...,0,74,200,120,0,0,13
3.9694,19433,Rest,HAZIRLANIYOR...,0,66,189,113,0,0,5
3.9694,19434,Rest,HAZIRLANIYOR...,0,58,171,103,0,0,0
3.9694,19435,Rest,HAZIRLANIYOR...,0,52,148,90,0,0,0
3.9694,19436,Rest,HAZIRLANIYOR...,0,48,124,76,0,0,0
3.9694,19437,Rest,HAZIRLANIYOR...,0,44,100,62,0,0,0
3.9694,19438,Rest,HAZIRLANIYOR...,0,40,74,46,0,0,0
3.9695,19439,Rest,HAZIRLANIYOR...,0,38,47,30,0,1,0
3.9695,19440,Rest,HAZIRLANIYOR...,0,39,20,13,0,5,2
3.9695,19441,Rest,HAZIRLANIYOR...,0,38,0,0,0,8,3
3.9695,19442,Rest,HAZIRLANIYOR...,0,32,0,0,0,2,0
3.9695,19443,Rest,HAZIRLANIYOR...,0,21,0,0,0,0,0
3.9696,19444,Rest,HAZIRLANIYOR...,0,11,0,0,0,0,0
3.9846,19445,Rest,HAZIRLANIYOR...,0,0,0,0,0,0,0
3.9847,19446,Rest,HAZIRLANIYOR...,0,0,0,0,0,0,0
3.9847,19447,Rest,HAZIRLANIYOR...,0,0,0,0,36,0,0
3.9847,19448,Rest,HAZIRLANIYOR...,0,0,0,0,78,0,1
3.9847,19449,Rest,HAZIRLANIYOR...,0,0,0,0,115,0,4
3.9847,19450,Rest,HAZIRLANIYOR...,0,0,0,0,152,1,6
3.9848,19451,Rest,HAZIRLANIYOR...,0,0,0,0,186,0,2
3.9848,19452,Rest,HAZIRLANIYOR...,0,0,0,0,212,1,0
3.9848,19453,Rest,HAZIRLANIYOR...,0,0,0,0,231,6,0
3.9848,19454,Rest,HAZIRLANIYOR...,0,0,0,0,242,10,0
3.9848,19455,Rest,HAZIRLANIYOR...,0,0,0,0,244,4,1
3.9848,19456,Rest,HAZIRLANIYOR...,0,3,0,0,235,0,2
3.9848,19457,Rest,HAZIRLANIYOR...,0,16,0,0,219,0,4
3.9848,19458,Rest,HAZIRLANIYOR...,0,27,0,0,205,0,7
3.9849,19459,Rest,HAZIRLANIYOR...,0,34,0,9,200,0,7
3.9849,19460,Rest,HAZIRLANIYOR...,0,37,0,21,196,0,3
3.9849,19461,Rest,HAZIRLANIYOR...,0,38,13,34,177,0,0
3.9849,19462,Rest,HAZIRLANIYOR...,0,37,39,49,138,0,0
3.9849,19463,Rest,HAZIRLANIYOR...,0,32,62,65,85,1,0
3.9849,19464,Rest,HAZIRLANIYOR...,0,24,80,78,29,6,0
3.9849,19465,Rest,HAZIRLANIYOR...,0,14,93,86,0,1,0
3.9850,19466,Rest,HAZIRLANIYOR...,0,0,103,88,0,0,0
3.9850,19467,Rest,HAZIRLANIYOR...,0,0,111,86,0,0,0
3.9850,19468,Rest,HAZIRLANIYOR...,0,0,116,80,0,0,0
3.9850,19469,Rest,HAZIRLANIYOR...,0,0,122,70,0,0,0
3.9850,19470,Rest,HAZIRLANIYOR...,0,0,125,59,0,0,0
3.9851,19471,Rest,HAZIRLANIYOR...,0,0,123,47,0,0,1
3.9851,19472,Rest,HAZIRLANIYOR...,0,0,114,34,0,2,0
4.0005,19473,Rest,HAZIRLANIYOR...,0,0,102,22,0,3,0
4.0006,19474,Rest,HAZIRLANIYOR...,0,0,87,12,0,0,0
4.0007,19475,Rest,HAZIRLANIYOR...,0,0,71,1,0,0,2
4.0007,19476,Rest,HAZIRLANIYOR...,0,0,52,0,0,0,3
4.0007,19477,Rest,HAZIRLANIYOR...,0,0,34,0,0,4,3
4.0008,19478,Rest,HAZIRLANIYOR...,0,0,15,0,0,7,2
4.0009,19479,Rest,HAZIRLANIYOR...,0,0,0,0,0,0,0
4.0009,19480,Rest,HAZIRLANIYOR...,0,0,0,0,0,0,0
4.0009,19481,Rest,HAZIRLANIYOR...,0,0,0,0,0,0,0
4.0009,19482,Rest,HAZIRLANIYOR...,0,0,0,0,2,0,0
4.0010,19483,Rest,HAZIRLANIYOR...,0,0,0,0,53,0,0
4.0010,19484,Rest,HAZIRLANIYOR...,0,0,0,0,95,0,0
4.0010,19485,Rest,HAZIRLANIYOR...,0,0,0,0,130,0,0
4.0010,19486,Rest,HAZIRLANIYOR...,0,0,0,0,163,3,0
4.0010,19487,Rest,HAZIRLANIYOR...,0,0,0,0,193,5,0
4.0010,19488,Rest,HAZIRLANIYOR...,0,0,0,0,218,6,0
4.0011,19489,Rest,HAZIRLANIYOR...,0,0,0,0,235,11,0
4.0011,19490,Rest,HAZIRLANIYOR...,0,0,0,0,245,14,0
4.0011,19491,Rest,HAZIRLANIYOR...,0,0,0,0,244,5,2
4.0011,19492,Rest,HAZIRLANIYOR...,0,0,0,0,224,0,7
4.0012,19493,Rest,HAZIRLANIYOR...,0,0,0,0,197,0,8
4.0012,19494,Rest,HAZIRLANIYOR...,0,0,0,0,185,0,4
4.0012,19495,Rest,HAZIRLANIYOR...,0,0,0,7,187,3,0
4.0012,19496,Rest,HAZIRLANIYOR...,0,0,0,19,183,0,0
4.0012,19497,Rest,HAZIRLANIYOR...,0,0,0,28,154,0,0
4.0012,19498,Rest,HAZIRLANIYOR...,0,0,0,36,102,0,0
4.0012,19499,Rest,HAZIRLANIYOR...,0,0,11,48,43,0,0
4.0013,19500,Rest,HAZIRLANIYOR...,0,0,25,59,0,0,0
4.0014,19501,Rest,HAZIRLANIYOR...,0,0,38,65,0,0,4
4.0158,19502,Rest,HAZIRLANIYOR...,0,0,48,68,0,0,3
4.0158,19503,Rest,HAZIRLANIYOR...,0,0,58,70,0,0,0
4.0159,19504,Rest,HAZIRLANIYOR...,0,0,70,70,0,0,0
4.0159,19505,Rest,HAZIRLANIYOR...,0,0,80,68,0,0,0
4.0159,19506,Rest,HAZIRLANIYOR...,0,0,85,66,0,0,2
4.0159,19507,Rest,HAZIRLANIYOR...,0,0,93,64,0,0,3
4.0159,19508,Rest,HAZIRLANIYOR...,0,0,111,58,0,0,1
4.0159,19509,Rest,HAZIRLANIYOR...,0,0,137,45,0,1,0
4.0159,19510,Rest,HAZIRLANIYOR...,0,0,165,27,0,1,1
4.0160,19511,Rest,HAZIRLANIYOR...,0,0,186,9,0,1,1
4.0160,19512,Rest,HAZIRLANIYOR...,0,0,191,0,0,2,0
4.0160,19513,Rest,HAZIRLANIYOR...,0,0,178,0,0,6,0
4.0160,19514,Rest,HAZIRLANIYOR...,0,0,151,0,0,8,5
4.0160,19515,Rest,HAZIRLANIYOR...,0,0,113,0,0,4,10
4.0160,19516,Rest,HAZIRLANIYOR...,0,0,69,0,0,0,4
4.0160,19517,Rest,HAZIRLANIYOR...,0,0,24,0,0,0,0
4.0161,19518,Rest,HAZIRLANIYOR...,0,0,0,0,45,0,0
4.0161,19519,Rest,HAZIRLANIYOR...,0,0,0,0,87,0,0
4.0161,19520,Rest,HAZIRLANIYOR...,0,0,0,0,125,0,0
4.0161,19521,Rest,HAZIRLANIYOR...,0,0,0,0,159,0,0
4.0161,19522,Rest,HAZIRLANIYOR...,0,0,0,0,191,0,0
4.0161,19523,Rest,HAZIRLANIYOR...,0,0,0,0,220,0,0
4.0162,19524,Rest,HAZIRLANIYOR...,0,0,0,0,239,0,1
4.0162,19525,Rest,HAZIRLANIYOR...,0,22,0,0,248,0,1
4.0162,19526,Rest,HAZIRLANIYOR...,0,65,0,0,245,0,0
4.0163,19527,Rest,HAZIRLANIYOR...,0,107,0,0,234,2,0
4.0310,19528,Rest,HAZIRLANIYOR...,0,146,0,0,218,2,0
4.0311,19529,Rest,HAZIRLANIYOR...,0,180,0,0,203,1,0
4.0312,19530,Rest,HAZIRLANIYOR...,0,212,0,0,196,1,0
4.0312,19531,Rest,HAZIRLANIYOR...,0,240,0,0,195,1,5
4.0313,19532,Rest,HAZIRLANIYOR...,0,264,0,0,186,1,11
4.0313,19533,Rest,HAZIRLANIYOR...,0,285,0,15,151,0,6
4.0313,19534,Rest,HAZIRLANIYOR...,0,300,0,31,88,0,0
4.0313,19535,Rest,HAZIRLANIYOR...,0,308,1,46,16,0,0
4.0313,19536,Rest,HAZIRLANIYOR...,0,310,27,59,0,0,0
4.0314,19537,Rest,HAZIRLANIYOR...,0,308,51,69,0,0,0
4.0314,19538,Rest,HAZIRLANIYOR...,0,304,70,75,0,0,0
4.0314,19539,Rest,HAZIRLANIYOR...,0,303,84,71,0,0,0
4.0314,19540,Rest,HAZIRLANIYOR...,0,305,92,57,0,0,0
4.0314,19541,Rest,HAZIRLANIYOR...,0,307,92,38,0,0,0
4.0314,19542,Rest,HAZIRLANIYOR...,0,303,89,21,0,0,0
4.0314,19543,Rest,HAZIRLANIYOR...,0,291,85,8,0,2,0
4.0315,19544,Rest,HAZIRLANIYOR...,0,273,83,0,0,3,0
4.0315,19545,Rest,HAZIRLANIYOR...,0,251,82,0,0,2,0
4.0315,19546,Rest,HAZIRLANIYOR...,0,228,81,0,0,2,0
4.0315,19547,Rest,HAZIRLANIYOR...,0,206,74,0,0,2,0
4.0315,19548,Rest,HAZIRLANIYOR...,0,183,58,0,0,2,0
4.0315,19549,Rest,HAZIRLANIYOR...,0,157,37,0,0,1,0
4.0315,19550,Rest,HAZIRLANIYOR...,0,128,16,0,0,1,0
4.0315,19551,Rest,HAZIRLANIYOR...,0,100,0,0,0,1,0
4.0315,19552,Rest,HAZIRLANIYOR...,0,74,0,0,0,3,0
4.0316,19553,Rest,HAZIRLANIYOR...,0,53,0,0,16,3,0
4.0317,19554,Rest,HAZIRLANIYOR...,0,34,0,0,66,2,0
4.0462,19555,Rest,HAZIRLANIYOR...,0,13,0,0,108,0,0
4.0463,19556,Rest,HAZIRLANIYOR...,0,0,0,0,145,0,2
4.0463,19557,Rest,HAZIRLANIYOR...,0,0,0,0,177,0,1
4.0463,19558,Rest,HAZIRLANIYOR...,0,0,0,0,206,0,0
4.0463,19559,Rest,HAZIRLANIYOR...,0,0,0,0,230,0,0
4.0463,19560,Rest,HAZIRLANIYOR...,0,0,0,0,247,2,0
4.0464,19561,Rest,HAZIRLANIYOR...,0,0,0,0,258,3,0
4.0464,19562,Rest,HAZIRLANIYOR...,0,0,0,0,256,3,1
4.0464,19563,Rest,HAZIRLANIYOR...,0,0,6,0,241,3,3
4.0464,19564,Rest,HAZIRLANIYOR...,0,0,22,1,218,3,9
4.0464,19565,Rest,HAZIRLANIYOR...,0,0,40,6,197,3,13
4.0464,19566,Rest,HAZIRLANIYOR...,0,0,59,12,185,2,3
4.0464,19567,Rest,HAZIRLANIYOR...,0,0,77,17,176,1,0
4.0464,19568,Rest,HAZIRLANIYOR...,0,0,91,24,151,0,0
4.0465,19569,Rest,HAZIRLANIYOR...,0,0,102,31,101,0,0
4.0465,19570,Rest,HAZIRLANIYOR...,0,0,112,39,38,0,0
4.0465,19571,Rest,HAZIRLANIYOR...,0,0,120,47,0,0,0
4.0465,19572,Rest,HAZIRLANIYOR...,0,0,125,52,0,0,0
4.0465,19573,Rest,HAZIRLANIYOR...,0,0,124,53,0,0,0
4.0465,19574,Rest,HAZIRLANIYOR...,0,0,120,52,0,0,0
4.0465,19575,Rest,HAZIRLANIYOR...,0,0,112,49,0,0,0
4.0465,19576,Rest,HAZIRLANIYOR...,0,0,104,45,0,0,6
4.0465,19577,Rest,HAZIRLANIYOR...,0,0,93,38,0,0,10
4.0465,19578,Rest,HAZIRLANIYOR...,0,0,78,29,0,0,4
4.0466,19579,Rest,HAZIRLANIYOR...,0,0,59,16,0,0,0
4.0466,19580,Rest,HAZIRLANIYOR...,0,0,39,0,0,0,0
4.0466,19581,Rest,HAZIRLANIYOR...,0,0,18,0,0,0,0
4.0623,19582,Rest,HAZIRLANIYOR...,0,0,0,0,0,0,0
4.0624,19583,Rest,HAZIRLANIYOR...,0,0,0,0,0,0,0
4.0624,19584,Rest,HAZIRLANIYOR...,0,0,0,0,0,0,0
4.0624,19585,Rest,HAZIRLANIYOR...,0,0,0,0,0,3,0
4.0624,19586,Rest,HAZIRLANIYOR...,0,0,0,0,0,8,0
4.0624,19587,Rest,HAZIRLANIYOR...,0,0,0,0,0,11,0
4.0624,19588,Rest,HAZIRLANIYOR...,0,0,0,0,0,9,0
4.0624,19589,Rest,HAZIRLANIYOR...,0,0,0,0,46,2,4
4.0625,19590,Rest,HAZIRLANIYOR...,0,0,0,0,94,0,6
4.0625,19591,Rest,HAZIRLANIYOR...,0,0,0,0,130,0,1
4.0625,19592,Rest,HAZIRLANIYOR...,0,0,0,0,160,0,0
4.0625,19593,Rest,HAZIRLANIYOR...,0,0,0,0,189,0,0
4.0625,19594,Rest,HAZIRLANIYOR...,0,2,0,0,220,0,0
4.0625,19595,Rest,HAZIRLANIYOR...,0,59,0,0,249,0,1
4.0626,19596,Rest,HAZIRLANIYOR...,0,115,0,0,260,0,0
4.0626,19597,Rest,HAZIRLANIYOR...,0,168,0,0,249,0,4
4.0626,19598,Rest,HAZIRLANIYOR...,0,216,0,0,232,8,4
4.0626,19599,Rest,HAZIRLANIYOR...,0,258,0,0,218,17,0
4.0626,19600,Rest,HAZIRLANIYOR...,0,290,0,0,206,13,0
4.0626,19601,Rest,HAZIRLANIYOR...,0,316,0,5,199,0,10
4.0626,19602,Rest,HAZIRLANIYOR...,0,339,0,16,194,0,13
4.0627,19603,Rest,HAZIRLANIYOR...,0,355,22,26,176,0,0
4.0627,19604,Rest,HAZIRLANIYOR...,0,361,47,37,134,0,0
4.0627,19605,Rest,HAZIRLANIYOR...,0,356,69,47,78,0,0
4.0627,19606,Rest,HAZIRLANIYOR...,0,345,89,56,18,0,0
4.0627,19607,Rest,HAZIRLANIYOR...,0,329,106,63,0,0,0
4.0627,19608,Rest,HAZIRLANIYOR...,0,305,117,69,0,0,0
4.0628,19609,Rest,HAZIRLANIYOR...,0,275,120,74,0,0,1
4.0786,19610,Rest,HAZIRLANIYOR...,0,242,118,76,0,1,7
4.0787,19611,Rest,HAZIRLANIYOR...,0,208,113,75,0,4,1
4.0787,19612,Rest,HAZIRLANIYOR...,0,174,106,71,0,0,0
4.0787,19613,Rest,HAZIRLANIYOR...,0,141,98,65,0,0,0
4.0787,19614,Rest,HAZIRLANIYOR...,0,107,88,59,0,0,0
4.0787,19615,Rest,HAZIRLANIYOR...,0,72,73,53,0,0,0
4.0788,19616,Rest,HAZIRLANIYOR...,0,37,57,46,0,0,0
4.0788,19617,Rest,HAZIRLANIYOR...,0,3,40,40,0,0,0
4.0788,19618,Rest,HAZIRLANIYOR...,0,0,23,31,0,0,0
4.0788,19619,Rest,HAZIRLANIYOR...,0,0,6,20,0,0,0
4.0788,19620,Rest,HAZIRLANIYOR...,0,0,0,9,0,0,0
4.0788,19621,Rest,HAZIRLANIYOR...,0,0,0,0,0,0,0
4.0788,19622,Rest,HAZIRLANIYOR...,0,0,0,0,0,1,0
4.0788,19623,Rest,HAZIRLANIYOR...,0,0,0,0,0,1,0
4.0789,19624,Rest,HAZIRLANIYOR...,0,0,0,0,24,3,0
4.0789,19625,Rest,HAZIRLANIYOR...,0,0,0,0,74,4,0
4.0789,19626,Rest,HAZIRLANIYOR...,0,0,0,0,117,5,0
4.0789,19627,Rest,HAZIRLANIYOR...,0,0,0,0,154,5,0
4.0789,19628,Rest,HAZIRLANIYOR...,0,0,0,0,186,4,4
4.0789,19629,Rest,HAZIRLANIYOR...,0,0,0,0,214,4,4
4.0789,19630,Rest,HAZIRLANIYOR...,0,0,0,0,234,7,0
4.0789,19631,Rest,HAZIRLANIYOR...,0,0,0,0,246,8,0
4.0789,19632,Rest,HAZIRLANIYOR...,0,0,0,0,250,4,2
4.0790,19633,Rest,HAZIRLANIYOR...,0,0,0,0,243,0,6
4.0790,19634,Rest,HAZIRLANIYOR...,0,0,0,0,227,0,5
4.0790,19635,Rest,HAZIRLANIYOR...,0,0,0,0,207,3,2
4.0790,19636,Rest,HAZIRLANIYOR...,0,0,0,0,195,5,1
4.0790,19637,Rest,HAZIRLANIYOR...,0,0,14,0,190,3,2
4.0791,19638,Rest,HAZIRLANIYOR...,0,5,37,0,180,0,2
4.0944,19639,Rest,HAZIRLANIYOR...,0,33,60,0,149,0,1
4.0945,19640,Rest,HAZIRLANIYOR...,0,58,80,0,94,0,0
4.0945,19641,Rest,HAZIRLANIYOR...,0,79,94,9,29,0,0
4.0946,19642,Rest,HAZIRLANIYOR...,0,94,100,18,0,2,0
4.0946,19643,Rest,HAZIRLANIYOR...,0,106,102,26,0,0,0
4.0946,19644,Rest,HAZIRLANIYOR...,0,114,102,34,0,0,3
4.0946,19645,Rest,HAZIRLANIYOR...,0,113,101,40,0,0,3
4.0947,19646,Rest,HAZIRLANIYOR...,0,107,99,42,0,0,0
4.0947,19647,Rest,HAZIRLANIYOR...,0,99,97,40,0,3,0
4.0947,19648,Rest,HAZIRLANIYOR...,0,93,95,36,0,7,2
4.0947,19649,Rest,HAZIRLANIYOR...,0,91,88,31,0,2,6
4.0947,19650,Rest,HAZIRLANIYOR...,0,92,74,24,0,0,7
4.0947,19651,Rest,HAZIRLANIYOR...,0,95,56,19,0,0,3
4.0947,19652,Rest,HAZIRLANIYOR...,0,99,38,13,0,0,0
4.0947,19653,Rest,HAZIRLANIYOR...,0,101,18,7,0,0,0
4.0947,19654,Rest,HAZIRLANIYOR...,0,103,0,0,0,0,0
4.0948,19655,Rest,HAZIRLANIYOR...,0,106,0,0,0,0,1
4.0948,19656,Rest,HAZIRLANIYOR...,0,110,0,0,0,0,0
4.0948,19657,Rest,HAZIRLANIYOR...,0,113,0,0,0,0,0
4.0948,19658,Rest,HAZIRLANIYOR...,0,109,0,0,0,3,0
4.0948,19659,Rest,HAZIRLANIYOR...,0,101,0,0,0,3,0
4.0948,19660,Rest,HAZIRLANIYOR...,0,88,0,0,46,2,0
4.0948,19661,Rest,HAZIRLANIYOR...,0,72,0,0,93,2,0
4.0948,19662,Rest,HAZIRLANIYOR...,0,54,0,0,132,2,0
4.0948,19663,Rest,HAZIRLANIYOR...,0,31,0,0,165,2,0
4.0949,19664,Rest,HAZIRLANIYOR...,0,3,0,0,197,2,0
4.0949,19665,Rest,HAZIRLANIYOR...,0,0,0,0,225,1,0
4.0950,19666,Rest,HAZIRLANIYOR...,0,0,0,0,243,0,4
4.1101,19667,Rest,HAZIRLANIYOR...,0,0,0,0,250,0,4
4.1102,19668,Rest,HAZIRLANIYOR...,0,0,0,0,249,0,0
4.1102,19669,Rest,HAZIRLANIYOR...,0,0,0,0,238,0,0
4.1102,19670,Rest,HAZIRLANIYOR...,0,0,0,0,221,1,0
4.1102,19671,Rest,HAZIRLANIYOR...,0,0,0,8,207,1,1
4.1102,19672,Rest,HAZIRLANIYOR...,0,0,0,17,201,1,1
4.1103,19673,Rest,HAZIRLANIYOR...,0,0,0,26,196,1,0
4.1103,19674,Rest,HAZIRLANIYOR...,0,0,0,34,176,2,0
4.1103,19675,Rest,HAZIRLANIYOR...,0,0,0,42,133,6,0
4.1103,19676,Rest,HAZIRLANIYOR...,0,5,0,49,73,8,4
4.1103,19677,Rest,HAZIRLANIYOR...,0,30,0,54,11,2,13
4.1103,19678,Rest,HAZIRLANIYOR...,0,48,0,59,0,0,12
4.1103,19679,Rest,HAZIRLANIYOR...,0,56,5,63,0,0,0
4.1104,19680,Rest,HAZIRLANIYOR...,0,50,26,63,0,0,0
4.1104,19681,Rest,HAZIRLANIYOR...,0,34,45,59,0,14,0
4.1104,19682,Rest,HAZIRLANIYOR...,0,8,61,52,0,12,0
4.1104,19683,Rest,HAZIRLANIYOR...,0,0,75,45,0,0,0
4.1104,19684,Rest,HAZIRLANIYOR...,0,0,82,36,0,0,0
4.1104,19685,Rest,HAZIRLANIYOR...,0,0,86,25,0,0,0
4.1104,19686,Rest,HAZIRLANIYOR...,0,0,88,11,0,0,0
4.1104,19687,Rest,HAZIRLANIYOR...,0,0,88,0,0,0,0
4.1104,19688,Rest,HAZIRLANIYOR...,0,0,88,0,0,0,0
4.1105,19689,Rest,HAZIRLANIYOR...,0,0,89,0,0,0,0
4.1105,19690,Rest,HAZIRLANIYOR...,0,0,90,0,0,0,0
4.1105,19691,Rest,HAZIRLANIYOR...,0,0,84,0,0,0,0
4.1106,19692,Rest,HAZIRLANIYOR...,0,0,70,0,0,0,0
4.1106,19693,Rest,HAZIRLANIYOR...,0,0,53,0,0,1,0
4.1107,19694,Rest,HAZIRLANIYOR...,0,0,37,0,0,1,0
4.1252,19695,Rest,HAZIRLANIYOR...,0,0,21,0,34,1,0
4.1252,19696,Rest,HAZIRLANIYOR...,0,0,6,0,75,1,0
4.1252,19697,Rest,HAZIRLANIYOR...,0,0,0,0,109,2,0
4.1252,19698,Rest,HAZIRLANIYOR...,0,0,0,0,145,2,0
4.1252,19699,Rest,HAZIRLANIYOR...,0,0,0,0,184,1,1
4.1253,19700,Rest,HAZIRLANIYOR...,0,0,0,0,215,0,2
4.1253,19701,Rest,HAZIRLANIYOR...,0,0,0,0,237,0,1
4.1253,19702,Rest,HAZIRLANIYOR...,0,14,0,0,250,0,0
4.1253,19703,Rest,HAZIRLANIYOR...,0,48,0,0,256,2,0
4.1253,19704,Rest,HAZIRLANIYOR...,0,88,0,0,250,6,1
4.1253,19705,Rest,HAZIRLANIYOR...,0,131,0,0,235,8,2
4.1253,19706,Rest,HAZIRLANIYOR...,0,176,6,0,216,2,1
4.1253,19707,Rest,HAZIRLANIYOR...,0,219,20,2,205,0,1
4.1253,19708,Rest,HAZIRLANIYOR...,0,255,32,8,201,0,1
4.1254,19709,Rest,HAZIRLANIYOR...,0,281,46,12,193,0,2
4.1254,19710,Rest,HAZIRLANIYOR...,0,293,62,15,165,0,3
4.1254,19711,Rest,HAZIRLANIYOR...,0,285,78,17,111,0,1
4.1254,19712,Rest,HAZIRLANIYOR...,0,256,92,18,42,0,0
4.1254,19713,Rest,HAZIRLANIYOR...,0,212,103,19,0,0,0
4.1254,19714,Rest,HAZIRLANIYOR...,0,159,112,19,0,0,0
4.1254,19715,Rest,HAZIRLANIYOR...,0,98,116,18,0,0,0
4.1254,19716,Rest,HAZIRLANIYOR...,0,31,115,16,0,0,0
4.1255,19717,Rest,HAZIRLANIYOR...,0,0,111,13,0,0,0
4.1255,19718,Rest,HAZIRLANIYOR...,0,0,104,10,0,0,0
4.1255,19719,Rest,HAZIRLANIYOR...,0,0,96,6,0,0,0
4.1255,19720,Rest,HAZIRLANIYOR...,0,0,85,4,0,0,1
4.1256,19721,Rest,HAZIRLANIYOR...,0,0,73,3,0,0,1
4.1406,19722,Rest,HAZIRLANIYOR...,0,0,62,1,0,0,0
4.1407,19723,Rest,HAZIRLANIYOR...,0,0,51,0,0,0,0
4.1407,19724,Rest,HAZIRLANIYOR...,0,0,37,2,0,0,0
4.1407,19725,Rest,HAZIRLANIYOR...,0,0,20,10,0,0,2
4.1407,19726,Rest,HAZIRLANIYOR...,0,0,2,21,0,0,3
4.1407,19727,Rest,HAZIRLANIYOR...,0,0,0,30,0,0,0
4.1407,19728,Rest,HAZIRLANIYOR...,0,0,0,36,0,1,0
4.1408,19729,Rest,HAZIRLANIYOR...,0,0,0,39,0,3,0
4.1408,19730,Rest,HAZIRLANIYOR...,0,27,0,41,14,4,3
4.1408,19731,Rest,HAZIRLANIYOR...,0,66,0,41,69,4,3
4.1408,19732,Rest,HAZIRLANIYOR...,0,102,0,39,115,4,2
4.1408,19733,Rest,HAZIRLANIYOR...,0,137,0,37,154,3,1
4.1409,19734,Rest,HAZIRLANIYOR...,0,168,0,35,187,3,2
4.1409,19735,Rest,HAZIRLANIYOR...,0,191,0,34,216,3,3
4.1409,19736,Rest,HAZIRLANIYOR...,0,206,0,31,242,4,7
4.1409,19737,Rest,HAZIRLANIYOR...,0,215,0,25,261,4,11
4.1409,19738,Rest,HAZIRLANIYOR...,0,221,0,20,268,3,11
4.1409,19739,Rest,HAZIRLANIYOR...,0,224,0,17,262,1,9
4.1410,19740,Rest,HAZIRLANIYOR...,0,220,0,16,246,0,7
4.1410,19741,Rest,HAZIRLANIYOR...,0,209,0,14,228,0,3
4.1410,19742,Rest,HAZIRLANIYOR...,0,200,0,12,215,0,0
4.1410,19743,Rest,HAZIRLANIYOR...,0,195,0,9,210,0,0
4.1410,19744,Rest,HAZIRLANIYOR...,0,191,0,6,204,1,0
4.1411,19745,Rest,HAZIRLANIYOR...,0,185,0,4,179,2,0
4.1411,19746,Rest,HAZIRLANIYOR...,0,177,0,1,129,2,0
4.1411,19747,Rest,HAZIRLANIYOR...,0,168,14,0,65,0,2
4.1412,19748,Rest,HAZIRLANIYOR...,0,155,51,0,3,0,6
4.1558,19749,Rest,HAZIRLANIYOR...,0,135,85,0,0,0,0
4.1559,19750,Rest,HAZIRLANIYOR...,0,106,113,0,0,0,0
4.1559,19751,Rest,HAZIRLANIYOR...,0,69,133,0,0,0,0
4.1559,19752,Rest,HAZIRLANIYOR...,0,30,147,0,0,3,0
4.1560,19753,Rest,HAZIRLANIYOR...,0,0,157,0,0,3,0
4.1560,19754,Rest,HAZIRLANIYOR...,0,0,160,0,0,0,0
4.1560,19755,Rest,HAZIRLANIYOR...,0,0,156,0,0,0,0
4.1560,19756,Rest,HAZIRLANIYOR...,0,0,147,0,0,0,0
4.1560,19757,Rest,HAZIRLANIYOR...,0,0,135,0,0,0,0
4.1560,19758,Rest,HAZIRLANIYOR...,0,0,121,0,0,2,0
4.1560,19759,Rest,HAZIRLANIYOR...,0,0,103,0,0,2,0
4.1561,19760,Rest,HAZIRLANIYOR...,0,0,81,0,0,0,0
4.1561,19761,Rest,HAZIRLANIYOR...,0,0,61,0,0,0,0
4.1561,19762,Rest,HAZIRLANIYOR...,0,0,41,0,0,0,0
4.1561,19763,Rest,HAZIRLANIYOR...,0,0,19,0,0,0,0
4.1561,19764,Rest,HAZIRLANIYOR...,0,0,0,0,0,2,0
4.1561,19765,Rest,HAZIRLANIYOR...,0,0,0,0,0,2,0
4.1561,19766,Rest,HAZIRLANIYOR...,0,0,0,0,30,2,0
4.1561,19767,Rest,HAZIRLANIYOR...,0,0,0,0,79,2,0
4.1562,19768,Rest,HAZIRLANIYOR...,0,0,0,0,119,2,0
4.1562,19769,Rest,HAZIRLANIYOR...,0,0,0,0,152,0,5
4.1562,19770,Rest,HAZIRLANIYOR...,0,0,0,0,185,0,12
4.1562,19771,Rest,HAZIRLANIYOR...,0,0,0,0,218,0,14
4.1562,19772,Rest,HAZIRLANIYOR...,0,0,0,0,243,0,5
4.1562,19773,Rest,HAZIRLANIYOR...,0,0,0,0,255,1,1
4.1562,19774,Rest,HAZIRLANIYOR...,0,12,0,0,256,6,6
4.1563,19775,Rest,HAZIRLANIYOR...,0,28,0,0,248,8,3
4.1711,19776,Rest,HAZIRLANIYOR...,0,38,0,0,233,1,0
4.1712,19777,Rest,HAZIRLANIYOR...,0,43,0,0,216,0,0
4.1712,19778,Rest,HAZIRLANIYOR...,0,43,0,0,204,0,0
4.1712,19779,Rest,HAZIRLANIYOR...,0,39,0,0,198,0,0
4.1712,19780,Rest,HAZIRLANIYOR...,0,35,0,0,185,0,0
4.1712,19781,Rest,HAZIRLANIYOR...,0,34,0,4,149,0,0
4.1712,19782,Rest,HAZIRLANIYOR...,0,37,0,10,91,0,0
4.1713,19783,Rest,HAZIRLANIYOR...,0,39,0,15,27,0,1
4.1713,19784,Rest,HAZIRLANIYOR...,0,39,0,18,0,0,0
4.1713,19785,Rest,HAZIRLANIYOR...,0,37,0,22,0,3,0
4.1713,19786,Rest,HAZIRLANIYOR...,0,29,0,28,0,13,0
4.1713,19787,Rest,HAZIRLANIYOR...,0,13,0,31,0,11,0
4.1713,19788,Rest,HAZIRLANIYOR...,0,0,0,33,0,0,1
4.1713,19789,Rest,HAZIRLANIYOR...,0,0,0,34,0,0,5
4.1714,19790,Rest,HAZIRLANIYOR...,0,0,0,36,0,0,9
4.1714,19791,Rest,HAZIRLANIYOR...,0,0,6,36,0,0,11
4.1714,19792,Rest,HAZIRLANIYOR...,0,0,11,34,0,0,10
4.1714,19793,Rest,HAZIRLANIYOR...,0,0,14,32,0,0,1
4.1714,19794,Rest,HAZIRLANIYOR...,0,0,15,30,0,0,0
4.1714,19795,Rest,HAZIRLANIYOR...,0,0,16,28,0,0,0
4.1714,19796,Rest,HAZIRLANIYOR...,0,0,15,25,0,0,0
4.1714,19797,Rest,HAZIRLANIYOR...,0,0,12,21,0,0,7
4.1714,19798,Rest,HAZIRLANIYOR...,0,0,9,17,0,0,11
4.1715,19799,Rest,HAZIRLANIYOR...,0,0,6,13,0,0,2
4.1715,19800,Rest,HAZIRLANIYOR...,0,0,4,8,0,0,0
4.1715,19801,Rest,HAZIRLANIYOR...,0,0,2,2,14,3,0
4.1715,19802,Rest,HAZIRLANIYOR...,0,0,2,0,75,2,3
4.1864,19803,Rest,HAZIRLANIYOR...,0,0,4,0,117,1,1
4.1865,19804,Rest,HAZIRLANIYOR...,0,0,5,0,146,7,0
4.1865,19805,Rest,HAZIRLANIYOR...,0,0,8,0,179,13,0
4.1865,19806,Rest,HAZIRLANIYOR...,0,0,11,0,221,9,0
4.1865,19807,Rest,HAZIRLANIYOR...,0,0,13,0,255,0,6
4.1865,19808,Rest,HAZIRLANIYOR...,0,0,15,0,262,0,12
4.1866,19809,Rest,HAZIRLANIYOR...,0,22,20,0,253,0,5
4.1866,19810,Rest,HAZIRLANIYOR...,0,50,26,0,246,0,0
4.1866,19811,Rest,HAZIRLANIYOR...,0,70,33,0,238,0,0
4.1866,19812,Rest,HAZIRLANIYOR...,0,88,42,0,224,1,0
4.1866,19813,Rest,HAZIRLANIYOR...,0,105,52,0,214,3,0
4.1866,19814,Rest,HAZIRLANIYOR...,0,117,62,0,211,3,0
4.1866,19815,Rest,HAZIRLANIYOR...,0,121,73,0,197,2,0
4.1866,19816,Rest,HAZIRLANIYOR...,0,119,82,9,161,1,0
4.1867,19817,Rest,HAZIRLANIYOR...,0,111,90,27,109,0,4
4.1867,19818,Rest,HAZIRLANIYOR...,0,97,99,46,53,0,9
4.1867,19819,Rest,HAZIRLANIYOR...,0,78,109,64,0,0,3
4.1867,19820,Rest,HAZIRLANIYOR...,0,59,116,79,0,0,0
4.1867,19821,Rest,HAZIRLANIYOR...,0,46,121,89,0,0,0
4.1867,19822,Rest,HAZIRLANIYOR...,0,43,122,97,0,0,5
4.1867,19823,Rest,HAZIRLANIYOR...,0,51,119,102,0,0,2
4.1868,19824,Rest,HAZIRLANIYOR...,0,66,109,103,0,0,0
4.1868,19825,Rest,HAZIRLANIYOR...,0,84,94,102,0,0,0
4.1868,19826,Rest,HAZIRLANIYOR...,0,104,76,97,0,0,0
4.1868,19827,Rest,HAZIRLANIYOR...,0,121,58,87,0,0,0
4.1868,19828,Rest,HAZIRLANIYOR...,0,130,36,74,0,0,0
4.1869,19829,Rest,HAZIRLANIYOR...,0,126,9,60,0,0,0
4.2026,19830,Rest,HAZIRLANIYOR...,0,115,0,43,0,0,0
4.2027,19831,Rest,HAZIRLANIYOR...,0,102,0,22,0,2,0
4.2027,19832,Rest,HAZIRLANIYOR...,0,91,0,0,0,1,2
4.2028,19833,Rest,HAZIRLANIYOR...,0,78,0,0,0,1,10
4.2028,19834,Rest,HAZIRLANIYOR...,0,63,0,0,0,6,17
4.2028,19835,Rest,HAZIRLANIYOR...,0,49,0,0,0,9,12
4.2028,19836,Rest,HAZIRLANIYOR...,0,40,0,0,0,6,0
4.2028,19837,Rest,HAZIRLANIYOR...,0,34,0,0,36,4,0
4.2028,19838,Rest,HAZIRLANIYOR...,0,25,0,0,85,8,0
4.2029,19839,Rest,HAZIRLANIYOR...,0,12,0,0,126,5,0
4.2029,19840,Rest,HAZIRLANIYOR...,0,2,0,0,164,0,0
4.2029,19841,Rest,HAZIRLANIYOR...,0,0,0,0,200,0,0
4.2029,19842,Rest,HAZIRLANIYOR...,0,0,0,0,224,0,0
4.2029,19843,Rest,HAZIRLANIYOR...,0,0,0,0,237,0,1
4.2029,19844,Rest,HAZIRLANIYOR...,0,0,0,0,247,0,1
4.2029,19845,Rest,HAZIRLANIYOR...,0,0,0,0,252,0,1
4.2030,19846,Rest,HAZIRLANIYOR...,0,1,0,0,244,0,1
4.2030,19847,Rest,HAZIRLANIYOR...,0,24,0,0,226,6,2
4.2031,19848,Rest,HAZIRLANIYOR...,0,49,0,0,207,10,1
4.2031,19849,Rest,HAZIRLANIYOR...,0,75,0,0,200,8,0
4.2031,19850,Rest,HAZIRLANIYOR...,0,97,18,0,200,6,0
4.2031,19851,Rest,HAZIRLANIYOR...,0,112,59,4,188,5,0
4.2031,19852,Rest,HAZIRLANIYOR...,0,114,100,21,147,0,2
4.2031,19853,Rest,HAZIRLANIYOR...,0,107,142,37,84,0,5
4.2031,19854,Rest,HAZIRLANIYOR...,0,98,182,50,20,0,10
4.2032,19855,Rest,HAZIRLANIYOR...,0,88,216,61,0,0,12
4.2032,19856,Rest,HAZIRLANIYOR...,0,71,242,70,0,0,7
4.2033,19857,Rest,HAZIRLANIYOR...,0,46,261,78,0,0,2
4.2033,19858,Rest,HAZIRLANIYOR...,0,19,270,87,0,0,3
4.2033,19859,Rest,HAZIRLANIYOR...,0,0,271,94,0,0,2
4.2179,19860,Rest,HAZIRLANIYOR...,0,0,263,96,0,0,0
4.2180,19861,Rest,HAZIRLANIYOR...,0,0,246,94,0,0,0
4.2180,19862,Rest,HAZIRLANIYOR...,0,0,223,90,0,0,0
4.2180,19863,Rest,HAZIRLANIYOR...,0,0,197,84,0,0,0
4.2180,19864,Rest,HAZIRLANIYOR...,0,0,169,73,0,0,1
4.2181,19865,Rest,HAZIRLANIYOR...,0,0,144,55,0,0,0
4.2181,19866,Rest,HAZIRLANIYOR...,0,0,121,35,0,0,0
4.2181,19867,Rest,HAZIRLANIYOR...,0,0,100,15,0,0,0
4.2181,19868,Rest,HAZIRLANIYOR...,0,0,78,0,0,0,0
4.2181,19869,Rest,HAZIRLANIYOR...,0,0,53,0,0,0,0
4.2181,19870,Rest,HAZIRLANIYOR...,0,0,30,0,0,0,4
4.2181,19871,Rest,HAZIRLANIYOR...,0,0,8,0,0,0,11
4.2181,19872,Rest,HAZIRLANIYOR...,0,0,0,0,6,0,14
4.2181,19873,Rest,HAZIRLANIYOR...,0,0,0,0,64,0,5
4.2182,19874,Rest,HAZIRLANIYOR...,0,0,0,0,120,0,0
4.2182,19875,Rest,HAZIRLANIYOR...,0,0,0,0,156,3,0
4.2182,19876,Rest,HAZIRLANIYOR...,0,0,0,0,177,5,0
4.2182,19877,Rest,HAZIRLANIYOR...,0,0,0,0,203,4,0
4.2182,19878,Rest,HAZIRLANIYOR...,0,0,0,0,234,3,0
4.2182,19879,Rest,HAZIRLANIYOR...,0,0,0,0,256,3,0
4.2182,19880,Rest,HAZIRLANIYOR...,0,0,0,0,263,4,0
4.2182,19881,Rest,HAZIRLANIYOR...,0,0,0,0,264,4,0
4.2183,19882,Rest,HAZIRLANIYOR...,0,0,0,0,254,2,0
4.2183,19883,Rest,HAZIRLANIYOR...,0,0,0,0,230,1,0
4.2183,19884,Rest,HAZIRLANIYOR...,0,0,0,0,204,2,0
4.2183,19885,Rest,HAZIRLANIYOR...,0,0,0,0,195,3,0
4.2335,19886,Rest,HAZIRLANIYOR...,0,0,0,0,193,4,0
4.2335,19887,Rest,HAZIRLANIYOR...,0,0,0,9,169,2,0
4.2335,19888,Rest,HAZIRLANIYOR...,0,10,0,22,117,1,0
4.2336,19889,Rest,HAZIRLANIYOR...,0,32,0,34,52,2,0
4.2336,19890,Rest,HAZIRLANIYOR...,0,51,0,42,0,7,0
4.2336,19891,Rest,HAZIRLANIYOR...,0,67,0,45,0,10,0
4.2336,19892,Rest,HAZIRLANIYOR...,0,77,0,46,0,3,0
4.2336,19893,Rest,HAZIRLANIYOR...,0,80,0,43,0,0,8
4.2336,19894,Rest,HAZIRLANIYOR...,0,82,0,37,0,0,10
4.2336,19895,Rest,HAZIRLANIYOR...,0,80,0,27,0,0,1
4.2336,19896,Rest,HAZIRLANIYOR...,0,72,0,18,0,0,0
4.2337,19897,Rest,HAZIRLANIYOR...,0,57,0,11,0,1,0
4.2337,19898,Rest,HAZIRLANIYOR...,0,39,0,2,0,7,0
4.2337,19899,Rest,HAZIRLANIYOR...,0,25,0,0,0,11,0
4.2337,19900,Rest,HAZIRLANIYOR...,0,15,0,0,0,6,0
4.2337,19901,Rest,HAZIRLANIYOR...,0,10,0,0,0,0,0
4.2337,19902,Rest,HAZIRLANIYOR...,0,14,0,0,0,0,2
4.2337,19903,Rest,HAZIRLANIYOR...,0,29,0,0,0,0,5
4.2338,19904,Rest,HAZIRLANIYOR...,0,51,0,0,0,1,8
4.2338,19905,Rest,HAZIRLANIYOR...,0,73,0,0,0,0,7
4.2338,19906,Rest,HAZIRLANIYOR...,0,96,0,0,0,0,5
4.2338,19907,Rest,HAZIRLANIYOR...,0,122,0,0,0,1,5
4.2338,19908,Rest,HAZIRLANIYOR...,0,154,0,0,29,1,1
4.2338,19909,Rest,HAZIRLANIYOR...,0,187,0,0,79,0,0
4.2338,19910,Rest,HAZIRLANIYOR...,0,220,0,0,121,0,0
4.2338,19911,Rest,HAZIRLANIYOR...,0,256,0,0,158,0,0
4.2339,19912,Rest,HAZIRLANIYOR...,0,297,0,0,194,1,0
4.2339,19913,Rest,HAZIRLANIYOR...,0,342,0,0,226,3,0
4.2496,19914,Rest,HAZIRLANIYOR...,0,386,2,0,252,6,4
4.2497,19915,Rest,HAZIRLANIYOR...,0,426,24,0,268,7,8
4.2497,19916,Rest,HAZIRLANIYOR...,0,463,47,0,272,3,1
4.2497,19917,Rest,HAZIRLANIYOR...,0,492,71,0,268,0,0
4.2497,19918,Rest,HAZIRLANIYOR...,0,509,95,1,254,0,0
4.2497,19919,Rest,HAZIRLANIYOR...,0,510,118,18,231,0,0
4.2497,19920,Rest,HAZIRLANIYOR...,0,498,140,34,213,0,0
4.2497,19921,Rest,HAZIRLANIYOR...,0,479,159,48,209,0,0
4.2497,19922,Rest,HAZIRLANIYOR...,0,452,177,61,199,0,0
4.2498,19923,Rest,HAZIRLANIYOR...,0,417,192,73,161,0,0
4.2498,19924,Rest,HAZIRLANIYOR...,0,376,204,84,99,4,2
4.2498,19925,Rest,HAZIRLANIYOR...,0,332,210,91,33,6,5
4.2498,19926,Rest,HAZIRLANIYOR...,0,279,213,93,0,0,0
4.2498,19927,Rest,HAZIRLANIYOR...,0,215,211,93,0,0,0
4.2498,19928,Rest,HAZIRLANIYOR...,0,143,207,91,0,0,0
4.2498,19929,Rest,HAZIRLANIYOR...,0,65,198,88,0,0,0
4.2498,19930,Rest,HAZIRLANIYOR...,0,0,183,83,0,0,4
4.2499,19931,Rest,HAZIRLANIYOR...,0,0,163,76,0,0,1
4.2499,19932,Rest,HAZIRLANIYOR...,0,0,141,66,0,0,0
4.2499,19933,Rest,HAZIRLANIYOR...,0,0,119,54,0,0,0
4.2499,19934,Rest,HAZIRLANIYOR...,0,0,98,42,0,0,0
4.2499,19935,Rest,HAZIRLANIYOR...,0,0,76,31,0,0,2
4.2499,19936,Rest,HAZIRLANIYOR...,0,0,55,20,0,0,9
4.2499,19937,Rest,HAZIRLANIYOR...,0,0,34,10,0,1,3
4.2499,19938,Rest,HAZIRLANIYOR...,0,0,15,0,0,8,0
4.2499,19939,Rest,HAZIRLANIYOR...,0,0,0,0,0,13,0
4.2500,19940,Rest,HAZIRLANIYOR...,0,0,0,0,0,9,0
4.2501,19941,Rest,HAZIRLANIYOR...,0,0,0,0,0,0,1
4.2501,19942,Rest,HAZIRLANIYOR...,0,0,0,0,0,0,0
4.2648,19943,Rest,HAZIRLANIYOR...,0,0,0,0,7,0,0
4.2649,19944,Rest,HAZIRLANIYOR...,0,0,0,0,74,1,0
4.2649,19945,Rest,HAZIRLANIYOR...,0,0,0,0,123,0,0
4.2649,19946,Rest,HAZIRLANIYOR...,0,0,0,0,151,0,0
4.2650,19947,Rest,HAZIRLANIYOR...,0,0,0,0,175,1,1
4.2650,19948,Rest,HAZIRLANIYOR...,0,0,0,0,211,3,1
4.2650,19949,Rest,HAZIRLANIYOR...,0,0,0,0,246,8,2
4.2650,19950,Rest,HAZIRLANIYOR...,0,0,0,0,262,10,2
4.2650,19951,Rest,HAZIRLANIYOR...,0,0,0,2,262,4,1
4.2650,19952,Rest,HAZIRLANIYOR...,0,0,0,7,261,0,1
4.2650,19953,Rest,HAZIRLANIYOR...,0,0,0,12,259,0,2
4.2651,19954,Rest,HAZIRLANIYOR...,0,0,0,18,247,0,2
4.2651,19955,Rest,HAZIRLANIYOR...,0,0,0,23,230,0,3
4.2651,19956,Rest,HAZIRLANIYOR...,0,11,0,28,220,0,3
4.2651,19957,Rest,HAZIRLANIYOR...,0,40,0,32,209,0,3
4.2651,19958,Rest,HAZIRLANIYOR...,0,54,14,35,177,2,2
4.2651,19959,Rest,HAZIRLANIYOR...,0,60,28,39,120,3,2
4.2651,19960,Rest,HAZIRLANIYOR...,0,63,37,44,56,5,2
4.2651,19961,Rest,HAZIRLANIYOR...,0,63,43,48,0,1,3
4.2651,19962,Rest,HAZIRLANIYOR...,0,60,45,51,0,0,4
4.2652,19963,Rest,HAZIRLANIYOR...,0,56,47,53,0,0,3
4.2652,19964,Rest,HAZIRLANIYOR...,0,54,46,58,0,0,2
4.2652,19965,Rest,HAZIRLANIYOR...,0,56,43,59,0,0,1
4.2652,19966,Rest,HAZIRLANIYOR...,0,64,38,50,0,0,5
4.2652,19967,Rest,HAZIRLANIYOR...,0,75,31,36,0,0,8
4.2653,19968,Rest,HAZIRLANIYOR...,0,88,22,28,0,0,3
4.2654,19969,Rest,HAZIRLANIYOR...,0,100,13,25,0,0,0
4.2798,19970,Rest,HAZIRLANIYOR...,0,112,2,17,0,3,0
4.2799,19971,Rest,HAZIRLANIYOR...,0,123,0,6,0,2,0
4.2799,19972,Rest,HAZIRLANIYOR...,0,140,0,0,0,0,0
4.2799,19973,Rest,HAZIRLANIYOR...,0,163,0,0,0,0,0
4.2799,19974,Rest,HAZIRLANIYOR...,0,192,0,0,0,0,0
4.2800,19975,Rest,HAZIRLANIYOR...,0,222,0,0,0,2,0
4.2800,19976,Rest,HAZIRLANIYOR...,0,252,0,0,0,2,0
4.2800,19977,Rest,HAZIRLANIYOR...,0,285,0,0,0,2,0
4.2800,19978,Rest,HAZIRLANIYOR...,0,320,0,0,0,2,0
4.2800,19979,Rest,HAZIRLANIYOR...,0,355,0,0,44,2,0
4.2800,19980,Rest,HAZIRLANIYOR...,0,385,0,0,93,3,0
4.2800,19981,Rest,HAZIRLANIYOR...,0,406,0,0,135,3,0
4.2800,19982,Rest,HAZIRLANIYOR...,0,419,0,0,172,4,0
4.2801,19983,Rest,HAZIRLANIYOR...,0,426,0,0,204,3,0
4.2801,19984,Rest,HAZIRLANIYOR...,0,431,0,0,233,3,0
4.2801,19985,Rest,HAZIRLANIYOR...,0,437,0,0,254,3,0
4.2801,19986,Rest,HAZIRLANIYOR...,0,443,0,0,268,3,0
4.2801,19987,Rest,HAZIRLANIYOR...,0,447,0,0,270,2,0
4.2801,19988,Rest,HAZIRLANIYOR...,0,446,0,0,259,1,1
4.2802,19989,Rest,HAZIRLANIYOR...,0,440,0,0,240,1,2
4.2802,19990,Rest,HAZIRLANIYOR...,0,427,0,0,223,1,1
4.2802,19991,Rest,HAZIRLANIYOR...,0,405,16,0,214,2,2
4.2802,19992,Rest,HAZIRLANIYOR...,0,378,34,0,206,8,5
4.2802,19993,Rest,HAZIRLANIYOR...,0,346,50,6,185,16,5
4.2802,19994,Rest,HAZIRLANIYOR...,0,307,64,18,140,14,0
4.2803,19995,Rest,HAZIRLANIYOR...,0,263,76,29,78,3,0
4.2951,19996,Rest,HAZIRLANIYOR...,0,216,85,38,15,0,0
4.2952,19997,Rest,HAZIRLANIYOR...,0,170,92,44,0,0,4
4.2952,19998,Rest,HAZIRLANIYOR...,0,125,96,46,0,0,7
4.2952,19999,Rest,HAZIRLANIYOR...,0,77,98,44,0,0,0
4.2953,20000,Rest,HAZIRLANIYOR...,0,23,98,37,0,0,0
4.2953,20001,Rest,HAZIRLANIYOR...,0,0,96,28,0,0,0
4.2953,20002,Rest,HAZIRLANIYOR...,0,0,94,17,0,0,0
4.2953,20003,Rest,HAZIRLANIYOR...,0,0,88,8,0,0,0
4.2953,20004,Rest,HAZIRLANIYOR...,0,0,77,0,0,0,0
4.2953,20005,Rest,HAZIRLANIYOR...,0,0,63,0,0,0,0
4.2955,20006,Rest,HAZIRLANIYOR...,0,0,48,0,0,3,0
4.2955,20007,Rest,HAZIRLANIYOR...,0,0,32,0,0,1,0
4.2955,20008,Rest,HAZIRLANIYOR...,0,0,14,0,0,0,0
4.2956,20009,Rest,HAZIRLANIYOR...,0,0,0,0,0,0,1
4.2956,20010,Rest,HAZIRLANIYOR...,0,0,0,0,0,0,2
4.2956,20011,Rest,HAZIRLANIYOR...,0,0,0,0,0,0,2
4.2956,20012,Rest,HAZIRLANIYOR...,0,0,0,0,0,0,4
4.2956,20013,Rest,HAZIRLANIYOR...,0,0,0,0,0,3,8
4.2956,20014,Rest,HAZIRLANIYOR...,0,0,0,0,17,9,7
4.2956,20015,Rest,HAZIRLANIYOR...,0,0,0,0,59,10,0
4.2956,20016,Rest,HAZIRLANIYOR...,0,0,0,0,102,4,0
4.2956,20017,Rest,HAZIRLANIYOR...,0,0,0,0,147,0,0
4.2956,20018,Rest,HAZIRLANIYOR...,0,0,0,0,186,0,0
4.2957,20019,Rest,HAZIRLANIYOR...,0,0,0,0,217,2,0
4.2957,20020,Rest,HAZIRLANIYOR...,0,0,0,0,243,3,0
4.2957,20021,Rest,HAZIRLANIYOR...,0,0,0,0,259,2,0
4.2958,20022,Rest,HAZIRLANIYOR...,0,0,0,0,265,1,4
4.3105,20023,Rest,HAZIRLANIYOR...,0,0,0,0,259,2,8
4.3106,20024,Rest,HAZIRLANIYOR...,0,0,0,0,244,8,5
4.3106,20025,Rest,HAZIRLANIYOR...,0,0,0,0,226,12,0
4.3106,20026,Rest,HAZIRLANIYOR...,0,0,0,0,216,6,0
4.3106,20027,Rest,HAZIRLANIYOR...,0,0,0,0,216,0,0
4.3107,20028,Rest,HAZIRLANIYOR...,0,0,0,0,205,0,0
4.3107,20029,Rest,HAZIRLANIYOR...,0,0,2,6,170,0,0
4.3107,20030,Rest,HAZIRLANIYOR...,0,0,14,16,114,0,0
4.3107,20031,Rest,HAZIRLANIYOR...,0,0,26,28,45,0,3
4.3107,20032,Rest,HAZIRLANIYOR...,0,0,36,40,0,0,5
4.3107,20033,Rest,HAZIRLANIYOR...,0,0,43,52,0,0,2
4.3108,20034,Rest,HAZIRLANIYOR...,0,0,48,64,0,0,2
4.3108,20035,Rest,HAZIRLANIYOR...,0,6,53,75,0,0,6
4.3108,20036,Rest,HAZIRLANIYOR...,0,41,56,84,0,0,2
4.3108,20037,Rest,HAZIRLANIYOR...,0,77,58,90,0,0,0
4.3108,20038,Rest,HAZIRLANIYOR...,0,109,58,96,0,0,0
4.3109,20039,Rest,HAZIRLANIYOR...,0,134,56,104,0,0,0
4.3109,20040,Rest,HAZIRLANIYOR...,0,153,51,112,0,0,0
4.3109,20041,Rest,HAZIRLANIYOR...,0,164,40,118,0,0,0
4.3109,20042,Rest,HAZIRLANIYOR...,0,169,25,119,0,0,0
4.3109,20043,Rest,HAZIRLANIYOR...,0,171,9,116,0,0,0
4.3109,20044,Rest,HAZIRLANIYOR...,0,172,0,110,0,1,0
4.3110,20045,Rest,HAZIRLANIYOR...,0,171,0,100,0,0,0
4.3110,20046,Rest,HAZIRLANIYOR...,0,172,0,89,0,0,0
4.3110,20047,Rest,HAZIRLANIYOR...,0,176,0,76,0,0,8
4.3110,20048,Rest,HAZIRLANIYOR...,0,184,0,60,0,0,13
4.3112,20049,Rest,HAZIRLANIYOR...,0,197,0,41,6,2,6
4.3112,20050,Rest,HAZIRLANIYOR...,0,218,0,21,62,3,0
4.3255,20051,Rest,HAZIRLANIYOR...,0,241,0,3,104,4,0
4.3257,20052,Rest,HAZIRLANIYOR...,0,262,0,0,144,6,0
4.3257,20053,Rest,HAZIRLANIYOR...,0,278,0,0,187,6,0
4.3257,20054,Rest,HAZIRLANIYOR...,0,291,0,0,225,5,0
4.3257,20055,Rest,HAZIRLANIYOR...,0,303,0,0,250,4,1
4.3257,20056,Rest,HAZIRLANIYOR...,0,312,0,0,263,3,0
4.3257,20057,Rest,HAZIRLANIYOR...,0,316,0,0,270,2,1
4.3257,20058,Rest,HAZIRLANIYOR...,0,313,11,0,272,0,7
4.3257,20059,Rest,HAZIRLANIYOR...,0,307,25,0,263,0,11
4.3258,20060,Rest,HAZIRLANIYOR...,0,301,38,0,245,0,4
4.3258,20061,Rest,HAZIRLANIYOR...,0,298,49,0,228,0,0
4.3258,20062,Rest,HAZIRLANIYOR...,0,297,61,0,219,1,0
4.3258,20063,Rest,HAZIRLANIYOR...,0,294,74,0,210,3,0
4.3258,20064,Rest,HAZIRLANIYOR...,0,286,86,0,185,1,0
4.3258,20065,Rest,HAZIRLANIYOR...,0,271,96,0,139,0,0
4.3259,20066,Rest,HAZIRLANIYOR...,0,250,103,0,81,0,0
4.3259,20067,Rest,HAZIRLANIYOR...,0,223,108,0,18,0,0
4.3259,20068,Rest,HAZIRLANIYOR...,0,196,113,0,0,3,0
4.3259,20069,Rest,HAZIRLANIYOR...,0,169,116,0,0,6,0
4.3259,20070,Rest,HAZIRLANIYOR...,0,141,116,0,0,2,0
4.3259,20071,Rest,HAZIRLANIYOR...,0,108,113,0,0,0,5
4.3259,20072,Rest,HAZIRLANIYOR...,0,66,107,0,0,0,7
4.3259,20073,Rest,HAZIRLANIYOR...,0,19,100,0,0,0,4
4.3259,20074,Rest,HAZIRLANIYOR...,0,0,91,0,0,0,1
4.3260,20075,Rest,HAZIRLANIYOR...,0,0,77,0,0,0,1
4.3260,20076,Rest,HAZIRLANIYOR...,0,0,59,0,0,0,3
4.3407,20077,Rest,HAZIRLANIYOR...,0,0,39,0,0,0,9
4.3408,20078,Rest,HAZIRLANIYOR...,0,0,20,0,0,2,14
4.3408,20079,Rest,HAZIRLANIYOR...,0,0,0,0,0,6,10
4.3408,20080,Rest,HAZIRLANIYOR...,0,0,0,0,0,8,0
4.3408,20081,Rest,HAZIRLANIYOR...,0,0,0,0,0,2,0
4.3408,20082,Rest,HAZIRLANIYOR...,0,0,0,0,0,0,0
4.3409,20083,Rest,HAZIRLANIYOR...,0,0,0,0,0,0,0
4.3409,20084,Rest,HAZIRLANIYOR...,0,0,0,0,0,0,0
4.3409,20085,Rest,HAZIRLANIYOR...,0,0,0,0,15,2,0
4.3409,20086,Rest,HAZIRLANIYOR...,0,0,0,0,71,2,0
4.3410,20087,Rest,HAZIRLANIYOR...,0,0,0,0,116,0,0
4.3410,20088,Rest,HAZIRLANIYOR...,0,0,0,0,155,0,0
4.3410,20089,Rest,HAZIRLANIYOR...,0,0,0,0,194,1,0
4.3410,20090,Rest,HAZIRLANIYOR...,0,0,0,0,229,0,6
4.3410,20091,Rest,HAZIRLANIYOR...,0,0,0,0,255,0,11
4.3410,20092,Rest,HAZIRLANIYOR...,0,0,0,0,269,0,4
4.3410,20093,Rest,HAZIRLANIYOR...,0,0,0,0,274,0,0
4.3411,20094,Rest,HAZIRLANIYOR...,0,0,0,0,276,0,0
4.3411,20095,Rest,HAZIRLANIYOR...,0,0,0,0,268,0,0
4.3411,20096,Rest,HAZIRLANIYOR...,0,0,0,0,242,0,0
4.3411,20097,Rest,HAZIRLANIYOR...,0,5,0,0,217,2,0
4.3411,20098,Rest,HAZIRLANIYOR...,0,23,0,7,209,3,0
4.3412,20099,Rest,HAZIRLANIYOR...,0,39,0,19,202,1,0
4.3412,20100,Rest,HAZIRLANIYOR...,0,53,0,31,168,0,1
4.3412,20101,Rest,HAZIRLANIYOR...,0,65,0,44,107,0,0
4.3412,20102,Rest,HAZIRLANIYOR...,0,71,6,56,39,0,0
4.3413,20103,Rest,HAZIRLANIYOR...,0,65,14,65,0,0,0
4.3568,20104,Rest,HAZIRLANIYOR...,0,43,21,72,0,0,6
4.3569,20105,Rest,HAZIRLANIYOR...,0,9,25,78,0,0,10
4.3569,20106,Rest,HAZIRLANIYOR...,0,0,27,85,0,0,3
4.3569,20107,Rest,HAZIRLANIYOR...,0,0,28,90,0,4,0
4.3569,20108,Rest,HAZIRLANIYOR...,0,0,28,93,0,4,0
4.3569,20109,Rest,HAZIRLANIYOR...,0,0,25,92,0,1,0
4.3570,20110,Rest,HAZIRLANIYOR...,0,0,17,86,0,0,0
4.3570,20111,Rest,HAZIRLANIYOR...,0,0,9,79,0,2,0
4.3570,20112,Rest,HAZIRLANIYOR...,0,0,2,73,0,8,0
4.3570,20113,Rest,HAZIRLANIYOR...,0,0,0,65,0,3,0
4.3570,20114,Rest,HAZIRLANIYOR...,0,0,0,55,0,0,1
4.3570,20115,Rest,HAZIRLANIYOR...,0,0,0,44,0,0,3
4.3570,20116,Rest,HAZIRLANIYOR...,0,0,0,32,0,0,2
4.3570,20117,Rest,HAZIRLANIYOR...,0,0,0,20,0,4,0
4.3571,20118,Rest,HAZIRLANIYOR...,0,0,0,6,0,7,0
4.3571,20119,Rest,HAZIRLANIYOR...,0,0,0,0,0,2,0
4.3571,20120,Rest,HAZIRLANIYOR...,0,0,0,0,0,0,0
4.3571,20121,Rest,HAZIRLANIYOR...,0,0,0,0,57,0,0
4.3571,20122,Rest,HAZIRLANIYOR...,0,18,0,0,103,0,0
4.3571,20123,Rest,HAZIRLANIYOR...,0,60,0,0,144,1,1
4.3571,20124,Rest,HAZIRLANIYOR...,0,97,0,0,182,2,1
4.3571,20125,Rest,HAZIRLANIYOR...,0,123,0,0,217,7,1
4.3572,20126,Rest,HAZIRLANIYOR...,0,136,0,0,247,11,2
4.3572,20127,Rest,HAZIRLANIYOR...,0,142,0,0,267,5,3
4.3572,20128,Rest,HAZIRLANIYOR...,0,150,0,0,275,0,2
4.3572,20129,Rest,HAZIRLANIYOR...,0,163,0,0,274,0,0
4.3572,20130,Rest,HAZIRLANIYOR...,0,176,0,0,268,0,0
4.3574,20131,Rest,HAZIRLANIYOR...,0,184,11,0,254,7,0
4.3575,20132,Rest,HAZIRLANIYOR...,0,189,28,0,230,9,0
4.3731,20133,Rest,HAZIRLANIYOR...,0,195,46,0,209,1,3
4.3732,20134,Rest,HAZIRLANIYOR...,0,198,61,2,197,0,9
4.3732,20135,Rest,HAZIRLANIYOR...,0,194,74,11,176,0,14
4.3733,20136,Rest,HAZIRLANIYOR...,0,183,84,20,130,0,7
4.3733,20137,Rest,HAZIRLANIYOR...,0,165,94,28,65,3,0
4.3734,20138,Rest,HAZIRLANIYOR...,0,144,102,33,0,0,0
4.3734,20139,Rest,HAZIRLANIYOR...,0,123,106,37,0,0,0
4.3734,20140,Rest,HAZIRLANIYOR...,0,103,104,39,0,0,0
4.3734,20141,Rest,HAZIRLANIYOR...,0,83,99,40,0,0,0
4.3734,20142,Rest,HAZIRLANIYOR...,0,59,94,40,0,0,3
4.3734,20143,Rest,HAZIRLANIYOR...,0,25,86,39,0,0,11
4.3735,20144,Rest,HAZIRLANIYOR...,0,0,76,36,0,0,17
4.3735,20145,Rest,HAZIRLANIYOR...,0,0,63,33,0,0,12
4.3735,20146,Rest,HAZIRLANIYOR...,0,0,49,31,0,0,0
4.3735,20147,Rest,HAZIRLANIYOR...,0,0,34,27,0,0,0
4.3735,20148,Rest,HAZIRLANIYOR...,0,0,16,24,0,0,0
4.3735,20149,Rest,HAZIRLANIYOR...,0,0,0,21,0,0,0
4.3736,20150,Rest,HAZIRLANIYOR...,0,0,0,16,0,0,0
4.3736,20151,Rest,HAZIRLANIYOR...,0,0,0,8,0,0,0
4.3736,20152,Rest,HAZIRLANIYOR...,0,0,0,0,0,0,0
4.3736,20153,Rest,HAZIRLANIYOR...,0,0,0,0,0,0,0
4.3736,20154,Rest,HAZIRLANIYOR...,0,0,0,0,0,1,0
4.3736,20155,Rest,HAZIRLANIYOR...,0,0,0,0,0,3,0
4.3737,20156,Rest,HAZIRLANIYOR...,0,0,0,0,31,4,0
4.3737,20157,Rest,HAZIRLANIYOR...,0,0,0,0,77,4,0
4.3737,20158,Rest,HAZIRLANIYOR...,0,0,0,0,117,3,0
4.3737,20159,Rest,HAZIRLANIYOR...,0,0,0,0,154,3,0
4.3738,20160,Rest,HAZIRLANIYOR...,0,0,0,0,189,3,0
4.3738,20161,Rest,HAZIRLANIYOR...,0,0,0,0,220,3,0
4.3886,20162,Rest,HAZIRLANIYOR...,0,0,0,0,242,4,0
4.3887,20163,Rest,HAZIRLANIYOR...,0,0,0,0,255,4,0
4.3887,20164,Rest,HAZIRLANIYOR...,0,0,0,0,257,4,0
4.3888,20165,Rest,HAZIRLANIYOR...,0,21,0,0,248,4,0
4.3888,20166,Rest,HAZIRLANIYOR...,0,56,0,0,232,4,0
4.3889,20167,Rest,HAZIRLANIYOR...,0,93,0,0,215,6,0
4.3889,20168,Rest,HAZIRLANIYOR...,0,129,15,0,199,8,0
4.3889,20169,Rest,HAZIRLANIYOR...,0,160,34,8,180,4,0
4.3889,20170,Rest,HAZIRLANIYOR...,0,181,53,21,157,0,0
4.3889,20171,Rest,HAZIRLANIYOR...,0,198,70,33,132,0,0
4.3889,20172,Rest,HAZIRLANIYOR...,0,212,84,43,93,0,4
4.3889,20173,Rest,HAZIRLANIYOR...,0,222,93,48,34,0,8
4.3889,20174,Rest,HAZIRLANIYOR...,0,226,100,51,0,0,4
4.3889,20175,Rest,HAZIRLANIYOR...,0,227,105,54,0,0,0
4.3890,20176,Rest,HAZIRLANIYOR...,0,226,108,56,0,0,0
4.3890,20177,Rest,HAZIRLANIYOR...,0,222,108,56,0,0,0
4.3890,20178,Rest,HAZIRLANIYOR...,0,219,106,55,0,0,0
4.3890,20179,Rest,HAZIRLANIYOR...,0,219,102,55,0,0,0
4.3890,20180,Rest,HAZIRLANIYOR...,0,223,97,54,0,1,0
4.3890,20181,Rest,HAZIRLANIYOR...,0,230,91,51,0,6,3
4.3890,20182,Rest,HAZIRLANIYOR...,0,236,82,48,0,8,9
4.3891,20183,Rest,HAZIRLANIYOR...,0,236,71,45,0,2,12
4.3891,20184,Rest,HAZIRLANIYOR...,0,224,57,39,0,0,4
4.3891,20185,Rest,HAZIRLANIYOR...,0,202,42,29,0,0,0
4.3891,20186,Rest,HAZIRLANIYOR...,0,179,26,17,0,0,0
4.3892,20187,Rest,HAZIRLANIYOR...,0,162,10,5,0,0,0
4.3892,20188,Rest,HAZIRLANIYOR...,0,150,0,0,0,0,0
4.4045,20189,Rest,HAZIRLANIYOR...,0,139,0,0,0,0,0
4.4046,20190,Rest,HAZIRLANIYOR...,0,125,0,0,0,0,0
4.4047,20191,Rest,HAZIRLANIYOR...,0,109,0,0,13,0,0
4.4047,20192,Rest,HAZIRLANIYOR...,0,93,0,0,66,1,0
4.4047,20193,Rest,HAZIRLANIYOR...,0,75,0,0,110,4,0
4.4047,20194,Rest,HAZIRLANIYOR...,0,54,0,0,150,2,2
4.4047,20195,Rest,HAZIRLANIYOR...,0,28,0,0,185,0,4
4.4048,20196,Rest,HAZIRLANIYOR...,0,0,0,0,218,0,4
4.4048,20197,Rest,HAZIRLANIYOR...,0,0,0,0,241,0,2
4.4048,20198,Rest,HAZIRLANIYOR...,0,0,0,0,251,0,3
4.4048,20199,Rest,HAZIRLANIYOR...,0,0,0,0,249,0,10
4.4048,20200,Rest,HAZIRLANIYOR...,0,0,0,0,246,0,15
4.4048,20201,Rest,HAZIRLANIYOR...,0,0,0,0,238,0,7
4.4049,20202,Rest,HAZIRLANIYOR...,0,0,0,0,223,0,0
4.4049,20203,Rest,HAZIRLANIYOR...,0,0,0,0,206,0,0
4.4049,20204,Rest,HAZIRLANIYOR...,0,0,0,0,193,1,0
4.4049,20205,Rest,HAZIRLANIYOR...,0,0,7,5,180,1,0
4.4049,20206,Rest,HAZIRLANIYOR...,0,0,24,16,152,0,0
4.4049,20207,Rest,HAZIRLANIYOR...,0,0,39,28,103,0,0
4.4049,20208,Rest,HAZIRLANIYOR...,0,0,54,39,45,0,0
4.4049,20209,Rest,HAZIRLANIYOR...,0,0,68,52,0,0,0
4.4050,20210,Rest,HAZIRLANIYOR...,0,0,79,61,0,0,0
4.4050,20211,Rest,HAZIRLANIYOR...,0,0,85,66,0,0,0
4.4050,20212,Rest,HAZIRLANIYOR...,0,0,88,69,0,0,0
4.4050,20213,Rest,HAZIRLANIYOR...,0,0,88,69,0,0,0
4.4050,20214,Rest,HAZIRLANIYOR...,0,0,84,67,0,0,0
4.4050,20215,Rest,HAZIRLANIYOR...,0,0,76,60,0,0,0
4.4051,20216,Rest,HAZIRLANIYOR...,0,0,66,51,0,0,0
4.4198,20217,Rest,HAZIRLANIYOR...,0,0,55,41,0,0,0
4.4199,20218,Rest,HAZIRLANIYOR...,0,0,42,30,0,0,0
4.4199,20219,Rest,HAZIRLANIYOR...,0,0,27,19,0,0,1
4.4199,20220,Rest,HAZIRLANIYOR...,0,0,8,8,0,5,7
4.4199,20221,Rest,HAZIRLANIYOR...,0,0,0,0,0,6,11
4.4200,20222,Rest,HAZIRLANIYOR...,0,0,0,0,0,0,4
4.4200,20223,Rest,HAZIRLANIYOR...,0,0,0,0,0,0,0
4.4200,20224,Rest,HAZIRLANIYOR...,0,0,0,0,0,0,0
4.4200,20225,Rest,HAZIRLANIYOR...,0,0,0,0,0,0,2
4.4200,20226,Rest,HAZIRLANIYOR...,0,0,0,0,0,2,6
4.4201,20227,Rest,HAZIRLANIYOR...,0,0,0,0,25,1,0
4.4201,20228,Rest,HAZIRLANIYOR...,0,0,0,0,79,1,0
4.4201,20229,Rest,HAZIRLANIYOR...,0,0,0,0,121,3,0
4.4201,20230,Rest,HAZIRLANIYOR...,0,0,0,0,154,3,0
4.4201,20231,Rest,HAZIRLANIYOR...,0,0,0,0,186,3,0
4.4201,20232,Rest,HAZIRLANIYOR...,0,0,0,0,217,4,0
4.4202,20233,Rest,HAZIRLANIYOR...,0,0,0,0,241,8,0
4.4202,20234,Rest,HAZIRLANIYOR...,0,0,0,0,252,10,0
4.4202,20235,Rest,HAZIRLANIYOR...,0,0,0,0,252,6,0
4.4202,20236,Rest,HAZIRLANIYOR...,0,0,0,0,245,0,0
4.4202,20237,Rest,HAZIRLANIYOR...,0,10,0,0,233,0,0
4.4202,20238,Rest,HAZIRLANIYOR...,0,65,0,0,219,0,0
4.4203,20239,Rest,HAZIRLANIYOR...,0,114,0,4,213,0,0
4.4203,20240,Rest,HAZIRLANIYOR...,0,150,8,13,207,0,0
4.4203,20241,Rest,HAZIRLANIYOR...,0,170,20,24,181,0,0
4.4203,20242,Rest,HAZIRLANIYOR...,0,174,31,36,132,1,0
4.4204,20243,Rest,HAZIRLANIYOR...,0,169,41,46,81,1,0
4.4348,20244,Rest,HAZIRLANIYOR...,0,161,53,53,30,0,0
4.4349,20245,Rest,HAZIRLANIYOR...,0,158,65,58,0,0,0
4.4349,20246,Rest,HAZIRLANIYOR...,0,158,73,63,0,0,0
4.4350,20247,Rest,HAZIRLANIYOR...,0,155,77,65,0,0,0
4.4350,20248,Rest,HAZIRLANIYOR...,0,145,79,63,0,3,0
4.4350,20249,Rest,HAZIRLANIYOR...,0,132,79,60,0,5,0
4.4350,20250,Rest,HAZIRLANIYOR...,0,122,77,56,0,0,0
4.4350,20251,Rest,HAZIRLANIYOR...,0,117,73,52,0,0,4
4.4350,20252,Rest,HAZIRLANIYOR...,0,119,67,43,0,0,4
4.4351,20253,Rest,HAZIRLANIYOR...,0,127,58,29,0,0,1
4.4351,20254,Rest,HAZIRLANIYOR...,0,140,49,12,0,0,0
4.4351,20255,Rest,HAZIRLANIYOR...,0,158,38,0,0,0,0
4.4351,20256,Rest,HAZIRLANIYOR...,0,183,27,0,0,0,0
4.4351,20257,Rest,HAZIRLANIYOR...,0,215,17,0,0,0,0
4.4351,20258,Rest,HAZIRLANIYOR...,0,248,7,0,0,1,1
4.4352,20259,Rest,HAZIRLANIYOR...,0,278,0,0,0,1,1
4.4352,20260,Rest,HAZIRLANIYOR...,0,304,0,0,0,1,1
4.4352,20261,Rest,HAZIRLANIYOR...,0,323,0,0,0,1,0
4.4352,20262,Rest,HAZIRLANIYOR...,0,335,0,0,14,2,0
4.4352,20263,Rest,HAZIRLANIYOR...,0,339,0,0,59,3,0
4.4352,20264,Rest,HAZIRLANIYOR...,0,334,0,0,92,3,0
4.4353,20265,Rest,HAZIRLANIYOR...,0,322,0,0,123,3,2
4.4353,20266,Rest,HAZIRLANIYOR...,0,307,0,0,158,3,2
4.4353,20267,Rest,HAZIRLANIYOR...,0,297,0,0,196,3,0
4.4353,20268,Rest,HAZIRLANIYOR...,0,293,0,0,225,4,0
4.4353,20269,Rest,HAZIRLANIYOR...,0,293,0,0,239,8,0
4.4354,20270,Rest,HAZIRLANIYOR...,0,295,0,0,242,9,3
4.4502,20271,Rest,HAZIRLANIYOR...,0,296,0,0,241,3,3
4.4503,20272,Rest,HAZIRLANIYOR...,0,294,0,0,238,0,3
4.4503,20273,Rest,HAZIRLANIYOR...,0,287,0,0,227,0,2
4.4503,20274,Rest,HAZIRLANIYOR...,0,275,0,11,210,0,2
4.4503,20275,Rest,HAZIRLANIYOR...,0,254,1,26,198,0,2
4.4503,20276,Rest,HAZIRLANIYOR...,0,219,16,40,189,0,2
4.4504,20277,Rest,HAZIRLANIYOR...,0,168,30,52,158,0,2
4.4504,20278,Rest,HAZIRLANIYOR...,0,109,44,64,100,0,0
4.4504,20279,Rest,HAZIRLANIYOR...,0,46,59,76,37,0,0
4.4504,20280,Rest,HAZIRLANIYOR...,0,0,70,84,0,0,0
4.4504,20281,Rest,HAZIRLANIYOR...,0,0,75,87,0,0,0
4.4504,20282,Rest,HAZIRLANIYOR...,0,0,75,86,0,0,0
4.4504,20283,Rest,HAZIRLANIYOR...,0,0,71,81,0,0,0
4.4505,20284,Rest,HAZIRLANIYOR...,0,0,66,75,0,0,0
4.4505,20285,Rest,HAZIRLANIYOR...,0,0,60,65,0,0,0
4.4505,20286,Rest,HAZIRLANIYOR...,0,0,55,54,0,0,0
4.4505,20287,Rest,HAZIRLANIYOR...,0,0,49,43,0,2,0
4.4505,20288,Rest,HAZIRLANIYOR...,0,0,43,34,0,2,0
4.4505,20289,Rest,HAZIRLANIYOR...,0,0,34,27,0,2,0
4.4505,20290,Rest,HAZIRLANIYOR...,0,0,21,19,0,4,0
4.4505,20291,Rest,HAZIRLANIYOR...,0,0,4,8,0,7,0
4.4505,20292,Rest,HAZIRLANIYOR...,0,0,0,0,0,3,0
4.4506,20293,Rest,HAZIRLANIYOR...,0,0,0,0,0,0,0
4.4506,20294,Rest,HAZIRLANIYOR...,0,0,0,0,0,0,0
4.4506,20295,Rest,HAZIRLANIYOR...,0,0,0,0,0,0,0
4.4506,20296,Rest,HAZIRLANIYOR...,0,0,0,0,0,2,0
4.4507,20297,Rest,HAZIRLANIYOR...,0,0,0,0,0,2,7
4.4655,20298,Rest,HAZIRLANIYOR...,0,0,0,0,38,1,5
4.4656,20299,Rest,HAZIRLANIYOR...,0,0,0,0,85,1,0
4.4656,20300,Rest,HAZIRLANIYOR...,0,0,0,0,129,2,0
4.4656,20301,Rest,HAZIRLANIYOR...,0,0,0,0,171,1,0
4.4656,20302,Rest,HAZIRLANIYOR...,0,0,0,13,208,0,0
4.4656,20303,Rest,HAZIRLANIYOR...,0,0,0,27,231,0,0
4.4656,20304,Rest,HAZIRLANIYOR...,0,0,0,35,242,0,0
4.4657,20305,Rest,HAZIRLANIYOR...,0,18,10,39,253,3,0
4.4657,20306,Rest,HAZIRLANIYOR...,0,40,27,39,261,4,0
4.4657,20307,Rest,HAZIRLANIYOR...,0,64,44,41,255,2,1
4.4657,20308,Rest,HAZIRLANIYOR...,0,89,61,44,232,6,7
4.4657,20309,Rest,HAZIRLANIYOR...,0,115,74,47,208,9,11
4.4657,20310,Rest,HAZIRLANIYOR...,0,142,83,51,195,2,4
4.4657,20311,Rest,HAZIRLANIYOR...,0,163,87,56,188,0,0
4.4657,20312,Rest,HAZIRLANIYOR...,0,176,88,60,167,0,0
4.4658,20313,Rest,HAZIRLANIYOR...,0,181,89,62,125,0,0
4.4658,20314,Rest,HAZIRLANIYOR...,0,179,88,61,70,0,0
4.4658,20315,Rest,HAZIRLANIYOR...,0,173,85,60,13,0,2
4.4658,20316,Rest,HAZIRLANIYOR...,0,162,81,59,0,0,5
4.4658,20317,Rest,HAZIRLANIYOR...,0,148,78,57,0,0,0
4.4658,20318,Rest,HAZIRLANIYOR...,0,129,73,53,0,0,0
4.4659,20319,Rest,HAZIRLANIYOR...,0,103,64,46,0,4,0
4.4659,20320,Rest,HAZIRLANIYOR...,0,74,53,38,0,8,0
4.4659,20321,Rest,HAZIRLANIYOR...,0,45,41,29,0,2,5
4.4659,20322,Rest,HAZIRLANIYOR...,0,18,29,19,0,0,7
4.4660,20323,Rest,HAZIRLANIYOR...,0,0,15,7,0,0,2
4.4661,20324,Rest,HAZIRLANIYOR...,0,0,0,0,0,0,0
4.4662,20325,Rest,HAZIRLANIYOR...,0,0,0,0,0,0,0
4.4806,20326,Rest,HAZIRLANIYOR...,0,0,0,0,0,5,0
4.4807,20327,Rest,HAZIRLANIYOR...,0,0,0,0,0,7,0
4.4807,20328,Rest,HAZIRLANIYOR...,0,0,0,0,0,2,0
4.4807,20329,Rest,HAZIRLANIYOR...,0,0,0,0,0,0,0
4.4807,20330,Rest,HAZIRLANIYOR...,0,0,0,0,0,0,2
4.4807,20331,Rest,HAZIRLANIYOR...,0,0,0,0,0,0,4
4.4807,20332,Rest,HAZIRLANIYOR...,0,0,0,0,0,0,1
4.4807,20333,Rest,HAZIRLANIYOR...,0,0,0,0,11,0,0
4.4807,20334,Rest,HAZIRLANIYOR...,0,0,0,0,60,0,6
4.4808,20335,Rest,HAZIRLANIYOR...,0,0,0,0,102,1,11
4.4808,20336,Rest,HAZIRLANIYOR...,0,0,0,0,139,1,5
4.4808,20337,Rest,HAZIRLANIYOR...,0,0,0,0,172,0,0
4.4808,20338,Rest,HAZIRLANIYOR...,0,0,0,0,200,0,0
4.4808,20339,Rest,HAZIRLANIYOR...,0,0,0,0,223,0,0
4.4808,20340,Rest,HAZIRLANIYOR...,0,0,0,0,237,0,0
4.4808,20341,Rest,HAZIRLANIYOR...,0,8,0,0,239,0,0
4.4809,20342,Rest,HAZIRLANIYOR...,0,37,0,0,230,0,0
4.4809,20343,Rest,HAZIRLANIYOR...,0,65,0,0,218,0,1
4.4809,20344,Rest,HAZIRLANIYOR...,0,94,0,0,209,0,3
4.4809,20345,Rest,HAZIRLANIYOR...,0,121,0,0,201,0,2
4.4809,20346,Rest,HAZIRLANIYOR...,0,144,0,12,186,0,2
4.4809,20347,Rest,HAZIRLANIYOR...,0,163,0,34,162,0,2
4.4810,20348,Rest,HAZIRLANIYOR...,0,178,4,56,129,0,2
4.4810,20349,Rest,HAZIRLANIYOR...,0,185,21,76,85,0,1
4.4810,20350,Rest,HAZIRLANIYOR...,0,183,38,95,34,0,0
4.4810,20351,Rest,HAZIRLANIYOR...,0,170,52,113,0,0,1
4.4958,20352,Rest,HAZIRLANIYOR...,0,149,66,130,0,0,2
4.4960,20353,Rest,HAZIRLANIYOR...,0,123,79,142,0,0,2
4.4960,20354,Rest,HAZIRLANIYOR...,0,95,90,149,0,0,1
4.4960,20355,Rest,HAZIRLANIYOR...,0,63,97,151,0,0,0
4.4961,20356,Rest,HAZIRLANIYOR...,0,27,102,148,0,0,0
4.4961,20357,Rest,HAZIRLANIYOR...,0,0,108,140,0,2,0
4.4961,20358,Rest,HAZIRLANIYOR...,0,0,115,126,0,3,2
4.4961,20359,Rest,HAZIRLANIYOR...,0,0,118,109,0,3,2
4.4961,20360,Rest,HAZIRLANIYOR...,0,0,117,93,0,2,1
4.4961,20361,Rest,HAZIRLANIYOR...,0,0,113,76,0,0,0
4.4961,20362,Rest,HAZIRLANIYOR...,0,0,107,56,0,0,0
4.4962,20363,Rest,HAZIRLANIYOR...,0,0,99,35,0,2,1
4.4962,20364,Rest,HAZIRLANIYOR...,0,0,89,16,0,7,0
4.4962,20365,Rest,HAZIRLANIYOR...,0,0,76,0,0,10,1
4.4962,20366,Rest,HAZIRLANIYOR...,0,0,62,0,0,3,1
4.4962,20367,Rest,HAZIRLANIYOR...,0,0,47,0,0,0,3
4.4962,20368,Rest,HAZIRLANIYOR...,0,0,28,0,3,0,9
4.4962,20369,Rest,HAZIRLANIYOR...,0,0,6,0,54,0,17
4.4962,20370,Rest,HAZIRLANIYOR...,0,0,0,0,97,0,13
4.4963,20371,Rest,HAZIRLANIYOR...,0,0,0,0,132,0,0
4.4963,20372,Rest,HAZIRLANIYOR...,0,0,0,0,161,0,0
4.4963,20373,Rest,HAZIRLANIYOR...,0,0,0,0,186,3,0
4.4963,20374,Rest,HAZIRLANIYOR...,0,0,0,0,207,12,0
4.4963,20375,Rest,HAZIRLANIYOR...,0,0,0,0,224,15,0
4.4963,20376,Rest,HAZIRLANIYOR...,0,0,0,0,233,9,0
4.4963,20377,Rest,HAZIRLANIYOR...,0,0,0,0,234,0,0
4.4965,20378,Rest,HAZIRLANIYOR...,0,0,0,0,223,0,0
4.5111,20379,Rest,HAZIRLANIYOR...,0,0,0,0,206,4,0
4.5113,20380,Rest,HAZIRLANIYOR...,0,0,4,0,188,8,0
4.5113,20381,Rest,HAZIRLANIYOR...,0,18,19,0,176,7,0
4.5113,20382,Rest,HAZIRLANIYOR...,0,40,32,9,168,0,0
4.5113,20383,Rest,HAZIRLANIYOR...,0,61,45,24,148,0,0
4.5113,20384,Rest,HAZIRLANIYOR...,0,83,57,38,108,0,0
4.5113,20385,Rest,HAZIRLANIYOR...,0,102,65,49,55,0,0
4.5114,20386,Rest,HAZIRLANIYOR...,0,118,69,58,2,0,0
4.5114,20387,Rest,HAZIRLANIYOR...,0,129,69,65,0,0,0
4.5114,20388,Rest,HAZIRLANIYOR...,0,134,65,72,0,0,0
4.5114,20389,Rest,HAZIRLANIYOR...,0,135,58,77,0,0,0
4.5114,20390,Rest,HAZIRLANIYOR...,0,131,47,78,0,0,0
4.5114,20391,Rest,HAZIRLANIYOR...,0,123,34,75,0,0,0
4.5114,20392,Rest,HAZIRLANIYOR...,0,112,20,67,0,0,0
4.5114,20393,Rest,HAZIRLANIYOR...,0,103,4,57,0,0,0
4.5115,20394,Rest,HAZIRLANIYOR...,0,96,0,46,0,0,0
4.5115,20395,Rest,HAZIRLANIYOR...,0,92,0,32,0,0,0
4.5115,20396,Rest,HAZIRLANIYOR...,0,89,0,15,0,0,7
4.5115,20397,Rest,HAZIRLANIYOR...,0,91,0,0,0,0,11
4.5115,20398,Rest,HAZIRLANIYOR...,0,94,0,0,0,0,4
4.5115,20399,Rest,HAZIRLANIYOR...,0,93,0,0,0,0,0
4.5115,20400,Rest,HAZIRLANIYOR...,0,87,0,0,0,0,0
4.5115,20401,Rest,HAZIRLANIYOR...,0,79,0,0,0,2,0
4.5115,20402,Rest,HAZIRLANIYOR...,0,72,0,0,0,3,0
4.5116,20403,Rest,HAZIRLANIYOR...,0,68,0,0,0,3,0
4.5116,20404,Rest,HAZIRLANIYOR...,0,67,0,0,7,4,0
4.5116,20405,Rest,HAZIRLANIYOR...,0,65,0,0,58,4,0
4.5262,20406,Rest,HAZIRLANIYOR...,0,64,0,0,102,4,0
4.5262,20407,Rest,HAZIRLANIYOR...,0,69,0,0,139,4,0
4.5263,20408,Rest,HAZIRLANIYOR...,0,79,0,0,172,3,0
4.5263,20409,Rest,HAZIRLANIYOR...,0,91,0,0,205,2,1
4.5263,20410,Rest,HAZIRLANIYOR...,0,99,0,0,232,2,0
4.5263,20411,Rest,HAZIRLANIYOR...,0,104,0,0,248,2,0
4.5263,20412,Rest,HAZIRLANIYOR...,0,108,0,0,252,2,1
4.5263,20413,Rest,HAZIRLANIYOR...,0,110,0,0,248,2,5
4.5264,20414,Rest,HAZIRLANIYOR...,0,107,0,0,236,0,7
4.5264,20415,Rest,HAZIRLANIYOR...,0,102,0,0,222,0,3
4.5264,20416,Rest,HAZIRLANIYOR...,0,94,10,0,213,0,0
4.5264,20417,Rest,HAZIRLANIYOR...,0,83,26,0,207,0,0
4.5264,20418,Rest,HAZIRLANIYOR...,0,69,40,19,194,1,0
4.5265,20419,Rest,HAZIRLANIYOR...,0,52,52,42,166,0,6
4.5266,20420,Rest,HAZIRLANIYOR...,0,35,59,62,127,0,8
4.5266,20421,Rest,HAZIRLANIYOR...,0,22,64,77,74,0,0
4.5266,20422,Rest,HAZIRLANIYOR...,0,13,67,87,1,0,0
4.5266,20423,Rest,HAZIRLANIYOR...,0,6,69,91,0,0,0
4.5266,20424,Rest,HAZIRLANIYOR...,0,0,70,90,0,0,15
4.5266,20425,Rest,HAZIRLANIYOR...,0,0,68,85,0,0,14
4.5266,20426,Rest,HAZIRLANIYOR...,0,0,61,74,0,4,0
4.5266,20427,Rest,HAZIRLANIYOR...,0,0,53,59,0,6,0
4.5267,20428,Rest,HAZIRLANIYOR...,0,0,46,45,0,0,0
4.5267,20429,Rest,HAZIRLANIYOR...,0,0,40,32,0,0,0
4.5267,20430,Rest,HAZIRLANIYOR...,0,0,34,18,0,0,0
4.5267,20431,Rest,HAZIRLANIYOR...,0,0,27,2,0,1,0
4.5268,20432,Rest,HAZIRLANIYOR...,0,0,20,0,0,0,0
4.5414,20433,Rest,HAZIRLANIYOR...,0,0,14,0,0,0,0
4.5415,20434,Rest,HAZIRLANIYOR...,0,0,9,0,0,0,0
4.5415,20435,Rest,HAZIRLANIYOR...,0,0,4,0,0,0,0
4.5415,20436,Rest,HAZIRLANIYOR...,0,0,0,0,0,1,0
4.5416,20437,Rest,HAZIRLANIYOR...,0,0,0,0,0,2,0
4.5416,20438,Rest,HAZIRLANIYOR...,0,0,0,0,0,3,0
4.5416,20439,Rest,HAZIRLANIYOR...,0,0,0,0,0,2,0
4.5416,20440,Rest,HAZIRLANIYOR...,0,0,0,0,31,1,0
4.5416,20441,Rest,HAZIRLANIYOR...,0,0,1,0,81,0,0
4.5416,20442,Rest,HAZIRLANIYOR...,0,0,7,0,124,1,0
4.5416,20443,Rest,HAZIRLANIYOR...,0,0,13,0,167,2,0
4.5417,20444,Rest,HAZIRLANIYOR...,0,9,19,0,208,1,1
4.5417,20445,Rest,HAZIRLANIYOR...,0,18,24,0,238,1,2
4.5417,20446,Rest,HAZIRLANIYOR...,0,28,29,0,257,2,3
4.5417,20447,Rest,HAZIRLANIYOR...,0,46,36,6,268,2,1
4.5417,20448,Rest,HAZIRLANIYOR...,0,67,42,20,272,0,0
4.5418,20449,Rest,HAZIRLANIYOR...,0,84,48,34,265,0,0
4.5418,20450,Rest,HAZIRLANIYOR...,0,97,53,48,253,0,0
4.5419,20451,Rest,HAZIRLANIYOR...,0,110,56,60,240,6,0
4.5419,20452,Rest,HAZIRLANIYOR...,0,122,57,70,231,10,1
4.5419,20453,Rest,HAZIRLANIYOR...,0,133,56,79,222,4,8
4.5419,20454,Rest,HAZIRLANIYOR...,0,142,56,86,200,0,13
4.5419,20455,Rest,HAZIRLANIYOR...,0,145,55,92,156,0,6
4.5419,20456,Rest,HAZIRLANIYOR...,0,138,57,96,95,0,0
4.5419,20457,Rest,HAZIRLANIYOR...,0,119,58,99,32,0,0
4.5419,20458,Rest,HAZIRLANIYOR...,0,94,55,97,0,0,0
4.5420,20459,Rest,HAZIRLANIYOR...,0,67,46,92,0,0,0
4.5568,20460,Rest,HAZIRLANIYOR...,0,39,33,85,0,0,0
4.5569,20461,Rest,HAZIRLANIYOR...,0,12,19,74,0,0,0
4.5569,20462,Rest,HAZIRLANIYOR...,0,0,3,59,0,2,0
4.5569,20463,Rest,HAZIRLANIYOR...,0,0,0,41,0,6,0
4.5570,20464,Rest,HAZIRLANIYOR...,0,0,0,20,0,2,1
4.5570,20465,Rest,HAZIRLANIYOR...,0,0,0,0,0,0,0
4.5570,20466,Rest,HAZIRLANIYOR...,0,0,0,0,0,0,0
4.5570,20467,Rest,HAZIRLANIYOR...,0,0,0,0,0,0,0
4.5570,20468,Rest,HAZIRLANIYOR...,0,0,0,0,0,0,0
4.5570,20469,Rest,HAZIRLANIYOR...,0,0,0,0,0,0,0
4.5571,20470,Rest,HAZIRLANIYOR...,0,0,0,0,0,0,1
4.5571,20471,Rest,HAZIRLANIYOR...,0,0,0,0,0,0,1
4.5571,20472,Rest,HAZIRLANIYOR...,0,0,0,0,0,0,2
4.5571,20473,Rest,HAZIRLANIYOR...,0,0,0,0,0,1,2
4.5572,20474,Rest,HAZIRLANIYOR...,0,0,0,0,0,1,5
4.5572,20475,Rest,HAZIRLANIYOR...,0,0,0,0,18,1,11
4.5572,20476,Rest,HAZIRLANIYOR...,0,0,0,0,65,1,15
4.5572,20477,Rest,HAZIRLANIYOR...,0,0,0,0,110,1,10
4.5572,20478,Rest,HAZIRLANIYOR...,0,0,0,0,154,3,2
4.5572,20479,Rest,HAZIRLANIYOR...,0,0,0,0,194,4,0
4.5572,20480,Rest,HAZIRLANIYOR...,0,4,14,0,229,3,0
4.5573,20481,Rest,HAZIRLANIYOR...,0,39,33,0,258,2,0
4.5574,20482,Rest,HAZIRLANIYOR...,0,75,54,8,278,0,0
4.5574,20483,Rest,HAZIRLANIYOR...,0,112,74,30,283,0,0
4.5575,20484,Rest,HAZIRLANIYOR...,0,150,89,51,278,0,0
4.5575,20485,Rest,HAZIRLANIYOR...,0,185,100,72,266,0,0
4.5576,20486,Rest,HAZIRLANIYOR...,0,211,108,90,252,2,0
4.5576,20487,Rest,HAZIRLANIYOR...,0,229,112,102,241,3,0
4.5718,20488,Rest,HAZIRLANIYOR...,0,245,110,111,236,2,0
4.5719,20489,Rest,HAZIRLANIYOR...,0,256,103,117,223,1,0
4.5719,20490,Rest,HAZIRLANIYOR...,0,258,94,122,183,1,2
4.5719,20491,Rest,HAZIRLANIYOR...,0,250,84,124,120,0,1
4.5719,20492,Rest,HAZIRLANIYOR...,0,234,74,121,54,0,1
4.5719,20493,Rest,HAZIRLANIYOR...,0,212,63,117,0,0,2
4.5719,20494,Rest,HAZIRLANIYOR...,0,188,50,109,0,0,0
4.5719,20495,Rest,HAZIRLANIYOR...,0,166,35,99,0,0,0
4.5720,20496,Rest,HAZIRLANIYOR...,0,143,20,85,0,1,0
4.5720,20497,Rest,HAZIRLANIYOR...,0,117,7,69,0,5,1
4.5720,20498,Rest,HAZIRLANIYOR...,0,88,0,54,0,3,1
4.5720,20499,Rest,HAZIRLANIYOR...,0,57,0,38,0,0,0
4.5720,20500,Rest,HAZIRLANIYOR...,0,28,0,21,0,0,0
4.5720,20501,Rest,HAZIRLANIYOR...,0,3,0,3,0,0,0
4.5721,20502,Rest,HAZIRLANIYOR...,0,0,0,0,0,0,0
4.5721,20503,Rest,HAZIRLANIYOR...,0,0,0,0,0,0,0
4.5721,20504,Rest,HAZIRLANIYOR...,0,0,0,0,0,0,0
4.5721,20505,Rest,HAZIRLANIYOR...,0,0,0,0,0,0,0
4.5721,20506,Rest,HAZIRLANIYOR...,0,0,0,0,0,0,0
4.5721,20507,Rest,HAZIRLANIYOR...,0,0,0,0,0,0,0
4.5721,20508,Rest,HAZIRLANIYOR...,0,0,0,0,0,0,0
4.5721,20509,Rest,HAZIRLANIYOR...,0,0,0,0,0,1,1
4.5722,20510,Rest,HAZIRLANIYOR...,0,0,0,0,0,3,2
4.5722,20511,Rest,HAZIRLANIYOR...,0,0,0,0,28,8,5
4.5722,20512,Rest,HAZIRLANIYOR...,0,0,0,0,91,11,7
4.5722,20513,Rest,HAZIRLANIYOR...,0,0,0,0,147,6,4
4.5873,20514,Rest,HAZIRLANIYOR...,0,2,0,0,180,1,0
4.5875,20515,Rest,HAZIRLANIYOR...,0,6,0,0,202,2,0
4.5875,20516,Rest,HAZIRLANIYOR...,0,9,0,0,229,0,1
4.5875,20517,Rest,HAZIRLANIYOR...,0,16,0,0,254,0,1
4.5875,20518,Rest,HAZIRLANIYOR...,0,30,0,0,267,0,0
4.5875,20519,Rest,HAZIRLANIYOR...,0,47,0,0,263,0,0
4.5875,20520,Rest,HAZIRLANIYOR...,0,62,0,0,246,0,0
4.5876,20521,Rest,HAZIRLANIYOR...,0,75,0,0,229,0,0
4.5876,20522,Rest,HAZIRLANIYOR...,0,81,0,0,221,0,0
4.5876,20523,Rest,HAZIRLANIYOR...,0,78,0,0,219,1,0
4.5876,20524,Rest,HAZIRLANIYOR...,0,63,18,4,207,0,1
4.5876,20525,Rest,HAZIRLANIYOR...,0,41,41,28,178,0,1
4.5876,20526,Rest,HAZIRLANIYOR...,0,16,64,51,129,0,1
4.5876,20527,Rest,HAZIRLANIYOR...,0,0,84,72,70,0,1
4.5877,20528,Rest,HAZIRLANIYOR...,0,0,101,89,10,0,0
4.5877,20529,Rest,HAZIRLANIYOR...,0,0,117,103,0,0,0
4.5877,20530,Rest,HAZIRLANIYOR...,0,0,128,112,0,0,0
4.5877,20531,Rest,HAZIRLANIYOR...,0,0,134,118,0,4,5
4.5877,20532,Rest,HAZIRLANIYOR...,0,0,137,121,0,9,8
4.5877,20533,Rest,HAZIRLANIYOR...,0,0,138,120,0,2,3
4.5878,20534,Rest,HAZIRLANIYOR...,0,0,133,114,0,0,0
4.5878,20535,Rest,HAZIRLANIYOR...,0,0,122,105,0,0,0
4.5878,20536,Rest,HAZIRLANIYOR...,0,0,109,91,0,0,0
4.5878,20537,Rest,HAZIRLANIYOR...,0,0,96,74,0,0,2
4.5878,20538,Rest,HAZIRLANIYOR...,0,0,81,53,0,0,0
4.5879,20539,Rest,HAZIRLANIYOR...,0,0,65,32,0,2,0
4.5880,20540,Rest,HAZIRLANIYOR...,0,0,50,15,0,0,4
4.6024,20541,Rest,HAZIRLANIYOR...,0,0,36,0,0,0,7
4.6025,20542,Rest,HAZIRLANIYOR...,0,0,21,0,0,0,0
4.6025,20543,Rest,HAZIRLANIYOR...,0,0,6,0,0,0,0
4.6025,20544,Rest,HAZIRLANIYOR...,0,0,0,0,0,3,0
4.6025,20545,Rest,HAZIRLANIYOR...,0,0,0,0,0,3,0
4.6025,20546,Rest,HAZIRLANIYOR...,0,0,0,0,22,3,0
4.6026,20547,Rest,HAZIRLANIYOR...,0,0,0,0,75,4,0
4.6026,20548,Rest,HAZIRLANIYOR...,0,0,0,0,120,5,0
4.6026,20549,Rest,HAZIRLANIYOR...,0,39,0,0,162,4,0
4.6026,20550,Rest,HAZIRLANIYOR...,0,92,0,0,200,4,0
4.6026,20551,Rest,HAZIRLANIYOR...,0,130,0,0,233,4,0
4.6026,20552,Rest,HAZIRLANIYOR...,0,157,0,0,258,3,0
4.6027,20553,Rest,HAZIRLANIYOR...,0,176,0,0,274,3,0
4.6027,20554,Rest,HAZIRLANIYOR...,0,186,0,0,279,2,0
4.6027,20555,Rest,HAZIRLANIYOR...,0,185,0,0,271,0,0
4.6027,20556,Rest,HAZIRLANIYOR...,0,177,0,0,255,0,0
4.6027,20557,Rest,HAZIRLANIYOR...,0,167,0,0,238,3,0
4.6027,20558,Rest,HAZIRLANIYOR...,0,164,0,0,224,8,0
4.6027,20559,Rest,HAZIRLANIYOR...,0,170,0,0,215,10,1
4.6028,20560,Rest,HAZIRLANIYOR...,0,185,0,0,196,3,1
4.6028,20561,Rest,HAZIRLANIYOR...,0,207,0,8,156,0,0
4.6028,20562,Rest,HAZIRLANIYOR...,0,231,0,17,97,0,0
4.6028,20563,Rest,HAZIRLANIYOR...,0,253,0,27,32,1,0
4.6028,20564,Rest,HAZIRLANIYOR...,0,269,0,36,0,0,0
4.6028,20565,Rest,HAZIRLANIYOR...,0,276,6,45,0,0,3
4.6028,20566,Rest,HAZIRLANIYOR...,0,271,15,52,0,0,4
4.6029,20567,Rest,HAZIRLANIYOR...,0,257,23,59,0,0,2
4.6175,20568,Rest,HAZIRLANIYOR...,0,236,28,63,0,0,0
4.6176,20569,Rest,HAZIRLANIYOR...,0,213,30,65,0,0,0
4.6176,20570,Rest,HAZIRLANIYOR...,0,191,31,64,0,0,0
4.6176,20571,Rest,HAZIRLANIYOR...,0,168,31,59,0,0,1
4.6176,20572,Rest,HAZIRLANIYOR...,0,137,32,52,0,0,2
4.6176,20573,Rest,HAZIRLANIYOR...,0,102,29,42,0,0,1
4.6177,20574,Rest,HAZIRLANIYOR...,0,70,23,31,0,0,0
4.6177,20575,Rest,HAZIRLANIYOR...,0,38,17,18,0,0,1
4.6177,20576,Rest,HAZIRLANIYOR...,0,3,10,4,0,0,1
4.6177,20577,Rest,HAZIRLANIYOR...,0,0,3,0,0,0,1
4.6177,20578,Rest,HAZIRLANIYOR...,0,0,0,0,0,0,1
4.6177,20579,Rest,HAZIRLANIYOR...,0,0,0,0,0,0,0
4.6178,20580,Rest,HAZIRLANIYOR...,0,0,0,0,0,0,0
4.6178,20581,Rest,HAZIRLANIYOR...,0,0,0,0,0,1,0
4.6178,20582,Rest,HAZIRLANIYOR...,0,0,0,0,62,2,1
4.6178,20583,Rest,HAZIRLANIYOR...,0,0,0,0,104,2,2
4.6178,20584,Rest,HAZIRLANIYOR...,0,0,0,0,135,2,1
4.6178,20585,Rest,HAZIRLANIYOR...,0,0,0,0,172,2,2
4.6179,20586,Rest,HAZIRLANIYOR...,0,0,0,0,214,3,2
4.6179,20587,Rest,HAZIRLANIYOR...,0,0,0,0,249,4,2
4.6179,20588,Rest,HAZIRLANIYOR...,0,0,0,0,269,7,0
4.6179,20589,Rest,HAZIRLANIYOR...,0,0,0,0,277,8,0
4.6179,20590,Rest,HAZIRLANIYOR...,0,13,0,0,277,3,8
4.6179,20591,Rest,HAZIRLANIYOR...,0,21,0,5,267,0,15
4.6179,20592,Rest,HAZIRLANIYOR...,0,22,0,12,252,0,8
4.6180,20593,Rest,HAZIRLANIYOR...,0,18,2,20,237,0,0
4.6328,20594,Rest,HAZIRLANIYOR...,0,12,12,31,229,0,0
4.6329,20595,Rest,HAZIRLANIYOR...,0,5,24,44,222,0,0
4.6329,20596,Rest,HAZIRLANIYOR...,0,0,39,60,199,0,0
4.6329,20597,Rest,HAZIRLANIYOR...,0,0,53,75,143,5,0
4.6329,20598,Rest,HAZIRLANIYOR...,0,0,66,87,70,9,0
4.6329,20599,Rest,HAZIRLANIYOR...,0,0,76,95,6,2,0
4.6329,20600,Rest,HAZIRLANIYOR...,0,0,81,100,0,0,0
4.6329,20601,Rest,HAZIRLANIYOR...,0,0,82,103,0,0,0
4.6330,20602,Rest,HAZIRLANIYOR...,0,0,80,100,0,0,0
4.6330,20603,Rest,HAZIRLANIYOR...,0,0,76,92,0,0,5
4.6330,20604,Rest,HAZIRLANIYOR...,0,0,69,82,0,0,5
4.6330,20605,Rest,HAZIRLANIYOR...,0,0,58,72,0,0,0
4.6330,20606,Rest,HAZIRLANIYOR...,0,0,45,57,0,0,0
4.6330,20607,Rest,HAZIRLANIYOR...,0,0,34,38,0,0,0
4.6330,20608,Rest,HAZIRLANIYOR...,0,0,24,20,0,0,0
4.6330,20609,Rest,HAZIRLANIYOR...,0,0,15,6,0,0,0
4.6331,20610,Rest,HAZIRLANIYOR...,0,0,5,0,0,0,0
4.6331,20611,Rest,HAZIRLANIYOR...,0,0,0,0,0,0,0
4.6331,20612,Rest,HAZIRLANIYOR...,0,0,0,0,0,0,0
4.6331,20613,Rest,HAZIRLANIYOR...,0,0,0,0,0,2,0
4.6331,20614,Rest,HAZIRLANIYOR...,0,0,0,0,0,2,0
4.6331,20615,Rest,HAZIRLANIYOR...,0,0,0,0,0,3,0
4.6331,20616,Rest,HAZIRLANIYOR...,0,0,0,0,0,4,2
4.6331,20617,Rest,HAZIRLANIYOR...,0,0,0,0,21,4,2
4.6332,20618,Rest,HAZIRLANIYOR...,0,0,0,0,73,4,0
4.6332,20619,Rest,HAZIRLANIYOR...,0,0,0,0,119,4,0
4.6332,20620,Rest,HAZIRLANIYOR...,0,0,0,0,158,3,0
4.6333,20621,Rest,HAZIRLANIYOR...,0,0,0,0,192,2,0
4.6480,20622,Rest,HAZIRLANIYOR...,0,0,0,0,223,2,0
4.6481,20623,Rest,HAZIRLANIYOR...,0,0,0,0,248,2,0
4.6481,20624,Rest,HAZIRLANIYOR...,0,0,0,0,263,1,0
4.6481,20625,Rest,HAZIRLANIYOR...,0,0,0,0,267,1,0
4.6481,20626,Rest,HAZIRLANIYOR...,0,1,0,0,265,1,0
4.6482,20627,Rest,HAZIRLANIYOR...,0,6,0,0,260,1,0
4.6482,20628,Rest,HAZIRLANIYOR...,0,8,0,0,244,4,0
4.6482,20629,Rest,HAZIRLANIYOR...,0,9,0,0,220,6,0
4.6482,20630,Rest,HAZIRLANIYOR...,0,6,1,6,202,2,0
4.6482,20631,Rest,HAZIRLANIYOR...,0,0,13,23,187,0,2
4.6482,20632,Rest,HAZIRLANIYOR...,0,0,25,38,152,0,4
4.6482,20633,Rest,HAZIRLANIYOR...,0,0,37,52,93,0,2
4.6483,20634,Rest,HAZIRLANIYOR...,0,0,47,63,27,3,1
4.6483,20635,Rest,HAZIRLANIYOR...,0,0,56,71,0,4,1
4.6483,20636,Rest,HAZIRLANIYOR...,0,0,63,75,0,0,2
4.6483,20637,Rest,HAZIRLANIYOR...,0,0,68,76,0,0,2
4.6483,20638,Rest,HAZIRLANIYOR...,0,0,75,76,0,0,2
4.6483,20639,Rest,HAZIRLANIYOR...,0,0,79,74,0,0,3
4.6483,20640,Rest,HAZIRLANIYOR...,0,0,80,70,0,0,1
4.6484,20641,Rest,HAZIRLANIYOR...,0,0,79,63,0,0,0
4.6485,20642,Rest,HAZIRLANIYOR...,0,0,73,55,0,0,0
4.6485,20643,Rest,HAZIRLANIYOR...,0,0,62,47,0,0,0
4.6485,20644,Rest,HAZIRLANIYOR...,0,0,48,36,0,0,0
4.6485,20645,Rest,HAZIRLANIYOR...,0,0,32,23,0,0,0
4.6485,20646,Rest,HAZIRLANIYOR...,0,12,15,7,0,0,1
4.6485,20647,Rest,HAZIRLANIYOR...,0,39,0,0,0,0,8
4.6486,20648,Rest,HAZIRLANIYOR...,0,68,0,0,0,0,12
4.6634,20649,Rest,HAZIRLANIYOR...,0,102,0,0,0,0,5
4.6635,20650,Rest,HAZIRLANIYOR...,0,141,0,0,0,0,0
4.6635,20651,Rest,HAZIRLANIYOR...,0,185,0,0,0,6,0
4.6635,20652,Rest,HAZIRLANIYOR...,0,229,0,0,2,9,0
4.6635,20653,Rest,HAZIRLANIYOR...,0,267,0,0,58,2,0
4.6635,20654,Rest,HAZIRLANIYOR...,0,296,0,0,106,0,0
4.6636,20655,Rest,HAZIRLANIYOR...,0,317,0,0,153,0,0
4.6636,20656,Rest,HAZIRLANIYOR...,0,333,0,0,195,0,0
4.6636,20657,Rest,HAZIRLANIYOR...,0,344,0,0,223,2,0
4.6636,20658,Rest,HAZIRLANIYOR...,0,347,0,0,240,3,0
4.6636,20659,Rest,HAZIRLANIYOR...,0,339,0,0,256,3,0
4.6636,20660,Rest,HAZIRLANIYOR...,0,322,0,0,267,8,0
4.6636,20661,Rest,HAZIRLANIYOR...,0,299,0,0,265,11,0
4.6636,20662,Rest,HAZIRLANIYOR...,0,275,0,0,253,6,0
4.6637,20663,Rest,HAZIRLANIYOR...,0,254,0,0,238,0,0
4.6637,20664,Rest,HAZIRLANIYOR...,0,241,13,3,228,0,1
4.6637,20665,Rest,HAZIRLANIYOR...,0,233,29,23,223,0,0
4.6637,20666,Rest,HAZIRLANIYOR...,0,227,42,43,220,0,0
4.6637,20667,Rest,HAZIRLANIYOR...,0,219,53,62,199,0,0
4.6637,20668,Rest,HAZIRLANIYOR...,0,208,62,77,144,0,0
4.6637,20669,Rest,HAZIRLANIYOR...,0,197,69,88,65,0,0
4.6637,20670,Rest,HAZIRLANIYOR...,0,188,73,97,0,0,0
4.6637,20671,Rest,HAZIRLANIYOR...,0,180,75,102,0,2,0
4.6638,20672,Rest,HAZIRLANIYOR...,0,168,74,104,0,3,0
4.6638,20673,Rest,HAZIRLANIYOR...,0,154,69,102,0,0,0
4.6638,20674,Rest,HAZIRLANIYOR...,0,141,62,96,0,0,0
4.6638,20675,Rest,HAZIRLANIYOR...,0,128,52,86,0,0,0
4.6794,20676,Rest,HAZIRLANIYOR...,0,110,40,72,0,0,0
4.6795,20677,Rest,HAZIRLANIYOR...,0,91,27,56,0,0,0
4.6796,20678,Rest,HAZIRLANIYOR...,0,77,11,40,0,0,0
4.6796,20679,Rest,HAZIRLANIYOR...,0,63,0,24,0,0,6
4.6796,20680,Rest,HAZIRLANIYOR...,0,42,0,7,0,0,10
4.6797,20681,Rest,HAZIRLANIYOR...,0,13,0,0,0,1,6
4.6797,20682,Rest,HAZIRLANIYOR...,0,0,0,0,0,2,0
4.6797,20683,Rest,HAZIRLANIYOR...,0,0,0,0,0,2,0
4.6797,20684,Rest,HAZIRLANIYOR...,0,0,0,0,0,6,0
4.6797,20685,Rest,HAZIRLANIYOR...,0,0,0,0,0,8,0
4.6797,20686,Rest,HAZIRLANIYOR...,0,0,0,0,0,5,0
4.6797,20687,Rest,HAZIRLANIYOR...,0,0,0,0,0,3,0
4.6797,20688,Rest,HAZIRLANIYOR...,0,0,0,0,15,5,0
4.6797,20689,Rest,HAZIRLANIYOR...,0,0,0,0,72,2,0
4.6798,20690,Rest,HAZIRLANIYOR...,0,0,0,0,122,0,1
4.6798,20691,Rest,HAZIRLANIYOR...,0,0,0,0,158,0,0
4.6798,20692,Rest,HAZIRLANIYOR...,0,0,0,0,190,0,0
4.6798,20693,Rest,HAZIRLANIYOR...,0,0,0,0,221,0,0
4.6798,20694,Rest,HAZIRLANIYOR...,0,0,0,0,247,2,2
4.6798,20695,Rest,HAZIRLANIYOR...,0,0,0,0,261,5,3
4.6799,20696,Rest,HAZIRLANIYOR...,0,0,0,0,262,1,1
4.6799,20697,Rest,HAZIRLANIYOR...,0,0,0,0,255,0,0
4.6799,20698,Rest,HAZIRLANIYOR...,0,0,10,0,242,0,0
4.6799,20699,Rest,HAZIRLANIYOR...,0,0,25,4,229,0,0
4.6799,20700,Rest,HAZIRLANIYOR...,0,0,38,20,219,0,1
4.6799,20701,Rest,HAZIRLANIYOR...,0,0,51,35,210,0,0
4.6799,20702,Rest,HAZIRLANIYOR...,0,0,62,51,191,0,1
4.6800,20703,Rest,HAZIRLANIYOR...,0,0,73,66,152,0,7
4.6801,20704,Rest,HAZIRLANIYOR...,0,0,81,78,95,0,11
4.6947,20705,Rest,HAZIRLANIYOR...,0,0,85,85,33,0,4
4.6947,20706,Rest,HAZIRLANIYOR...,0,0,86,89,0,0,0
4.6947,20707,Rest,HAZIRLANIYOR...,0,0,87,93,0,0,0
4.6948,20708,Rest,HAZIRLANIYOR...,0,0,86,92,0,0,0
4.6948,20709,Rest,HAZIRLANIYOR...,0,0,82,86,0,0,0
4.6948,20710,Rest,HAZIRLANIYOR...,0,0,76,79,0,2,0
4.6948,20711,Rest,HAZIRLANIYOR...,0,0,68,71,0,0,0
4.6948,20712,Rest,HAZIRLANIYOR...,0,0,59,61,0,0,0
4.6948,20713,Rest,HAZIRLANIYOR...,0,0,51,50,0,0,0
4.6948,20714,Rest,HAZIRLANIYOR...,0,0,41,38,0,1,0
4.6949,20715,Rest,HAZIRLANIYOR...,0,0,31,25,0,2,0
4.6949,20716,Rest,HAZIRLANIYOR...,0,0,19,9,0,2,0
4.6949,20717,Rest,HAZIRLANIYOR...,0,0,5,0,0,2,0
4.6949,20718,Rest,HAZIRLANIYOR...,0,0,0,0,0,2,0
4.6949,20719,Rest,HAZIRLANIYOR...,0,0,0,0,0,5,1
4.6949,20720,Rest,HAZIRLANIYOR...,0,0,0,0,0,8,0
4.6949,20721,Rest,HAZIRLANIYOR...,0,0,0,0,0,5,0
4.6949,20722,Rest,HAZIRLANIYOR...,0,0,0,0,0,0,2
4.6950,20723,Rest,HAZIRLANIYOR...,0,0,0,0,6,0,4
4.6950,20724,Rest,HAZIRLANIYOR...,0,0,0,0,63,1,7
4.6950,20725,Rest,HAZIRLANIYOR...,0,0,0,0,104,0,5
4.6950,20726,Rest,HAZIRLANIYOR...,0,0,0,0,138,0,0
4.6950,20727,Rest,HAZIRLANIYOR...,0,0,0,0,179,0,0
4.6950,20728,Rest,HAZIRLANIYOR...,0,0,0,0,218,1,0
4.6950,20729,Rest,HAZIRLANIYOR...,0,0,0,0,240,4,0
4.6952,20730,Rest,HAZIRLANIYOR...,0,0,0,0,246,5,0
4.7100,20731,Rest,HAZIRLANIYOR...,0,0,0,0,249,4,2
4.7101,20732,Rest,HAZIRLANIYOR...,0,0,0,0,250,1,2
4.7101,20733,Rest,HAZIRLANIYOR...,0,31,0,0,242,0,2
4.7101,20734,Rest,HAZIRLANIYOR...,0,82,0,0,227,0,2
4.7101,20735,Rest,HAZIRLANIYOR...,0,138,0,0,214,0,2
4.7102,20736,Rest,HAZIRLANIYOR...,0,196,0,14,206,1,0
4.7102,20737,Rest,HAZIRLANIYOR...,0,255,0,32,193,0,0
4.7102,20738,Rest,HAZIRLANIYOR...,0,314,18,53,162,1,0
4.7102,20739,Rest,HAZIRLANIYOR...,0,369,39,76,113,6,0
4.7102,20740,Rest,HAZIRLANIYOR...,0,408,59,98,55,9,0
4.7102,20741,Rest,HAZIRLANIYOR...,0,432,74,116,0,5,0
4.7102,20742,Rest,HAZIRLANIYOR...,0,444,86,127,0,0,0
4.7103,20743,Rest,HAZIRLANIYOR...,0,449,96,130,0,0,4
4.7103,20744,Rest,HAZIRLANIYOR...,0,445,105,125,0,0,5
4.7103,20745,Rest,HAZIRLANIYOR...,0,431,111,117,0,0,3
4.7103,20746,Rest,HAZIRLANIYOR...,0,409,113,108,0,0,2
4.7103,20747,Rest,HAZIRLANIYOR...,0,384,111,96,0,0,3
4.7103,20748,Rest,HAZIRLANIYOR...,0,358,105,78,0,0,3
4.7103,20749,Rest,HAZIRLANIYOR...,0,325,96,56,0,0,2
4.7104,20750,Rest,HAZIRLANIYOR...,0,288,83,34,0,0,2
4.7104,20751,Rest,HAZIRLANIYOR...,0,252,66,12,0,0,4
4.7104,20752,Rest,HAZIRLANIYOR...,0,218,47,0,0,0,9
4.7104,20753,Rest,HAZIRLANIYOR...,0,183,29,0,0,0,12
4.7104,20754,Rest,HAZIRLANIYOR...,0,146,12,0,0,0,3
4.7104,20755,Rest,HAZIRLANIYOR...,0,111,0,0,0,1,0
4.7104,20756,Rest,HAZIRLANIYOR...,0,77,0,0,0,4,0
4.7105,20757,Rest,HAZIRLANIYOR...,0,44,0,0,0,0,0
4.7105,20758,Rest,HAZIRLANIYOR...,0,13,0,0,0,0,3
4.7254,20759,Rest,HAZIRLANIYOR...,0,0,0,0,31,0,4
4.7255,20760,Rest,HAZIRLANIYOR...,0,0,0,0,80,1,0
4.7255,20761,Rest,HAZIRLANIYOR...,0,0,0,0,120,4,0
4.7256,20762,Rest,HAZIRLANIYOR...,0,0,0,0,156,1,0
4.7256,20763,Rest,HAZIRLANIYOR...,0,0,0,0,191,0,0
4.7256,20764,Rest,HAZIRLANIYOR...,0,0,0,0,224,2,0
4.7256,20765,Rest,HAZIRLANIYOR...,0,0,0,0,245,8,2
4.7257,20766,Rest,HAZIRLANIYOR...,0,0,0,0,250,11,3
4.7257,20767,Rest,HAZIRLANIYOR...,0,0,0,0,245,3,0
4.7257,20768,Rest,HAZIRLANIYOR...,0,0,0,0,238,0,0
4.7257,20769,Rest,HAZIRLANIYOR...,0,0,0,0,227,0,7
4.7257,20770,Rest,HAZIRLANIYOR...,0,0,0,0,214,0,14
4.7257,20771,Rest,HAZIRLANIYOR...,0,0,0,21,205,0,12
4.7257,20772,Rest,HAZIRLANIYOR...,0,0,0,48,196,0,7
4.7257,20773,Rest,HAZIRLANIYOR...,0,0,0,71,171,0,2
4.7258,20774,Rest,HAZIRLANIYOR...,0,0,23,93,126,0,0
4.7258,20775,Rest,HAZIRLANIYOR...,0,0,46,114,77,1,0
4.7258,20776,Rest,HAZIRLANIYOR...,0,0,69,133,29,3,0
4.7258,20777,Rest,HAZIRLANIYOR...,0,0,90,145,0,1,0
4.7258,20778,Rest,HAZIRLANIYOR...,0,0,105,150,0,0,0
4.7258,20779,Rest,HAZIRLANIYOR...,0,0,114,151,0,0,0
4.7258,20780,Rest,HAZIRLANIYOR...,0,0,118,149,0,2,0
4.7259,20781,Rest,HAZIRLANIYOR...,0,0,120,142,0,2,0
4.7259,20782,Rest,HAZIRLANIYOR...,0,0,116,128,0,2,0
4.7259,20783,Rest,HAZIRLANIYOR...,0,0,107,108,0,1,0
4.7259,20784,Rest,HAZIRLANIYOR...,0,0,95,86,0,1,0
4.7260,20785,Rest,HAZIRLANIYOR...,0,0,79,62,0,1,0
4.7407,20786,Rest,HAZIRLANIYOR...,0,0,58,36,0,1,0
4.7408,20787,Rest,HAZIRLANIYOR...,0,0,34,8,0,1,0
4.7408,20788,Rest,HAZIRLANIYOR...,0,0,10,0,0,2,1
4.7408,20789,Rest,HAZIRLANIYOR...,0,0,0,0,0,6,1
4.7408,20790,Rest,HAZIRLANIYOR...,0,0,0,0,0,8,0
4.7409,20791,Rest,HAZIRLANIYOR...,0,0,0,0,0,3,0
4.7409,20792,Rest,HAZIRLANIYOR...,0,7,0,0,0,0,0
4.7409,20793,Rest,HAZIRLANIYOR...,0,61,0,0,0,0,0
4.7409,20794,Rest,HAZIRLANIYOR...,0,118,0,0,9,1,0
4.7409,20795,Rest,HAZIRLANIYOR...,0,171,0,0,63,3,2
4.7409,20796,Rest,HAZIRLANIYOR...,0,218,0,0,108,2,2
4.7409,20797,Rest,HAZIRLANIYOR...,0,260,0,0,145,3,1
4.7410,20798,Rest,HAZIRLANIYOR...,0,300,0,0,179,8,4
4.7410,20799,Rest,HAZIRLANIYOR...,0,335,0,0,212,11,10
4.7410,20800,Rest,HAZIRLANIYOR...,0,364,0,0,239,3,7
4.7411,20801,Rest,HAZIRLANIYOR...,0,386,0,0,256,0,0
4.7411,20802,Rest,HAZIRLANIYOR...,0,398,0,0,258,0,0
4.7411,20803,Rest,HAZIRLANIYOR...,0,397,0,0,249,0,0
4.7411,20804,Rest,HAZIRLANIYOR...,0,386,0,0,233,0,8
4.7411,20805,Rest,HAZIRLANIYOR...,0,371,0,0,219,0,5
4.7411,20806,Rest,HAZIRLANIYOR...,0,355,0,3,210,0,0
4.7411,20807,Rest,HAZIRLANIYOR...,0,339,0,17,203,0,2
4.7411,20808,Rest,HAZIRLANIYOR...,0,321,0,27,187,0,9
4.7412,20809,Rest,HAZIRLANIYOR...,0,298,0,33,151,0,3
4.7412,20810,Rest,HAZIRLANIYOR...,0,263,0,39,95,0,0
4.7412,20811,Rest,HAZIRLANIYOR...,0,213,0,48,32,0,0
4.7413,20812,Rest,HAZIRLANIYOR...,0,148,1,59,0,0,0
4.7567,20813,Rest,HAZIRLANIYOR...,0,73,21,72,0,0,7
4.7567,20814,Rest,HAZIRLANIYOR...,0,0,36,83,0,0,13
4.7567,20815,Rest,HAZIRLANIYOR...,0,0,48,92,0,0,10
4.7567,20816,Rest,HAZIRLANIYOR...,0,0,59,96,0,0,2
4.7567,20817,Rest,HAZIRLANIYOR...,0,0,65,96,0,0,0
4.7567,20818,Rest,HAZIRLANIYOR...,0,0,66,91,0,0,0
4.7568,20819,Rest,HAZIRLANIYOR...,0,0,63,84,0,0,1
4.7568,20820,Rest,HAZIRLANIYOR...,0,0,59,75,0,0,7
4.7568,20821,Rest,HAZIRLANIYOR...,0,0,52,67,0,0,1
4.7568,20822,Rest,HAZIRLANIYOR...,0,0,42,54,0,0,0
4.7568,20823,Rest,HAZIRLANIYOR...,0,0,30,38,0,0,0
4.7568,20824,Rest,HAZIRLANIYOR...,0,0,17,20,0,2,0
4.7568,20825,Rest,HAZIRLANIYOR...,0,0,5,3,0,2,0
4.7569,20826,Rest,HAZIRLANIYOR...,0,0,0,0,0,1,0
4.7569,20827,Rest,HAZIRLANIYOR...,0,0,0,0,0,2,0
4.7569,20828,Rest,HAZIRLANIYOR...,0,0,0,0,0,3,0
4.7569,20829,Rest,HAZIRLANIYOR...,0,0,0,0,0,3,3
4.7569,20830,Rest,HAZIRLANIYOR...,0,0,0,0,50,3,10
4.7569,20831,Rest,HAZIRLANIYOR...,0,0,0,0,97,4,12
4.7569,20832,Rest,HAZIRLANIYOR...,0,0,0,0,137,8,1
4.7569,20833,Rest,HAZIRLANIYOR...,0,0,0,0,172,10,0
4.7569,20834,Rest,HAZIRLANIYOR...,0,0,0,0,206,4,0
4.7570,20835,Rest,HAZIRLANIYOR...,0,0,0,0,234,0,1
4.7570,20836,Rest,HAZIRLANIYOR...,0,0,0,0,253,0,5
4.7570,20837,Rest,HAZIRLANIYOR...,0,0,0,0,260,0,1
4.7570,20838,Rest,HAZIRLANIYOR...,0,0,0,0,257,2,0
4.7570,20839,Rest,HAZIRLANIYOR...,0,0,0,0,246,0,0
4.7571,20840,Rest,HAZIRLANIYOR...,0,27,0,0,231,0,0
4.7720,20841,Rest,HAZIRLANIYOR...,0,62,0,0,217,0,1
4.7721,20842,Rest,HAZIRLANIYOR...,0,98,1,11,211,3,0
4.7721,20843,Rest,HAZIRLANIYOR...,0,136,16,23,202,5,0
4.7722,20844,Rest,HAZIRLANIYOR...,0,175,31,36,176,1,0
4.7722,20845,Rest,HAZIRLANIYOR...,0,211,46,48,125,0,0
4.7722,20846,Rest,HAZIRLANIYOR...,0,245,59,58,63,0,3
4.7722,20847,Rest,HAZIRLANIYOR...,0,274,70,66,4,3,4
4.7723,20848,Rest,HAZIRLANIYOR...,0,301,79,72,0,0,3
4.7723,20849,Rest,HAZIRLANIYOR...,0,326,86,76,0,0,2
4.7723,20850,Rest,HAZIRLANIYOR...,0,347,91,77,0,0,1
4.7723,20851,Rest,HAZIRLANIYOR...,0,363,92,75,0,0,1
4.7723,20852,Rest,HAZIRLANIYOR...,0,371,90,70,0,0,3
4.7724,20853,Rest,HAZIRLANIYOR...,0,371,85,63,0,1,6
4.7724,20854,Rest,HAZIRLANIYOR...,0,362,80,55,0,2,8
4.7724,20855,Rest,HAZIRLANIYOR...,0,345,74,45,0,0,3
4.7724,20856,Rest,HAZIRLANIYOR...,0,321,67,33,0,0,0
4.7725,20857,Rest,HAZIRLANIYOR...,0,291,56,20,0,0,0
4.7725,20858,Rest,HAZIRLANIYOR...,0,259,41,8,0,0,0
4.7725,20859,Rest,HAZIRLANIYOR...,0,228,24,0,0,0,1
4.7725,20860,Rest,HAZIRLANIYOR...,0,196,8,0,0,0,2
4.7726,20861,Rest,HAZIRLANIYOR...,0,159,0,0,0,0,1
4.7726,20862,Rest,HAZIRLANIYOR...,0,116,0,0,0,0,1
4.7726,20863,Rest,HAZIRLANIYOR...,0,72,0,0,0,0,1
4.7726,20864,Rest,HAZIRLANIYOR...,0,31,0,0,0,0,2
4.7726,20865,Rest,HAZIRLANIYOR...,0,0,0,0,20,0,1
4.7727,20866,Rest,HAZIRLANIYOR...,0,0,0,0,69,0,0
4.7727,20867,Rest,HAZIRLANIYOR...,0,0,0,0,111,0,0
4.7728,20868,Rest,HAZIRLANIYOR...,0,0,0,0,150,0,0
4.7871,20869,Rest,HAZIRLANIYOR...,0,0,0,0,186,1,0
4.7872,20870,Rest,HAZIRLANIYOR...,0,0,0,0,219,2,0
4.7872,20871,Rest,HAZIRLANIYOR...,0,0,0,0,243,2,0
4.7872,20872,Rest,HAZIRLANIYOR...,0,0,0,0,258,1,1
4.7873,20873,Rest,HAZIRLANIYOR...,0,0,0,0,261,1,1
4.7873,20874,Rest,HAZIRLANIYOR...,0,0,0,0,254,1,1
4.7873,20875,Rest,HAZIRLANIYOR...,0,0,0,0,239,1,0
4.7873,20876,Rest,HAZIRLANIYOR...,0,0,3,9,223,4,0
4.7874,20877,Rest,HAZIRLANIYOR...,0,0,18,25,215,9,0
4.7874,20878,Rest,HAZIRLANIYOR...,0,0,32,41,210,11,0
4.7874,20879,Rest,HAZIRLANIYOR...,0,0,47,56,194,3,0
4.7874,20880,Rest,HAZIRLANIYOR...,0,0,60,69,156,0,1
4.7874,20881,Rest,HAZIRLANIYOR...,0,0,69,82,98,0,0
4.7874,20882,Rest,HAZIRLANIYOR...,0,0,76,91,36,0,0
4.7875,20883,Rest,HAZIRLANIYOR...,0,0,80,96,0,0,0
4.7875,20884,Rest,HAZIRLANIYOR...,0,0,83,97,0,0,0
4.7875,20885,Rest,HAZIRLANIYOR...,0,0,82,94,0,0,0
4.7875,20886,Rest,HAZIRLANIYOR...,0,0,77,91,0,0,0
4.7875,20887,Rest,HAZIRLANIYOR...,0,0,68,85,0,0,0
4.7875,20888,Rest,HAZIRLANIYOR...,0,0,58,76,0,0,0
4.7875,20889,Rest,HAZIRLANIYOR...,0,0,47,63,0,0,0
4.7875,20890,Rest,HAZIRLANIYOR...,0,0,35,49,0,0,0
4.7875,20891,Rest,HAZIRLANIYOR...,0,0,23,33,0,5,5
4.7875,20892,Rest,HAZIRLANIYOR...,0,0,10,18,0,8,12
4.7876,20893,Rest,HAZIRLANIYOR...,0,0,0,4,0,4,10
4.7876,20894,Rest,HAZIRLANIYOR...,0,0,0,0,0,0,0
4.7877,20895,Rest,HAZIRLANIYOR...,0,0,0,0,0,0,0
4.8023,20896,Rest,HAZIRLANIYOR...,0,0,0,0,0,0,0
4.8024,20897,Rest,HAZIRLANIYOR...,0,0,0,0,0,0,0
4.8024,20898,Rest,HAZIRLANIYOR...,0,0,0,0,0,0,2
4.8024,20899,Rest,HAZIRLANIYOR...,0,0,0,0,0,0,4
4.8024,20900,Rest,HAZIRLANIYOR...,0,0,0,0,0,0,8
4.8024,20901,Rest,HAZIRLANIYOR...,0,0,0,0,48,0,4
4.8024,20902,Rest,HAZIRLANIYOR...,0,0,0,0,99,0,0
4.8024,20903,Rest,HAZIRLANIYOR...,0,0,0,0,141,0,0
4.8024,20904,Rest,HAZIRLANIYOR...,0,0,0,0,176,0,0
4.8024,20905,Rest,HAZIRLANIYOR...,0,0,0,0,207,0,0
4.8025,20906,Rest,HAZIRLANIYOR...,0,0,0,0,234,0,0
4.8025,20907,Rest,HAZIRLANIYOR...,0,0,0,0,253,0,0
4.8025,20908,Rest,HAZIRLANIYOR...,0,0,0,0,261,0,0
4.8025,20909,Rest,HAZIRLANIYOR...,0,0,0,0,259,1,0
4.8025,20910,Rest,HAZIRLANIYOR...,0,0,1,0,249,7,0
4.8025,20911,Rest,HAZIRLANIYOR...,0,12,16,14,238,7,0
4.8025,20912,Rest,HAZIRLANIYOR...,0,35,28,28,227,4,0
4.8025,20913,Rest,HAZIRLANIYOR...,0,59,38,41,213,4,0
4.8025,20914,Rest,HAZIRLANIYOR...,0,82,49,55,194,5,1
4.8025,20915,Rest,HAZIRLANIYOR...,0,101,61,68,167,4,7
4.8026,20916,Rest,HAZIRLANIYOR...,0,114,71,80,124,1,10
4.8026,20917,Rest,HAZIRLANIYOR...,0,119,77,89,65,1,3
4.8026,20918,Rest,HAZIRLANIYOR...,0,115,81,93,2,4,0
4.8026,20919,Rest,HAZIRLANIYOR...,0,105,83,96,0,5,0
4.8026,20920,Rest,HAZIRLANIYOR...,0,87,84,97,0,0,0
4.8026,20921,Rest,HAZIRLANIYOR...,0,62,82,96,0,0,0
4.8185,20922,Rest,HAZIRLANIYOR...,0,35,77,93,0,0,0
4.8186,20923,Rest,HAZIRLANIYOR...,0,9,68,86,0,0,0
4.8186,20924,Rest,HAZIRLANIYOR...,0,0,58,76,0,0,0
4.8186,20925,Rest,HAZIRLANIYOR...,0,0,46,66,0,0,0
4.8187,20926,Rest,HAZIRLANIYOR...,0,0,34,54,0,0,0
4.8187,20927,Rest,HAZIRLANIYOR...,0,0,23,38,0,0,0
4.8187,20928,Rest,HAZIRLANIYOR...,0,0,14,21,0,0,0
4.8188,20929,Rest,HAZIRLANIYOR...,0,0,3,5,0,0,0
4.8188,20930,Rest,HAZIRLANIYOR...,0,0,0,0,0,1,0
4.8188,20931,Rest,HAZIRLANIYOR...,0,0,0,0,0,1,4
4.8188,20932,Rest,HAZIRLANIYOR...,0,0,0,0,0,1,9
4.8188,20933,Rest,HAZIRLANIYOR...,0,0,0,0,0,2,4
4.8188,20934,Rest,HAZIRLANIYOR...,0,0,0,0,0,2,0
4.8189,20935,Rest,HAZIRLANIYOR...,0,0,0,0,0,2,0
4.8189,20936,Rest,HAZIRLANIYOR...,0,0,0,0,28,3,0
4.8189,20937,Rest,HAZIRLANIYOR...,0,0,0,0,77,3,3
4.8189,20938,Rest,HAZIRLANIYOR...,0,0,0,0,120,3,8
4.8189,20939,Rest,HAZIRLANIYOR...,0,0,0,0,159,0,12
4.8189,20940,Rest,HAZIRLANIYOR...,0,38,0,0,193,0,10
4.8189,20941,Rest,HAZIRLANIYOR...,0,75,0,0,221,0,4
4.8189,20942,Rest,HAZIRLANIYOR...,0,107,0,0,242,0,0
4.8189,20943,Rest,HAZIRLANIYOR...,0,135,0,0,255,0,0
4.8189,20944,Rest,HAZIRLANIYOR...,0,159,0,0,258,0,0
4.8190,20945,Rest,HAZIRLANIYOR...,0,181,0,0,250,3,0
4.8190,20946,Rest,HAZIRLANIYOR...,0,200,0,0,234,8,0
4.8190,20947,Rest,HAZIRLANIYOR...,0,217,0,0,220,12,0
4.8190,20948,Rest,HAZIRLANIYOR...,0,232,0,2,211,6,0
4.8190,20949,Rest,HAZIRLANIYOR...,0,244,4,18,205,0,0
4.8191,20950,Rest,HAZIRLANIYOR...,0,252,12,34,188,0,0
4.8335,20951,Rest,HAZIRLANIYOR...,0,253,17,48,150,0,0
4.8335,20952,Rest,HAZIRLANIYOR...,0,246,19,60,98,0,0
4.8335,20953,Rest,HAZIRLANIYOR...,0,228,21,69,40,0,1
4.8335,20954,Rest,HAZIRLANIYOR...,0,194,25,73,0,0,2
4.8335,20955,Rest,HAZIRLANIYOR...,0,145,29,75,0,0,1
4.8336,20956,Rest,HAZIRLANIYOR...,0,86,28,74,0,0,0
4.8336,20957,Rest,HAZIRLANIYOR...,0,21,23,69,0,0,1
4.8336,20958,Rest,HAZIRLANIYOR...,0,0,17,62,0,0,1
4.8336,20959,Rest,HAZIRLANIYOR...,0,0,15,56,0,0,0
4.8336,20960,Rest,HAZIRLANIYOR...,0,0,17,53,0,0,0
4.8336,20961,Rest,HAZIRLANIYOR...,0,0,20,50,0,0,6
4.8337,20962,Rest,HAZIRLANIYOR...,0,0,24,45,0,0,10
4.8337,20963,Rest,HAZIRLANIYOR...,0,0,29,38,0,0,4
4.8337,20964,Rest,HAZIRLANIYOR...,0,0,32,31,0,1,0
4.8337,20965,Rest,HAZIRLANIYOR...,0,0,33,21,0,5,0
4.8337,20966,Rest,HAZIRLANIYOR...,0,0,31,9,0,9,0
4.8337,20967,Rest,HAZIRLANIYOR...,0,0,27,0,0,4,0
4.8337,20968,Rest,HAZIRLANIYOR...,0,0,24,0,0,0,0
4.8337,20969,Rest,HAZIRLANIYOR...,0,0,22,0,0,0,3
4.8337,20970,Rest,HAZIRLANIYOR...,0,0,18,0,0,0,9
4.8337,20971,Rest,HAZIRLANIYOR...,0,0,12,0,1,1,12
4.8337,20972,Rest,HAZIRLANIYOR...,0,0,6,0,60,0,4
4.8337,20973,Rest,HAZIRLANIYOR...,0,0,1,0,107,0,0
4.8338,20974,Rest,HAZIRLANIYOR...,0,0,0,0,145,1,0
4.8338,20975,Rest,HAZIRLANIYOR...,0,0,0,0,181,1,0
4.8338,20976,Rest,HAZIRLANIYOR...,0,0,0,0,214,1,0
4.8340,20977,Rest,HAZIRLANIYOR...,0,103,0,0,239,3,0
4.8498,20978,Rest,HAZIRLANIYOR...,0,202,0,0,258,7,0
4.8499,20979,Rest,HAZIRLANIYOR...,0,292,0,0,266,11,0
4.8499,20980,Rest,HAZIRLANIYOR...,0,370,0,0,260,10,0
4.8499,20981,Rest,HAZIRLANIYOR...,0,436,0,0,243,3,1
4.8499,20982,Rest,HAZIRLANIYOR...,0,494,0,0,225,0,3
4.8499,20983,Rest,HAZIRLANIYOR...,0,533,0,0,214,0,3
4.8499,20984,Rest,HAZIRLANIYOR...,0,542,0,0,207,0,1
4.8499,20985,Rest,HAZIRLANIYOR...,0,524,5,8,194,0,1
4.8499,20986,Rest,HAZIRLANIYOR...,0,489,13,21,164,0,2
4.8499,20987,Rest,HAZIRLANIYOR...,0,449,19,34,113,0,5
4.8499,20988,Rest,HAZIRLANIYOR...,0,405,23,47,52,0,9
4.8500,20989,Rest,HAZIRLANIYOR...,0,355,26,58,0,0,9
4.8500,20990,Rest,HAZIRLANIYOR...,0,296,29,66,0,0,2
4.8500,20991,Rest,HAZIRLANIYOR...,0,232,31,69,0,0,0
4.8500,20992,Rest,HAZIRLANIYOR...,0,165,31,71,0,0,0
4.8500,20993,Rest,HAZIRLANIYOR...,0,98,31,72,0,0,0
4.8500,20994,Rest,HAZIRLANIYOR...,0,35,33,71,0,0,0
4.8500,20995,Rest,HAZIRLANIYOR...,0,0,33,68,0,0,0
4.8500,20996,Rest,HAZIRLANIYOR...,0,0,30,61,0,0,0
4.8500,20997,Rest,HAZIRLANIYOR...,0,0,24,52,0,0,0
4.8500,20998,Rest,HAZIRLANIYOR...,0,0,19,41,0,3,6
4.8500,20999,Rest,HAZIRLANIYOR...,0,0,12,31,0,4,12
4.8501,21000,Rest,HAZIRLANIYOR...,0,0,4,19,0,2,5
4.8501,21001,Rest,HAZIRLANIYOR...,0,0,0,6,0,1,0
4.8501,21002,Rest,HAZIRLANIYOR...,0,0,0,0,0,1,0
4.8501,21003,Rest,HAZIRLANIYOR...,0,0,0,0,0,2,0
4.8501,21004,Rest,HAZIRLANIYOR...,0,0,0,0,0,3,1
4.8501,21005,Rest,HAZIRLANIYOR...,0,0,0,0,0,3,4
4.8658,21006,Rest,HAZIRLANIYOR...,0,0,0,0,0,2,0
4.8659,21007,Rest,HAZIRLANIYOR...,0,0,0,0,37,1,0
4.8659,21008,Rest,HAZIRLANIYOR...,0,0,0,0,86,1,0
4.8659,21009,Rest,HAZIRLANIYOR...,0,0,0,0,128,3,0
4.8660,21010,Rest,HAZIRLANIYOR...,0,0,0,0,164,6,0
4.8660,21011,Rest,HAZIRLANIYOR...,0,0,0,0,197,12,0
4.8660,21012,Rest,HAZIRLANIYOR...,0,0,0,0,225,16,0
4.8660,21013,Rest,HAZIRLANIYOR...,0,0,0,0,246,14,0
4.8660,21014,Rest,HAZIRLANIYOR...,0,0,0,0,257,8,0
4.8661,21015,Rest,HAZIRLANIYOR...,0,10,0,0,256,5,0
4.8661,21016,Rest,HAZIRLANIYOR...,0,28,0,0,246,8,0
4.8661,21017,Rest,HAZIRLANIYOR...,0,40,0,0,229,7,0
4.8661,21018,Rest,HAZIRLANIYOR...,0,44,0,0,214,0,0
4.8661,21019,Rest,HAZIRLANIYOR...,0,39,0,8,208,0,6
4.8661,21020,Rest,HAZIRLANIYOR...,0,30,8,27,207,0,8
4.8661,21021,Rest,HAZIRLANIYOR...,0,24,25,42,191,0,3
4.8661,21022,Rest,HAZIRLANIYOR...,0,22,43,55,142,0,0
4.8661,21023,Rest,HAZIRLANIYOR...,0,22,60,68,73,0,0
4.8662,21024,Rest,HAZIRLANIYOR...,0,22,74,81,12,0,0
4.8662,21025,Rest,HAZIRLANIYOR...,0,18,84,93,0,0,1
4.8662,21026,Rest,HAZIRLANIYOR...,0,12,91,101,0,0,1
4.8662,21027,Rest,HAZIRLANIYOR...,0,8,97,106,0,0,1
4.8662,21028,Rest,HAZIRLANIYOR...,0,3,100,107,0,0,0
4.8662,21029,Rest,HAZIRLANIYOR...,0,0,97,104,0,0,0
4.8662,21030,Rest,HAZIRLANIYOR...,0,0,90,98,0,0,0
4.8662,21031,Rest,HAZIRLANIYOR...,0,0,81,89,0,0,0
4.8662,21032,Rest,HAZIRLANIYOR...,0,0,67,77,0,0,0
4.8662,21033,Rest,HAZIRLANIYOR...,0,0,50,62,0,0,0
4.8663,21034,Rest,HAZIRLANIYOR...,0,0,34,42,0,0,0
4.8810,21035,Rest,HAZIRLANIYOR...,0,0,22,18,0,0,0
4.8810,21036,Rest,HAZIRLANIYOR...,0,0,13,0,0,0,0
4.8810,21037,Rest,HAZIRLANIYOR...,0,0,3,0,0,0,0
4.8810,21038,Rest,HAZIRLANIYOR...,0,0,0,0,0,0,2
4.8810,21039,Rest,HAZIRLANIYOR...,0,0,0,0,0,0,6
4.8811,21040,Rest,HAZIRLANIYOR...,0,0,0,0,0,0,8
4.8811,21041,Rest,HAZIRLANIYOR...,0,0,0,0,0,0,4
4.8811,21042,Rest,HAZIRLANIYOR...,0,0,0,0,12,0,0
4.8811,21043,Rest,HAZIRLANIYOR...,0,0,0,0,59,0,0
4.8811,21044,Rest,HAZIRLANIYOR...,0,0,0,0,101,0,0
4.8811,21045,Rest,HAZIRLANIYOR...,0,0,0,0,140,2,0
4.8811,21046,Rest,HAZIRLANIYOR...,0,0,0,0,176,4,0
4.8811,21047,Rest,HAZIRLANIYOR...,0,9,0,0,209,5,0
4.8811,21048,Rest,HAZIRLANIYOR...,0,49,0,0,236,4,0
4.8811,21049,Rest,HAZIRLANIYOR...,0,88,0,0,253,4,0
4.8811,21050,Rest,HAZIRLANIYOR...,0,127,0,0,257,4,0
4.8811,21051,Rest,HAZIRLANIYOR...,0,161,0,0,252,4,0
4.8811,21052,Rest,HAZIRLANIYOR...,0,189,9,0,244,3,0
4.8812,21053,Rest,HAZIRLANIYOR...,0,209,26,0,232,2,0
4.8812,21054,Rest,HAZIRLANIYOR...,0,221,39,4,217,1,0
4.8812,21055,Rest,HAZIRLANIYOR...,0,223,50,20,209,1,0
4.8812,21056,Rest,HAZIRLANIYOR...,0,215,56,36,205,0,0
4.8812,21057,Rest,HAZIRLANIYOR...,0,198,58,50,180,0,0
4.8812,21058,Rest,HAZIRLANIYOR...,0,176,57,61,115,0,0
4.8812,21059,Rest,HAZIRLANIYOR...,0,153,57,71,33,0,0
4.8813,21060,Rest,HAZIRLANIYOR...,0,133,60,80,0,0,0
4.8813,21061,Rest,HAZIRLANIYOR...,0,119,63,88,0,0,0
4.8966,21062,Rest,HAZIRLANIYOR...,0,107,64,97,0,0,1
4.8967,21063,Rest,HAZIRLANIYOR...,0,95,60,100,0,0,1
4.8967,21064,Rest,HAZIRLANIYOR...,0,83,54,98,0,0,0
4.8967,21065,Rest,HAZIRLANIYOR...,0,70,46,90,0,0,0
4.8968,21066,Rest,HAZIRLANIYOR...,0,57,35,77,0,0,0
4.8968,21067,Rest,HAZIRLANIYOR...,0,39,19,60,0,0,0
4.8968,21068,Rest,HAZIRLANIYOR...,0,12,4,39,0,0,4
4.8968,21069,Rest,HAZIRLANIYOR...,0,0,0,18,0,0,7
4.8968,21070,Rest,HAZIRLANIYOR...,0,0,0,0,0,0,4
4.8968,21071,Rest,HAZIRLANIYOR...,0,0,0,0,0,0,0
4.8968,21072,Rest,HAZIRLANIYOR...,0,0,0,0,0,0,0
4.8969,21073,Rest,HAZIRLANIYOR...,0,0,0,0,0,0,0
4.8969,21074,Rest,HAZIRLANIYOR...,0,0,0,0,0,0,0
4.8969,21075,Rest,HAZIRLANIYOR...,0,0,0,0,0,0,0
4.8969,21076,Rest,HAZIRLANIYOR...,0,0,0,0,0,2,1
4.8969,21077,Rest,HAZIRLANIYOR...,0,0,0,0,0,3,7
4.8969,21078,Rest,HAZIRLANIYOR...,0,0,0,0,46,2,11
4.8969,21079,Rest,HAZIRLANIYOR...,0,0,0,0,95,0,3
4.8969,21080,Rest,HAZIRLANIYOR...,0,0,0,0,137,0,0
4.8969,21081,Rest,HAZIRLANIYOR...,0,0,0,0,172,0,0
4.8969,21082,Rest,HAZIRLANIYOR...,0,0,0,0,203,1,0
4.8969,21083,Rest,HAZIRLANIYOR...,0,0,0,0,233,1,0
4.8970,21084,Rest,HAZIRLANIYOR...,0,0,0,0,260,1,0
4.8970,21085,Rest,HAZIRLANIYOR...,0,4,0,7,274,6,0
4.8970,21086,Rest,HAZIRLANIYOR...,0,21,0,11,268,10,0
4.8970,21087,Rest,HAZIRLANIYOR...,0,34,0,13,249,3,0
4.8970,21088,Rest,HAZIRLANIYOR...,0,39,0,17,236,0,0
4.8971,21089,Rest,HAZIRLANIYOR...,0,38,0,22,225,0,0
4.9121,21090,Rest,HAZIRLANIYOR...,0,33,0,26,208,0,0
4.9122,21091,Rest,HAZIRLANIYOR...,0,26,0,25,189,0,0
4.9122,21092,Rest,HAZIRLANIYOR...,0,17,0,19,166,0,0
4.9122,21093,Rest,HAZIRLANIYOR...,0,3,0,12,128,0,0
4.9123,21094,Rest,HAZIRLANIYOR...,0,0,0,7,70,0,0
4.9123,21095,Rest,HAZIRLANIYOR...,0,0,0,5,6,0,0
4.9124,21096,Rest,HAZIRLANIYOR...,0,0,0,4,0,0,1
4.9124,21097,Rest,HAZIRLANIYOR...,0,0,3,4,0,0,1
4.9124,21098,Rest,HAZIRLANIYOR...,0,0,10,4,0,0,0
4.9124,21099,Rest,HAZIRLANIYOR...,0,0,16,6,0,0,0
4.9124,21100,Rest,HAZIRLANIYOR...,0,0,21,7,0,0,0
4.9125,21101,Rest,HAZIRLANIYOR...,0,0,22,9,0,0,0
4.9125,21102,Rest,HAZIRLANIYOR...,0,0,20,10,0,0,1
4.9125,21103,Rest,HAZIRLANIYOR...,0,0,15,10,0,6,0
4.9125,21104,Rest,HAZIRLANIYOR...,0,0,9,9,0,10,0
4.9125,21105,Rest,HAZIRLANIYOR...,0,0,2,4,0,4,0
4.9125,21106,Rest,HAZIRLANIYOR...,0,0,0,0,0,0,1
4.9125,21107,Rest,HAZIRLANIYOR...,0,0,0,0,0,0,2
4.9126,21108,Rest,HAZIRLANIYOR...,0,0,0,0,0,0,1
4.9126,21109,Rest,HAZIRLANIYOR...,0,0,0,0,0,0,1
4.9126,21110,Rest,HAZIRLANIYOR...,0,0,0,0,0,0,1
4.9126,21111,Rest,HAZIRLANIYOR...,0,0,0,0,0,0,1
4.9126,21112,Rest,HAZIRLANIYOR...,0,0,0,0,0,0,1
4.9126,21113,Rest,HAZIRLANIYOR...,0,0,0,0,29,0,1
4.9126,21114,Rest,HAZIRLANIYOR...,0,0,0,0,69,2,0
4.9126,21115,Rest,HAZIRLANIYOR...,0,0,0,0,111,3,1
4.9127,21116,Rest,HAZIRLANIYOR...,0,0,0,0,157,3,1
4.9279,21117,Rest,HAZIRLANIYOR...,0,29,0,0,197,3,2
4.9280,21118,Rest,HAZIRLANIYOR...,0,61,0,0,221,3,1
4.9281,21119,Rest,HAZIRLANIYOR...,0,92,0,0,235,2,1
4.9281,21120,Rest,HAZIRLANIYOR...,0,122,0,0,247,2,1
4.9281,21121,Rest,HAZIRLANIYOR...,0,149,11,0,255,1,0
4.9282,21122,Rest,HAZIRLANIYOR...,0,168,28,0,253,1,0
4.9282,21123,Rest,HAZIRLANIYOR...,0,180,43,0,239,0,0
4.9282,21124,Rest,HAZIRLANIYOR...,0,185,53,6,221,0,0
4.9282,21125,Rest,HAZIRLANIYOR...,0,187,62,15,208,1,1
4.9282,21126,Rest,HAZIRLANIYOR...,0,185,71,24,200,4,0
4.9283,21127,Rest,HAZIRLANIYOR...,0,179,78,34,187,5,0
4.9283,21128,Rest,HAZIRLANIYOR...,0,167,84,45,156,1,0
4.9283,21129,Rest,HAZIRLANIYOR...,0,149,87,58,105,0,0
4.9286,21130,Rest,HAZIRLANIYOR...,0,124,90,72,45,0,1
4.9286,21131,Rest,HAZIRLANIYOR...,0,92,93,83,0,0,1
4.9286,21132,Rest,HAZIRLANIYOR...,0,55,94,92,0,0,0
4.9286,21133,Rest,HAZIRLANIYOR...,0,16,93,99,0,0,2
4.9286,21134,Rest,HAZIRLANIYOR...,0,0,88,102,0,0,7
4.9287,21135,Rest,HAZIRLANIYOR...,0,0,79,100,0,0,9
4.9287,21136,Rest,HAZIRLANIYOR...,0,0,68,94,0,0,1
4.9287,21137,Rest,HAZIRLANIYOR...,0,0,57,84,0,0,0
4.9287,21138,Rest,HAZIRLANIYOR...,0,0,44,71,0,0,0
4.9287,21139,Rest,HAZIRLANIYOR...,0,0,30,57,0,6,0
4.9287,21140,Rest,HAZIRLANIYOR...,0,0,16,43,0,10,0
4.9287,21141,Rest,HAZIRLANIYOR...,0,0,4,27,0,4,0
4.9287,21142,Rest,HAZIRLANIYOR...,0,0,0,11,0,0,0
4.9287,21143,Rest,HAZIRLANIYOR...,0,0,0,0,0,0,0
4.9288,21144,Rest,HAZIRLANIYOR...,0,0,0,0,0,0,0
4.9288,21145,Rest,HAZIRLANIYOR...,0,0,0,0,0,0,0
4.9433,21146,Rest,HAZIRLANIYOR...,0,0,0,0,0,0,0
4.9434,21147,Rest,HAZIRLANIYOR...,0,0,0,0,0,0,0
4.9434,21148,Rest,HAZIRLANIYOR...,0,0,0,0,0,2,0
4.9434,21149,Rest,HAZIRLANIYOR...,0,0,0,0,44,7,0
4.9434,21150,Rest,HAZIRLANIYOR...,0,40,0,0,91,13,0
4.9434,21151,Rest,HAZIRLANIYOR...,0,95,0,0,130,15,0
4.9435,21152,Rest,HAZIRLANIYOR...,0,152,0,0,162,11,3
4.9435,21153,Rest,HAZIRLANIYOR...,0,202,0,0,193,4,4
4.9435,21154,Rest,HAZIRLANIYOR...,0,243,0,0,222,0,5
4.9435,21155,Rest,HAZIRLANIYOR...,0,275,0,0,243,0,7
4.9435,21156,Rest,HAZIRLANIYOR...,0,304,0,0,257,0,9
4.9435,21157,Rest,HAZIRLANIYOR...,0,327,0,0,260,0,5
4.9436,21158,Rest,HAZIRLANIYOR...,0,339,0,0,245,0,0
4.9436,21159,Rest,HAZIRLANIYOR...,0,339,9,23,219,0,0
4.9436,21160,Rest,HAZIRLANIYOR...,0,335,28,52,204,0,0
4.9436,21161,Rest,HAZIRLANIYOR...,0,340,43,77,204,0,0
4.9436,21162,Rest,HAZIRLANIYOR...,0,347,53,95,207,0,0
4.9436,21163,Rest,HAZIRLANIYOR...,0,340,63,107,189,0,0
4.9437,21164,Rest,HAZIRLANIYOR...,0,319,73,115,138,0,0
4.9437,21165,Rest,HAZIRLANIYOR...,0,293,85,123,70,0,0
4.9437,21166,Rest,HAZIRLANIYOR...,0,269,96,130,8,0,0
4.9437,21167,Rest,HAZIRLANIYOR...,0,244,104,133,0,0,0
4.9437,21168,Rest,HAZIRLANIYOR...,0,213,106,129,0,2,0
4.9437,21169,Rest,HAZIRLANIYOR...,0,172,106,121,0,0,0
4.9437,21170,Rest,HAZIRLANIYOR...,0,122,103,110,0,0,0
4.9438,21171,Rest,HAZIRLANIYOR...,0,68,98,98,0,0,2
4.9583,21172,Rest,HAZIRLANIYOR...,0,14,90,86,0,1,1
4.9584,21173,Rest,HAZIRLANIYOR...,0,0,79,73,0,0,0
4.9584,21174,Rest,HAZIRLANIYOR...,0,0,65,57,0,0,0
4.9585,21175,Rest,HAZIRLANIYOR...,0,0,51,40,0,0,0
4.9585,21176,Rest,HAZIRLANIYOR...,0,0,36,24,0,1,3
4.9585,21177,Rest,HAZIRLANIYOR...,0,0,22,9,0,7,4
4.9585,21178,Rest,HAZIRLANIYOR...,0,0,8,0,0,1,1
4.9585,21179,Rest,HAZIRLANIYOR...,0,0,0,0,0,0,0
4.9586,21180,Rest,HAZIRLANIYOR...,0,0,0,0,0,0,1
4.9586,21181,Rest,HAZIRLANIYOR...,0,0,0,0,0,0,2
4.9586,21182,Rest,HAZIRLANIYOR...,0,0,0,0,0,1,2
4.9586,21183,Rest,HAZIRLANIYOR...,0,0,0,0,0,0,0
4.9586,21184,Rest,HAZIRLANIYOR...,0,0,0,0,15,0,0
4.9586,21185,Rest,HAZIRLANIYOR...,0,0,0,0,63,0,0
4.9586,21186,Rest,HAZIRLANIYOR...,0,0,0,0,107,3,0
4.9587,21187,Rest,HAZIRLANIYOR...,0,0,0,0,149,4,0
4.9587,21188,Rest,HAZIRLANIYOR...,0,0,0,0,185,2,1
4.9587,21189,Rest,HAZIRLANIYOR...,0,0,0,0,213,0,6
4.9587,21190,Rest,HAZIRLANIYOR...,0,0,0,0,231,0,4
4.9587,21191,Rest,HAZIRLANIYOR...,0,0,0,0,243,7,1
4.9587,21192,Rest,HAZIRLANIYOR...,0,0,0,0,252,12,0
4.9587,21193,Rest,HAZIRLANIYOR...,0,0,0,0,252,6,0
4.9587,21194,Rest,HAZIRLANIYOR...,0,0,0,0,236,0,0
4.9587,21195,Rest,HAZIRLANIYOR...,0,0,0,0,215,0,0
4.9588,21196,Rest,HAZIRLANIYOR...,0,0,0,0,202,3,0
4.9588,21197,Rest,HAZIRLANIYOR...,0,31,0,0,196,7,0
4.9588,21198,Rest,HAZIRLANIYOR...,0,74,0,0,182,2,0
4.9738,21199,Rest,HAZIRLANIYOR...,0,111,7,0,146,0,0
4.9738,21200,Rest,HAZIRLANIYOR...,0,140,18,0,89,0,0
4.9738,21201,Rest,HAZIRLANIYOR...,0,159,26,0,25,0,0
4.9739,21202,Rest,HAZIRLANIYOR...,0,175,33,0,0,0,0
4.9739,21203,Rest,HAZIRLANIYOR...,0,192,39,0,0,0,0
4.9739,21204,Rest,HAZIRLANIYOR...,0,210,44,4,0,0,0
4.9739,21205,Rest,HAZIRLANIYOR...,0,224,47,17,0,0,0
4.9739,21206,Rest,HAZIRLANIYOR...,0,228,48,28,0,0,0
4.9739,21207,Rest,HAZIRLANIYOR...,0,222,50,37,0,0,0
4.9739,21208,Rest,HAZIRLANIYOR...,0,210,54,47,0,0,0
4.9739,21209,Rest,HAZIRLANIYOR...,0,196,59,57,0,0,0
4.9739,21210,Rest,HAZIRLANIYOR...,0,183,63,69,0,0,1
4.9740,21211,Rest,HAZIRLANIYOR...,0,170,66,80,0,0,4
4.9740,21212,Rest,HAZIRLANIYOR...,0,151,67,87,0,1,9
4.9740,21213,Rest,HAZIRLANIYOR...,0,124,64,92,0,1,11
4.9740,21214,Rest,HAZIRLANIYOR...,0,94,55,94,0,0,3
4.9740,21215,Rest,HAZIRLANIYOR...,0,66,42,93,0,0,0
4.9740,21216,Rest,HAZIRLANIYOR...,0,43,27,88,0,0,0
4.9741,21217,Rest,HAZIRLANIYOR...,0,26,10,80,0,1,0
4.9741,21218,Rest,HAZIRLANIYOR...,0,17,0,67,0,2,0
4.9741,21219,Rest,HAZIRLANIYOR...,0,16,0,49,0,4,0
4.9741,21220,Rest,HAZIRLANIYOR...,0,16,0,28,54,9,0
4.9741,21221,Rest,HAZIRLANIYOR...,0,14,0,7,99,12,0
4.9742,21222,Rest,HAZIRLANIYOR...,0,13,0,0,138,5,0
4.9742,21223,Rest,HAZIRLANIYOR...,0,15,0,0,173,0,0
4.9742,21224,Rest,HAZIRLANIYOR...,0,20,0,0,206,0,0
4.9743,21225,Rest,HAZIRLANIYOR...,0,23,0,0,233,0,0
4.9743,21226,Rest,HAZIRLANIYOR...,0,21,0,0,248,3,0
4.9893,21227,Rest,HAZIRLANIYOR...,0,14,0,0,254,3,0
4.9894,21228,Rest,HAZIRLANIYOR...,0,4,0,0,250,0,0
4.9894,21229,Rest,HAZIRLANIYOR...,0,0,0,0,238,0,0
4.9895,21230,Rest,HAZIRLANIYOR...,0,0,0,0,220,4,0
4.9895,21231,Rest,HAZIRLANIYOR...,0,9,0,0,206,8,0
4.9895,21232,Rest,HAZIRLANIYOR...,0,26,0,0,199,2,0
4.9895,21233,Rest,HAZIRLANIYOR...,0,41,0,0,192,0,0
4.9895,21234,Rest,HAZIRLANIYOR...,0,50,15,0,171,0,0
4.9895,21235,Rest,HAZIRLANIYOR...,0,57,41,42,129,0,0
4.9895,21236,Rest,HAZIRLANIYOR...,0,67,65,87,73,5,0
4.9896,21237,Rest,HAZIRLANIYOR...,0,74,87,131,15,6,0
4.9896,21238,Rest,HAZIRLANIYOR...,0,69,105,170,0,0,0
4.9896,21239,Rest,HAZIRLANIYOR...,0,53,117,197,0,0,5
4.9896,21240,Rest,HAZIRLANIYOR...,0,33,125,215,0,0,4
4.9896,21241,Rest,HAZIRLANIYOR...,0,11,130,226,0,0,0
4.9896,21242,Rest,HAZIRLANIYOR...,0,0,132,233,0,0,0
4.9896,21243,Rest,HAZIRLANIYOR...,0,0,130,233,0,0,1
4.9896,21244,Rest,HAZIRLANIYOR...,0,0,125,225,0,0,2
4.9896,21245,Rest,HAZIRLANIYOR...,0,0,115,208,0,0,1
4.9897,21246,Rest,HAZIRLANIYOR...,0,0,99,184,0,0,0
4.9897,21247,Rest,HAZIRLANIYOR...,0,0,78,152,0,0,2
4.9897,21248,Rest,HAZIRLANIYOR...,0,0,55,117,0,0,10
4.9897,21249,Rest,HAZIRLANIYOR...,0,0,29,80,0,0,20
4.9897,21250,Rest,HAZIRLANIYOR...,0,0,4,45,0,5,18
4.9897,21251,Rest,HAZIRLANIYOR...,0,0,0,10,0,9,1
4.9898,21252,Rest,HAZIRLANIYOR...,0,0,0,0,0,4,0
4.9899,21253,Rest,HAZIRLANIYOR...,0,0,0,0,0,0,0
5.0044,21254,Rest,HAZIRLANIYOR...,0,0,0,0,0,0,4
5.0045,21255,Rest,HAZIRLANIYOR...,0,0,0,0,21,0,0
5.0045,21256,Rest,HAZIRLANIYOR...,0,0,0,0,60,0,0
5.0045,21257,Rest,HAZIRLANIYOR...,0,0,0,0,91,0,0
5.0045,21258,Rest,HAZIRLANIYOR...,0,0,0,0,125,2,0
5.0046,21259,Rest,HAZIRLANIYOR...,0,18,0,0,165,9,0
5.0046,21260,Rest,HAZIRLANIYOR...,0,47,0,0,207,14,0
5.0046,21261,Rest,HAZIRLANIYOR...,0,72,0,0,242,7,0
5.0046,21262,Rest,HAZIRLANIYOR...,0,93,0,0,263,0,5
5.0046,21263,Rest,HAZIRLANIYOR...,0,111,0,0,268,0,9
5.0046,21264,Rest,HAZIRLANIYOR...,0,122,0,0,254,0,2
5.0046,21265,Rest,HAZIRLANIYOR...,0,125,0,0,231,0,0
5.0047,21266,Rest,HAZIRLANIYOR...,0,118,0,0,214,0,0
5.0047,21267,Rest,HAZIRLANIYOR...,0,107,0,0,207,0,0
5.0047,21268,Rest,HAZIRLANIYOR...,0,94,0,0,202,0,0
5.0047,21269,Rest,HAZIRLANIYOR...,0,84,0,0,186,7,0
5.0047,21270,Rest,HAZIRLANIYOR...,0,78,8,0,150,10,0
5.0048,21271,Rest,HAZIRLANIYOR...,0,72,23,0,95,4,0
5.0048,21272,Rest,HAZIRLANIYOR...,0,63,36,0,35,0,0
5.0048,21273,Rest,HAZIRLANIYOR...,0,56,47,0,0,2,0
5.0048,21274,Rest,HAZIRLANIYOR...,0,57,57,5,0,2,0
5.0048,21275,Rest,HAZIRLANIYOR...,0,69,66,18,0,0,0
5.0048,21276,Rest,HAZIRLANIYOR...,0,81,72,27,0,0,0
5.0050,21277,Rest,HAZIRLANIYOR...,0,82,76,35,0,0,0
5.0050,21278,Rest,HAZIRLANIYOR...,0,70,76,41,0,0,0
5.0051,21279,Rest,HAZIRLANIYOR...,0,50,72,40,0,0,5
5.0051,21280,Rest,HAZIRLANIYOR...,0,23,66,35,0,0,10
5.0204,21281,Rest,HAZIRLANIYOR...,0,0,57,26,0,0,5
5.0205,21282,Rest,HAZIRLANIYOR...,0,0,46,14,0,0,0
5.0205,21283,Rest,HAZIRLANIYOR...,0,0,33,0,0,0,0
5.0205,21284,Rest,HAZIRLANIYOR...,0,0,20,0,0,0,0
5.0205,21285,Rest,HAZIRLANIYOR...,0,0,6,0,0,0,0
5.0205,21286,Rest,HAZIRLANIYOR...,0,0,0,0,0,0,1
5.0206,21287,Rest,HAZIRLANIYOR...,0,0,0,0,0,0,1
5.0206,21288,Rest,HAZIRLANIYOR...,0,0,0,0,0,4,0
5.0206,21289,Rest,HAZIRLANIYOR...,0,0,0,0,0,4,0
5.0206,21290,Rest,HAZIRLANIYOR...,0,0,0,0,0,1,0
5.0206,21291,Rest,HAZIRLANIYOR...,0,0,0,0,36,1,2
5.0206,21292,Rest,HAZIRLANIYOR...,0,0,0,0,86,4,3
5.0206,21293,Rest,HAZIRLANIYOR...,0,0,0,0,128,11,2
5.0206,21294,Rest,HAZIRLANIYOR...,0,7,0,0,167,14,2
5.0207,21295,Rest,HAZIRLANIYOR...,0,30,0,0,203,8,3
5.0207,21296,Rest,HAZIRLANIYOR...,0,55,0,0,234,3,4
5.0207,21297,Rest,HAZIRLANIYOR...,0,82,0,0,256,2,3
5.0207,21298,Rest,HAZIRLANIYOR...,0,110,0,0,268,2,0
5.0207,21299,Rest,HAZIRLANIYOR...,0,141,0,0,269,0,0
5.0207,21300,Rest,HAZIRLANIYOR...,0,172,0,10,260,0,1
5.0207,21301,Rest,HAZIRLANIYOR...,0,197,15,35,246,0,2
5.0208,21302,Rest,HAZIRLANIYOR...,0,218,31,58,235,0,3
5.0208,21303,Rest,HAZIRLANIYOR...,0,236,44,78,228,0,8
5.0208,21304,Rest,HAZIRLANIYOR...,0,252,56,96,216,0,13
5.0208,21305,Rest,HAZIRLANIYOR...,0,265,65,112,188,0,6
5.0208,21306,Rest,HAZIRLANIYOR...,0,271,73,126,142,0,0
5.0208,21307,Rest,HAZIRLANIYOR...,0,270,77,138,85,0,0
5.0209,21308,Rest,HAZIRLANIYOR...,0,263,79,145,25,0,0
5.0360,21309,Rest,HAZIRLANIYOR...,0,251,80,148,0,0,0
5.0360,21310,Rest,HAZIRLANIYOR...,0,235,78,147,0,0,0
5.0360,21311,Rest,HAZIRLANIYOR...,0,213,73,142,0,0,0
5.0360,21312,Rest,HAZIRLANIYOR...,0,186,65,135,0,0,0
5.0361,21313,Rest,HAZIRLANIYOR...,0,165,55,124,0,0,0
5.0361,21314,Rest,HAZIRLANIYOR...,0,150,42,112,0,0,0
5.0361,21315,Rest,HAZIRLANIYOR...,0,138,28,99,0,0,0
5.0361,21316,Rest,HAZIRLANIYOR...,0,123,13,84,0,0,0
5.0361,21317,Rest,HAZIRLANIYOR...,0,105,0,69,0,0,0
5.0362,21318,Rest,HAZIRLANIYOR...,0,82,0,52,0,2,0
5.0362,21319,Rest,HAZIRLANIYOR...,0,58,0,35,0,3,0
5.0362,21320,Rest,HAZIRLANIYOR...,0,32,0,17,0,4,0
5.0362,21321,Rest,HAZIRLANIYOR...,0,4,0,0,0,5,0
5.0362,21322,Rest,HAZIRLANIYOR...,0,0,0,0,0,7,0
5.0362,21323,Rest,HAZIRLANIYOR...,0,0,0,0,0,6,0
5.0363,21324,Rest,HAZIRLANIYOR...,0,0,0,0,0,1,0
5.0363,21325,Rest,HAZIRLANIYOR...,0,0,0,0,0,0,0
5.0363,21326,Rest,HAZIRLANIYOR...,0,0,0,0,31,0,0
5.0363,21327,Rest,HAZIRLANIYOR...,0,0,0,0,84,0,0
5.0363,21328,Rest,HAZIRLANIYOR...,0,0,0,0,126,0,0
5.0364,21329,Rest,HAZIRLANIYOR...,0,0,0,0,167,0,0
5.0364,21330,Rest,HAZIRLANIYOR...,0,0,0,0,210,0,0
5.0364,21331,Rest,HAZIRLANIYOR...,0,0,0,0,244,1,0
5.0364,21332,Rest,HAZIRLANIYOR...,0,0,0,0,262,2,0
5.0364,21333,Rest,HAZIRLANIYOR...,0,0,0,0,266,1,0
5.0364,21334,Rest,HAZIRLANIYOR...,0,0,0,0,261,0,0
5.0365,21335,Rest,HAZIRLANIYOR...,0,0,0,10,255,2,0
5.0365,21336,Rest,HAZIRLANIYOR...,0,0,0,24,244,7,0
5.0511,21337,Rest,HAZIRLANIYOR...,0,0,10,35,230,10,0
5.0512,21338,Rest,HAZIRLANIYOR...,0,0,26,43,219,4,0
5.0512,21339,Rest,HAZIRLANIYOR...,0,0,42,51,212,0,0
5.0512,21340,Rest,HAZIRLANIYOR...,0,0,58,60,196,0,0
5.0512,21341,Rest,HAZIRLANIYOR...,0,0,73,70,159,0,0
5.0513,21342,Rest,HAZIRLANIYOR...,0,0,85,82,103,0,3
5.0513,21343,Rest,HAZIRLANIYOR...,0,7,93,92,40,0,0
5.0513,21344,Rest,HAZIRLANIYOR...,0,7,100,103,0,0,0
5.0513,21345,Rest,HAZIRLANIYOR...,0,4,109,116,0,0,0
5.0513,21346,Rest,HAZIRLANIYOR...,0,0,120,129,0,0,4
5.0513,21347,Rest,HAZIRLANIYOR...,0,0,129,136,0,0,5
5.0513,21348,Rest,HAZIRLANIYOR...,0,0,132,138,0,0,2
5.0513,21349,Rest,HAZIRLANIYOR...,0,0,129,134,0,0,1
5.0513,21350,Rest,HAZIRLANIYOR...,0,0,123,124,0,0,2
5.0514,21351,Rest,HAZIRLANIYOR...,0,0,115,110,0,0,3
5.0514,21352,Rest,HAZIRLANIYOR...,0,0,105,92,0,2,3
5.0514,21353,Rest,HAZIRLANIYOR...,0,0,89,73,0,1,2
5.0514,21354,Rest,HAZIRLANIYOR...,0,0,71,53,0,0,1
5.0514,21355,Rest,HAZIRLANIYOR...,0,0,50,32,0,0,0
5.0514,21356,Rest,HAZIRLANIYOR...,0,0,28,10,0,0,0
5.0514,21357,Rest,HAZIRLANIYOR...,0,0,6,0,0,0,0
5.0514,21358,Rest,HAZIRLANIYOR...,0,0,0,0,0,0,0
5.0514,21359,Rest,HAZIRLANIYOR...,0,0,0,0,0,1,3
5.0515,21360,Rest,HAZIRLANIYOR...,0,0,0,0,0,1,6
5.0515,21361,Rest,HAZIRLANIYOR...,0,0,0,0,0,0,3
5.0515,21362,Rest,HAZIRLANIYOR...,0,0,0,0,54,0,0
5.0664,21363,Rest,HAZIRLANIYOR...,0,0,0,0,101,1,0
5.0665,21364,Rest,HAZIRLANIYOR...,0,0,0,0,140,2,0
5.0665,21365,Rest,HAZIRLANIYOR...,0,0,0,0,175,2,0
5.0665,21366,Rest,HAZIRLANIYOR...,0,0,0,0,207,2,1
5.0665,21367,Rest,HAZIRLANIYOR...,0,0,0,0,232,4,6
5.0666,21368,Rest,HAZIRLANIYOR...,0,0,0,0,248,4,9
5.0666,21369,Rest,HAZIRLANIYOR...,0,0,0,0,255,0,2
5.0666,21370,Rest,HAZIRLANIYOR...,0,0,0,0,252,0,0
5.0666,21371,Rest,HAZIRLANIYOR...,0,0,0,0,240,0,0
5.0666,21372,Rest,HAZIRLANIYOR...,0,0,0,0,223,8,0
5.0666,21373,Rest,HAZIRLANIYOR...,0,1,0,0,210,14,0
5.0666,21374,Rest,HAZIRLANIYOR...,0,45,0,0,207,10,0
5.0666,21375,Rest,HAZIRLANIYOR...,0,93,0,0,202,0,0
5.0667,21376,Rest,HAZIRLANIYOR...,0,143,3,0,178,0,1
5.0667,21377,Rest,HAZIRLANIYOR...,0,192,16,0,127,0,1
5.0667,21378,Rest,HAZIRLANIYOR...,0,237,26,13,62,2,0
5.0667,21379,Rest,HAZIRLANIYOR...,0,273,32,28,0,0,0
5.0667,21380,Rest,HAZIRLANIYOR...,0,297,38,40,0,0,0
5.0667,21381,Rest,HAZIRLANIYOR...,0,312,44,50,0,0,0
5.0667,21382,Rest,HAZIRLANIYOR...,0,320,50,59,0,0,0
5.0668,21383,Rest,HAZIRLANIYOR...,0,317,52,66,0,0,0
5.0668,21384,Rest,HAZIRLANIYOR...,0,300,51,68,0,0,0
5.0668,21385,Rest,HAZIRLANIYOR...,0,269,46,64,0,0,0
5.0668,21386,Rest,HAZIRLANIYOR...,0,226,39,57,0,0,0
5.0668,21387,Rest,HAZIRLANIYOR...,0,174,31,48,0,0,0
5.0668,21388,Rest,HAZIRLANIYOR...,0,119,22,39,0,0,0
5.0669,21389,Rest,HAZIRLANIYOR...,0,64,14,27,0,1,0
5.0669,21390,Rest,HAZIRLANIYOR...,0,10,6,13,0,5,0
5.0818,21391,Rest,HAZIRLANIYOR...,0,0,0,0,0,3,0
5.0818,21392,Rest,HAZIRLANIYOR...,0,0,0,0,0,0,0
5.0819,21393,Rest,HAZIRLANIYOR...,0,0,0,0,0,0,0
5.0819,21394,Rest,HAZIRLANIYOR...,0,0,0,0,0,1,0
5.0819,21395,Rest,HAZIRLANIYOR...,0,0,0,0,0,9,0
5.0819,21396,Rest,HAZIRLANIYOR...,0,0,0,0,0,11,2
5.0819,21397,Rest,HAZIRLANIYOR...,0,0,0,0,33,4,7
5.0819,21398,Rest,HAZIRLANIYOR...,0,0,0,0,82,0,10
5.0820,21399,Rest,HAZIRLANIYOR...,0,0,0,0,126,0,3
5.0820,21400,Rest,HAZIRLANIYOR...,0,0,0,0,164,0,0
5.0820,21401,Rest,HAZIRLANIYOR...,0,0,0,0,199,2,0
5.0820,21402,Rest,HAZIRLANIYOR...,0,0,0,0,230,7,0
5.0820,21403,Rest,HAZIRLANIYOR...,0,11,0,0,254,11,0
5.0820,21404,Rest,HAZIRLANIYOR...,0,59,0,0,266,13,0
5.0820,21405,Rest,HAZIRLANIYOR...,0,97,0,0,266,12,0
5.0820,21406,Rest,HAZIRLANIYOR...,0,127,0,0,257,7,0
5.0821,21407,Rest,HAZIRLANIYOR...,0,155,0,0,242,0,0
5.0821,21408,Rest,HAZIRLANIYOR...,0,180,0,0,228,0,1
5.0821,21409,Rest,HAZIRLANIYOR...,0,202,0,2,220,0,2
5.0821,21410,Rest,HAZIRLANIYOR...,0,220,3,21,216,0,0
5.0821,21411,Rest,HAZIRLANIYOR...,0,234,15,38,202,0,0
5.0821,21412,Rest,HAZIRLANIYOR...,0,239,28,55,162,0,0
5.0822,21413,Rest,HAZIRLANIYOR...,0,230,41,73,102,0,0
5.0822,21414,Rest,HAZIRLANIYOR...,0,210,54,87,38,0,4
5.0822,21415,Rest,HAZIRLANIYOR...,0,184,67,97,0,0,4
5.0822,21416,Rest,HAZIRLANIYOR...,0,154,77,104,0,0,2
5.0823,21417,Rest,HAZIRLANIYOR...,0,116,85,110,0,0,5
5.0970,21418,Rest,HAZIRLANIYOR...,0,68,89,113,0,0,9
5.0971,21419,Rest,HAZIRLANIYOR...,0,15,89,111,0,0,6
5.0972,21420,Rest,HAZIRLANIYOR...,0,0,89,106,0,0,0
5.0972,21421,Rest,HAZIRLANIYOR...,0,0,87,100,0,0,5
5.0972,21422,Rest,HAZIRLANIYOR...,0,0,84,92,0,0,12
5.0972,21423,Rest,HAZIRLANIYOR...,0,0,76,83,0,1,6
5.0972,21424,Rest,HAZIRLANIYOR...,0,0,67,71,0,6,0
5.0972,21425,Rest,HAZIRLANIYOR...,0,0,57,57,0,10,0
5.0973,21426,Rest,HAZIRLANIYOR...,0,0,47,44,0,6,0
5.0973,21427,Rest,HAZIRLANIYOR...,0,0,34,31,0,4,0
5.0973,21428,Rest,HAZIRLANIYOR...,0,0,19,19,0,7,0
5.0973,21429,Rest,HAZIRLANIYOR...,0,0,4,5,0,7,0
5.0973,21430,Rest,HAZIRLANIYOR...,0,0,0,0,0,2,0
5.0973,21431,Rest,HAZIRLANIYOR...,0,0,0,0,0,0,1
5.0974,21432,Rest,HAZIRLANIYOR...,0,0,0,0,6,2,0
5.0974,21433,Rest,HAZIRLANIYOR...,0,0,0,0,66,4,0
5.0974,21434,Rest,HAZIRLANIYOR...,0,0,0,0,117,3,0
5.0974,21435,Rest,HAZIRLANIYOR...,0,0,0,0,150,2,0
5.0976,21436,Rest,HAZIRLANIYOR...,0,0,0,0,174,2,0
5.0976,21437,Rest,HAZIRLANIYOR...,0,29,0,0,205,3,1
5.0976,21438,Rest,HAZIRLANIYOR...,0,63,0,0,237,3,1
5.0976,21439,Rest,HAZIRLANIYOR...,0,101,0,0,259,1,0
5.0976,21440,Rest,HAZIRLANIYOR...,0,140,0,0,264,0,0
5.0976,21441,Rest,HAZIRLANIYOR...,0,179,0,0,259,0,0
5.0976,21442,Rest,HAZIRLANIYOR...,0,215,0,0,247,0,0
5.0977,21443,Rest,HAZIRLANIYOR...,0,247,0,0,231,0,0
5.0977,21444,Rest,HAZIRLANIYOR...,0,275,0,0,219,0,0
5.1128,21445,Rest,HAZIRLANIYOR...,0,300,8,0,218,0,0
5.1129,21446,Rest,HAZIRLANIYOR...,0,319,17,0,214,0,1
5.1129,21447,Rest,HAZIRLANIYOR...,0,331,27,0,182,0,1
5.1130,21448,Rest,HAZIRLANIYOR...,0,336,39,0,121,0,7
5.1130,21449,Rest,HAZIRLANIYOR...,0,335,51,1,55,0,16
5.1130,21450,Rest,HAZIRLANIYOR...,0,328,59,11,0,0,17
5.1131,21451,Rest,HAZIRLANIYOR...,0,307,63,20,0,0,2
5.1131,21452,Rest,HAZIRLANIYOR...,0,271,64,26,0,0,0
5.1131,21453,Rest,HAZIRLANIYOR...,0,222,62,29,0,0,0
5.1131,21454,Rest,HAZIRLANIYOR...,0,169,59,30,0,0,0
5.1131,21455,Rest,HAZIRLANIYOR...,0,114,56,31,0,0,0
5.1131,21456,Rest,HAZIRLANIYOR...,0,57,52,33,0,0,0
5.1131,21457,Rest,HAZIRLANIYOR...,0,0,47,35,0,0,0
5.1131,21458,Rest,HAZIRLANIYOR...,0,0,40,37,0,0,0
5.1131,21459,Rest,HAZIRLANIYOR...,0,0,33,38,0,1,0
5.1131,21460,Rest,HAZIRLANIYOR...,0,0,27,39,0,6,0
5.1131,21461,Rest,HAZIRLANIYOR...,0,0,21,41,0,10,0
5.1131,21462,Rest,HAZIRLANIYOR...,0,0,14,39,0,7,0
5.1132,21463,Rest,HAZIRLANIYOR...,0,0,4,28,0,0,0
5.1132,21464,Rest,HAZIRLANIYOR...,0,0,0,13,0,0,0
5.1132,21465,Rest,HAZIRLANIYOR...,0,0,0,2,0,0,2
5.1132,21466,Rest,HAZIRLANIYOR...,0,0,0,0,0,0,6
5.1132,21467,Rest,HAZIRLANIYOR...,0,0,0,0,0,2,7
5.1132,21468,Rest,HAZIRLANIYOR...,0,0,0,0,39,1,1
5.1132,21469,Rest,HAZIRLANIYOR...,0,0,0,0,90,1,0
5.1132,21470,Rest,HAZIRLANIYOR...,0,0,0,0,133,1,0
5.1134,21471,Rest,HAZIRLANIYOR...,0,0,0,0,170,1,1
5.1135,21472,Rest,HAZIRLANIYOR...,0,0,0,0,205,1,4
5.1289,21473,Rest,HAZIRLANIYOR...,0,0,0,0,234,0,8
5.1289,21474,Rest,HAZIRLANIYOR...,0,0,0,0,258,0,10
5.1290,21475,Rest,HAZIRLANIYOR...,0,0,0,0,271,0,4
5.1290,21476,Rest,HAZIRLANIYOR...,0,4,0,0,273,0,0
5.1290,21477,Rest,HAZIRLANIYOR...,0,16,0,0,263,0,0
5.1290,21478,Rest,HAZIRLANIYOR...,0,22,0,0,247,0,0
5.1290,21479,Rest,HAZIRLANIYOR...,0,25,0,4,231,0,0
5.1290,21480,Rest,HAZIRLANIYOR...,0,25,0,15,223,0,2
5.1290,21481,Rest,HAZIRLANIYOR...,0,17,0,26,218,0,0
5.1290,21482,Rest,HAZIRLANIYOR...,0,0,11,34,199,0,0
5.1290,21483,Rest,HAZIRLANIYOR...,0,0,21,39,155,0,0
5.1290,21484,Rest,HAZIRLANIYOR...,0,0,30,42,94,0,0
5.1291,21485,Rest,HAZIRLANIYOR...,0,0,38,44,30,0,0
5.1291,21486,Rest,HAZIRLANIYOR...,0,0,44,45,0,0,0
5.1291,21487,Rest,HAZIRLANIYOR...,0,0,46,44,0,0,0
5.1291,21488,Rest,HAZIRLANIYOR...,0,0,46,41,0,1,0
5.1291,21489,Rest,HAZIRLANIYOR...,0,0,48,38,0,6,0
5.1291,21490,Rest,HAZIRLANIYOR...,0,0,51,37,0,2,0
5.1291,21491,Rest,HAZIRLANIYOR...,0,0,50,34,0,0,0
5.1291,21492,Rest,HAZIRLANIYOR...,0,0,45,28,0,0,3
5.1291,21493,Rest,HAZIRLANIYOR...,0,0,37,23,0,0,5
5.1291,21494,Rest,HAZIRLANIYOR...,0,0,27,19,0,0,3
5.1291,21495,Rest,HAZIRLANIYOR...,0,0,18,14,0,3,0
5.1292,21496,Rest,HAZIRLANIYOR...,0,0,7,7,0,5,0
5.1292,21497,Rest,HAZIRLANIYOR...,0,0,0,0,0,2,0
5.1292,21498,Rest,HAZIRLANIYOR...,0,0,0,0,0,0,3
5.1292,21499,Rest,HAZIRLANIYOR...,0,0,0,0,0,0,6
5.1292,21500,Rest,HAZIRLANIYOR...,0,0,0,0,0,1,6
5.1441,21501,Rest,HAZIRLANIYOR...,0,0,0,0,0,2,4
5.1442,21502,Rest,HAZIRLANIYOR...,0,0,0,0,0,2,3
5.1442,21503,Rest,HAZIRLANIYOR...,0,18,0,0,12,2,3
5.1442,21504,Rest,HAZIRLANIYOR...,0,77,0,0,66,2,2
5.1443,21505,Rest,HAZIRLANIYOR...,0,134,0,0,112,2,0
5.1443,21506,Rest,HAZIRLANIYOR...,0,189,0,0,151,3,0
5.1443,21507,Rest,HAZIRLANIYOR...,0,239,0,0,186,8,0
5.1443,21508,Rest,HAZIRLANIYOR...,0,283,0,0,220,10,1
5.1443,21509,Rest,HAZIRLANIYOR...,0,322,0,0,248,4,9
5.1444,21510,Rest,HAZIRLANIYOR...,0,351,0,0,265,0,15
5.1444,21511,Rest,HAZIRLANIYOR...,0,368,0,0,270,1,7
5.1444,21512,Rest,HAZIRLANIYOR...,0,374,0,0,265,1,0
5.1444,21513,Rest,HAZIRLANIYOR...,0,377,0,0,252,0,0
5.1444,21514,Rest,HAZIRLANIYOR...,0,386,0,0,234,0,0
5.1444,21515,Rest,HAZIRLANIYOR...,0,398,2,4,223,0,0
5.1445,21516,Rest,HAZIRLANIYOR...,0,411,18,14,223,0,0
5.1445,21517,Rest,HAZIRLANIYOR...,0,425,38,26,217,0,0
5.1445,21518,Rest,HAZIRLANIYOR...,0,441,59,41,180,0,0
5.1445,21519,Rest,HAZIRLANIYOR...,0,454,79,59,116,2,0
5.1445,21520,Rest,HAZIRLANIYOR...,0,455,97,80,50,4,0
5.1445,21521,Rest,HAZIRLANIYOR...,0,442,112,98,0,0,0
5.1445,21522,Rest,HAZIRLANIYOR...,0,420,123,110,0,0,0
5.1446,21523,Rest,HAZIRLANIYOR...,0,393,128,117,0,0,0
5.1446,21524,Rest,HAZIRLANIYOR...,0,361,130,120,0,0,0
5.1446,21525,Rest,HAZIRLANIYOR...,0,322,127,120,0,0,0
5.1446,21526,Rest,HAZIRLANIYOR...,0,277,119,115,0,0,0
5.1447,21527,Rest,HAZIRLANIYOR...,0,225,106,105,0,0,0
5.1447,21528,Rest,HAZIRLANIYOR...,0,166,92,92,0,0,0
5.1595,21529,Rest,HAZIRLANIYOR...,0,103,76,75,0,4,0
5.1595,21530,Rest,HAZIRLANIYOR...,0,35,57,57,0,7,0
5.1595,21531,Rest,HAZIRLANIYOR...,0,0,37,38,0,2,0
5.1595,21532,Rest,HAZIRLANIYOR...,0,0,18,20,0,0,7
5.1596,21533,Rest,HAZIRLANIYOR...,0,0,1,3,0,0,15
5.1596,21534,Rest,HAZIRLANIYOR...,0,0,0,0,0,0,7
5.1596,21535,Rest,HAZIRLANIYOR...,0,0,0,0,0,0,0
5.1596,21536,Rest,HAZIRLANIYOR...,0,0,0,0,0,0,0
5.1596,21537,Rest,HAZIRLANIYOR...,0,0,0,0,0,0,0
5.1596,21538,Rest,HAZIRLANIYOR...,0,0,0,0,0,0,0
5.1596,21539,Rest,HAZIRLANIYOR...,0,0,0,0,39,0,0
5.1596,21540,Rest,HAZIRLANIYOR...,0,0,0,0,87,0,0
5.1597,21541,Rest,HAZIRLANIYOR...,0,0,0,0,130,0,0
5.1597,21542,Rest,HAZIRLANIYOR...,0,0,0,0,171,5,1
5.1597,21543,Rest,HAZIRLANIYOR...,0,0,0,0,207,7,2
5.1597,21544,Rest,HAZIRLANIYOR...,0,0,0,0,229,5,0
5.1597,21545,Rest,HAZIRLANIYOR...,0,0,0,0,240,3,0
5.1597,21546,Rest,HAZIRLANIYOR...,0,0,0,0,249,4,0
5.1597,21547,Rest,HAZIRLANIYOR...,0,0,0,0,252,5,0
5.1597,21548,Rest,HAZIRLANIYOR...,0,0,0,0,246,5,0
5.1597,21549,Rest,HAZIRLANIYOR...,0,0,0,0,231,8,0
5.1598,21550,Rest,HAZIRLANIYOR...,0,0,0,0,217,10,0
5.1598,21551,Rest,HAZIRLANIYOR...,0,0,0,0,210,5,0
5.1598,21552,Rest,HAZIRLANIYOR...,0,0,0,0,205,0,1
5.1598,21553,Rest,HAZIRLANIYOR...,0,4,4,14,186,0,0
5.1598,21554,Rest,HAZIRLANIYOR...,0,0,15,30,143,3,0
5.1756,21555,Rest,HAZIRLANIYOR...,0,0,27,44,81,6,0
5.1757,21556,Rest,HAZIRLANIYOR...,0,0,37,56,16,0,0
5.1757,21557,Rest,HAZIRLANIYOR...,0,0,44,65,0,0,0
5.1757,21558,Rest,HAZIRLANIYOR...,0,0,48,69,0,0,0
5.1757,21559,Rest,HAZIRLANIYOR...,0,0,49,69,0,0,2
5.1757,21560,Rest,HAZIRLANIYOR...,0,0,49,69,0,0,7
5.1758,21561,Rest,HAZIRLANIYOR...,0,0,46,70,0,0,9
5.1758,21562,Rest,HAZIRLANIYOR...,0,0,41,67,0,0,1
5.1758,21563,Rest,HAZIRLANIYOR...,0,0,32,58,0,0,0
5.1758,21564,Rest,HAZIRLANIYOR...,0,0,21,48,0,0,0
5.1758,21565,Rest,HAZIRLANIYOR...,0,0,12,38,0,0,8
5.1758,21566,Rest,HAZIRLANIYOR...,0,0,4,28,0,0,4
5.1759,21567,Rest,HAZIRLANIYOR...,0,0,0,16,0,0,0
5.1759,21568,Rest,HAZIRLANIYOR...,0,0,0,4,0,0,0
5.1759,21569,Rest,HAZIRLANIYOR...,0,0,0,0,0,0,2
5.1759,21570,Rest,HAZIRLANIYOR...,0,0,0,0,0,0,1
5.1759,21571,Rest,HAZIRLANIYOR...,0,0,0,0,0,0,0
5.1759,21572,Rest,HAZIRLANIYOR...,0,0,0,0,0,2,0
5.1759,21573,Rest,HAZIRLANIYOR...,0,22,0,0,0,4,0
5.1759,21574,Rest,HAZIRLANIYOR...,0,61,0,0,11,6,0
5.1760,21575,Rest,HAZIRLANIYOR...,0,104,0,0,68,10,0
5.1760,21576,Rest,HAZIRLANIYOR...,0,148,0,0,115,12,0
5.1760,21577,Rest,HAZIRLANIYOR...,0,193,0,0,152,8,0
5.1760,21578,Rest,HAZIRLANIYOR...,0,235,0,0,185,4,0
5.1760,21579,Rest,HAZIRLANIYOR...,0,273,0,0,219,5,0
5.1760,21580,Rest,HAZIRLANIYOR...,0,303,0,0,247,1,0
5.1761,21581,Rest,HAZIRLANIYOR...,0,323,0,0,263,0,3
5.1761,21582,Rest,HAZIRLANIYOR...,0,334,0,0,267,0,9
5.1761,21583,Rest,HAZIRLANIYOR...,0,337,15,0,262,0,10
5.1762,21584,Rest,HAZIRLANIYOR...,0,333,30,0,250,0,4
5.1910,21585,Rest,HAZIRLANIYOR...,0,325,44,0,239,0,0
5.1910,21586,Rest,HAZIRLANIYOR...,0,320,58,12,231,0,0
5.1911,21587,Rest,HAZIRLANIYOR...,0,322,69,28,223,0,0
5.1911,21588,Rest,HAZIRLANIYOR...,0,331,78,45,204,0,0
5.1911,21589,Rest,HAZIRLANIYOR...,0,342,85,65,166,0,0
5.1911,21590,Rest,HAZIRLANIYOR...,0,347,91,85,110,0,0
5.1911,21591,Rest,HAZIRLANIYOR...,0,344,95,103,47,0,0
5.1911,21592,Rest,HAZIRLANIYOR...,0,336,97,117,0,0,0
5.1911,21593,Rest,HAZIRLANIYOR...,0,322,96,128,0,0,0
5.1912,21594,Rest,HAZIRLANIYOR...,0,302,94,134,0,0,1
5.1912,21595,Rest,HAZIRLANIYOR...,0,274,91,134,0,0,0
5.1913,21596,Rest,HAZIRLANIYOR...,0,238,86,129,0,0,0
5.1913,21597,Rest,HAZIRLANIYOR...,0,198,78,121,0,0,0
5.1913,21598,Rest,HAZIRLANIYOR...,0,155,68,108,0,0,0
5.1913,21599,Rest,HAZIRLANIYOR...,0,114,56,94,0,0,4
5.1913,21600,Rest,HAZIRLANIYOR...,0,75,43,80,0,0,4
5.1913,21601,Rest,HAZIRLANIYOR...,0,39,29,65,0,0,3
5.1913,21602,Rest,HAZIRLANIYOR...,0,4,13,45,0,0,7
5.1913,21603,Rest,HAZIRLANIYOR...,0,0,0,25,0,0,12
5.1913,21604,Rest,HAZIRLANIYOR...,0,0,0,8,0,0,5
5.1914,21605,Rest,HAZIRLANIYOR...,0,0,0,0,0,0,0
5.1914,21606,Rest,HAZIRLANIYOR...,0,0,0,0,0,0,0
5.1914,21607,Rest,HAZIRLANIYOR...,0,0,0,0,0,1,0
5.1914,21608,Rest,HAZIRLANIYOR...,0,0,0,0,0,2,5
5.1914,21609,Rest,HAZIRLANIYOR...,0,0,0,0,0,4,9
5.1915,21610,Rest,HAZIRLANIYOR...,0,0,0,0,43,5,1
5.1915,21611,Rest,HAZIRLANIYOR...,0,0,0,0,92,6,0
5.2070,21612,Rest,HAZIRLANIYOR...,0,0,0,0,131,2,0
5.2071,21613,Rest,HAZIRLANIYOR...,0,0,0,0,166,0,2
5.2071,21614,Rest,HAZIRLANIYOR...,0,0,0,0,197,0,5
5.2071,21615,Rest,HAZIRLANIYOR...,0,0,0,0,220,0,1
5.2071,21616,Rest,HAZIRLANIYOR...,0,0,0,0,238,1,0
5.2071,21617,Rest,HAZIRLANIYOR...,0,0,0,0,259,0,0
5.2072,21618,Rest,HAZIRLANIYOR...,0,0,0,0,271,0,2
5.2072,21619,Rest,HAZIRLANIYOR...,0,0,0,0,259,0,3
5.2072,21620,Rest,HAZIRLANIYOR...,0,0,0,0,232,0,3
5.2072,21621,Rest,HAZIRLANIYOR...,0,0,0,0,216,0,0
5.2072,21622,Rest,HAZIRLANIYOR...,0,0,0,0,219,0,0
5.2072,21623,Rest,HAZIRLANIYOR...,0,0,0,0,219,0,0
5.2072,21624,Rest,HAZIRLANIYOR...,0,0,10,12,191,0,0
5.2072,21625,Rest,HAZIRLANIYOR...,0,0,23,32,134,0,0
5.2073,21626,Rest,HAZIRLANIYOR...,0,0,38,54,72,0,0
5.2073,21627,Rest,HAZIRLANIYOR...,0,0,52,74,16,0,0
5.2073,21628,Rest,HAZIRLANIYOR...,0,0,65,87,0,0,0
5.2073,21629,Rest,HAZIRLANIYOR...,0,0,75,91,0,0,0
5.2073,21630,Rest,HAZIRLANIYOR...,0,0,81,88,0,0,0
5.2073,21631,Rest,HAZIRLANIYOR...,0,0,81,79,0,0,0
5.2073,21632,Rest,HAZIRLANIYOR...,0,0,79,69,0,0,0
5.2073,21633,Rest,HAZIRLANIYOR...,0,0,75,60,0,0,0
5.2074,21634,Rest,HAZIRLANIYOR...,0,0,67,47,0,0,0
5.2074,21635,Rest,HAZIRLANIYOR...,0,0,54,30,0,0,0
5.2074,21636,Rest,HAZIRLANIYOR...,0,0,40,8,0,0,0
5.2074,21637,Rest,HAZIRLANIYOR...,0,0,31,0,0,6,0
5.2074,21638,Rest,HAZIRLANIYOR...,0,0,24,0,0,9,0
5.2075,21639,Rest,HAZIRLANIYOR...,0,0,12,0,0,4,6
5.2222,21640,Rest,HAZIRLANIYOR...,0,0,0,0,0,0,12
5.2224,21641,Rest,HAZIRLANIYOR...,0,15,0,0,0,0,6
5.2224,21642,Rest,HAZIRLANIYOR...,0,43,0,0,0,0,0
5.2224,21643,Rest,HAZIRLANIYOR...,0,71,0,0,0,2,0
5.2224,21644,Rest,HAZIRLANIYOR...,0,100,0,0,0,1,0
5.2224,21645,Rest,HAZIRLANIYOR...,0,129,0,0,13,0,0
5.2224,21646,Rest,HAZIRLANIYOR...,0,154,0,0,62,1,0
5.2224,21647,Rest,HAZIRLANIYOR...,0,173,0,0,117,2,0
5.2224,21648,Rest,HAZIRLANIYOR...,0,187,0,0,171,3,0
5.2225,21649,Rest,HAZIRLANIYOR...,0,197,0,0,206,2,0
5.2225,21650,Rest,HAZIRLANIYOR...,0,203,0,0,231,1,0
5.2225,21651,Rest,HAZIRLANIYOR...,0,207,0,0,254,2,0
5.2225,21652,Rest,HAZIRLANIYOR...,0,208,0,0,266,6,0
5.2225,21653,Rest,HAZIRLANIYOR...,0,209,0,0,263,9,0
5.2225,21654,Rest,HAZIRLANIYOR...,0,210,0,2,254,3,0
5.2225,21655,Rest,HAZIRLANIYOR...,0,211,0,16,244,0,0
5.2225,21656,Rest,HAZIRLANIYOR...,0,211,0,29,231,0,0
5.2226,21657,Rest,HAZIRLANIYOR...,0,212,0,40,221,0,1
5.2226,21658,Rest,HAZIRLANIYOR...,0,215,0,50,216,0,1
5.2226,21659,Rest,HAZIRLANIYOR...,0,219,7,59,203,0,0
5.2226,21660,Rest,HAZIRLANIYOR...,0,222,17,66,169,0,0
5.2226,21661,Rest,HAZIRLANIYOR...,0,224,27,73,114,0,0
5.2226,21662,Rest,HAZIRLANIYOR...,0,222,35,78,50,0,3
5.2226,21663,Rest,HAZIRLANIYOR...,0,216,41,82,0,0,5
5.2226,21664,Rest,HAZIRLANIYOR...,0,207,45,81,0,0,5
5.2227,21665,Rest,HAZIRLANIYOR...,0,194,46,77,0,0,6
5.2227,21666,Rest,HAZIRLANIYOR...,0,174,45,71,0,0,4
5.2374,21667,Rest,HAZIRLANIYOR...,0,149,42,64,0,0,2
5.2374,21668,Rest,HAZIRLANIYOR...,0,122,39,56,0,0,4
5.2374,21669,Rest,HAZIRLANIYOR...,0,93,36,46,0,0,1
5.2375,21670,Rest,HAZIRLANIYOR...,0,61,30,33,0,0,0
5.2375,21671,Rest,HAZIRLANIYOR...,0,26,21,21,0,0,0
5.2375,21672,Rest,HAZIRLANIYOR...,0,0,12,10,0,5,0
5.2376,21673,Rest,HAZIRLANIYOR...,0,0,3,0,0,11,0
5.2376,21674,Rest,HAZIRLANIYOR...,0,0,0,0,0,12,0
5.2376,21675,Rest,HAZIRLANIYOR...,0,0,0,0,0,7,0
5.2376,21676,Rest,HAZIRLANIYOR...,0,0,0,0,0,0,4
5.2376,21677,Rest,HAZIRLANIYOR...,0,0,0,0,0,0,10
5.2376,21678,Rest,HAZIRLANIYOR...,0,0,0,0,0,2,5
5.2377,21679,Rest,HAZIRLANIYOR...,0,0,0,0,0,7,0
5.2377,21680,Rest,HAZIRLANIYOR...,0,0,0,0,0,10,0
5.2377,21681,Rest,HAZIRLANIYOR...,0,0,0,0,42,6,0
5.2377,21682,Rest,HAZIRLANIYOR...,0,0,0,0,86,0,0
5.2377,21683,Rest,HAZIRLANIYOR...,0,0,0,0,125,0,0
5.2377,21684,Rest,HAZIRLANIYOR...,0,0,0,0,162,0,1
5.2377,21685,Rest,HAZIRLANIYOR...,0,0,0,0,195,1,0
5.2378,21686,Rest,HAZIRLANIYOR...,0,0,0,0,227,1,0
5.2378,21687,Rest,HAZIRLANIYOR...,0,0,0,0,257,3,8
5.2378,21688,Rest,HAZIRLANIYOR...,0,0,0,0,271,8,18
5.2378,21689,Rest,HAZIRLANIYOR...,0,0,0,0,262,10,13
5.2378,21690,Rest,HAZIRLANIYOR...,0,0,0,0,245,3,0
5.2378,21691,Rest,HAZIRLANIYOR...,0,28,2,0,231,0,0
5.2379,21692,Rest,HAZIRLANIYOR...,0,56,13,0,222,0,0
5.2379,21693,Rest,HAZIRLANIYOR...,0,79,24,0,218,0,0
5.2528,21694,Rest,HAZIRLANIYOR...,0,98,38,5,209,0,0
5.2529,21695,Rest,HAZIRLANIYOR...,0,115,54,25,184,4,0
5.2530,21696,Rest,HAZIRLANIYOR...,0,130,70,45,143,6,0
5.2530,21697,Rest,HAZIRLANIYOR...,0,143,84,64,88,0,0
5.2530,21698,Rest,HAZIRLANIYOR...,0,151,94,78,20,0,6
5.2530,21699,Rest,HAZIRLANIYOR...,0,156,100,87,0,0,11
5.2530,21700,Rest,HAZIRLANIYOR...,0,155,104,91,0,0,2
5.2530,21701,Rest,HAZIRLANIYOR...,0,146,108,95,0,0,0
5.2530,21702,Rest,HAZIRLANIYOR...,0,129,110,101,0,0,0
5.2531,21703,Rest,HAZIRLANIYOR...,0,103,109,107,0,0,4
5.2531,21704,Rest,HAZIRLANIYOR...,0,69,103,114,0,0,11
5.2531,21705,Rest,HAZIRLANIYOR...,0,28,95,116,0,0,2
5.2531,21706,Rest,HAZIRLANIYOR...,0,0,87,115,0,0,0
5.2531,21707,Rest,HAZIRLANIYOR...,0,0,77,110,0,0,0
5.2531,21708,Rest,HAZIRLANIYOR...,0,0,64,101,0,0,0
5.2531,21709,Rest,HAZIRLANIYOR...,0,0,48,86,0,0,0
5.2532,21710,Rest,HAZIRLANIYOR...,0,0,29,66,0,0,0
5.2532,21711,Rest,HAZIRLANIYOR...,0,0,8,43,0,0,0
5.2532,21712,Rest,HAZIRLANIYOR...,0,0,0,22,0,0,0
5.2532,21713,Rest,HAZIRLANIYOR...,0,0,0,3,0,0,0
5.2532,21714,Rest,HAZIRLANIYOR...,0,0,0,0,0,3,0
5.2532,21715,Rest,HAZIRLANIYOR...,0,0,0,0,0,4,0
5.2532,21716,Rest,HAZIRLANIYOR...,0,0,0,0,30,4,0
5.2533,21717,Rest,HAZIRLANIYOR...,0,0,0,0,81,4,0
5.2533,21718,Rest,HAZIRLANIYOR...,0,0,0,0,127,5,1
5.2533,21719,Rest,HAZIRLANIYOR...,0,29,0,0,165,8,5
5.2534,21720,Rest,HAZIRLANIYOR...,0,69,0,0,190,9,8
5.2689,21721,Rest,HAZIRLANIYOR...,0,100,0,0,211,3,5
5.2689,21722,Rest,HAZIRLANIYOR...,0,128,0,0,238,0,0
5.2689,21723,Rest,HAZIRLANIYOR...,0,160,0,0,260,0,0
5.2689,21724,Rest,HAZIRLANIYOR...,0,194,0,0,265,8,0
5.2689,21725,Rest,HAZIRLANIYOR...,0,225,0,0,257,14,2
5.2690,21726,Rest,HAZIRLANIYOR...,0,245,0,3,246,7,3
5.2690,21727,Rest,HAZIRLANIYOR...,0,254,0,14,235,0,1
5.2690,21728,Rest,HAZIRLANIYOR...,0,251,0,23,223,0,0
5.2690,21729,Rest,HAZIRLANIYOR...,0,238,0,32,211,0,0
5.2690,21730,Rest,HAZIRLANIYOR...,0,220,0,40,195,4,0
5.2690,21731,Rest,HAZIRLANIYOR...,0,202,8,48,162,11,2
5.2690,21732,Rest,HAZIRLANIYOR...,0,184,14,54,107,2,3
5.2690,21733,Rest,HAZIRLANIYOR...,0,162,20,59,44,0,2
5.2690,21734,Rest,HAZIRLANIYOR...,0,137,25,63,0,0,2
5.2690,21735,Rest,HAZIRLANIYOR...,0,107,29,64,0,0,2
5.2690,21736,Rest,HAZIRLANIYOR...,0,72,31,63,0,0,0
5.2690,21737,Rest,HAZIRLANIYOR...,0,35,34,60,0,0,0
5.2690,21738,Rest,HAZIRLANIYOR...,0,0,40,57,0,0,0
5.2691,21739,Rest,HAZIRLANIYOR...,0,0,47,51,0,0,3
5.2691,21740,Rest,HAZIRLANIYOR...,0,0,48,37,0,0,1
5.2691,21741,Rest,HAZIRLANIYOR...,0,0,44,18,0,0,0
5.2691,21742,Rest,HAZIRLANIYOR...,0,0,37,0,0,0,0
5.2691,21743,Rest,HAZIRLANIYOR...,0,0,30,0,0,4,0
5.2691,21744,Rest,HAZIRLANIYOR...,0,0,24,0,0,11,0
5.2691,21745,Rest,HAZIRLANIYOR...,0,0,20,0,0,6,0
5.2691,21746,Rest,HAZIRLANIYOR...,0,0,17,0,0,0,3
5.2691,21747,Rest,HAZIRLANIYOR...,0,0,13,0,0,0,4
5.2692,21748,Rest,HAZIRLANIYOR...,0,0,6,0,0,0,5
5.2692,21749,Rest,HAZIRLANIYOR...,0,0,0,0,0,2,5
5.2848,21750,Rest,HAZIRLANIYOR...,0,0,0,0,0,0,4
5.2848,21751,Rest,HAZIRLANIYOR...,0,0,0,0,0,0,1
5.2849,21752,Rest,HAZIRLANIYOR...,0,0,0,0,53,0,0
5.2850,21753,Rest,HAZIRLANIYOR...,0,0,0,0,105,0,0
5.2850,21754,Rest,HAZIRLANIYOR...,0,0,0,0,148,3,0
5.2850,21755,Rest,HAZIRLANIYOR...,0,0,0,0,178,3,0
5.2850,21756,Rest,HAZIRLANIYOR...,0,0,0,0,203,3,0
5.2850,21757,Rest,HAZIRLANIYOR...,0,0,0,0,230,2,9
5.2851,21758,Rest,HAZIRLANIYOR...,0,0,0,0,253,2,14
5.2851,21759,Rest,HAZIRLANIYOR...,0,0,0,0,264,1,5
5.2851,21760,Rest,HAZIRLANIYOR...,0,0,0,0,262,1,0
5.2851,21761,Rest,HAZIRLANIYOR...,0,0,0,0,249,0,0
5.2851,21762,Rest,HAZIRLANIYOR...,0,0,0,8,232,0,0
5.2851,21763,Rest,HAZIRLANIYOR...,0,0,0,24,219,0,0
5.2851,21764,Rest,HAZIRLANIYOR...,0,0,0,37,214,9,0
5.2851,21765,Rest,HAZIRLANIYOR...,0,0,0,49,207,19,0
5.2852,21766,Rest,HAZIRLANIYOR...,0,0,6,61,183,17,0
5.2852,21767,Rest,HAZIRLANIYOR...,0,0,15,74,135,2,0
5.2852,21768,Rest,HAZIRLANIYOR...,0,0,25,84,73,0,0
5.2852,21769,Rest,HAZIRLANIYOR...,0,0,36,91,9,0,0
5.2852,21770,Rest,HAZIRLANIYOR...,0,0,44,93,0,4,0
5.2852,21771,Rest,HAZIRLANIYOR...,0,0,48,91,0,0,2
5.2852,21772,Rest,HAZIRLANIYOR...,0,0,48,88,0,0,8
5.2852,21773,Rest,HAZIRLANIYOR...,0,0,48,85,0,0,13
5.2853,21774,Rest,HAZIRLANIYOR...,0,0,48,79,0,0,8
5.2853,21775,Rest,HAZIRLANIYOR...,0,0,48,71,0,5,0
5.2853,21776,Rest,HAZIRLANIYOR...,0,0,44,61,0,3,0
5.2854,21777,Rest,HAZIRLANIYOR...,0,0,38,53,0,0,0
5.3009,21778,Rest,HAZIRLANIYOR...,0,0,30,46,0,0,0
5.3010,21779,Rest,HAZIRLANIYOR...,0,0,22,40,0,0,0
5.3010,21780,Rest,HAZIRLANIYOR...,0,0,13,33,0,0,0
5.3010,21781,Rest,HAZIRLANIYOR...,0,0,3,24,0,0,1
5.3011,21782,Rest,HAZIRLANIYOR...,0,0,0,13,0,0,9
5.3011,21783,Rest,HAZIRLANIYOR...,0,0,0,1,0,0,8
5.3011,21784,Rest,HAZIRLANIYOR...,0,0,0,0,0,0,0
5.3011,21785,Rest,HAZIRLANIYOR...,0,0,0,0,0,0,0
5.3011,21786,Rest,HAZIRLANIYOR...,0,0,0,0,0,1,0
5.3011,21787,Rest,HAZIRLANIYOR...,0,0,0,0,35,3,0
5.3012,21788,Rest,HAZIRLANIYOR...,0,9,0,0,84,7,0
5.3012,21789,Rest,HAZIRLANIYOR...,0,30,0,0,126,10,0
5.3012,21790,Rest,HAZIRLANIYOR...,0,47,0,0,167,2,0
5.3012,21791,Rest,HAZIRLANIYOR...,0,53,0,0,204,0,0
5.3012,21792,Rest,HAZIRLANIYOR...,0,44,0,0,228,0,0
5.3012,21793,Rest,HAZIRLANIYOR...,0,28,0,0,243,0,2
5.3012,21794,Rest,HAZIRLANIYOR...,0,17,0,0,254,4,5
5.3012,21795,Rest,HAZIRLANIYOR...,0,19,0,0,261,1,1
5.3013,21796,Rest,HAZIRLANIYOR...,0,31,0,0,255,0,0
5.3013,21797,Rest,HAZIRLANIYOR...,0,43,0,0,240,0,0
5.3013,21798,Rest,HAZIRLANIYOR...,0,49,0,0,225,0,0
5.3013,21799,Rest,HAZIRLANIYOR...,0,48,5,0,216,0,0
5.3013,21800,Rest,HAZIRLANIYOR...,0,43,16,16,210,0,0
5.3013,21801,Rest,HAZIRLANIYOR...,0,38,26,31,193,0,0
5.3013,21802,Rest,HAZIRLANIYOR...,0,34,34,44,154,0,0
5.3014,21803,Rest,HAZIRLANIYOR...,0,34,42,55,97,0,0
5.3014,21804,Rest,HAZIRLANIYOR...,0,33,51,65,36,0,0
5.3015,21805,Rest,HAZIRLANIYOR...,0,29,60,73,0,0,0
5.3015,21806,Rest,HAZIRLANIYOR...,0,23,67,79,0,0,2
5.3164,21807,Rest,HAZIRLANIYOR...,0,16,71,81,0,0,9
5.3165,21808,Rest,HAZIRLANIYOR...,0,10,71,81,0,0,11
5.3165,21809,Rest,HAZIRLANIYOR...,0,5,70,79,0,0,4
5.3166,21810,Rest,HAZIRLANIYOR...,0,3,67,74,0,0,0
5.3166,21811,Rest,HAZIRLANIYOR...,0,2,61,67,0,1,0
5.3166,21812,Rest,HAZIRLANIYOR...,0,3,52,57,0,3,0
5.3166,21813,Rest,HAZIRLANIYOR...,0,4,43,45,0,4,0
5.3166,21814,Rest,HAZIRLANIYOR...,0,5,34,32,0,5,0
5.3167,21815,Rest,HAZIRLANIYOR...,0,4,24,20,0,5,0
5.3167,21816,Rest,HAZIRLANIYOR...,0,0,14,9,0,4,0
5.3167,21817,Rest,HAZIRLANIYOR...,0,0,5,0,0,4,0
5.3167,21818,Rest,HAZIRLANIYOR...,0,0,0,0,0,3,0
5.3167,21819,Rest,HAZIRLANIYOR...,0,0,0,0,0,2,1
5.3167,21820,Rest,HAZIRLANIYOR...,0,0,0,0,0,1,2
5.3168,21821,Rest,HAZIRLANIYOR...,0,19,0,0,0,4,1
5.3168,21822,Rest,HAZIRLANIYOR...,0,49,0,0,0,8,0
5.3168,21823,Rest,HAZIRLANIYOR...,0,88,0,0,37,9,0
5.3168,21824,Rest,HAZIRLANIYOR...,0,129,0,0,85,8,0
5.3168,21825,Rest,HAZIRLANIYOR...,0,166,0,0,136,7,0
5.3168,21826,Rest,HAZIRLANIYOR...,0,196,0,0,178,6,6
5.3169,21827,Rest,HAZIRLANIYOR...,0,219,0,0,209,5,9
5.3169,21828,Rest,HAZIRLANIYOR...,0,233,0,0,237,5,7
5.3169,21829,Rest,HAZIRLANIYOR...,0,243,0,0,257,9,3
5.3169,21830,Rest,HAZIRLANIYOR...,0,252,0,0,267,11,1
5.3169,21831,Rest,HAZIRLANIYOR...,0,263,0,0,265,4,2
5.3169,21832,Rest,HAZIRLANIYOR...,0,274,0,0,253,0,3
5.3170,21833,Rest,HAZIRLANIYOR...,0,281,0,0,238,0,2
5.3323,21834,Rest,HAZIRLANIYOR...,0,286,0,0,227,0,2
5.3324,21835,Rest,HAZIRLANIYOR...,0,287,0,0,220,0,8
5.3324,21836,Rest,HAZIRLANIYOR...,0,284,6,0,210,0,13
5.3324,21837,Rest,HAZIRLANIYOR...,0,275,16,11,183,0,6
5.3324,21838,Rest,HAZIRLANIYOR...,0,260,25,22,137,0,0
5.3325,21839,Rest,HAZIRLANIYOR...,0,241,33,33,78,0,0
5.3325,21840,Rest,HAZIRLANIYOR...,0,219,41,44,11,0,0
5.3325,21841,Rest,HAZIRLANIYOR...,0,189,48,56,0,0,0
5.3325,21842,Rest,HAZIRLANIYOR...,0,154,53,64,0,0,0
5.3325,21843,Rest,HAZIRLANIYOR...,0,119,58,68,0,0,0
5.3325,21844,Rest,HAZIRLANIYOR...,0,84,60,67,0,0,0
5.3325,21845,Rest,HAZIRLANIYOR...,0,46,59,63,0,0,0
5.3326,21846,Rest,HAZIRLANIYOR...,0,10,53,57,0,0,0
5.3326,21847,Rest,HAZIRLANIYOR...,0,0,47,48,0,0,0
5.3326,21848,Rest,HAZIRLANIYOR...,0,0,41,39,0,0,1
5.3326,21849,Rest,HAZIRLANIYOR...,0,0,36,28,0,0,3
5.3326,21850,Rest,HAZIRLANIYOR...,0,0,30,16,0,0,0
5.3326,21851,Rest,HAZIRLANIYOR...,0,0,24,5,0,9,0
5.3326,21852,Rest,HAZIRLANIYOR...,0,0,18,0,0,10,0
5.3326,21853,Rest,HAZIRLANIYOR...,0,0,10,0,0,3,0
5.3326,21854,Rest,HAZIRLANIYOR...,0,0,1,0,0,0,0
5.3327,21855,Rest,HAZIRLANIYOR...,0,0,0,0,0,0,0
5.3327,21856,Rest,HAZIRLANIYOR...,0,0,0,0,0,0,0
5.3327,21857,Rest,HAZIRLANIYOR...,0,0,0,0,0,0,0
5.3327,21858,Rest,HAZIRLANIYOR...,0,0,0,0,30,0,0
5.3327,21859,Rest,HAZIRLANIYOR...,0,0,0,0,80,0,0
5.3327,21860,Rest,HAZIRLANIYOR...,0,0,0,0,125,0,5
5.3328,21861,Rest,HAZIRLANIYOR...,0,0,0,0,171,0,4
5.3482,21862,Rest,HAZIRLANIYOR...,0,0,0,0,212,0,0
5.3483,21863,Rest,HAZIRLANIYOR...,0,0,0,0,240,1,0
5.3483,21864,Rest,HAZIRLANIYOR...,0,0,0,0,256,3,0
5.3483,21865,Rest,HAZIRLANIYOR...,0,0,0,0,268,7,1
5.3483,21866,Rest,HAZIRLANIYOR...,0,0,0,0,274,10,0
5.3483,21867,Rest,HAZIRLANIYOR...,0,0,0,0,270,3,0
5.3483,21868,Rest,HAZIRLANIYOR...,0,0,0,0,256,0,0
5.3483,21869,Rest,HAZIRLANIYOR...,0,0,0,0,234,0,0
5.3484,21870,Rest,HAZIRLANIYOR...,0,0,0,0,215,9,0
5.3484,21871,Rest,HAZIRLANIYOR...,0,0,0,0,207,5,0
5.3484,21872,Rest,HAZIRLANIYOR...,0,0,1,1,195,0,0
5.3484,21873,Rest,HAZIRLANIYOR...,0,0,8,10,164,0,0
5.3484,21874,Rest,HAZIRLANIYOR...,0,0,16,20,107,0,0
5.3484,21875,Rest,HAZIRLANIYOR...,0,0,23,30,28,0,0
5.3484,21876,Rest,HAZIRLANIYOR...,0,0,28,41,0,0,0
5.3485,21877,Rest,HAZIRLANIYOR...,0,0,31,53,0,0,0
5.3485,21878,Rest,HAZIRLANIYOR...,0,0,34,66,0,0,0
5.3485,21879,Rest,HAZIRLANIYOR...,0,0,36,77,0,0,0
5.3485,21880,Rest,HAZIRLANIYOR...,0,0,34,84,0,1,0
5.3485,21881,Rest,HAZIRLANIYOR...,0,0,31,88,0,0,0
5.3485,21882,Rest,HAZIRLANIYOR...,0,0,28,86,0,0,0
5.3485,21883,Rest,HAZIRLANIYOR...,0,0,27,79,0,0,0
5.3485,21884,Rest,HAZIRLANIYOR...,0,0,27,67,0,0,7
5.3486,21885,Rest,HAZIRLANIYOR...,0,0,27,51,0,0,10
5.3486,21886,Rest,HAZIRLANIYOR...,0,0,26,33,0,0,4
5.3486,21887,Rest,HAZIRLANIYOR...,0,0,22,15,0,0,0
5.3486,21888,Rest,HAZIRLANIYOR...,0,0,16,0,0,0,0
5.3487,21889,Rest,HAZIRLANIYOR...,0,0,11,0,0,0,0
5.3642,21890,Rest,HAZIRLANIYOR...,0,0,3,0,0,0,0
5.3643,21891,Rest,HAZIRLANIYOR...,0,0,0,0,0,1,2
5.3643,21892,Rest,HAZIRLANIYOR...,0,0,0,0,0,3,2
5.3644,21893,Rest,HAZIRLANIYOR...,0,0,0,0,0,3,0
5.3644,21894,Rest,HAZIRLANIYOR...,0,3,0,0,54,4,0
5.3644,21895,Rest,HAZIRLANIYOR...,0,46,0,0,100,4,0
5.3644,21896,Rest,HAZIRLANIYOR...,0,87,0,0,148,4,0
5.3644,21897,Rest,HAZIRLANIYOR...,0,126,0,0,189,4,0
5.3644,21898,Rest,HAZIRLANIYOR...,0,163,0,0,213,4,0
5.3645,21899,Rest,HAZIRLANIYOR...,0,200,0,0,230,6,0
5.3645,21900,Rest,HAZIRLANIYOR...,0,235,0,0,249,11,0
5.3645,21901,Rest,HAZIRLANIYOR...,0,269,0,0,263,15,0
5.3645,21902,Rest,HAZIRLANIYOR...,0,306,0,0,261,13,1
5.3645,21903,Rest,HAZIRLANIYOR...,0,343,0,0,247,9,5
5.3645,21904,Rest,HAZIRLANIYOR...,0,377,0,0,232,3,8
5.3646,21905,Rest,HAZIRLANIYOR...,0,409,1,0,224,0,3
5.3646,21906,Rest,HAZIRLANIYOR...,0,441,11,0,221,0,0
5.3646,21907,Rest,HAZIRLANIYOR...,0,468,20,9,211,3,0
5.3646,21908,Rest,HAZIRLANIYOR...,0,489,26,27,180,15,2
5.3646,21909,Rest,HAZIRLANIYOR...,0,500,29,43,127,12,6
5.3646,21910,Rest,HAZIRLANIYOR...,0,500,33,58,64,0,0
5.3647,21911,Rest,HAZIRLANIYOR...,0,488,36,70,3,0,0
5.3648,21912,Rest,HAZIRLANIYOR...,0,466,39,79,0,0,0
5.3648,21913,Rest,HAZIRLANIYOR...,0,434,40,87,0,0,0
5.3648,21914,Rest,HAZIRLANIYOR...,0,399,41,93,0,0,0
5.3648,21915,Rest,HAZIRLANIYOR...,0,362,40,98,0,0,0
5.3648,21916,Rest,HAZIRLANIYOR...,0,325,37,99,0,0,0
5.3648,21917,Rest,HAZIRLANIYOR...,0,288,29,95,0,0,0
5.3649,21918,Rest,HAZIRLANIYOR...,0,249,19,88,0,0,0
5.3793,21919,Rest,HAZIRLANIYOR...,0,211,10,78,0,0,0
5.3795,21920,Rest,HAZIRLANIYOR...,0,175,0,67,0,0,0
5.3795,21921,Rest,HAZIRLANIYOR...,0,142,0,56,0,0,0
5.3795,21922,Rest,HAZIRLANIYOR...,0,112,0,46,0,0,0
5.3795,21923,Rest,HAZIRLANIYOR...,0,84,0,35,0,0,0
5.3796,21924,Rest,HAZIRLANIYOR...,0,55,0,25,0,0,0
5.3796,21925,Rest,HAZIRLANIYOR...,0,23,0,13,0,1,0
5.3796,21926,Rest,HAZIRLANIYOR...,0,0,0,0,0,2,0
5.3796,21927,Rest,HAZIRLANIYOR...,0,0,0,0,0,2,0
5.3796,21928,Rest,HAZIRLANIYOR...,0,0,0,0,0,1,0
5.3797,21929,Rest,HAZIRLANIYOR...,0,0,0,0,32,0,0
5.3797,21930,Rest,HAZIRLANIYOR...,0,0,0,0,85,2,0
5.3797,21931,Rest,HAZIRLANIYOR...,0,0,0,0,131,6,0
5.3797,21932,Rest,HAZIRLANIYOR...,0,0,0,0,171,6,2
5.3798,21933,Rest,HAZIRLANIYOR...,0,0,0,0,204,4,5
5.3798,21934,Rest,HAZIRLANIYOR...,0,0,0,0,228,3,4
5.3798,21935,Rest,HAZIRLANIYOR...,0,0,0,0,249,4,0
5.3798,21936,Rest,HAZIRLANIYOR...,0,0,0,0,264,4,0
5.3798,21937,Rest,HAZIRLANIYOR...,0,0,0,0,267,4,0
5.3798,21938,Rest,HAZIRLANIYOR...,0,0,0,0,258,5,2
5.3799,21939,Rest,HAZIRLANIYOR...,0,0,0,12,243,4,2
5.3799,21940,Rest,HAZIRLANIYOR...,0,0,0,30,230,1,5
5.3799,21941,Rest,HAZIRLANIYOR...,0,0,3,48,224,0,8
5.3799,21942,Rest,HAZIRLANIYOR...,0,0,10,65,219,0,5
5.3800,21943,Rest,HAZIRLANIYOR...,0,0,18,80,199,0,0
5.3801,21944,Rest,HAZIRLANIYOR...,0,0,26,91,154,0,0
5.3801,21945,Rest,HAZIRLANIYOR...,0,0,36,102,90,0,0
5.3954,21946,Rest,HAZIRLANIYOR...,0,0,45,112,22,0,0
5.3955,21947,Rest,HAZIRLANIYOR...,0,0,53,119,0,0,1
5.3955,21948,Rest,HAZIRLANIYOR...,0,0,60,122,0,0,5
5.3955,21949,Rest,HAZIRLANIYOR...,0,0,67,120,0,0,11
5.3955,21950,Rest,HAZIRLANIYOR...,0,0,72,113,0,0,11
5.3955,21951,Rest,HAZIRLANIYOR...,0,4,75,101,0,0,4
5.3955,21952,Rest,HAZIRLANIYOR...,0,9,76,86,0,0,0
5.3955,21953,Rest,HAZIRLANIYOR...,0,3,75,69,0,0,0
5.3956,21954,Rest,HAZIRLANIYOR...,0,0,74,52,0,0,0
5.3956,21955,Rest,HAZIRLANIYOR...,0,0,70,30,0,0,0
5.3956,21956,Rest,HAZIRLANIYOR...,0,0,63,7,0,0,0
5.3956,21957,Rest,HAZIRLANIYOR...,0,0,54,0,0,0,0
5.3956,21958,Rest,HAZIRLANIYOR...,0,0,44,0,0,1,0
5.3956,21959,Rest,HAZIRLANIYOR...,0,0,32,0,0,3,0
5.3957,21960,Rest,HAZIRLANIYOR...,0,0,20,0,0,3,9
5.3957,21961,Rest,HAZIRLANIYOR...,0,0,7,0,0,3,19
5.3957,21962,Rest,HAZIRLANIYOR...,0,0,0,0,0,3,16
5.3957,21963,Rest,HAZIRLANIYOR...,0,0,0,0,0,1,0
5.3957,21964,Rest,HAZIRLANIYOR...,0,0,0,0,21,1,0
5.3957,21965,Rest,HAZIRLANIYOR...,0,0,0,0,67,2,0
5.3958,21966,Rest,HAZIRLANIYOR...,0,0,0,0,110,3,0
5.3958,21967,Rest,HAZIRLANIYOR...,0,0,0,0,150,4,1
5.3958,21968,Rest,HAZIRLANIYOR...,0,0,0,0,183,3,3
5.3958,21969,Rest,HAZIRLANIYOR...,0,0,0,0,211,1,0
5.3958,21970,Rest,HAZIRLANIYOR...,0,0,0,0,232,0,0
5.3958,21971,Rest,HAZIRLANIYOR...,0,0,0,0,247,0,0
5.4107,21972,Rest,HAZIRLANIYOR...,0,0,0,0,257,0,8
5.4108,21973,Rest,HAZIRLANIYOR...,0,0,0,0,256,0,11
5.4108,21974,Rest,HAZIRLANIYOR...,0,5,0,0,244,0,0
5.4109,21975,Rest,HAZIRLANIYOR...,0,30,0,0,227,0,0
5.4109,21976,Rest,HAZIRLANIYOR...,0,51,0,0,216,0,0
5.4109,21977,Rest,HAZIRLANIYOR...,0,65,0,10,213,1,2
5.4109,21978,Rest,HAZIRLANIYOR...,0,67,0,29,204,6,6
5.4109,21979,Rest,HAZIRLANIYOR...,0,58,3,47,172,7,5
5.4109,21980,Rest,HAZIRLANIYOR...,0,44,21,60,117,0,2
5.4110,21981,Rest,HAZIRLANIYOR...,0,26,35,69,52,0,1
5.4110,21982,Rest,HAZIRLANIYOR...,0,8,48,75,0,0,3
5.4110,21983,Rest,HAZIRLANIYOR...,0,0,60,81,0,9,0
5.4110,21984,Rest,HAZIRLANIYOR...,0,0,70,85,0,8,0
5.4110,21985,Rest,HAZIRLANIYOR...,0,0,77,84,0,0,0
5.4110,21986,Rest,HAZIRLANIYOR...,0,0,81,81,0,0,0
5.4110,21987,Rest,HAZIRLANIYOR...,0,0,82,76,0,0,3
5.4111,21988,Rest,HAZIRLANIYOR...,0,0,80,67,0,0,3
5.4111,21989,Rest,HAZIRLANIYOR...,0,0,75,56,0,0,0
5.4111,21990,Rest,HAZIRLANIYOR...,0,0,67,44,0,0,0
5.4111,21991,Rest,HAZIRLANIYOR...,0,0,56,33,0,0,0
5.4111,21992,Rest,HAZIRLANIYOR...,0,0,43,22,0,0,0
5.4111,21993,Rest,HAZIRLANIYOR...,0,0,30,9,0,0,0
5.4112,21994,Rest,HAZIRLANIYOR...,0,0,16,0,0,0,0
5.4112,21995,Rest,HAZIRLANIYOR...,0,0,2,0,0,0,0
5.4112,21996,Rest,HAZIRLANIYOR...,0,0,0,0,0,0,0
5.4112,21997,Rest,HAZIRLANIYOR...,0,0,0,0,0,0,0
5.4112,21998,Rest,HAZIRLANIYOR...,0,0,0,0,0,6,1
5.4112,21999,Rest,HAZIRLANIYOR...,0,0,0,0,0,9,2
5.4114,22000,Rest,HAZIRLANIYOR...,0,0,0,0,38,4,8
5.4257,22001,Rest,HAZIRLANIYOR...,0,0,0,0,85,0,12
5.4258,22002,Rest,HAZIRLANIYOR...,0,0,0,0,125,0,5
5.4258,22003,Rest,HAZIRLANIYOR...,0,0,0,0,161,0,0
5.4258,22004,Rest,HAZIRLANIYOR...,0,0,0,0,197,0,0
5.4258,22005,Rest,HAZIRLANIYOR...,0,36,0,0,229,1,1
5.4258,22006,Rest,HAZIRLANIYOR...,0,87,0,0,250,0,3
5.4259,22007,Rest,HAZIRLANIYOR...,0,140,0,0,261,0,0
5.4259,22008,Rest,HAZIRLANIYOR...,0,190,0,0,261,1,0
5.4259,22009,Rest,HAZIRLANIYOR...,0,237,0,0,252,1,0
5.4259,22010,Rest,HAZIRLANIYOR...,0,278,0,0,238,0,0
5.4259,22011,Rest,HAZIRLANIYOR...,0,311,0,0,225,0,0
5.4259,22012,Rest,HAZIRLANIYOR...,0,337,0,0,218,0,0
5.4259,22013,Rest,HAZIRLANIYOR...,0,358,0,0,211,0,0
5.4260,22014,Rest,HAZIRLANIYOR...,0,374,0,7,190,0,0
5.4260,22015,Rest,HAZIRLANIYOR...,0,384,1,18,147,0,3
5.4260,22016,Rest,HAZIRLANIYOR...,0,386,11,30,91,0,4
5.4260,22017,Rest,HAZIRLANIYOR...,0,381,17,42,31,0,2
5.4260,22018,Rest,HAZIRLANIYOR...,0,376,22,53,0,0,0
5.4260,22019,Rest,HAZIRLANIYOR...,0,374,27,61,0,0,0
5.4260,22020,Rest,HAZIRLANIYOR...,0,372,34,65,0,0,1
5.4261,22021,Rest,HAZIRLANIYOR...,0,370,40,65,0,0,1
5.4261,22022,Rest,HAZIRLANIYOR...,0,366,44,60,0,0,2
5.4261,22023,Rest,HAZIRLANIYOR...,0,353,46,52,0,0,7
5.4261,22024,Rest,HAZIRLANIYOR...,0,322,45,42,0,0,9
5.4261,22025,Rest,HAZIRLANIYOR...,0,273,40,33,0,0,3
5.4261,22026,Rest,HAZIRLANIYOR...,0,215,34,24,0,0,0
5.4262,22027,Rest,HAZIRLANIYOR...,0,155,28,14,0,0,0
5.4409,22028,Rest,HAZIRLANIYOR...,0,96,23,4,0,2,0
5.4410,22029,Rest,HAZIRLANIYOR...,0,36,16,0,0,3,0
5.4410,22030,Rest,HAZIRLANIYOR...,0,0,8,0,0,1,0
5.4410,22031,Rest,HAZIRLANIYOR...,0,0,0,0,0,0,0
5.4410,22032,Rest,HAZIRLANIYOR...,0,0,0,0,0,4,0
5.4410,22033,Rest,HAZIRLANIYOR...,0,0,0,0,0,12,0
5.4411,22034,Rest,HAZIRLANIYOR...,0,0,0,0,0,11,0
5.4411,22035,Rest,HAZIRLANIYOR...,0,0,0,0,5,3,0
5.4411,22036,Rest,HAZIRLANIYOR...,0,0,0,0,60,0,3
5.4411,22037,Rest,HAZIRLANIYOR...,0,0,0,0,107,3,8
5.4411,22038,Rest,HAZIRLANIYOR...,0,0,0,0,146,3,5
5.4411,22039,Rest,HAZIRLANIYOR...,0,0,0,0,180,0,0
5.4411,22040,Rest,HAZIRLANIYOR...,0,0,0,0,208,0,0
5.4411,22041,Rest,HAZIRLANIYOR...,0,0,0,0,233,1,0
5.4412,22042,Rest,HAZIRLANIYOR...,0,0,0,0,259,3,0
5.4412,22043,Rest,HAZIRLANIYOR...,0,0,0,0,275,3,0
5.4412,22044,Rest,HAZIRLANIYOR...,0,0,0,0,270,2,0
5.4412,22045,Rest,HAZIRLANIYOR...,0,0,0,0,250,1,6
5.4412,22046,Rest,HAZIRLANIYOR...,0,0,0,0,233,0,10
5.4412,22047,Rest,HAZIRLANIYOR...,0,0,5,0,225,0,2
5.4412,22048,Rest,HAZIRLANIYOR...,0,0,19,2,225,0,0
5.4412,22049,Rest,HAZIRLANIYOR...,0,0,32,18,223,0,0
5.4413,22050,Rest,HAZIRLANIYOR...,0,0,44,34,199,0,0
5.4413,22051,Rest,HAZIRLANIYOR...,0,0,54,50,139,0,0
5.4413,22052,Rest,HAZIRLANIYOR...,0,11,64,67,57,0,0
5.4413,22053,Rest,HAZIRLANIYOR...,0,24,73,82,0,0,0
5.4414,22054,Rest,HAZIRLANIYOR...,0,31,80,93,0,0,0
5.4570,22055,Rest,HAZIRLANIYOR...,0,30,83,100,0,0,0
5.4572,22056,Rest,HAZIRLANIYOR...,0,19,85,105,0,0,0
5.4572,22057,Rest,HAZIRLANIYOR...,0,2,85,109,0,0,0
5.4572,22058,Rest,HAZIRLANIYOR...,0,0,84,113,0,0,0
5.4572,22059,Rest,HAZIRLANIYOR...,0,0,80,113,0,0,0
5.4573,22060,Rest,HAZIRLANIYOR...,0,0,74,110,0,0,0
5.4573,22061,Rest,HAZIRLANIYOR...,0,0,68,104,0,0,0
5.4573,22062,Rest,HAZIRLANIYOR...,0,0,60,96,0,0,0
5.4573,22063,Rest,HAZIRLANIYOR...,0,0,47,86,0,0,0
5.4573,22064,Rest,HAZIRLANIYOR...,0,0,32,74,0,0,0
5.4573,22065,Rest,HAZIRLANIYOR...,0,0,17,61,0,0,0
5.4574,22066,Rest,HAZIRLANIYOR...,0,0,3,49,0,3,0
5.4574,22067,Rest,HAZIRLANIYOR...,0,0,0,37,0,6,0
5.4574,22068,Rest,HAZIRLANIYOR...,0,0,0,23,0,10,0
5.4574,22069,Rest,HAZIRLANIYOR...,0,0,0,9,0,7,3
5.4574,22070,Rest,HAZIRLANIYOR...,0,0,0,0,0,1,5
5.4575,22071,Rest,HAZIRLANIYOR...,0,10,0,0,56,0,2
5.4576,22072,Rest,HAZIRLANIYOR...,0,37,0,0,105,0,0
5.4576,22073,Rest,HAZIRLANIYOR...,0,60,0,0,144,0,0
5.4576,22074,Rest,HAZIRLANIYOR...,0,78,0,0,177,0,1
5.4577,22075,Rest,HAZIRLANIYOR...,0,88,0,0,210,0,0
5.4577,22076,Rest,HAZIRLANIYOR...,0,92,0,0,239,0,0
5.4577,22077,Rest,HAZIRLANIYOR...,0,93,0,0,257,2,0
5.4577,22078,Rest,HAZIRLANIYOR...,0,94,0,0,267,2,1
5.4577,22079,Rest,HAZIRLANIYOR...,0,97,0,0,271,1,1
5.4577,22080,Rest,HAZIRLANIYOR...,0,100,0,0,265,1,1
5.4577,22081,Rest,HAZIRLANIYOR...,0,104,0,0,244,1,1
5.4578,22082,Rest,HAZIRLANIYOR...,0,111,0,0,220,0,1
5.4578,22083,Rest,HAZIRLANIYOR...,0,123,0,15,210,0,2
5.4724,22084,Rest,HAZIRLANIYOR...,0,134,0,31,207,0,2
5.4725,22085,Rest,HAZIRLANIYOR...,0,144,0,45,188,0,2
5.4725,22086,Rest,HAZIRLANIYOR...,0,153,13,57,141,0,1
5.4725,22087,Rest,HAZIRLANIYOR...,0,161,28,64,79,0,0
5.4725,22088,Rest,HAZIRLANIYOR...,0,167,41,68,19,4,0
5.4725,22089,Rest,HAZIRLANIYOR...,0,168,50,69,0,7,0
5.4726,22090,Rest,HAZIRLANIYOR...,0,162,56,70,0,1,0
5.4726,22091,Rest,HAZIRLANIYOR...,0,148,61,71,0,0,2
5.4726,22092,Rest,HAZIRLANIYOR...,0,125,65,69,0,0,2
5.4726,22093,Rest,HAZIRLANIYOR...,0,97,66,62,0,0,1
5.4726,22094,Rest,HAZIRLANIYOR...,0,69,60,53,0,0,2
5.4726,22095,Rest,HAZIRLANIYOR...,0,41,51,43,0,0,2
5.4726,22096,Rest,HAZIRLANIYOR...,0,10,39,32,0,0,1
5.4726,22097,Rest,HAZIRLANIYOR...,0,0,27,20,0,0,0
5.4726,22098,Rest,HAZIRLANIYOR...,0,0,17,7,0,0,0
5.4726,22099,Rest,HAZIRLANIYOR...,0,0,9,0,0,0,0
5.4727,22100,Rest,HAZIRLANIYOR...,0,0,1,0,0,3,0
5.4727,22101,Rest,HAZIRLANIYOR...,0,0,0,0,0,7,0
5.4727,22102,Rest,HAZIRLANIYOR...,0,0,0,0,0,3,0
5.4727,22103,Rest,HAZIRLANIYOR...,0,0,0,0,0,0,6
5.4727,22104,Rest,HAZIRLANIYOR...,0,0,0,0,0,0,10
5.4727,22105,Rest,HAZIRLANIYOR...,0,0,0,0,0,0,2
5.4727,22106,Rest,HAZIRLANIYOR...,0,0,0,0,22,0,0
5.4727,22107,Rest,HAZIRLANIYOR...,0,0,0,0,76,0,0
5.4728,22108,Rest,HAZIRLANIYOR...,0,0,0,0,115,0,0
5.4728,22109,Rest,HAZIRLANIYOR...,0,0,0,0,150,0,2
5.4729,22110,Rest,HAZIRLANIYOR...,0,0,0,0,187,1,0
5.4885,22111,Rest,HAZIRLANIYOR...,0,0,0,0,217,1,0
5.4886,22112,Rest,HAZIRLANIYOR...,0,0,0,0,233,2,0
5.4886,22113,Rest,HAZIRLANIYOR...,0,0,0,0,245,8,0
5.4886,22114,Rest,HAZIRLANIYOR...,0,0,0,0,253,13,0
5.4886,22115,Rest,HAZIRLANIYOR...,0,0,0,0,252,9,0
5.4887,22116,Rest,HAZIRLANIYOR...,0,0,10,0,240,0,0
5.4887,22117,Rest,HAZIRLANIYOR...,0,6,18,0,224,0,2
5.4887,22118,Rest,HAZIRLANIYOR...,0,26,23,13,214,4,3
5.4887,22119,Rest,HAZIRLANIYOR...,0,48,29,30,211,2,0
5.4887,22120,Rest,HAZIRLANIYOR...,0,70,34,47,200,0,0
5.4887,22121,Rest,HAZIRLANIYOR...,0,86,40,66,167,0,0
5.4887,22122,Rest,HAZIRLANIYOR...,0,96,45,84,112,0,0
5.4888,22123,Rest,HAZIRLANIYOR...,0,101,49,96,47,0,0
5.4888,22124,Rest,HAZIRLANIYOR...,0,100,51,102,0,2,0
5.4888,22125,Rest,HAZIRLANIYOR...,0,93,51,104,0,3,6
5.4888,22126,Rest,HAZIRLANIYOR...,0,80,45,101,0,0,10
5.4888,22127,Rest,HAZIRLANIYOR...,0,63,34,93,0,0,3
5.4888,22128,Rest,HAZIRLANIYOR...,0,45,18,80,0,0,0
5.4888,22129,Rest,HAZIRLANIYOR...,0,26,2,65,0,0,0
5.4888,22130,Rest,HAZIRLANIYOR...,0,6,0,50,0,0,0
5.4889,22131,Rest,HAZIRLANIYOR...,0,0,0,41,0,0,0
5.4889,22132,Rest,HAZIRLANIYOR...,0,0,2,38,0,0,0
5.4889,22133,Rest,HAZIRLANIYOR...,0,0,20,41,0,5,0
5.4889,22134,Rest,HAZIRLANIYOR...,0,0,36,42,0,4,0
5.4889,22135,Rest,HAZIRLANIYOR...,0,0,45,37,0,0,1
5.4889,22136,Rest,HAZIRLANIYOR...,0,0,45,25,0,0,0
5.4889,22137,Rest,HAZIRLANIYOR...,0,0,40,12,0,0,0
5.4890,22138,Rest,HAZIRLANIYOR...,0,0,32,0,0,3,2
5.5040,22139,Rest,HAZIRLANIYOR...,0,0,22,0,0,2,3
5.5041,22140,Rest,HAZIRLANIYOR...,0,0,9,0,0,0,1
5.5041,22141,Rest,HAZIRLANIYOR...,0,0,0,0,8,0,0
5.5041,22142,Rest,HAZIRLANIYOR...,0,0,0,0,58,1,0
5.5041,22143,Rest,HAZIRLANIYOR...,0,0,0,0,100,6,0
5.5041,22144,Rest,HAZIRLANIYOR...,0,4,0,0,141,9,0
5.5042,22145,Rest,HAZIRLANIYOR...,0,32,0,0,183,6,0
5.5042,22146,Rest,HAZIRLANIYOR...,0,61,0,0,220,4,0
5.5042,22147,Rest,HAZIRLANIYOR...,0,89,0,0,241,6,1
5.5042,22148,Rest,HAZIRLANIYOR...,0,112,0,0,251,5,0
5.5042,22149,Rest,HAZIRLANIYOR...,0,131,0,0,261,0,0
5.5043,22150,Rest,HAZIRLANIYOR...,0,143,0,0,264,0,0
5.5043,22151,Rest,HAZIRLANIYOR...,0,149,0,0,254,0,0
5.5043,22152,Rest,HAZIRLANIYOR...,0,149,0,0,235,1,1
5.5043,22153,Rest,HAZIRLANIYOR...,0,146,0,6,220,0,0
5.5043,22154,Rest,HAZIRLANIYOR...,0,137,0,23,217,0,0
5.5043,22155,Rest,HAZIRLANIYOR...,0,124,4,38,218,0,0
5.5044,22156,Rest,HAZIRLANIYOR...,0,105,18,54,198,2,0
5.5044,22157,Rest,HAZIRLANIYOR...,0,80,30,68,141,3,0
5.5044,22158,Rest,HAZIRLANIYOR...,0,51,41,80,68,6,0
5.5044,22159,Rest,HAZIRLANIYOR...,0,21,51,88,4,8,3
5.5044,22160,Rest,HAZIRLANIYOR...,0,0,59,92,0,2,16
5.5045,22161,Rest,HAZIRLANIYOR...,0,0,63,91,0,0,21
5.5045,22162,Rest,HAZIRLANIYOR...,0,0,62,85,0,0,8
5.5045,22163,Rest,HAZIRLANIYOR...,0,0,58,78,0,0,0
5.5045,22164,Rest,HAZIRLANIYOR...,0,0,52,70,0,0,0
5.5046,22165,Rest,HAZIRLANIYOR...,0,0,43,59,0,0,0
5.5046,22166,Rest,HAZIRLANIYOR...,0,0,32,45,0,0,0
5.5197,22167,Rest,HAZIRLANIYOR...,0,0,22,29,0,0,0
5.5198,22168,Rest,HAZIRLANIYOR...,0,0,12,12,0,0,0
5.5198,22169,Rest,HAZIRLANIYOR...,0,0,2,0,0,0,3
5.5199,22170,Rest,HAZIRLANIYOR...,0,0,0,0,0,0,8
5.5199,22171,Rest,HAZIRLANIYOR...,0,0,0,0,0,0,3
5.5199,22172,Rest,HAZIRLANIYOR...,0,0,0,0,0,1,0
5.5199,22173,Rest,HAZIRLANIYOR...,0,0,0,0,0,0,0
5.5199,22174,Rest,HAZIRLANIYOR...,0,22,0,0,0,0,5
5.5199,22175,Rest,HAZIRLANIYOR...,0,54,0,0,0,0,10
5.5200,22176,Rest,HAZIRLANIYOR...,0,92,0,0,0,7,3
5.5200,22177,Rest,HAZIRLANIYOR...,0,136,0,0,19,12,0
5.5200,22178,Rest,HAZIRLANIYOR...,0,182,0,0,71,6,0
5.5200,22179,Rest,HAZIRLANIYOR...,0,224,0,0,113,0,0
5.5200,22180,Rest,HAZIRLANIYOR...,0,258,0,0,147,0,0
5.5201,22181,Rest,HAZIRLANIYOR...,0,285,0,0,178,1,0
5.5201,22182,Rest,HAZIRLANIYOR...,0,306,0,0,209,2,0
5.5201,22183,Rest,HAZIRLANIYOR...,0,322,0,0,239,0,0
5.5201,22184,Rest,HAZIRLANIYOR...,0,333,0,0,261,0,0
5.5201,22185,Rest,HAZIRLANIYOR...,0,336,0,0,268,0,0
5.5201,22186,Rest,HAZIRLANIYOR...,0,333,0,0,257,0,0
5.5201,22187,Rest,HAZIRLANIYOR...,0,327,0,0,237,0,2
5.5201,22188,Rest,HAZIRLANIYOR...,0,319,0,0,221,0,8
5.5201,22189,Rest,HAZIRLANIYOR...,0,308,0,0,216,0,11
5.5202,22190,Rest,HAZIRLANIYOR...,0,295,0,0,215,0,3
5.5202,22191,Rest,HAZIRLANIYOR...,0,277,9,1,201,3,0
5.5202,22192,Rest,HAZIRLANIYOR...,0,250,27,23,163,7,0
5.5203,22193,Rest,HAZIRLANIYOR...,0,213,43,44,104,0,0
5.5352,22194,Rest,HAZIRLANIYOR...,0,166,58,62,45,0,0
5.5353,22195,Rest,HAZIRLANIYOR...,0,115,68,78,0,0,0
5.5353,22196,Rest,HAZIRLANIYOR...,0,62,72,91,0,0,0
5.5353,22197,Rest,HAZIRLANIYOR...,0,12,74,99,0,0,0
5.5353,22198,Rest,HAZIRLANIYOR...,0,0,79,104,0,0,0
5.5354,22199,Rest,HAZIRLANIYOR...,0,0,85,108,0,0,0
5.5354,22200,Rest,HAZIRLANIYOR...,0,0,92,110,0,0,0
5.5354,22201,Rest,HAZIRLANIYOR...,0,0,98,107,0,0,0
5.5354,22202,Rest,HAZIRLANIYOR...,0,0,104,98,0,0,0
5.5354,22203,Rest,HAZIRLANIYOR...,0,0,105,84,0,1,0
5.5354,22204,Rest,HAZIRLANIYOR...,0,0,100,66,0,1,1
5.5354,22205,Rest,HAZIRLANIYOR...,0,0,91,48,0,0,2
5.5355,22206,Rest,HAZIRLANIYOR...,0,0,78,32,0,0,1
5.5355,22207,Rest,HAZIRLANIYOR...,0,0,59,17,0,0,0
5.5355,22208,Rest,HAZIRLANIYOR...,0,0,38,4,0,5,0
5.5355,22209,Rest,HAZIRLANIYOR...,0,0,18,0,0,10,5
5.5355,22210,Rest,HAZIRLANIYOR...,0,0,3,0,0,5,11
5.5355,22211,Rest,HAZIRLANIYOR...,0,0,0,0,0,0,9
5.5355,22212,Rest,HAZIRLANIYOR...,0,0,0,0,0,0,4
5.5355,22213,Rest,HAZIRLANIYOR...,0,0,0,0,49,1,6
5.5355,22214,Rest,HAZIRLANIYOR...,0,0,0,0,98,3,8
5.5356,22215,Rest,HAZIRLANIYOR...,0,0,0,0,141,1,0
5.5356,22216,Rest,HAZIRLANIYOR...,0,0,0,0,180,0,0
5.5356,22217,Rest,HAZIRLANIYOR...,0,0,0,0,216,0,0
5.5356,22218,Rest,HAZIRLANIYOR...,0,0,0,0,246,2,0
5.5356,22219,Rest,HAZIRLANIYOR...,0,0,0,0,264,1,0
5.5356,22220,Rest,HAZIRLANIYOR...,0,0,0,8,269,0,0
5.5357,22221,Rest,HAZIRLANIYOR...,0,0,0,16,267,4,0
5.5505,22222,Rest,HAZIRLANIYOR...,0,0,0,23,260,9,0
5.5506,22223,Rest,HAZIRLANIYOR...,0,0,0,31,249,4,0
5.5507,22224,Rest,HAZIRLANIYOR...,0,0,0,37,238,0,0
5.5507,22225,Rest,HAZIRLANIYOR...,0,0,6,40,231,0,0
5.5507,22226,Rest,HAZIRLANIYOR...,0,0,11,43,222,0,1
5.5507,22227,Rest,HAZIRLANIYOR...,0,0,16,47,196,0,3
5.5507,22228,Rest,HAZIRLANIYOR...,0,0,22,52,146,0,8
5.5507,22229,Rest,HAZIRLANIYOR...,0,40,25,56,83,0,11
5.5507,22230,Rest,HAZIRLANIYOR...,0,99,26,56,19,0,4
5.5509,22231,Rest,HAZIRLANIYOR...,0,153,26,54,0,0,0
5.5509,22232,Rest,HAZIRLANIYOR...,0,202,24,50,0,0,0
5.5509,22233,Rest,HAZIRLANIYOR...,0,249,21,47,0,0,0
5.5509,22234,Rest,HAZIRLANIYOR...,0,292,16,44,0,0,0
5.5509,22235,Rest,HAZIRLANIYOR...,0,328,10,39,0,0,0
5.5509,22236,Rest,HAZIRLANIYOR...,0,357,2,31,0,0,0
5.5510,22237,Rest,HAZIRLANIYOR...,0,388,0,21,0,0,4
5.5510,22238,Rest,HAZIRLANIYOR...,0,423,0,12,0,0,9
5.5510,22239,Rest,HAZIRLANIYOR...,0,462,0,2,0,0,2
5.5510,22240,Rest,HAZIRLANIYOR...,0,499,0,0,0,0,0
5.5510,22241,Rest,HAZIRLANIYOR...,0,532,0,0,0,0,0
5.5511,22242,Rest,HAZIRLANIYOR...,0,561,0,0,0,1,0
5.5511,22243,Rest,HAZIRLANIYOR...,0,584,0,0,0,0,0
5.5511,22244,Rest,HAZIRLANIYOR...,0,598,0,0,0,0,0
5.5511,22245,Rest,HAZIRLANIYOR...,0,601,0,0,0,1,3
5.5511,22246,Rest,HAZIRLANIYOR...,0,589,0,0,0,2,7
5.5511,22247,Rest,HAZIRLANIYOR...,0,562,0,0,0,3,4
5.5513,22248,Rest,HAZIRLANIYOR...,0,520,0,0,18,2,0
5.5656,22249,Rest,HAZIRLANIYOR...,0,466,0,0,72,1,2
5.5657,22250,Rest,HAZIRLANIYOR...,0,403,0,0,116,1,1
5.5657,22251,Rest,HAZIRLANIYOR...,0,331,0,0,156,2,0
5.5657,22252,Rest,HAZIRLANIYOR...,0,256,0,0,194,5,0
5.5658,22253,Rest,HAZIRLANIYOR...,0,184,0,0,227,8,0
5.5658,22254,Rest,HAZIRLANIYOR...,0,119,0,0,251,4,0
5.5658,22255,Rest,HAZIRLANIYOR...,0,61,0,0,265,1,0
5.5658,22256,Rest,HAZIRLANIYOR...,0,11,0,0,268,5,0
5.5658,22257,Rest,HAZIRLANIYOR...,0,0,0,0,261,10,2
5.5658,22258,Rest,HAZIRLANIYOR...,0,0,0,0,247,5,16
5.5658,22259,Rest,HAZIRLANIYOR...,0,0,9,0,233,0,20
5.5658,22260,Rest,HAZIRLANIYOR...,0,0,23,0,224,0,6
5.5659,22261,Rest,HAZIRLANIYOR...,0,0,37,0,219,0,0
5.5659,22262,Rest,HAZIRLANIYOR...,0,0,51,15,204,0,0
5.5659,22263,Rest,HAZIRLANIYOR...,0,0,65,34,167,0,0
5.5659,22264,Rest,HAZIRLANIYOR...,0,0,76,51,118,0,0
5.5659,22265,Rest,HAZIRLANIYOR...,0,0,84,65,61,0,0
5.5659,22266,Rest,HAZIRLANIYOR...,0,0,90,75,0,0,0
5.5659,22267,Rest,HAZIRLANIYOR...,0,0,93,82,0,0,0
5.5659,22268,Rest,HAZIRLANIYOR...,0,0,90,89,0,0,7
5.5659,22269,Rest,HAZIRLANIYOR...,0,0,84,92,0,0,8
5.5660,22270,Rest,HAZIRLANIYOR...,0,0,76,90,0,0,0
5.5660,22271,Rest,HAZIRLANIYOR...,0,0,68,86,0,0,0
5.5660,22272,Rest,HAZIRLANIYOR...,0,0,59,83,0,0,0
5.5660,22273,Rest,HAZIRLANIYOR...,0,0,49,80,0,0,0
5.5660,22274,Rest,HAZIRLANIYOR...,0,0,39,72,0,0,1
5.5661,22275,Rest,HAZIRLANIYOR...,0,0,29,60,0,0,0
5.5813,22276,Rest,HAZIRLANIYOR...,0,0,21,44,0,0,0
5.5813,22277,Rest,HAZIRLANIYOR...,0,0,13,29,0,0,0
5.5813,22278,Rest,HAZIRLANIYOR...,0,0,5,12,0,0,0
5.5813,22279,Rest,HAZIRLANIYOR...,0,0,0,0,0,0,0
5.5814,22280,Rest,HAZIRLANIYOR...,0,0,0,0,0,0,1
5.5814,22281,Rest,HAZIRLANIYOR...,0,0,0,0,0,0,7
5.5814,22282,Rest,HAZIRLANIYOR...,0,0,0,0,0,7,9
5.5814,22283,Rest,HAZIRLANIYOR...,0,0,0,0,0,11,1
5.5814,22284,Rest,HAZIRLANIYOR...,0,0,0,0,49,8,0
5.5814,22285,Rest,HAZIRLANIYOR...,0,0,0,0,101,1,0
5.5814,22286,Rest,HAZIRLANIYOR...,0,0,0,0,144,0,0
5.5814,22287,Rest,HAZIRLANIYOR...,0,0,0,0,181,0,0
5.5814,22288,Rest,HAZIRLANIYOR...,0,0,0,0,216,1,0
5.5815,22289,Rest,HAZIRLANIYOR...,0,0,0,0,246,1,0
5.5815,22290,Rest,HAZIRLANIYOR...,0,0,0,0,267,1,1
5.5815,22291,Rest,HAZIRLANIYOR...,0,0,0,0,276,2,1
5.5815,22292,Rest,HAZIRLANIYOR...,0,0,0,0,274,1,1
5.5815,22293,Rest,HAZIRLANIYOR...,0,0,0,0,264,0,2
5.5815,22294,Rest,HAZIRLANIYOR...,0,38,0,0,249,0,3
5.5815,22295,Rest,HAZIRLANIYOR...,0,92,0,0,238,1,3
5.5815,22296,Rest,HAZIRLANIYOR...,0,143,0,0,232,4,2
5.5816,22297,Rest,HAZIRLANIYOR...,0,190,0,9,223,6,4
5.5816,22298,Rest,HAZIRLANIYOR...,0,229,6,23,195,2,9
5.5816,22299,Rest,HAZIRLANIYOR...,0,255,21,38,145,0,10
5.5816,22300,Rest,HAZIRLANIYOR...,0,270,34,52,80,0,1
5.5816,22301,Rest,HAZIRLANIYOR...,0,274,41,61,14,0,0
5.5817,22302,Rest,HAZIRLANIYOR...,0,266,45,67,0,0,0
5.5974,22303,Rest,HAZIRLANIYOR...,0,248,49,70,0,0,0
5.5975,22304,Rest,HAZIRLANIYOR...,0,223,52,71,0,0,1
5.5975,22305,Rest,HAZIRLANIYOR...,0,197,53,69,0,0,0
5.5975,22306,Rest,HAZIRLANIYOR...,0,171,53,64,0,0,0
5.5976,22307,Rest,HAZIRLANIYOR...,0,140,52,57,0,0,0
5.5976,22308,Rest,HAZIRLANIYOR...,0,102,53,51,0,0,0
5.5976,22309,Rest,HAZIRLANIYOR...,0,60,53,44,0,0,0
5.5976,22310,Rest,HAZIRLANIYOR...,0,17,51,36,0,0,0
5.5977,22311,Rest,HAZIRLANIYOR...,0,0,47,27,0,5,0
5.5977,22312,Rest,HAZIRLANIYOR...,0,0,39,19,0,8,0
5.5977,22313,Rest,HAZIRLANIYOR...,0,0,30,9,0,2,0
5.5977,22314,Rest,HAZIRLANIYOR...,0,0,21,0,0,0,0
5.5977,22315,Rest,HAZIRLANIYOR...,0,0,12,0,0,0,0
5.5977,22316,Rest,HAZIRLANIYOR...,0,0,2,0,0,0,0
5.5977,22317,Rest,HAZIRLANIYOR...,0,0,0,0,0,4,0
5.5978,22318,Rest,HAZIRLANIYOR...,0,0,0,0,0,7,3
5.5978,22319,Rest,HAZIRLANIYOR...,0,0,0,0,20,7,11
5.5978,22320,Rest,HAZIRLANIYOR...,0,0,0,0,67,1,16
5.5978,22321,Rest,HAZIRLANIYOR...,0,0,0,0,115,0,9
5.5978,22322,Rest,HAZIRLANIYOR...,0,0,0,0,159,0,0
5.5978,22323,Rest,HAZIRLANIYOR...,0,0,0,0,198,0,0
5.5978,22324,Rest,HAZIRLANIYOR...,0,0,0,0,232,0,0
5.5979,22325,Rest,HAZIRLANIYOR...,0,0,0,0,259,2,0
5.5979,22326,Rest,HAZIRLANIYOR...,0,0,0,0,275,2,2
5.5979,22327,Rest,HAZIRLANIYOR...,0,0,0,0,276,6,2
5.5979,22328,Rest,HAZIRLANIYOR...,0,0,0,2,267,10,0
5.5979,22329,Rest,HAZIRLANIYOR...,0,0,0,21,253,6,1
5.5979,22330,Rest,HAZIRLANIYOR...,0,0,0,38,241,1,7
5.5980,22331,Rest,HAZIRLANIYOR...,0,0,0,53,235,1,4
5.6131,22332,Rest,HAZIRLANIYOR...,0,5,0,66,229,0,0
5.6132,22333,Rest,HAZIRLANIYOR...,0,26,0,80,211,0,0
5.6132,22334,Rest,HAZIRLANIYOR...,0,44,0,94,170,0,0
5.6133,22335,Rest,HAZIRLANIYOR...,0,61,15,106,110,0,0
5.6133,22336,Rest,HAZIRLANIYOR...,0,75,27,115,44,0,0
5.6133,22337,Rest,HAZIRLANIYOR...,0,83,36,121,0,1,0
5.6133,22338,Rest,HAZIRLANIYOR...,0,85,44,126,0,3,0
5.6133,22339,Rest,HAZIRLANIYOR...,0,86,53,127,0,0,0
5.6134,22340,Rest,HAZIRLANIYOR...,0,88,61,122,0,0,0
5.6134,22341,Rest,HAZIRLANIYOR...,0,90,67,113,0,0,0
5.6134,22342,Rest,HAZIRLANIYOR...,0,87,69,105,0,0,0
5.6134,22343,Rest,HAZIRLANIYOR...,0,80,69,96,0,0,0
5.6135,22344,Rest,HAZIRLANIYOR...,0,70,66,84,0,1,7
5.6135,22345,Rest,HAZIRLANIYOR...,0,60,62,68,0,2,11
5.6135,22346,Rest,HAZIRLANIYOR...,0,51,54,51,0,0,3
5.6135,22347,Rest,HAZIRLANIYOR...,0,43,43,33,0,0,0
5.6136,22348,Rest,HAZIRLANIYOR...,0,37,30,15,0,0,0
5.6136,22349,Rest,HAZIRLANIYOR...,0,36,17,0,0,0,0
5.6136,22350,Rest,HAZIRLANIYOR...,0,39,4,0,0,1,0
5.6136,22351,Rest,HAZIRLANIYOR...,0,45,0,0,0,0,4
5.6137,22352,Rest,HAZIRLANIYOR...,0,52,0,0,0,1,15
5.6137,22353,Rest,HAZIRLANIYOR...,0,62,0,0,0,1,15
5.6137,22354,Rest,HAZIRLANIYOR...,0,75,0,0,0,2,0
5.6137,22355,Rest,HAZIRLANIYOR...,0,92,0,0,52,5,0
5.6137,22356,Rest,HAZIRLANIYOR...,0,111,0,0,107,8,0
5.6137,22357,Rest,HAZIRLANIYOR...,0,136,0,0,150,3,0
5.6137,22358,Rest,HAZIRLANIYOR...,0,164,0,0,187,0,0
5.6139,22359,Rest,HAZIRLANIYOR...,0,191,0,0,222,0,0
5.6289,22360,Rest,HAZIRLANIYOR...,0,214,0,0,252,3,0
5.6290,22361,Rest,HAZIRLANIYOR...,0,236,0,0,271,5,0
5.6290,22362,Rest,HAZIRLANIYOR...,0,259,0,0,276,3,7
5.6290,22363,Rest,HAZIRLANIYOR...,0,284,0,0,271,2,12
5.6291,22364,Rest,HAZIRLANIYOR...,0,313,0,0,259,1,6
5.6291,22365,Rest,HAZIRLANIYOR...,0,339,0,0,245,0,0
5.6291,22366,Rest,HAZIRLANIYOR...,0,355,0,0,235,0,1
5.6291,22367,Rest,HAZIRLANIYOR...,0,358,0,0,228,1,1
5.6291,22368,Rest,HAZIRLANIYOR...,0,350,2,7,215,1,0
5.6292,22369,Rest,HAZIRLANIYOR...,0,339,11,19,184,0,0
5.6292,22370,Rest,HAZIRLANIYOR...,0,325,24,28,128,0,2
5.6292,22371,Rest,HAZIRLANIYOR...,0,303,36,31,61,2,10
5.6292,22372,Rest,HAZIRLANIYOR...,0,273,44,31,0,2,7
5.6292,22373,Rest,HAZIRLANIYOR...,0,235,48,29,0,0,0
5.6292,22374,Rest,HAZIRLANIYOR...,0,192,50,27,0,0,0
5.6292,22375,Rest,HAZIRLANIYOR...,0,150,52,25,0,0,0
5.6292,22376,Rest,HAZIRLANIYOR...,0,112,54,23,0,0,0
5.6293,22377,Rest,HAZIRLANIYOR...,0,77,55,20,0,3,7
5.6293,22378,Rest,HAZIRLANIYOR...,0,44,56,20,0,0,2
5.6293,22379,Rest,HAZIRLANIYOR...,0,16,56,22,0,0,0
5.6293,22380,Rest,HAZIRLANIYOR...,0,0,54,23,0,0,0
5.6293,22381,Rest,HAZIRLANIYOR...,0,0,48,19,0,0,0
5.6293,22382,Rest,HAZIRLANIYOR...,0,0,42,12,0,1,1
5.6294,22383,Rest,HAZIRLANIYOR...,0,0,34,6,0,2,3
5.6294,22384,Rest,HAZIRLANIYOR...,0,0,26,0,0,2,3
5.6294,22385,Rest,HAZIRLANIYOR...,0,0,13,0,0,2,0
5.6294,22386,Rest,HAZIRLANIYOR...,0,0,0,0,0,1,0
5.6295,22387,Rest,HAZIRLANIYOR...,0,0,0,0,0,2,0
5.6449,22388,Rest,HAZIRLANIYOR...,0,0,0,0,0,4,0
5.6450,22389,Rest,HAZIRLANIYOR...,0,0,0,0,0,6,0
5.6451,22390,Rest,HAZIRLANIYOR...,0,0,0,0,24,8,0
5.6451,22391,Rest,HAZIRLANIYOR...,0,0,0,0,78,9,0
5.6452,22392,Rest,HAZIRLANIYOR...,0,0,0,0,124,6,1
5.6452,22393,Rest,HAZIRLANIYOR...,0,0,0,0,163,1,4
5.6452,22394,Rest,HAZIRLANIYOR...,0,0,0,0,201,0,4
5.6452,22395,Rest,HAZIRLANIYOR...,0,0,0,0,241,1,2
5.6452,22396,Rest,HAZIRLANIYOR...,0,0,0,0,270,2,1
5.6453,22397,Rest,HAZIRLANIYOR...,0,0,0,0,276,0,0
5.6453,22398,Rest,HAZIRLANIYOR...,0,0,0,0,268,0,0
5.6453,22399,Rest,HAZIRLANIYOR...,0,0,0,0,258,0,3
5.6453,22400,Rest,HAZIRLANIYOR...,0,0,0,3,248,0,5
5.6453,22401,Rest,HAZIRLANIYOR...,0,0,0,15,238,0,6
5.6453,22402,Rest,HAZIRLANIYOR...,0,0,14,26,230,5,10
5.6453,22403,Rest,HAZIRLANIYOR...,0,0,27,36,223,8,14
5.6453,22404,Rest,HAZIRLANIYOR...,0,0,40,46,203,1,10
5.6454,22405,Rest,HAZIRLANIYOR...,0,0,53,54,158,0,1
5.6454,22406,Rest,HAZIRLANIYOR...,0,0,67,59,94,0,0
5.6454,22407,Rest,HAZIRLANIYOR...,0,0,81,61,27,0,0
5.6454,22408,Rest,HAZIRLANIYOR...,0,0,93,62,0,0,0
5.6454,22409,Rest,HAZIRLANIYOR...,0,0,103,65,0,0,0
5.6454,22410,Rest,HAZIRLANIYOR...,0,0,108,70,0,0,0
5.6455,22411,Rest,HAZIRLANIYOR...,0,0,109,74,0,0,0
5.6455,22412,Rest,HAZIRLANIYOR...,0,0,106,76,0,0,0
5.6455,22413,Rest,HAZIRLANIYOR...,0,0,100,74,0,0,0
5.6455,22414,Rest,HAZIRLANIYOR...,0,0,89,68,0,0,1
5.6456,22415,Rest,HAZIRLANIYOR...,0,0,73,61,0,0,1
5.6456,22416,Rest,HAZIRLANIYOR...,0,0,55,53,0,0,0
5.6612,22417,Rest,HAZIRLANIYOR...,0,0,35,43,0,0,0
5.6613,22418,Rest,HAZIRLANIYOR...,0,0,14,31,0,0,1
5.6613,22419,Rest,HAZIRLANIYOR...,0,0,0,18,0,0,5
5.6614,22420,Rest,HAZIRLANIYOR...,0,0,0,5,0,0,8
5.6614,22421,Rest,HAZIRLANIYOR...,0,0,0,0,0,0,5
5.6614,22422,Rest,HAZIRLANIYOR...,0,0,0,0,0,2,0
5.6614,22423,Rest,HAZIRLANIYOR...,0,0,0,0,0,6,0
5.6614,22424,Rest,HAZIRLANIYOR...,0,0,0,0,0,7,6
5.6615,22425,Rest,HAZIRLANIYOR...,0,0,0,0,0,6,11
5.6615,22426,Rest,HAZIRLANIYOR...,0,0,0,0,58,1,2
5.6615,22427,Rest,HAZIRLANIYOR...,0,0,0,0,109,0,0
5.6615,22428,Rest,HAZIRLANIYOR...,0,0,0,0,148,0,0
5.6615,22429,Rest,HAZIRLANIYOR...,0,0,0,0,182,8,0
5.6615,22430,Rest,HAZIRLANIYOR...,0,0,0,0,212,13,0
5.6615,22431,Rest,HAZIRLANIYOR...,0,0,0,0,240,11,0
5.6616,22432,Rest,HAZIRLANIYOR...,0,0,0,0,265,4,0
5.6616,22433,Rest,HAZIRLANIYOR...,0,0,0,0,278,0,0
5.6616,22434,Rest,HAZIRLANIYOR...,0,36,0,0,268,0,0
5.6616,22435,Rest,HAZIRLANIYOR...,0,100,0,0,244,0,0
5.6616,22436,Rest,HAZIRLANIYOR...,0,162,0,0,227,0,0
5.6617,22437,Rest,HAZIRLANIYOR...,0,219,0,0,223,0,1
5.6617,22438,Rest,HAZIRLANIYOR...,0,276,0,0,222,0,1
5.6617,22439,Rest,HAZIRLANIYOR...,0,331,0,0,210,0,2
5.6617,22440,Rest,HAZIRLANIYOR...,0,376,0,0,176,0,5
5.6617,22441,Rest,HAZIRLANIYOR...,0,405,0,14,121,0,0
5.6617,22442,Rest,HAZIRLANIYOR...,0,421,7,33,57,0,0
5.6618,22443,Rest,HAZIRLANIYOR...,0,426,23,51,0,0,0
5.6618,22444,Rest,HAZIRLANIYOR...,0,426,38,66,0,0,0
5.6619,22445,Rest,HAZIRLANIYOR...,0,422,52,79,0,0,0
5.6770,22446,Rest,HAZIRLANIYOR...,0,413,67,90,0,0,0
5.6771,22447,Rest,HAZIRLANIYOR...,0,399,80,99,0,0,0
5.6771,22448,Rest,HAZIRLANIYOR...,0,382,91,105,0,0,3
5.6772,22449,Rest,HAZIRLANIYOR...,0,363,98,103,0,0,7
5.6772,22450,Rest,HAZIRLANIYOR...,0,344,98,96,0,0,1
5.6772,22451,Rest,HAZIRLANIYOR...,0,327,92,86,0,0,0
5.6772,22452,Rest,HAZIRLANIYOR...,0,312,83,75,0,0,0
5.6772,22453,Rest,HAZIRLANIYOR...,0,301,72,59,0,0,0
5.6772,22454,Rest,HAZIRLANIYOR...,0,299,61,40,0,1,0
5.6772,22455,Rest,HAZIRLANIYOR...,0,303,49,24,0,1,0
5.6773,22456,Rest,HAZIRLANIYOR...,0,304,36,13,0,1,0
5.6773,22457,Rest,HAZIRLANIYOR...,0,301,23,3,0,1,0
5.6773,22458,Rest,HAZIRLANIYOR...,0,296,9,0,0,1,0
5.6773,22459,Rest,HAZIRLANIYOR...,0,293,0,0,0,2,0
5.6773,22460,Rest,HAZIRLANIYOR...,0,287,0,0,0,3,0
5.6773,22461,Rest,HAZIRLANIYOR...,0,274,0,0,52,5,1
5.6773,22462,Rest,HAZIRLANIYOR...,0,259,0,0,104,9,2
5.6774,22463,Rest,HAZIRLANIYOR...,0,243,0,0,138,10,2
5.6774,22464,Rest,HAZIRLANIYOR...,0,224,0,0,164,2,3
5.6774,22465,Rest,HAZIRLANIYOR...,0,206,0,0,197,0,8
5.6774,22466,Rest,HAZIRLANIYOR...,0,194,0,0,231,0,11
5.6775,22467,Rest,HAZIRLANIYOR...,0,188,0,0,254,0,4
5.6775,22468,Rest,HAZIRLANIYOR...,0,183,0,0,263,2,0
5.6775,22469,Rest,HAZIRLANIYOR...,0,175,0,0,258,1,0
5.6775,22470,Rest,HAZIRLANIYOR...,0,162,5,0,238,0,0
5.6775,22471,Rest,HAZIRLANIYOR...,0,144,12,6,216,0,0
5.6776,22472,Rest,HAZIRLANIYOR...,0,119,14,17,216,0,0
5.6777,22473,Rest,HAZIRLANIYOR...,0,89,12,27,228,0,0
5.6921,22474,Rest,HAZIRLANIYOR...,0,57,10,36,227,0,5
5.6922,22475,Rest,HAZIRLANIYOR...,0,23,8,45,205,0,10
5.6922,22476,Rest,HAZIRLANIYOR...,0,0,8,53,158,0,4
5.6922,22477,Rest,HAZIRLANIYOR...,0,0,9,58,92,0,0
5.6923,22478,Rest,HAZIRLANIYOR...,0,0,11,62,21,0,0
5.6923,22479,Rest,HAZIRLANIYOR...,0,0,14,66,0,0,0
5.6923,22480,Rest,HAZIRLANIYOR...,0,0,18,70,0,0,0
5.6923,22481,Rest,HAZIRLANIYOR...,0,0,23,73,0,0,0
5.6923,22482,Rest,HAZIRLANIYOR...,0,0,26,75,0,0,1
5.6923,22483,Rest,HAZIRLANIYOR...,0,0,28,73,0,0,0
5.6923,22484,Rest,HAZIRLANIYOR...,0,0,26,66,0,3,0
5.6923,22485,Rest,HAZIRLANIYOR...,0,0,20,54,0,7,0
5.6924,22486,Rest,HAZIRLANIYOR...,0,0,13,42,0,3,0
5.6924,22487,Rest,HAZIRLANIYOR...,0,0,7,32,0,0,3
5.6924,22488,Rest,HAZIRLANIYOR...,0,0,0,20,0,0,11
5.6924,22489,Rest,HAZIRLANIYOR...,0,0,0,6,0,0,13
5.6924,22490,Rest,HAZIRLANIYOR...,0,0,0,0,0,0,3
5.6924,22491,Rest,HAZIRLANIYOR...,0,0,0,0,0,0,0
5.6925,22492,Rest,HAZIRLANIYOR...,0,0,0,0,0,0,0
5.6926,22493,Rest,HAZIRLANIYOR...,0,0,0,0,0,1,0
5.6926,22494,Rest,HAZIRLANIYOR...,0,0,0,0,0,1,0
5.6927,22495,Rest,HAZIRLANIYOR...,0,0,0,0,0,2,0
5.6927,22496,Rest,HAZIRLANIYOR...,0,0,0,0,21,5,0
5.6927,22497,Rest,HAZIRLANIYOR...,0,0,0,0,70,9,2
5.6927,22498,Rest,HAZIRLANIYOR...,0,0,0,0,113,11,5
5.6928,22499,Rest,HAZIRLANIYOR...,0,0,0,0,152,4,4
5.7076,22500,Rest,HAZIRLANIYOR...,0,0,0,0,187,0,2
5.7077,22501,Rest,HAZIRLANIYOR...,0,0,0,0,220,0,1
5.7077,22502,Rest,HAZIRLANIYOR...,0,0,0,0,246,0,0
5.7078,22503,Rest,HAZIRLANIYOR...,0,0,0,0,262,0,0
5.7078,22504,Rest,HAZIRLANIYOR...,0,0,0,0,266,0,0
5.7078,22505,Rest,HAZIRLANIYOR...,0,0,0,0,262,0,2
5.7078,22506,Rest,HAZIRLANIYOR...,0,0,0,0,251,0,3
5.7078,22507,Rest,HAZIRLANIYOR...,0,0,7,0,233,0,2
5.7078,22508,Rest,HAZIRLANIYOR...,0,0,22,7,218,0,1
5.7078,22509,Rest,HAZIRLANIYOR...,0,0,39,24,212,0,1
5.7079,22510,Rest,HAZIRLANIYOR...,0,0,54,39,201,0,2
5.7079,22511,Rest,HAZIRLANIYOR...,0,0,66,54,167,0,2
5.7079,22512,Rest,HAZIRLANIYOR...,0,0,73,67,110,0,0
5.7079,22513,Rest,HAZIRLANIYOR...,0,0,77,76,45,0,0
5.7079,22514,Rest,HAZIRLANIYOR...,0,0,82,81,0,0,0
5.7079,22515,Rest,HAZIRLANIYOR...,0,0,87,84,0,0,0
5.7082,22516,Rest,HAZIRLANIYOR...,0,0,87,84,0,1,0
5.7082,22517,Rest,HAZIRLANIYOR...,0,0,82,80,0,1,1
5.7082,22518,Rest,HAZIRLANIYOR...,0,0,76,73,0,0,0
5.7082,22519,Rest,HAZIRLANIYOR...,0,0,69,64,0,0,0
5.7083,22520,Rest,HAZIRLANIYOR...,0,0,60,52,0,0,0
5.7083,22521,Rest,HAZIRLANIYOR...,0,0,46,40,0,0,0
5.7083,22522,Rest,HAZIRLANIYOR...,0,0,32,28,0,0,0
5.7083,22523,Rest,HAZIRLANIYOR...,0,0,16,16,0,0,4
5.7083,22524,Rest,HAZIRLANIYOR...,0,0,0,1,0,0,8
5.7083,22525,Rest,HAZIRLANIYOR...,0,0,0,0,0,0,2
5.7083,22526,Rest,HAZIRLANIYOR...,0,0,0,0,0,1,0
5.7084,22527,Rest,HAZIRLANIYOR...,0,0,0,0,0,5,0
5.7235,22528,Rest,HAZIRLANIYOR...,0,0,0,0,0,8,0
5.7236,22529,Rest,HAZIRLANIYOR...,0,9,0,0,0,5,0
5.7236,22530,Rest,HAZIRLANIYOR...,0,27,0,0,0,0,0
5.7236,22531,Rest,HAZIRLANIYOR...,0,43,0,0,0,0,4
5.7236,22532,Rest,HAZIRLANIYOR...,0,60,0,0,41,0,8
5.7236,22533,Rest,HAZIRLANIYOR...,0,77,0,0,86,0,3
5.7236,22534,Rest,HAZIRLANIYOR...,0,93,0,0,127,0,0
5.7237,22535,Rest,HAZIRLANIYOR...,0,107,0,0,167,0,0
5.7237,22536,Rest,HAZIRLANIYOR...,0,120,0,0,207,1,0
5.7237,22537,Rest,HAZIRLANIYOR...,0,131,0,0,239,7,0
5.7237,22538,Rest,HAZIRLANIYOR...,0,141,0,0,250,9,4
5.7237,22539,Rest,HAZIRLANIYOR...,0,144,0,0,249,2,6
5.7237,22540,Rest,HAZIRLANIYOR...,0,142,0,0,246,0,1
5.7237,22541,Rest,HAZIRLANIYOR...,0,137,0,0,240,0,0
5.7237,22542,Rest,HAZIRLANIYOR...,0,132,0,0,226,0,0
5.7238,22543,Rest,HAZIRLANIYOR...,0,126,0,0,216,0,0
5.7238,22544,Rest,HAZIRLANIYOR...,0,118,0,0,220,0,0
5.7238,22545,Rest,HAZIRLANIYOR...,0,111,13,0,219,0,0
5.7238,22546,Rest,HAZIRLANIYOR...,0,110,37,9,187,1,0
5.7238,22547,Rest,HAZIRLANIYOR...,0,114,60,32,125,2,0
5.7238,22548,Rest,HAZIRLANIYOR...,0,119,81,57,59,3,0
5.7241,22549,Rest,HAZIRLANIYOR...,0,125,98,83,5,2,0
5.7241,22550,Rest,HAZIRLANIYOR...,0,134,109,106,0,0,0
5.7241,22551,Rest,HAZIRLANIYOR...,0,147,115,126,0,0,0
5.7241,22552,Rest,HAZIRLANIYOR...,0,159,118,142,0,0,0
5.7241,22553,Rest,HAZIRLANIYOR...,0,170,118,154,0,0,0
5.7242,22554,Rest,HAZIRLANIYOR...,0,180,115,159,0,0,1
5.7243,22555,Rest,HAZIRLANIYOR...,0,188,110,160,0,0,9
5.7388,22556,Rest,HAZIRLANIYOR...,0,192,103,156,0,0,19
5.7390,22557,Rest,HAZIRLANIYOR...,0,194,94,149,0,0,15
5.7390,22558,Rest,HAZIRLANIYOR...,0,195,86,136,0,0,0
5.7390,22559,Rest,HAZIRLANIYOR...,0,195,78,117,0,0,0
5.7390,22560,Rest,HAZIRLANIYOR...,0,191,73,94,0,0,0
5.7390,22561,Rest,HAZIRLANIYOR...,0,183,69,69,0,1,0
5.7391,22562,Rest,HAZIRLANIYOR...,0,173,64,41,0,2,0
5.7391,22563,Rest,HAZIRLANIYOR...,0,161,57,12,0,1,0
5.7391,22564,Rest,HAZIRLANIYOR...,0,149,49,0,0,1,0
5.7391,22565,Rest,HAZIRLANIYOR...,0,139,41,0,0,2,0
5.7391,22566,Rest,HAZIRLANIYOR...,0,132,32,0,0,3,0
5.7391,22567,Rest,HAZIRLANIYOR...,0,127,24,0,34,4,0
5.7391,22568,Rest,HAZIRLANIYOR...,0,122,14,0,86,4,0
5.7392,22569,Rest,HAZIRLANIYOR...,0,119,3,0,130,4,0
5.7392,22570,Rest,HAZIRLANIYOR...,0,116,0,0,161,3,0
5.7392,22571,Rest,HAZIRLANIYOR...,0,115,0,0,185,3,0
5.7392,22572,Rest,HAZIRLANIYOR...,0,114,0,0,211,2,2
5.7392,22573,Rest,HAZIRLANIYOR...,0,112,0,0,236,1,3
5.7392,22574,Rest,HAZIRLANIYOR...,0,107,0,0,252,0,3
5.7393,22575,Rest,HAZIRLANIYOR...,0,98,0,0,253,0,2
5.7393,22576,Rest,HAZIRLANIYOR...,0,82,0,0,244,0,2
5.7393,22577,Rest,HAZIRLANIYOR...,0,64,0,0,234,0,2
5.7393,22578,Rest,HAZIRLANIYOR...,0,47,0,0,222,0,2
5.7393,22579,Rest,HAZIRLANIYOR...,0,29,0,0,211,0,5
5.7393,22580,Rest,HAZIRLANIYOR...,0,9,0,0,207,0,7
5.7393,22581,Rest,HAZIRLANIYOR...,0,0,0,0,197,1,2
5.7394,22582,Rest,HAZIRLANIYOR...,0,0,0,0,157,2,0
5.7542,22583,Rest,HAZIRLANIYOR...,0,0,0,16,90,6,0
5.7543,22584,Rest,HAZIRLANIYOR...,0,0,0,40,23,8,1
5.7543,22585,Rest,HAZIRLANIYOR...,0,0,14,60,0,2,5
5.7544,22586,Rest,HAZIRLANIYOR...,0,0,32,79,0,0,10
5.7544,22587,Rest,HAZIRLANIYOR...,0,0,45,94,0,0,12
5.7544,22588,Rest,HAZIRLANIYOR...,0,0,54,103,0,0,5
5.7544,22589,Rest,HAZIRLANIYOR...,0,0,56,107,0,0,0
5.7544,22590,Rest,HAZIRLANIYOR...,0,0,54,105,0,1,0
5.7544,22591,Rest,HAZIRLANIYOR...,0,0,49,99,0,5,0
5.7545,22592,Rest,HAZIRLANIYOR...,0,0,41,88,0,1,0
5.7545,22593,Rest,HAZIRLANIYOR...,0,0,30,72,0,0,0
5.7545,22594,Rest,HAZIRLANIYOR...,0,0,17,54,0,0,0
5.7545,22595,Rest,HAZIRLANIYOR...,0,0,6,34,0,0,0
5.7545,22596,Rest,HAZIRLANIYOR...,0,0,0,13,0,0,0
5.7545,22597,Rest,HAZIRLANIYOR...,0,0,0,0,0,0,0
5.7545,22598,Rest,HAZIRLANIYOR...,0,0,0,0,0,0,0
5.7546,22599,Rest,HAZIRLANIYOR...,0,0,0,0,0,0,0
5.7546,22600,Rest,HAZIRLANIYOR...,0,0,0,0,0,0,0
5.7546,22601,Rest,HAZIRLANIYOR...,0,0,0,0,0,1,0
5.7546,22602,Rest,HAZIRLANIYOR...,0,0,0,0,0,0,0
5.7546,22603,Rest,HAZIRLANIYOR...,0,0,0,0,55,0,0
5.7546,22604,Rest,HAZIRLANIYOR...,0,0,0,0,101,2,0
5.7546,22605,Rest,HAZIRLANIYOR...,0,0,0,0,140,6,0
5.7546,22606,Rest,HAZIRLANIYOR...,0,0,0,0,176,6,0
5.7547,22607,Rest,HAZIRLANIYOR...,0,0,0,0,209,1,3
5.7547,22608,Rest,HAZIRLANIYOR...,0,0,0,0,236,0,7
5.7547,22609,Rest,HAZIRLANIYOR...,0,0,0,0,255,0,9
5.7694,22610,Rest,HAZIRLANIYOR...,0,0,0,0,264,0,3
5.7695,22611,Rest,HAZIRLANIYOR...,0,0,6,0,261,2,0
5.7695,22612,Rest,HAZIRLANIYOR...,0,0,12,0,249,7,0
5.7695,22613,Rest,HAZIRLANIYOR...,0,0,15,2,235,13,2
5.7696,22614,Rest,HAZIRLANIYOR...,0,0,17,16,226,11,6
5.7696,22615,Rest,HAZIRLANIYOR...,0,0,14,30,218,0,1
5.7696,22616,Rest,HAZIRLANIYOR...,0,0,4,41,207,0,0
5.7696,22617,Rest,HAZIRLANIYOR...,0,0,0,47,179,0,1
5.7696,22618,Rest,HAZIRLANIYOR...,0,0,0,49,130,0,8
5.7697,22619,Rest,HAZIRLANIYOR...,0,0,0,49,67,0,3
5.7697,22620,Rest,HAZIRLANIYOR...,0,0,0,50,4,0,0
5.7697,22621,Rest,HAZIRLANIYOR...,0,0,0,50,0,0,0
5.7697,22622,Rest,HAZIRLANIYOR...,0,0,0,50,0,0,0
5.7697,22623,Rest,HAZIRLANIYOR...,0,0,0,50,0,0,0
5.7697,22624,Rest,HAZIRLANIYOR...,0,0,0,48,0,0,0
5.7697,22625,Rest,HAZIRLANIYOR...,0,0,14,43,0,0,2
5.7698,22626,Rest,HAZIRLANIYOR...,0,0,33,36,0,0,7
5.7698,22627,Rest,HAZIRLANIYOR...,0,0,52,28,0,0,0
5.7698,22628,Rest,HAZIRLANIYOR...,0,13,68,21,0,0,0
5.7698,22629,Rest,HAZIRLANIYOR...,0,26,78,13,0,0,0
5.7698,22630,Rest,HAZIRLANIYOR...,0,44,79,3,0,0,0
5.7699,22631,Rest,HAZIRLANIYOR...,0,68,74,0,0,0,0
5.7699,22632,Rest,HAZIRLANIYOR...,0,92,67,0,0,0,0
5.7699,22633,Rest,HAZIRLANIYOR...,0,111,57,0,0,0,0
5.7699,22634,Rest,HAZIRLANIYOR...,0,123,45,0,0,2,0
5.7699,22635,Rest,HAZIRLANIYOR...,0,134,30,0,0,4,0
5.7858,22636,Rest,HAZIRLANIYOR...,0,150,14,0,0,5,5
5.7859,22637,Rest,HAZIRLANIYOR...,0,169,0,0,0,5,9
5.7859,22638,Rest,HAZIRLANIYOR...,0,184,0,0,31,4,3
5.7859,22639,Rest,HAZIRLANIYOR...,0,191,0,0,81,4,0
5.7860,22640,Rest,HAZIRLANIYOR...,0,193,0,0,121,4,0
5.7860,22641,Rest,HAZIRLANIYOR...,0,196,0,0,156,4,0
5.7860,22642,Rest,HAZIRLANIYOR...,0,201,0,0,188,3,0
5.7860,22643,Rest,HAZIRLANIYOR...,0,207,0,0,219,2,0
5.7861,22644,Rest,HAZIRLANIYOR...,0,213,0,0,249,2,0
5.7861,22645,Rest,HAZIRLANIYOR...,0,219,0,0,270,2,0
5.7861,22646,Rest,HAZIRLANIYOR...,0,223,0,0,275,1,0
5.7861,22647,Rest,HAZIRLANIYOR...,0,225,0,0,263,1,0
5.7862,22648,Rest,HAZIRLANIYOR...,0,223,16,17,243,3,0
5.7862,22649,Rest,HAZIRLANIYOR...,0,215,32,35,228,8,10
5.7862,22650,Rest,HAZIRLANIYOR...,0,203,47,51,224,11,15
5.7863,22651,Rest,HAZIRLANIYOR...,0,190,61,67,222,6,7
5.7863,22652,Rest,HAZIRLANIYOR...,0,178,75,80,204,0,0
5.7863,22653,Rest,HAZIRLANIYOR...,0,162,87,91,162,0,0
5.7863,22654,Rest,HAZIRLANIYOR...,0,138,94,100,103,0,0
5.7863,22655,Rest,HAZIRLANIYOR...,0,107,98,108,41,0,0
5.7864,22656,Rest,HAZIRLANIYOR...,0,72,101,113,0,0,0
5.7864,22657,Rest,HAZIRLANIYOR...,0,36,99,112,0,0,0
5.7864,22658,Rest,HAZIRLANIYOR...,0,2,95,109,0,0,1
5.7864,22659,Rest,HAZIRLANIYOR...,0,0,89,104,0,0,0
5.7865,22660,Rest,HAZIRLANIYOR...,0,0,83,98,0,0,0
5.7865,22661,Rest,HAZIRLANIYOR...,0,0,74,92,0,0,0
5.7865,22662,Rest,HAZIRLANIYOR...,0,0,64,82,0,0,4
5.7865,22663,Rest,HAZIRLANIYOR...,0,0,52,71,0,0,6
5.7865,22664,Rest,HAZIRLANIYOR...,0,0,35,59,0,0,3
5.7867,22665,Rest,HAZIRLANIYOR...,0,0,11,48,0,2,0
5.7867,22666,Rest,HAZIRLANIYOR...,0,0,0,37,0,3,1
5.8009,22667,Rest,HAZIRLANIYOR...,0,0,0,23,0,0,2
5.8010,22668,Rest,HAZIRLANIYOR...,0,0,0,7,0,0,1
5.8010,22669,Rest,HAZIRLANIYOR...,0,0,0,0,0,0,1
5.8011,22670,Rest,HAZIRLANIYOR...,0,0,0,0,0,2,0
5.8011,22671,Rest,HAZIRLANIYOR...,0,0,0,0,0,5,0
5.8011,22672,Rest,HAZIRLANIYOR...,0,0,0,0,0,5,0
5.8011,22673,Rest,HAZIRLANIYOR...,0,0,0,0,6,5,2
5.8011,22674,Rest,HAZIRLANIYOR...,0,0,0,0,60,6,3
5.8011,22675,Rest,HAZIRLANIYOR...,0,0,0,0,106,6,3
5.8012,22676,Rest,HAZIRLANIYOR...,0,0,0,0,144,5,2
5.8012,22677,Rest,HAZIRLANIYOR...,0,0,0,0,179,3,0
5.8012,22678,Rest,HAZIRLANIYOR...,0,0,0,0,216,3,0
5.8012,22679,Rest,HAZIRLANIYOR...,0,0,0,0,248,3,0
5.8012,22680,Rest,HAZIRLANIYOR...,0,0,0,0,258,3,3
5.8013,22681,Rest,HAZIRLANIYOR...,0,0,0,0,251,2,5
5.8013,22682,Rest,HAZIRLANIYOR...,0,10,0,0,248,0,3
5.8013,22683,Rest,HAZIRLANIYOR...,0,28,0,0,244,0,0
5.8013,22684,Rest,HAZIRLANIYOR...,0,40,0,0,226,0,0
5.8013,22685,Rest,HAZIRLANIYOR...,0,47,0,0,201,1,0
5.8013,22686,Rest,HAZIRLANIYOR...,0,51,0,0,191,0,7
5.8013,22687,Rest,HAZIRLANIYOR...,0,51,0,0,183,0,14
5.8013,22688,Rest,HAZIRLANIYOR...,0,48,0,0,156,0,6
5.8014,22689,Rest,HAZIRLANIYOR...,0,45,0,0,108,0,0
5.8014,22690,Rest,HAZIRLANIYOR...,0,42,12,0,52,0,0
5.8014,22691,Rest,HAZIRLANIYOR...,0,40,37,12,0,0,0
5.8015,22692,Rest,HAZIRLANIYOR...,0,41,61,24,0,0,0
5.8159,22693,Rest,HAZIRLANIYOR...,0,45,80,35,0,0,0
5.8160,22694,Rest,HAZIRLANIYOR...,0,52,96,40,0,0,1
5.8160,22695,Rest,HAZIRLANIYOR...,0,61,109,42,0,0,8
5.8160,22696,Rest,HAZIRLANIYOR...,0,69,124,41,0,0,13
5.8161,22697,Rest,HAZIRLANIYOR...,0,75,141,40,0,0,7
5.8161,22698,Rest,HAZIRLANIYOR...,0,78,155,39,0,0,0
5.8161,22699,Rest,HAZIRLANIYOR...,0,79,161,38,0,0,0
5.8161,22700,Rest,HAZIRLANIYOR...,0,77,158,37,0,0,0
5.8161,22701,Rest,HAZIRLANIYOR...,0,66,149,35,0,1,0
5.8161,22702,Rest,HAZIRLANIYOR...,0,48,135,32,0,1,0
5.8161,22703,Rest,HAZIRLANIYOR...,0,28,118,29,0,1,0
5.8161,22704,Rest,HAZIRLANIYOR...,0,9,98,28,0,1,0
5.8161,22705,Rest,HAZIRLANIYOR...,0,0,78,29,0,1,0
5.8161,22706,Rest,HAZIRLANIYOR...,0,0,59,27,0,0,0
5.8162,22707,Rest,HAZIRLANIYOR...,0,0,38,21,0,0,0
5.8162,22708,Rest,HAZIRLANIYOR...,0,0,19,15,0,2,0
5.8162,22709,Rest,HAZIRLANIYOR...,0,5,2,9,54,3,0
5.8162,22710,Rest,HAZIRLANIYOR...,0,17,0,3,101,3,0
5.8162,22711,Rest,HAZIRLANIYOR...,0,28,0,0,142,3,0
5.8163,22712,Rest,HAZIRLANIYOR...,0,36,0,0,177,2,0
5.8163,22713,Rest,HAZIRLANIYOR...,0,42,0,0,210,1,0
5.8163,22714,Rest,HAZIRLANIYOR...,0,48,0,0,238,0,0
5.8163,22715,Rest,HAZIRLANIYOR...,0,53,0,0,259,0,0
5.8163,22716,Rest,HAZIRLANIYOR...,0,57,0,0,270,0,2
5.8163,22717,Rest,HAZIRLANIYOR...,0,62,0,0,270,0,6
5.8163,22718,Rest,HAZIRLANIYOR...,0,66,0,0,258,0,8
5.8164,22719,Rest,HAZIRLANIYOR...,0,67,0,7,240,0,3
5.8320,22720,Rest,HAZIRLANIYOR...,0,61,0,16,223,0,0
5.8322,22721,Rest,HAZIRLANIYOR...,0,51,0,22,214,0,0
5.8322,22722,Rest,HAZIRLANIYOR...,0,35,0,26,209,0,0
5.8322,22723,Rest,HAZIRLANIYOR...,0,16,4,30,189,0,0
5.8323,22724,Rest,HAZIRLANIYOR...,0,0,11,36,143,4,0
5.8323,22725,Rest,HAZIRLANIYOR...,0,0,16,42,82,7,0
5.8323,22726,Rest,HAZIRLANIYOR...,0,0,20,45,23,2,0
5.8323,22727,Rest,HAZIRLANIYOR...,0,0,23,44,0,0,0
5.8324,22728,Rest,HAZIRLANIYOR...,0,0,23,42,0,0,0
5.8324,22729,Rest,HAZIRLANIYOR...,0,0,19,36,0,0,0
5.8324,22730,Rest,HAZIRLANIYOR...,0,0,13,27,0,0,0
5.8324,22731,Rest,HAZIRLANIYOR...,0,0,4,19,0,0,0
5.8324,22732,Rest,HAZIRLANIYOR...,0,0,0,11,0,0,0
5.8325,22733,Rest,HAZIRLANIYOR...,0,0,0,5,0,0,0
5.8325,22734,Rest,HAZIRLANIYOR...,0,0,0,1,0,0,0
5.8325,22735,Rest,HAZIRLANIYOR...,0,0,0,0,0,0,1
5.8325,22736,Rest,HAZIRLANIYOR...,0,0,0,0,0,0,1
5.8325,22737,Rest,HAZIRLANIYOR...,0,0,0,0,0,0,0
5.8326,22738,Rest,HAZIRLANIYOR...,0,0,0,0,0,0,4
5.8326,22739,Rest,HAZIRLANIYOR...,0,0,0,0,0,0,8
5.8326,22740,Rest,HAZIRLANIYOR...,0,0,0,0,0,0,5
5.8326,22741,Rest,HAZIRLANIYOR...,0,0,0,0,0,0,0
5.8326,22742,Rest,HAZIRLANIYOR...,0,0,0,1,0,2,0
5.8326,22743,Rest,HAZIRLANIYOR...,0,0,0,0,0,7,0
5.8327,22744,Rest,HAZIRLANIYOR...,0,0,0,0,21,12,0
5.8327,22745,Rest,HAZIRLANIYOR...,0,0,0,0,76,8,0
5.8327,22746,Rest,HAZIRLANIYOR...,0,0,0,0,120,0,6
5.8328,22747,Rest,HAZIRLANIYOR...,0,0,0,0,155,0,6
5.8329,22748,Rest,HAZIRLANIYOR...,0,0,0,0,186,0,2
5.8471,22749,Rest,HAZIRLANIYOR...,0,0,0,0,216,2,0
5.8472,22750,Rest,HAZIRLANIYOR...,0,0,0,0,243,0,2
5.8472,22751,Rest,HAZIRLANIYOR...,0,0,0,0,259,0,3
5.8473,22752,Rest,HAZIRLANIYOR...,0,0,0,0,261,0,3
5.8473,22753,Rest,HAZIRLANIYOR...,0,0,1,0,252,0,2
5.8473,22754,Rest,HAZIRLANIYOR...,0,0,21,0,241,3,2
5.8473,22755,Rest,HAZIRLANIYOR...,0,0,43,0,235,4,2
5.8473,22756,Rest,HAZIRLANIYOR...,0,0,63,0,230,2,1
5.8473,22757,Rest,HAZIRLANIYOR...,0,0,80,0,212,0,0
5.8474,22758,Rest,HAZIRLANIYOR...,0,0,91,0,182,0,0
5.8474,22759,Rest,HAZIRLANIYOR...,0,0,96,0,148,0,0
5.8474,22760,Rest,HAZIRLANIYOR...,0,11,97,0,102,0,1
5.8474,22761,Rest,HAZIRLANIYOR...,0,32,95,7,42,0,4
5.8474,22762,Rest,HAZIRLANIYOR...,0,54,98,17,0,0,3
5.8474,22763,Rest,HAZIRLANIYOR...,0,74,104,27,0,0,0
5.8474,22764,Rest,HAZIRLANIYOR...,0,91,110,38,0,0,0
5.8475,22765,Rest,HAZIRLANIYOR...,0,104,109,44,0,0,0
5.8475,22766,Rest,HAZIRLANIYOR...,0,114,100,44,0,0,1
5.8475,22767,Rest,HAZIRLANIYOR...,0,122,86,36,0,0,0
5.8475,22768,Rest,HAZIRLANIYOR...,0,127,75,23,0,0,0
5.8475,22769,Rest,HAZIRLANIYOR...,0,127,68,9,0,0,0
5.8475,22770,Rest,HAZIRLANIYOR...,0,122,61,0,0,0,0
5.8475,22771,Rest,HAZIRLANIYOR...,0,110,50,0,0,1,0
5.8475,22772,Rest,HAZIRLANIYOR...,0,93,34,7,0,1,1
5.8475,22773,Rest,HAZIRLANIYOR...,0,75,12,21,0,1,1
5.8477,22774,Rest,HAZIRLANIYOR...,0,60,0,32,0,2,0
5.8632,22775,Rest,HAZIRLANIYOR...,0,47,0,35,0,2,0
5.8633,22776,Rest,HAZIRLANIYOR...,0,37,0,29,0,1,0
5.8633,22777,Rest,HAZIRLANIYOR...,0,26,0,17,0,1,0
5.8633,22778,Rest,HAZIRLANIYOR...,0,20,0,2,0,4,0
5.8634,22779,Rest,HAZIRLANIYOR...,0,21,0,0,10,5,0
5.8634,22780,Rest,HAZIRLANIYOR...,0,29,0,0,60,6,0
5.8634,22781,Rest,HAZIRLANIYOR...,0,41,0,0,94,10,0
5.8634,22782,Rest,HAZIRLANIYOR...,0,54,0,0,134,13,0
5.8634,22783,Rest,HAZIRLANIYOR...,0,70,0,0,175,8,0
5.8634,22784,Rest,HAZIRLANIYOR...,0,91,0,0,203,0,4
5.8634,22785,Rest,HAZIRLANIYOR...,0,116,0,0,221,0,7
5.8634,22786,Rest,HAZIRLANIYOR...,0,141,0,0,237,0,2
5.8634,22787,Rest,HAZIRLANIYOR...,0,165,0,0,250,0,0
5.8634,22788,Rest,HAZIRLANIYOR...,0,186,0,0,250,0,0
5.8635,22789,Rest,HAZIRLANIYOR...,0,205,0,0,236,0,0
5.8635,22790,Rest,HAZIRLANIYOR...,0,223,0,0,217,0,0
5.8635,22791,Rest,HAZIRLANIYOR...,0,240,0,0,202,0,0
5.8635,22792,Rest,HAZIRLANIYOR...,0,257,0,0,193,0,0
5.8635,22793,Rest,HAZIRLANIYOR...,0,274,0,0,184,0,0
5.8635,22794,Rest,HAZIRLANIYOR...,0,288,0,0,164,0,0
5.8635,22795,Rest,HAZIRLANIYOR...,0,296,0,0,122,0,0
5.8635,22796,Rest,HAZIRLANIYOR...,0,296,5,16,64,0,0
5.8635,22797,Rest,HAZIRLANIYOR...,0,288,24,34,4,0,0
5.8635,22798,Rest,HAZIRLANIYOR...,0,272,41,53,0,0,0
5.8635,22799,Rest,HAZIRLANIYOR...,0,249,58,73,0,3,0
5.8636,22800,Rest,HAZIRLANIYOR...,0,219,72,92,0,7,0
5.8636,22801,Rest,HAZIRLANIYOR...,0,184,83,107,0,6,0
5.8636,22802,Rest,HAZIRLANIYOR...,0,146,91,115,0,0,0
5.8783,22803,Rest,HAZIRLANIYOR...,0,106,96,117,0,0,0
5.8784,22804,Rest,HAZIRLANIYOR...,0,65,97,117,0,0,0
5.8784,22805,Rest,HAZIRLANIYOR...,0,24,94,117,0,0,0
5.8784,22806,Rest,HAZIRLANIYOR...,0,0,88,113,0,0,0
5.8784,22807,Rest,HAZIRLANIYOR...,0,0,79,106,0,3,6
5.8784,22808,Rest,HAZIRLANIYOR...,0,0,73,97,0,6,12
5.8784,22809,Rest,HAZIRLANIYOR...,0,0,78,89,0,0,6
5.8784,22810,Rest,HAZIRLANIYOR...,0,0,85,80,0,0,0
5.8785,22811,Rest,HAZIRLANIYOR...,0,0,82,69,0,0,0
5.8785,22812,Rest,HAZIRLANIYOR...,0,0,72,57,0,0,0
5.8785,22813,Rest,HAZIRLANIYOR...,0,0,63,42,0,0,0
5.8785,22814,Rest,HAZIRLANIYOR...,0,0,57,23,0,0,0
5.8785,22815,Rest,HAZIRLANIYOR...,0,0,50,0,34,0,0
5.8785,22816,Rest,HAZIRLANIYOR...,0,0,41,0,80,0,0
5.8786,22817,Rest,HAZIRLANIYOR...,0,0,32,0,119,1,0
5.8786,22818,Rest,HAZIRLANIYOR...,0,0,24,0,149,6,0
5.8786,22819,Rest,HAZIRLANIYOR...,0,0,17,0,178,9,0
5.8786,22820,Rest,HAZIRLANIYOR...,0,0,11,0,210,5,0
5.8786,22821,Rest,HAZIRLANIYOR...,0,0,4,0,236,0,1
5.8786,22822,Rest,HAZIRLANIYOR...,0,0,0,0,251,0,3
5.8786,22823,Rest,HAZIRLANIYOR...,0,0,0,0,249,0,2
5.8787,22824,Rest,HAZIRLANIYOR...,0,0,0,0,232,2,1
5.8787,22825,Rest,HAZIRLANIYOR...,0,0,0,0,204,5,0
5.8787,22826,Rest,HAZIRLANIYOR...,0,0,0,0,178,1,0
5.8787,22827,Rest,HAZIRLANIYOR...,0,0,0,0,166,0,0
5.8787,22828,Rest,HAZIRLANIYOR...,0,0,0,0,165,0,2
5.8788,22829,Rest,HAZIRLANIYOR...,0,0,0,0,155,0,7
5.8935,22830,Rest,HAZIRLANIYOR...,0,0,0,0,120,4,11
5.8936,22831,Rest,HAZIRLANIYOR...,0,0,0,0,64,6,6
5.8937,22832,Rest,HAZIRLANIYOR...,0,10,6,0,2,5,0
5.8937,22833,Rest,HAZIRLANIYOR...,0,16,12,0,0,0,3
5.8937,22834,Rest,HAZIRLANIYOR...,0,18,18,0,0,0,8
5.8937,22835,Rest,HAZIRLANIYOR...,0,20,23,0,0,0,3
5.8937,22836,Rest,HAZIRLANIYOR...,0,24,27,0,0,0,0
5.8937,22837,Rest,HAZIRLANIYOR...,0,31,30,0,0,0,0
5.8937,22838,Rest,HAZIRLANIYOR...,0,38,29,26,0,0,0
5.8938,22839,Rest,HAZIRLANIYOR...,0,42,27,51,0,0,0
5.8938,22840,Rest,HAZIRLANIYOR...,0,43,23,71,0,0,1
5.8938,22841,Rest,HAZIRLANIYOR...,0,41,17,87,0,0,5
5.8938,22842,Rest,HAZIRLANIYOR...,0,35,10,103,0,1,0
5.8938,22843,Rest,HAZIRLANIYOR...,0,26,1,119,0,3,0
5.8938,22844,Rest,HAZIRLANIYOR...,0,16,0,133,0,2,0
5.8938,22845,Rest,HAZIRLANIYOR...,0,7,0,145,0,0,0
5.8938,22846,Rest,HAZIRLANIYOR...,0,0,0,156,0,0,1
5.8938,22847,Rest,HAZIRLANIYOR...,0,0,0,164,0,1,0
5.8939,22848,Rest,HAZIRLANIYOR...,0,0,0,171,0,3,0
5.8939,22849,Rest,HAZIRLANIYOR...,0,0,0,177,0,8,1
5.8939,22850,Rest,HAZIRLANIYOR...,0,0,0,183,35,10,6
5.8939,22851,Rest,HAZIRLANIYOR...,0,0,0,188,75,3,9
5.8939,22852,Rest,HAZIRLANIYOR...,0,0,0,189,112,0,1
5.8939,22853,Rest,HAZIRLANIYOR...,0,0,0,188,140,0,0
5.8939,22854,Rest,HAZIRLANIYOR...,0,0,0,188,164,1,0
5.8940,22855,Rest,HAZIRLANIYOR...,0,0,0,190,193,3,0
5.8941,22856,Rest,HAZIRLANIYOR...,0,0,0,192,227,0,11
5.9088,22857,Rest,HAZIRLANIYOR...,0,0,0,193,248,0,15
5.9089,22858,Rest,HAZIRLANIYOR...,0,0,0,194,245,0,3
5.9089,22859,Rest,HAZIRLANIYOR...,0,0,0,195,227,1,0
5.9089,22860,Rest,HAZIRLANIYOR...,0,0,0,197,214,10,0
5.9089,22861,Rest,HAZIRLANIYOR...,0,0,0,198,205,19,4
5.9089,22862,Rest,HAZIRLANIYOR...,0,0,0,198,195,15,11
5.9090,22863,Rest,HAZIRLANIYOR...,0,0,0,195,186,0,10
5.9090,22864,Rest,HAZIRLANIYOR...,0,0,0,189,178,0,5
5.9090,22865,Rest,HAZIRLANIYOR...,0,0,15,181,159,0,0
5.9091,22866,Rest,HAZIRLANIYOR...,0,0,31,174,116,0,0
5.9091,22867,Rest,HAZIRLANIYOR...,0,0,47,166,58,0,0
5.9091,22868,Rest,HAZIRLANIYOR...,0,0,61,158,0,0,0
5.9091,22869,Rest,HAZIRLANIYOR...,0,0,72,147,0,0,0
5.9092,22870,Rest,HAZIRLANIYOR...,0,0,81,133,0,0,0
5.9092,22871,Rest,HAZIRLANIYOR...,0,0,87,118,0,0,0
5.9092,22872,Rest,HAZIRLANIYOR...,0,0,91,102,0,0,0
5.9092,22873,Rest,HAZIRLANIYOR...,0,0,92,84,0,0,7
5.9092,22874,Rest,HAZIRLANIYOR...,0,0,89,63,0,0,13
5.9093,22875,Rest,HAZIRLANIYOR...,0,0,83,41,0,0,10
5.9093,22876,Rest,HAZIRLANIYOR...,0,0,73,17,0,0,0
5.9093,22877,Rest,HAZIRLANIYOR...,0,0,62,0,0,0,0
5.9093,22878,Rest,HAZIRLANIYOR...,0,0,48,0,0,0,0
5.9093,22879,Rest,HAZIRLANIYOR...,0,0,34,0,0,0,0
5.9093,22880,Rest,HAZIRLANIYOR...,0,0,20,0,0,0,0
5.9094,22881,Rest,HAZIRLANIYOR...,0,0,5,0,0,0,0
5.9094,22882,Rest,HAZIRLANIYOR...,0,0,0,0,0,0,0
5.9096,22883,Rest,HAZIRLANIYOR...,0,0,0,0,0,0,0
5.9096,22884,Rest,HAZIRLANIYOR...,0,0,0,0,0,1,0
5.9248,22885,Rest,HAZIRLANIYOR...,0,18,0,0,0,1,0
5.9249,22886,Rest,HAZIRLANIYOR...,0,53,0,0,34,1,0
5.9249,22887,Rest,HAZIRLANIYOR...,0,86,0,0,74,1,0
5.9249,22888,Rest,HAZIRLANIYOR...,0,116,0,0,106,1,3
5.9249,22889,Rest,HAZIRLANIYOR...,0,141,0,0,132,2,3
5.9249,22890,Rest,HAZIRLANIYOR...,0,162,0,0,155,7,0
5.9249,22891,Rest,HAZIRLANIYOR...,0,182,0,0,175,11,0
5.9249,22892,Rest,HAZIRLANIYOR...,0,199,0,0,189,5,0
5.9249,22893,Rest,HAZIRLANIYOR...,0,215,0,0,198,0,0
5.9249,22894,Rest,HAZIRLANIYOR...,0,233,0,0,203,0,0
5.9249,22895,Rest,HAZIRLANIYOR...,0,253,0,0,200,0,0
5.9250,22896,Rest,HAZIRLANIYOR...,0,272,0,0,187,0,2
5.9250,22897,Rest,HAZIRLANIYOR...,0,288,0,0,172,1,2
5.9250,22898,Rest,HAZIRLANIYOR...,0,301,0,0,163,3,3
5.9250,22899,Rest,HAZIRLANIYOR...,0,313,4,0,161,2,8
5.9250,22900,Rest,HAZIRLANIYOR...,0,323,18,0,153,0,12
5.9250,22901,Rest,HAZIRLANIYOR...,0,328,30,0,123,0,5
5.9250,22902,Rest,HAZIRLANIYOR...,0,331,43,0,71,0,0
5.9250,22903,Rest,HAZIRLANIYOR...,0,332,57,0,8,0,0
5.9250,22904,Rest,HAZIRLANIYOR...,0,330,69,0,0,0,0
5.9250,22905,Rest,HAZIRLANIYOR...,0,325,78,0,0,0,4
5.9250,22906,Rest,HAZIRLANIYOR...,0,317,84,0,0,0,5
5.9250,22907,Rest,HAZIRLANIYOR...,0,309,90,0,0,0,4
5.9251,22908,Rest,HAZIRLANIYOR...,0,302,92,9,0,0,0
5.9251,22909,Rest,HAZIRLANIYOR...,0,295,92,20,0,0,0
5.9251,22910,Rest,HAZIRLANIYOR...,0,282,88,29,0,0,4
5.9251,22911,Rest,HAZIRLANIYOR...,0,260,82,36,0,0,4
5.9410,22912,Rest,HAZIRLANIYOR...,0,232,73,41,0,0,0
5.9411,22913,Rest,HAZIRLANIYOR...,0,199,61,43,0,0,0
5.9411,22914,Rest,HAZIRLANIYOR...,0,163,48,46,0,2,0
5.9411,22915,Rest,HAZIRLANIYOR...,0,127,35,49,0,3,0
5.9412,22916,Rest,HAZIRLANIYOR...,0,91,23,51,0,0,0
5.9412,22917,Rest,HAZIRLANIYOR...,0,58,8,50,0,0,0
5.9412,22918,Rest,HAZIRLANIYOR...,0,27,0,48,0,1,0
5.9412,22919,Rest,HAZIRLANIYOR...,0,0,0,44,0,2,0
5.9412,22920,Rest,HAZIRLANIYOR...,0,0,0,41,0,3,3
5.9413,22921,Rest,HAZIRLANIYOR...,0,0,0,39,22,8,7
5.9413,22922,Rest,HAZIRLANIYOR...,0,0,0,38,63,11,1
5.9413,22923,Rest,HAZIRLANIYOR...,0,0,0,38,101,5,0
5.9413,22924,Rest,HAZIRLANIYOR...,0,0,0,38,134,0,0
5.9413,22925,Rest,HAZIRLANIYOR...,0,0,0,40,164,0,0
5.9414,22926,Rest,HAZIRLANIYOR...,0,0,0,44,192,0,0
5.9414,22927,Rest,HAZIRLANIYOR...,0,0,0,50,216,1,0
5.9414,22928,Rest,HAZIRLANIYOR...,0,0,0,57,231,3,0
5.9414,22929,Rest,HAZIRLANIYOR...,0,0,0,66,236,3,0
5.9414,22930,Rest,HAZIRLANIYOR...,0,0,0,76,230,0,0
5.9414,22931,Rest,HAZIRLANIYOR...,0,0,0,88,217,0,3
5.9415,22932,Rest,HAZIRLANIYOR...,0,0,0,97,203,0,3
5.9415,22933,Rest,HAZIRLANIYOR...,0,0,0,104,195,0,0
5.9415,22934,Rest,HAZIRLANIYOR...,0,0,0,109,193,0,0
5.9415,22935,Rest,HAZIRLANIYOR...,0,0,0,112,190,0,0
5.9415,22936,Rest,HAZIRLANIYOR...,0,0,11,111,172,0,1
5.9415,22937,Rest,HAZIRLANIYOR...,0,0,28,106,133,0,0
5.9416,22938,Rest,HAZIRLANIYOR...,0,0,44,99,79,0,0
5.9416,22939,Rest,HAZIRLANIYOR...,0,0,56,92,16,0,0
5.9417,22940,Rest,HAZIRLANIYOR...,0,0,66,83,0,0,0
5.9417,22941,Rest,HAZIRLANIYOR...,0,0,75,70,0,0,0
5.9562,22942,Rest,HAZIRLANIYOR...,0,0,80,56,0,0,0
5.9563,22943,Rest,HAZIRLANIYOR...,0,0,81,41,0,0,1
5.9564,22944,Rest,HAZIRLANIYOR...,0,0,81,24,0,0,6
5.9564,22945,Rest,HAZIRLANIYOR...,0,0,80,7,0,0,10
5.9564,22946,Rest,HAZIRLANIYOR...,0,0,77,0,0,0,4
5.9565,22947,Rest,HAZIRLANIYOR...,0,0,69,0,0,0,0
5.9565,22948,Rest,HAZIRLANIYOR...,0,0,59,0,0,0,0
5.9565,22949,Rest,HAZIRLANIYOR...,0,0,48,0,0,0,0
5.9565,22950,Rest,HAZIRLANIYOR...,0,0,36,0,0,0,0
5.9565,22951,Rest,HAZIRLANIYOR...,0,0,23,0,0,0,0
5.9566,22952,Rest,HAZIRLANIYOR...,0,0,9,0,0,4,0
5.9566,22953,Rest,HAZIRLANIYOR...,0,0,0,0,0,8,0
5.9566,22954,Rest,HAZIRLANIYOR...,0,0,0,0,0,9,0
5.9566,22955,Rest,HAZIRLANIYOR...,0,0,0,0,0,2,0
5.9567,22956,Rest,HAZIRLANIYOR...,0,0,0,0,0,0,1
5.9567,22957,Rest,HAZIRLANIYOR...,0,0,0,0,7,0,4
5.9567,22958,Rest,HAZIRLANIYOR...,0,0,0,0,52,2,4
5.9568,22959,Rest,HAZIRLANIYOR...,0,0,0,0,92,2,3
5.9568,22960,Rest,HAZIRLANIYOR...,0,0,0,0,127,1,0
5.9568,22961,Rest,HAZIRLANIYOR...,0,0,0,0,158,2,0
5.9569,22962,Rest,HAZIRLANIYOR...,0,0,0,0,186,2,0
5.9569,22963,Rest,HAZIRLANIYOR...,0,0,0,0,209,2,4
5.9569,22964,Rest,HAZIRLANIYOR...,0,0,0,0,223,0,6
5.9569,22965,Rest,HAZIRLANIYOR...,0,0,0,0,224,0,4
5.9570,22966,Rest,HAZIRLANIYOR...,0,3,0,0,215,0,3
5.9571,22967,Rest,HAZIRLANIYOR...,0,29,0,0,202,0,3
5.9571,22968,Rest,HAZIRLANIYOR...,0,53,0,0,190,0,3
5.9723,22969,Rest,HAZIRLANIYOR...,0,74,0,0,182,0,1
5.9725,22970,Rest,HAZIRLANIYOR...,0,96,3,0,178,0,0
5.9725,22971,Rest,HAZIRLANIYOR...,0,120,17,0,167,1,0
5.9726,22972,Rest,HAZIRLANIYOR...,0,142,31,0,133,0,0
5.9726,22973,Rest,HAZIRLANIYOR...,0,161,44,0,79,0,0
5.9726,22974,Rest,HAZIRLANIYOR...,0,177,56,24,21,0,0
5.9726,22975,Rest,HAZIRLANIYOR...,0,187,65,53,0,0,0
5.9726,22976,Rest,HAZIRLANIYOR...,0,189,72,77,0,0,6
5.9726,22977,Rest,HAZIRLANIYOR...,0,184,76,94,0,0,11
5.9726,22978,Rest,HAZIRLANIYOR...,0,176,79,110,0,0,5
5.9726,22979,Rest,HAZIRLANIYOR...,0,164,80,126,0,0,0
5.9727,22980,Rest,HAZIRLANIYOR...,0,149,79,141,0,0,0
5.9727,22981,Rest,HAZIRLANIYOR...,0,133,74,153,0,1,0
5.9727,22982,Rest,HAZIRLANIYOR...,0,116,65,165,0,0,0
5.9727,22983,Rest,HAZIRLANIYOR...,0,95,53,176,0,0,0
5.9727,22984,Rest,HAZIRLANIYOR...,0,68,40,182,0,6,0
5.9727,22985,Rest,HAZIRLANIYOR...,0,42,27,184,0,12,0
5.9727,22986,Rest,HAZIRLANIYOR...,0,24,12,186,0,7,0
5.9727,22987,Rest,HAZIRLANIYOR...,0,10,0,190,0,0,3
5.9727,22988,Rest,HAZIRLANIYOR...,0,0,0,192,0,0,4
5.9728,22989,Rest,HAZIRLANIYOR...,0,0,0,192,0,0,1
5.9728,22990,Rest,HAZIRLANIYOR...,0,0,0,189,0,1,0
5.9728,22991,Rest,HAZIRLANIYOR...,0,0,0,186,0,1,0
5.9728,22992,Rest,HAZIRLANIYOR...,0,0,0,184,46,1,0
5.9728,22993,Rest,HAZIRLANIYOR...,0,0,0,183,95,1,0
5.9728,22994,Rest,HAZIRLANIYOR...,0,0,0,184,135,0,6
5.9728,22995,Rest,HAZIRLANIYOR...,0,0,0,185,169,0,14
5.9729,22996,Rest,HAZIRLANIYOR...,0,0,0,187,200,0,16
5.9873,22997,Rest,HAZIRLANIYOR...,0,7,0,188,228,0,5
5.9874,22998,Rest,HAZIRLANIYOR...,0,23,0,189,250,1,0
5.9874,22999,Rest,HAZIRLANIYOR...,0,43,0,189,266,6,0
5.9874,23000,Rest,HAZIRLANIYOR...,0,66,0,187,273,3,0
5.9875,23001,Rest,HAZIRLANIYOR...,0,90,0,182,267,0,3
5.9875,23002,Rest,HAZIRLANIYOR...,0,108,0,175,251,0,4
5.9875,23003,Rest,HAZIRLANIYOR...,0,122,0,167,232,0,0
5.9876,23004,Rest,HAZIRLANIYOR...,0,136,0,159,219,0,0
5.9876,23005,Rest,HAZIRLANIYOR...,0,148,0,150,219,0,0
5.9876,23006,Rest,HAZIRLANIYOR...,0,156,3,140,214,0,0
5.9877,23007,Rest,HAZIRLANIYOR...,0,156,17,130,179,0,0
5.9880,23008,Rest,HAZIRLANIYOR...,0,153,32,119,117,0,0
5.9880,23009,Rest,HAZIRLANIYOR...,0,147,45,105,57,0,0
5.9880,23010,Rest,HAZIRLANIYOR...,0,136,57,87,4,0,0
5.9881,23011,Rest,HAZIRLANIYOR...,0,120,67,68,0,0,0
5.9881,23012,Rest,HAZIRLANIYOR...,0,99,73,48,0,0,0
5.9881,23013,Rest,HAZIRLANIYOR...,0,78,76,28,0,0,0
5.9881,23014,Rest,HAZIRLANIYOR...,0,59,77,6,0,5,0
5.9882,23015,Rest,HAZIRLANIYOR...,0,44,78,0,0,8,0
5.9882,23016,Rest,HAZIRLANIYOR...,0,30,77,0,0,3,1
5.9882,23017,Rest,HAZIRLANIYOR...,0,17,74,0,0,0,1
5.9884,23018,Rest,HAZIRLANIYOR...,0,4,69,0,0,0,0
5.9884,23019,Rest,HAZIRLANIYOR...,0,0,67,0,0,0,0
5.9884,23020,Rest,HAZIRLANIYOR...,0,0,65,0,0,3,0
5.9884,23021,Rest,HAZIRLANIYOR...,0,0,60,0,0,9,0
5.9884,23022,Rest,HAZIRLANIYOR...,0,0,48,0,0,5,0
5.9886,23023,Rest,HAZIRLANIYOR...,0,0,29,0,0,0,1
5.9887,23024,Rest,HAZIRLANIYOR...,0,0,8,0,0,0,2
6.0027,23025,Rest,HAZIRLANIYOR...,0,0,0,0,0,0,1
6.0029,23026,Rest,HAZIRLANIYOR...,0,0,0,0,0,0,0
6.0029,23027,Rest,HAZIRLANIYOR...,0,0,0,0,0,0,0
6.0029,23028,Rest,HAZIRLANIYOR...,0,0,0,0,28,0,0
6.0029,23029,Rest,HAZIRLANIYOR...,0,0,0,0,73,0,0
6.0029,23030,Rest,HAZIRLANIYOR...,0,0,0,0,111,2,0
6.0030,23031,Rest,HAZIRLANIYOR...,0,0,0,0,144,2,1
6.0030,23032,Rest,HAZIRLANIYOR...,0,0,0,0,176,1,1
6.0030,23033,Rest,HAZIRLANIYOR...,0,0,0,0,204,1,0
6.0030,23034,Rest,HAZIRLANIYOR...,0,0,0,0,224,1,0
6.0030,23035,Rest,HAZIRLANIYOR...,0,0,0,0,233,0,1
6.0030,23036,Rest,HAZIRLANIYOR...,0,0,0,0,232,0,3
6.0031,23037,Rest,HAZIRLANIYOR...,0,0,0,0,222,0,2
6.0031,23038,Rest,HAZIRLANIYOR...,0,0,0,0,205,0,0
6.0031,23039,Rest,HAZIRLANIYOR...,0,0,0,0,188,1,0
6.0031,23040,Rest,HAZIRLANIYOR...,0,0,0,0,177,3,0
6.0032,23041,Rest,HAZIRLANIYOR...,0,0,4,0,171,8,0
6.0032,23042,Rest,HAZIRLANIYOR...,0,0,18,0,159,10,0
6.0032,23043,Rest,HAZIRLANIYOR...,0,9,31,0,128,5,0
6.0032,23044,Rest,HAZIRLANIYOR...,0,32,41,0,75,0,0
6.0032,23045,Rest,HAZIRLANIYOR...,0,44,47,0,10,0,5
6.0032,23046,Rest,HAZIRLANIYOR...,0,44,51,0,0,0,4
6.0033,23047,Rest,HAZIRLANIYOR...,0,38,53,0,0,0,0
6.0033,23048,Rest,HAZIRLANIYOR...,0,28,54,0,0,0,0
6.0033,23049,Rest,HAZIRLANIYOR...,0,15,54,0,0,0,0
6.0035,23050,Rest,HAZIRLANIYOR...,0,0,52,0,0,0,1
6.0036,23051,Rest,HAZIRLANIYOR...,0,0,49,6,0,0,0
6.0179,23052,Rest,HAZIRLANIYOR...,0,0,44,14,0,0,0
6.0180,23053,Rest,HAZIRLANIYOR...,0,0,40,22,0,0,2
6.0180,23054,Rest,HAZIRLANIYOR...,0,0,36,30,0,3,2
6.0180,23055,Rest,HAZIRLANIYOR...,0,0,33,38,0,0,1
6.0180,23056,Rest,HAZIRLANIYOR...,0,0,32,43,0,0,0
6.0181,23057,Rest,HAZIRLANIYOR...,0,0,31,46,0,0,0
6.0181,23058,Rest,HAZIRLANIYOR...,0,0,31,48,0,0,0
6.0181,23059,Rest,HAZIRLANIYOR...,0,0,30,51,0,0,0
6.0181,23060,Rest,HAZIRLANIYOR...,0,0,25,53,0,0,2
6.0181,23061,Rest,HAZIRLANIYOR...,0,0,17,51,0,0,7
6.0181,23062,Rest,HAZIRLANIYOR...,0,0,8,48,0,0,8
6.0182,23063,Rest,HAZIRLANIYOR...,0,0,0,47,50,6,2
6.0182,23064,Rest,HAZIRLANIYOR...,0,4,0,48,98,12,0
6.0182,23065,Rest,HAZIRLANIYOR...,0,15,0,47,134,7,0
6.0182,23066,Rest,HAZIRLANIYOR...,0,25,0,46,165,0,0
6.0183,23067,Rest,HAZIRLANIYOR...,0,37,0,48,188,0,0
6.0183,23068,Rest,HAZIRLANIYOR...,0,51,0,52,209,1,0
6.0183,23069,Rest,HAZIRLANIYOR...,0,67,0,57,243,4,0
6.0183,23070,Rest,HAZIRLANIYOR...,0,82,0,62,275,2,3
6.0183,23071,Rest,HAZIRLANIYOR...,0,95,0,69,282,0,4
6.0183,23072,Rest,HAZIRLANIYOR...,0,107,0,76,268,3,1
6.0183,23073,Rest,HAZIRLANIYOR...,0,118,0,85,247,6,0
6.0184,23074,Rest,HAZIRLANIYOR...,0,129,0,95,230,2,2
6.0184,23075,Rest,HAZIRLANIYOR...,0,138,0,106,218,0,3
6.0185,23076,Rest,HAZIRLANIYOR...,0,147,8,116,209,0,3
6.0185,23077,Rest,HAZIRLANIYOR...,0,155,14,125,196,0,1
6.0342,23078,Rest,HAZIRLANIYOR...,0,162,19,130,163,0,0
6.0343,23079,Rest,HAZIRLANIYOR...,0,168,23,130,109,0,0
6.0344,23080,Rest,HAZIRLANIYOR...,0,175,29,124,46,0,0
6.0344,23081,Rest,HAZIRLANIYOR...,0,185,34,116,0,0,4
6.0344,23082,Rest,HAZIRLANIYOR...,0,193,39,107,0,0,5
6.0344,23083,Rest,HAZIRLANIYOR...,0,195,41,99,0,3,0
6.0345,23084,Rest,HAZIRLANIYOR...,0,186,41,90,0,8,0
6.0345,23085,Rest,HAZIRLANIYOR...,0,169,39,81,0,4,0
6.0345,23086,Rest,HAZIRLANIYOR...,0,150,34,73,0,0,2
6.0345,23087,Rest,HAZIRLANIYOR...,0,138,25,64,0,0,6
6.0346,23088,Rest,HAZIRLANIYOR...,0,134,16,56,0,0,1
6.0346,23089,Rest,HAZIRLANIYOR...,0,131,10,47,0,0,0
6.0346,23090,Rest,HAZIRLANIYOR...,0,129,6,38,0,0,7
6.0346,23091,Rest,HAZIRLANIYOR...,0,128,2,27,0,0,11
6.0346,23092,Rest,HAZIRLANIYOR...,0,126,0,14,0,7,4
6.0346,23093,Rest,HAZIRLANIYOR...,0,120,0,2,0,14,0
6.0347,23094,Rest,HAZIRLANIYOR...,0,111,0,0,0,12,0
6.0347,23095,Rest,HAZIRLANIYOR...,0,100,0,0,0,3,0
6.0347,23096,Rest,HAZIRLANIYOR...,0,86,0,0,0,0,1
6.0347,23097,Rest,HAZIRLANIYOR...,0,67,0,0,0,0,1
6.0347,23098,Rest,HAZIRLANIYOR...,0,45,0,0,4,0,0
6.0347,23099,Rest,HAZIRLANIYOR...,0,24,0,0,58,0,1
6.0348,23100,Rest,HAZIRLANIYOR...,0,5,0,0,104,0,6
6.0348,23101,Rest,HAZIRLANIYOR...,0,0,0,0,147,3,7
6.0348,23102,Rest,HAZIRLANIYOR...,0,0,0,0,183,0,7
6.0348,23103,Rest,HAZIRLANIYOR...,0,0,0,0,206,0,7
6.0348,23104,Rest,HAZIRLANIYOR...,0,0,0,0,220,0,1
6.0349,23105,Rest,HAZIRLANIYOR...,0,0,0,0,230,0,0
6.0350,23106,Rest,HAZIRLANIYOR...,0,0,0,0,239,0,0
6.0499,23107,Rest,HAZIRLANIYOR...,0,0,0,0,248,0,0
6.0501,23108,Rest,HAZIRLANIYOR...,0,0,0,0,247,0,0
6.0502,23109,Rest,HAZIRLANIYOR...,0,0,0,0,230,0,0
6.0502,23110,Rest,HAZIRLANIYOR...,0,0,0,0,208,0,0
6.0502,23111,Rest,HAZIRLANIYOR...,0,0,0,0,198,0,0
6.0502,23112,Rest,HAZIRLANIYOR...,0,0,0,0,200,1,0
6.0503,23113,Rest,HAZIRLANIYOR...,0,0,12,0,185,6,0
6.0503,23114,Rest,HAZIRLANIYOR...,0,0,26,0,134,8,0
6.0503,23115,Rest,HAZIRLANIYOR...,0,0,40,0,62,1,0
6.0503,23116,Rest,HAZIRLANIYOR...,0,0,51,0,0,0,0
6.0504,23117,Rest,HAZIRLANIYOR...,0,0,61,2,0,0,0
6.0504,23118,Rest,HAZIRLANIYOR...,0,0,69,5,0,0,1
6.0504,23119,Rest,HAZIRLANIYOR...,0,0,75,8,0,0,1
6.0504,23120,Rest,HAZIRLANIYOR...,0,0,79,8,0,0,0
6.0505,23121,Rest,HAZIRLANIYOR...,0,0,82,3,0,0,0
6.0505,23122,Rest,HAZIRLANIYOR...,0,0,83,0,0,0,2
6.0505,23123,Rest,HAZIRLANIYOR...,0,0,83,0,0,0,13
6.0506,23124,Rest,HAZIRLANIYOR...,0,0,80,0,0,0,8
6.0506,23125,Rest,HAZIRLANIYOR...,0,0,77,0,0,0,0
6.0506,23126,Rest,HAZIRLANIYOR...,0,0,73,0,0,1,0
6.0506,23127,Rest,HAZIRLANIYOR...,0,0,68,0,0,10,0
6.0506,23128,Rest,HAZIRLANIYOR...,0,0,64,0,0,6,0
6.0507,23129,Rest,HAZIRLANIYOR...,0,0,57,0,0,0,0
6.0507,23130,Rest,HAZIRLANIYOR...,0,0,47,0,0,0,0
6.0507,23131,Rest,HAZIRLANIYOR...,0,0,36,0,0,0,0
6.0507,23132,Rest,HAZIRLANIYOR...,0,0,25,0,0,5,1
6.0508,23133,Rest,HAZIRLANIYOR...,0,0,14,0,0,7,2
6.0508,23134,Rest,HAZIRLANIYOR...,0,0,2,0,4,8,2
6.0649,23135,Rest,HAZIRLANIYOR...,0,0,0,0,64,5,0
6.0650,23136,Rest,HAZIRLANIYOR...,0,0,0,0,115,0,0
6.0650,23137,Rest,HAZIRLANIYOR...,0,0,0,0,145,0,0
6.0650,23138,Rest,HAZIRLANIYOR...,0,0,0,0,168,1,0
6.0650,23139,Rest,HAZIRLANIYOR...,0,0,0,0,205,4,0
6.0650,23140,Rest,HAZIRLANIYOR...,0,0,0,0,242,7,0
6.0650,23141,Rest,HAZIRLANIYOR...,0,0,0,0,253,8,1
6.0650,23142,Rest,HAZIRLANIYOR...,0,0,0,0,242,3,0
6.0650,23143,Rest,HAZIRLANIYOR...,0,33,0,0,231,0,0
6.0650,23144,Rest,HAZIRLANIYOR...,0,76,0,0,227,0,0
6.0651,23145,Rest,HAZIRLANIYOR...,0,121,0,0,221,0,0
6.0651,23146,Rest,HAZIRLANIYOR...,0,168,0,0,216,3,0
6.0651,23147,Rest,HAZIRLANIYOR...,0,216,0,0,213,3,0
6.0651,23148,Rest,HAZIRLANIYOR...,0,261,9,8,197,2,4
6.0651,23149,Rest,HAZIRLANIYOR...,0,300,24,23,160,1,10
6.0651,23150,Rest,HAZIRLANIYOR...,0,332,39,38,108,0,10
6.0651,23151,Rest,HAZIRLANIYOR...,0,356,53,52,50,0,2
6.0651,23152,Rest,HAZIRLANIYOR...,0,373,66,64,0,0,0
6.0651,23153,Rest,HAZIRLANIYOR...,0,382,75,72,0,0,0
6.0651,23154,Rest,HAZIRLANIYOR...,0,384,78,79,0,0,9
6.0651,23155,Rest,HAZIRLANIYOR...,0,379,78,84,0,0,14
6.0651,23156,Rest,HAZIRLANIYOR...,0,367,76,86,0,0,7
6.0652,23157,Rest,HAZIRLANIYOR...,0,351,74,85,0,0,2
6.0652,23158,Rest,HAZIRLANIYOR...,0,330,68,81,0,4,5
6.0652,23159,Rest,HAZIRLANIYOR...,0,302,59,76,0,5,4
6.0652,23160,Rest,HAZIRLANIYOR...,0,270,50,71,0,0,0
6.0810,23161,Rest,HAZIRLANIYOR...,0,235,39,66,0,0,0
6.0811,23162,Rest,HAZIRLANIYOR...,0,200,26,60,0,0,0
6.0811,23163,Rest,HAZIRLANIYOR...,0,166,12,51,0,0,0
6.0811,23164,Rest,HAZIRLANIYOR...,0,133,0,39,0,0,0
6.0811,23165,Rest,HAZIRLANIYOR...,0,105,0,25,0,0,0
6.0812,23166,Rest,HAZIRLANIYOR...,0,79,0,14,0,4,0
6.0812,23167,Rest,HAZIRLANIYOR...,0,58,0,6,0,8,0
6.0812,23168,Rest,HAZIRLANIYOR...,0,41,0,0,0,4,0
6.0812,23169,Rest,HAZIRLANIYOR...,0,32,0,0,0,0,0
6.0812,23170,Rest,HAZIRLANIYOR...,0,32,0,0,45,0,3
6.0812,23171,Rest,HAZIRLANIYOR...,0,41,0,0,95,0,6
6.0812,23172,Rest,HAZIRLANIYOR...,0,56,0,0,138,1,1
6.0813,23173,Rest,HAZIRLANIYOR...,0,74,0,0,174,0,0
6.0813,23174,Rest,HAZIRLANIYOR...,0,91,0,0,208,0,1
6.0813,23175,Rest,HAZIRLANIYOR...,0,104,0,0,237,0,10
6.0813,23176,Rest,HAZIRLANIYOR...,0,112,0,2,260,0,6
6.0813,23177,Rest,HAZIRLANIYOR...,0,112,0,11,274,0,0
6.0813,23178,Rest,HAZIRLANIYOR...,0,104,0,20,277,0,0
6.0813,23179,Rest,HAZIRLANIYOR...,0,92,0,30,266,0,0
6.0813,23180,Rest,HAZIRLANIYOR...,0,80,0,39,247,1,5
6.0814,23181,Rest,HAZIRLANIYOR...,0,67,0,45,226,4,5
6.0814,23182,Rest,HAZIRLANIYOR...,0,50,0,50,209,7,0
6.0815,23183,Rest,HAZIRLANIYOR...,0,32,0,53,200,9,0
6.0815,23184,Rest,HAZIRLANIYOR...,0,23,0,55,190,5,3
6.0815,23185,Rest,HAZIRLANIYOR...,0,25,6,56,159,0,4
6.0815,23186,Rest,HAZIRLANIYOR...,0,35,19,58,99,0,0
6.0815,23187,Rest,HAZIRLANIYOR...,0,51,30,61,30,0,0
6.0816,23188,Rest,HAZIRLANIYOR...,0,73,43,61,0,4,0
6.0816,23189,Rest,HAZIRLANIYOR...,0,99,59,57,0,0,0
6.0972,23190,Rest,HAZIRLANIYOR...,0,126,75,48,0,0,0
6.0973,23191,Rest,HAZIRLANIYOR...,0,146,91,40,0,0,0
6.0973,23192,Rest,HAZIRLANIYOR...,0,153,106,33,0,0,0
6.0973,23193,Rest,HAZIRLANIYOR...,0,150,118,27,0,0,0
6.0974,23194,Rest,HAZIRLANIYOR...,0,138,124,21,0,0,0
6.0974,23195,Rest,HAZIRLANIYOR...,0,119,124,18,0,0,0
6.0974,23196,Rest,HAZIRLANIYOR...,0,89,120,16,0,0,0
6.0974,23197,Rest,HAZIRLANIYOR...,0,47,110,14,0,0,0
6.0974,23198,Rest,HAZIRLANIYOR...,0,0,99,11,0,0,0
6.0974,23199,Rest,HAZIRLANIYOR...,0,0,85,8,0,0,6
6.0975,23200,Rest,HAZIRLANIYOR...,0,0,64,5,0,0,10
6.0975,23201,Rest,HAZIRLANIYOR...,0,0,37,1,0,0,4
6.0975,23202,Rest,HAZIRLANIYOR...,0,0,11,0,0,0,0
6.0975,23203,Rest,HAZIRLANIYOR...,0,0,0,0,0,0,0
6.0975,23204,Rest,HAZIRLANIYOR...,0,0,0,0,0,1,4
6.0976,23205,Rest,HAZIRLANIYOR...,0,0,0,0,20,3,8
6.0976,23206,Rest,HAZIRLANIYOR...,0,0,0,0,73,7,2
6.0976,23207,Rest,HAZIRLANIYOR...,0,0,0,0,117,9,0
6.0976,23208,Rest,HAZIRLANIYOR...,0,0,0,0,154,4,0
6.0976,23209,Rest,HAZIRLANIYOR...,0,0,0,0,188,0,0
6.0977,23210,Rest,HAZIRLANIYOR...,0,0,0,0,218,0,1
6.0977,23211,Rest,HAZIRLANIYOR...,0,0,0,0,244,0,0
6.0977,23212,Rest,HAZIRLANIYOR...,0,0,0,0,261,1,0
6.0977,23213,Rest,HAZIRLANIYOR...,0,0,0,7,266,2,0
6.0977,23214,Rest,HAZIRLANIYOR...,0,18,0,21,260,3,0
6.0978,23215,Rest,HAZIRLANIYOR...,0,32,0,35,247,7,0
6.0978,23216,Rest,HAZIRLANIYOR...,0,31,0,49,234,10,0
6.0979,23217,Rest,HAZIRLANIYOR...,0,12,0,62,228,4,0
6.0979,23218,Rest,HAZIRLANIYOR...,0,0,5,73,226,0,0
6.1135,23219,Rest,HAZIRLANIYOR...,0,0,17,83,209,0,0
6.1136,23220,Rest,HAZIRLANIYOR...,0,0,29,91,166,0,0
6.1136,23221,Rest,HAZIRLANIYOR...,0,0,42,98,108,2,0
6.1136,23222,Rest,HAZIRLANIYOR...,0,0,54,103,50,4,0
6.1136,23223,Rest,HAZIRLANIYOR...,0,0,61,105,0,0,3
6.1136,23224,Rest,HAZIRLANIYOR...,0,0,64,103,0,0,4
6.1136,23225,Rest,HAZIRLANIYOR...,0,0,67,97,0,0,3
6.1137,23226,Rest,HAZIRLANIYOR...,0,0,69,89,0,0,0
6.1137,23227,Rest,HAZIRLANIYOR...,0,0,70,79,0,4,0
6.1137,23228,Rest,HAZIRLANIYOR...,0,0,68,68,0,5,0
6.1137,23229,Rest,HAZIRLANIYOR...,0,0,66,55,0,0,1
6.1137,23230,Rest,HAZIRLANIYOR...,0,0,62,42,0,0,8
6.1137,23231,Rest,HAZIRLANIYOR...,0,0,52,28,0,0,14
6.1137,23232,Rest,HAZIRLANIYOR...,0,0,37,13,0,0,16
6.1137,23233,Rest,HAZIRLANIYOR...,0,0,20,1,0,0,8
6.1137,23234,Rest,HAZIRLANIYOR...,0,0,1,0,0,0,0
6.1137,23235,Rest,HAZIRLANIYOR...,0,0,0,0,0,0,0
6.1138,23236,Rest,HAZIRLANIYOR...,0,0,0,0,0,2,0
6.1138,23237,Rest,HAZIRLANIYOR...,0,0,0,0,0,2,2
6.1138,23238,Rest,HAZIRLANIYOR...,0,0,0,0,0,2,1
6.1138,23239,Rest,HAZIRLANIYOR...,0,0,0,0,0,2,0
6.1138,23240,Rest,HAZIRLANIYOR...,0,0,0,0,0,2,0
6.1138,23241,Rest,HAZIRLANIYOR...,0,0,0,0,28,1,0
6.1138,23242,Rest,HAZIRLANIYOR...,0,0,0,0,65,0,1
6.1138,23243,Rest,HAZIRLANIYOR...,0,0,0,0,107,1,1
6.1138,23244,Rest,HAZIRLANIYOR...,0,0,0,0,152,3,0
6.1138,23245,Rest,HAZIRLANIYOR...,0,0,0,0,192,3,0
6.1139,23246,Rest,HAZIRLANIYOR...,0,0,0,0,222,3,0
6.1294,23247,Rest,HAZIRLANIYOR...,0,0,0,0,244,3,0
6.1294,23248,Rest,HAZIRLANIYOR...,0,27,0,0,257,3,1
6.1294,23249,Rest,HAZIRLANIYOR...,0,56,0,0,260,3,1
6.1295,23250,Rest,HAZIRLANIYOR...,0,83,0,0,252,2,0
6.1295,23251,Rest,HAZIRLANIYOR...,0,108,0,0,237,1,0
6.1295,23252,Rest,HAZIRLANIYOR...,0,130,23,0,223,1,0
6.1295,23253,Rest,HAZIRLANIYOR...,0,150,50,0,216,0,0
6.1295,23254,Rest,HAZIRLANIYOR...,0,167,73,0,211,0,1
6.1295,23255,Rest,HAZIRLANIYOR...,0,180,91,0,193,0,6
6.1295,23256,Rest,HAZIRLANIYOR...,0,188,108,0,150,0,9
6.1296,23257,Rest,HAZIRLANIYOR...,0,193,122,12,89,6,3
6.1296,23258,Rest,HAZIRLANIYOR...,0,196,133,23,26,9,0
6.1296,23259,Rest,HAZIRLANIYOR...,0,193,142,31,0,3,0
6.1296,23260,Rest,HAZIRLANIYOR...,0,178,150,35,0,0,0
6.1296,23261,Rest,HAZIRLANIYOR...,0,148,155,38,0,0,0
6.1296,23262,Rest,HAZIRLANIYOR...,0,106,157,39,0,1,0
6.1296,23263,Rest,HAZIRLANIYOR...,0,60,154,37,0,3,0
6.1296,23264,Rest,HAZIRLANIYOR...,0,14,145,33,0,0,0
6.1297,23265,Rest,HAZIRLANIYOR...,0,0,129,31,0,0,0
6.1297,23266,Rest,HAZIRLANIYOR...,0,0,110,30,0,0,0
6.1297,23267,Rest,HAZIRLANIYOR...,0,0,89,26,0,0,0
6.1297,23268,Rest,HAZIRLANIYOR...,0,0,68,18,0,0,0
6.1297,23269,Rest,HAZIRLANIYOR...,0,0,46,7,0,0,0
6.1297,23270,Rest,HAZIRLANIYOR...,0,0,22,0,0,0,0
6.1297,23271,Rest,HAZIRLANIYOR...,0,0,0,0,0,0,0
6.1298,23272,Rest,HAZIRLANIYOR...,0,0,0,0,0,0,0
6.1298,23273,Rest,HAZIRLANIYOR...,0,0,0,0,0,0,0
6.1299,23274,Rest,HAZIRLANIYOR...,0,0,0,0,0,1,3
6.1299,23275,Rest,HAZIRLANIYOR...,0,0,0,0,0,2,9
6.1455,23276,Rest,HAZIRLANIYOR...,0,0,0,0,10,2,13
6.1456,23277,Rest,HAZIRLANIYOR...,0,0,0,0,56,3,10
6.1456,23278,Rest,HAZIRLANIYOR...,0,0,0,0,103,7,2
6.1456,23279,Rest,HAZIRLANIYOR...,0,30,0,0,149,9,0
6.1457,23280,Rest,HAZIRLANIYOR...,0,64,0,0,191,5,0
6.1457,23281,Rest,HAZIRLANIYOR...,0,100,0,0,233,0,0
6.1457,23282,Rest,HAZIRLANIYOR...,0,143,0,0,270,0,0
6.1457,23283,Rest,HAZIRLANIYOR...,0,190,0,0,286,0,0
6.1457,23284,Rest,HAZIRLANIYOR...,0,233,0,0,276,1,0
6.1457,23285,Rest,HAZIRLANIYOR...,0,266,0,0,259,2,0
6.1457,23286,Rest,HAZIRLANIYOR...,0,291,0,0,250,3,0
6.1458,23287,Rest,HAZIRLANIYOR...,0,316,0,0,241,3,1
6.1458,23288,Rest,HAZIRLANIYOR...,0,339,0,1,229,0,6
6.1458,23289,Rest,HAZIRLANIYOR...,0,360,0,11,221,0,6
6.1458,23290,Rest,HAZIRLANIYOR...,0,376,14,18,212,0,0
6.1458,23291,Rest,HAZIRLANIYOR...,0,387,40,26,183,0,0
6.1458,23292,Rest,HAZIRLANIYOR...,0,389,64,36,127,0,0
6.1458,23293,Rest,HAZIRLANIYOR...,0,381,82,44,61,0,0
6.1459,23294,Rest,HAZIRLANIYOR...,0,365,96,49,0,0,6
6.1459,23295,Rest,HAZIRLANIYOR...,0,347,105,50,0,0,13
6.1459,23296,Rest,HAZIRLANIYOR...,0,327,109,51,0,0,7
6.1459,23297,Rest,HAZIRLANIYOR...,0,304,110,51,0,0,0
6.1459,23298,Rest,HAZIRLANIYOR...,0,282,106,50,0,4,1
6.1459,23299,Rest,HAZIRLANIYOR...,0,264,98,44,0,0,0
6.1459,23300,Rest,HAZIRLANIYOR...,0,246,85,37,0,0,0
6.1459,23301,Rest,HAZIRLANIYOR...,0,227,71,30,0,0,0
6.1459,23302,Rest,HAZIRLANIYOR...,0,206,54,23,0,4,3
6.1460,23303,Rest,HAZIRLANIYOR...,0,181,37,16,0,1,0
6.1617,23304,Rest,HAZIRLANIYOR...,0,153,16,8,0,0,0
6.1618,23305,Rest,HAZIRLANIYOR...,0,124,0,0,0,0,0
6.1618,23306,Rest,HAZIRLANIYOR...,0,97,0,0,0,0,0
6.1619,23307,Rest,HAZIRLANIYOR...,0,71,0,0,0,0,0
6.1619,23308,Rest,HAZIRLANIYOR...,0,44,0,0,0,0,0
6.1619,23309,Rest,HAZIRLANIYOR...,0,18,0,0,0,0,0
6.1619,23310,Rest,HAZIRLANIYOR...,0,0,0,0,0,0,0
6.1619,23311,Rest,HAZIRLANIYOR...,0,0,0,0,0,3,0
6.1619,23312,Rest,HAZIRLANIYOR...,0,0,0,0,30,9,0
6.1620,23313,Rest,HAZIRLANIYOR...,0,0,0,0,83,13,0
6.1620,23314,Rest,HAZIRLANIYOR...,0,0,0,0,130,6,0
6.1620,23315,Rest,HAZIRLANIYOR...,0,0,0,0,172,0,6
6.1620,23316,Rest,HAZIRLANIYOR...,0,0,0,0,210,0,12
6.1620,23317,Rest,HAZIRLANIYOR...,0,0,0,0,245,8,12
6.1621,23318,Rest,HAZIRLANIYOR...,0,0,0,0,270,5,5
6.1621,23319,Rest,HAZIRLANIYOR...,0,0,0,0,281,0,2
6.1621,23320,Rest,HAZIRLANIYOR...,0,0,0,0,282,0,6
6.1621,23321,Rest,HAZIRLANIYOR...,0,0,0,0,278,0,5
6.1621,23322,Rest,HAZIRLANIYOR...,0,0,0,0,265,0,0
6.1621,23323,Rest,HAZIRLANIYOR...,0,0,3,0,245,1,0
6.1621,23324,Rest,HAZIRLANIYOR...,0,0,51,12,229,7,4
6.1621,23325,Rest,HAZIRLANIYOR...,0,0,102,28,219,11,10
6.1622,23326,Rest,HAZIRLANIYOR...,0,0,153,45,205,4,3
6.1622,23327,Rest,HAZIRLANIYOR...,0,0,201,62,169,0,0
6.1622,23328,Rest,HAZIRLANIYOR...,0,0,240,80,108,0,0
6.1622,23329,Rest,HAZIRLANIYOR...,0,0,271,94,32,0,0
6.1622,23330,Rest,HAZIRLANIYOR...,0,0,293,105,0,0,0
6.1622,23331,Rest,HAZIRLANIYOR...,0,0,305,112,0,0,0
6.1624,23332,Rest,HAZIRLANIYOR...,0,0,308,114,0,1,4
6.1772,23333,Rest,HAZIRLANIYOR...,0,0,300,111,0,4,4
6.1773,23334,Rest,HAZIRLANIYOR...,0,0,282,104,0,0,0
6.1773,23335,Rest,HAZIRLANIYOR...,0,0,257,93,0,0,2
6.1773,23336,Rest,HAZIRLANIYOR...,0,0,227,81,0,0,9
6.1773,23337,Rest,HAZIRLANIYOR...,0,0,193,68,0,0,6
6.1773,23338,Rest,HAZIRLANIYOR...,0,0,155,56,0,0,0
6.1773,23339,Rest,HAZIRLANIYOR...,0,0,114,42,0,0,0
6.1774,23340,Rest,HAZIRLANIYOR...,0,0,71,28,0,0,0
6.1775,23341,Rest,HAZIRLANIYOR...,0,0,28,14,0,1,0
6.1775,23342,Rest,HAZIRLANIYOR...,0,0,0,1,0,2,0
6.1775,23343,Rest,HAZIRLANIYOR...,0,0,0,0,0,1,0
6.1775,23344,Rest,HAZIRLANIYOR...,0,0,0,0,0,0,0
6.1775,23345,Rest,HAZIRLANIYOR...,0,0,0,0,0,2,0
6.1775,23346,Rest,HAZIRLANIYOR...,0,0,0,0,0,4,0
6.1775,23347,Rest,HAZIRLANIYOR...,0,0,0,0,0,4,0
6.1775,23348,Rest,HAZIRLANIYOR...,0,0,0,0,53,4,0
6.1776,23349,Rest,HAZIRLANIYOR...,0,0,0,0,100,5,0
6.1776,23350,Rest,HAZIRLANIYOR...,0,0,0,0,147,4,0
6.1776,23351,Rest,HAZIRLANIYOR...,0,0,0,0,194,4,0
6.1776,23352,Rest,HAZIRLANIYOR...,0,0,0,0,233,4,2
6.1776,23353,Rest,HAZIRLANIYOR...,0,0,0,0,261,3,3
6.1776,23354,Rest,HAZIRLANIYOR...,0,0,0,0,281,4,2
6.1776,23355,Rest,HAZIRLANIYOR...,0,0,0,0,290,8,0
6.1776,23356,Rest,HAZIRLANIYOR...,0,0,0,0,283,10,0
6.1776,23357,Rest,HAZIRLANIYOR...,0,0,0,0,265,5,0
6.1777,23358,Rest,HAZIRLANIYOR...,0,0,0,0,247,0,6
6.1777,23359,Rest,HAZIRLANIYOR...,0,0,0,0,237,0,14
6.1923,23360,Rest,HAZIRLANIYOR...,0,12,0,8,234,0,9
6.1924,23361,Rest,HAZIRLANIYOR...,0,36,0,21,221,0,0
6.1924,23362,Rest,HAZIRLANIYOR...,0,60,0,32,182,0,0
6.1924,23363,Rest,HAZIRLANIYOR...,0,83,0,37,121,3,0
6.1924,23364,Rest,HAZIRLANIYOR...,0,101,0,40,54,6,9
6.1924,23365,Rest,HAZIRLANIYOR...,0,112,0,41,0,0,11
6.1924,23366,Rest,HAZIRLANIYOR...,0,114,0,42,0,0,2
6.1925,23367,Rest,HAZIRLANIYOR...,0,111,0,40,0,0,0
6.1925,23368,Rest,HAZIRLANIYOR...,0,101,0,34,0,0,0
6.1925,23369,Rest,HAZIRLANIYOR...,0,84,0,27,0,0,6
6.1925,23370,Rest,HAZIRLANIYOR...,0,63,0,20,0,0,2
6.1925,23371,Rest,HAZIRLANIYOR...,0,47,0,14,0,0,0
6.1925,23372,Rest,HAZIRLANIYOR...,0,35,0,9,0,0,0
6.1925,23373,Rest,HAZIRLANIYOR...,0,19,0,6,0,4,0
6.1925,23374,Rest,HAZIRLANIYOR...,0,0,0,3,0,9,0
6.1926,23375,Rest,HAZIRLANIYOR...,0,0,0,1,0,4,0
6.1926,23376,Rest,HAZIRLANIYOR...,0,0,0,0,0,0,4
6.1926,23377,Rest,HAZIRLANIYOR...,0,0,0,0,0,0,8
6.1926,23378,Rest,HAZIRLANIYOR...,0,0,0,0,0,0,3
6.1926,23379,Rest,HAZIRLANIYOR...,0,0,0,0,0,0,0
6.1926,23380,Rest,HAZIRLANIYOR...,0,0,0,0,0,0,0
6.1926,23381,Rest,HAZIRLANIYOR...,0,0,0,0,0,0,0
6.1926,23382,Rest,HAZIRLANIYOR...,0,19,0,0,0,1,0
6.1926,23383,Rest,HAZIRLANIYOR...,0,46,0,0,48,7,0
6.1927,23384,Rest,HAZIRLANIYOR...,0,81,0,0,102,7,4
6.1927,23385,Rest,HAZIRLANIYOR...,0,115,0,0,149,3,4
6.1927,23386,Rest,HAZIRLANIYOR...,0,147,0,0,190,2,2
6.2076,23387,Rest,HAZIRLANIYOR...,0,177,0,0,226,3,1
6.2077,23388,Rest,HAZIRLANIYOR...,0,207,0,0,258,4,1
6.2077,23389,Rest,HAZIRLANIYOR...,0,234,15,0,281,3,1
6.2078,23390,Rest,HAZIRLANIYOR...,0,257,33,0,292,2,1
6.2078,23391,Rest,HAZIRLANIYOR...,0,275,51,0,288,2,0
6.2078,23392,Rest,HAZIRLANIYOR...,0,285,70,8,275,2,0
6.2078,23393,Rest,HAZIRLANIYOR...,0,288,90,17,265,1,0
6.2078,23394,Rest,HAZIRLANIYOR...,0,282,110,26,258,1,0
6.2078,23395,Rest,HAZIRLANIYOR...,0,267,130,35,246,1,0
6.2079,23396,Rest,HAZIRLANIYOR...,0,244,147,43,229,0,0
6.2079,23397,Rest,HAZIRLANIYOR...,0,213,161,52,201,0,1
6.2079,23398,Rest,HAZIRLANIYOR...,0,177,171,60,154,0,2
6.2079,23399,Rest,HAZIRLANIYOR...,0,140,179,67,91,0,1
6.2079,23400,Rest,HAZIRLANIYOR...,0,100,183,72,24,0,0
6.2079,23401,Rest,HAZIRLANIYOR...,0,51,183,76,0,0,0
6.2079,23402,Rest,HAZIRLANIYOR...,0,0,179,76,0,0,0
6.2079,23403,Rest,HAZIRLANIYOR...,0,0,173,73,0,0,1
6.2080,23404,Rest,HAZIRLANIYOR...,0,0,163,67,0,0,8
6.2080,23405,Rest,HAZIRLANIYOR...,0,0,150,58,0,0,15
6.2080,23406,Rest,HAZIRLANIYOR...,0,0,135,45,0,0,9
6.2080,23407,Rest,HAZIRLANIYOR...,0,0,119,29,0,0,0
6.2080,23408,Rest,HAZIRLANIYOR...,0,0,98,13,0,0,0
6.2080,23409,Rest,HAZIRLANIYOR...,0,0,71,1,0,0,0
6.2080,23410,Rest,HAZIRLANIYOR...,0,0,39,0,0,0,0
6.2080,23411,Rest,HAZIRLANIYOR...,0,0,8,0,0,1,0
6.2081,23412,Rest,HAZIRLANIYOR...,0,0,0,0,0,1,0
6.2081,23413,Rest,HAZIRLANIYOR...,0,0,0,0,0,2,0
6.2228,23414,Rest,HAZIRLANIYOR...,0,0,0,0,0,2,0
6.2230,23415,Rest,HAZIRLANIYOR...,0,0,0,0,0,3,0
6.2230,23416,Rest,HAZIRLANIYOR...,0,0,0,0,0,4,0
6.2230,23417,Rest,HAZIRLANIYOR...,0,0,0,0,0,8,0
6.2230,23418,Rest,HAZIRLANIYOR...,0,0,0,0,8,12,0
6.2230,23419,Rest,HAZIRLANIYOR...,0,0,0,0,64,7,10
6.2230,23420,Rest,HAZIRLANIYOR...,0,0,0,0,115,0,15
6.2231,23421,Rest,HAZIRLANIYOR...,0,0,0,0,160,0,6
6.2231,23422,Rest,HAZIRLANIYOR...,0,0,0,0,202,0,0
6.2231,23423,Rest,HAZIRLANIYOR...,0,0,0,0,245,2,0
6.2231,23424,Rest,HAZIRLANIYOR...,0,0,0,0,278,2,0
6.2231,23425,Rest,HAZIRLANIYOR...,0,10,0,0,294,1,0
6.2231,23426,Rest,HAZIRLANIYOR...,0,89,0,0,292,1,0
6.2232,23427,Rest,HAZIRLANIYOR...,0,168,0,0,278,2,0
6.2232,23428,Rest,HAZIRLANIYOR...,0,243,0,0,259,2,0
6.2232,23429,Rest,HAZIRLANIYOR...,0,314,0,0,244,2,2
6.2232,23430,Rest,HAZIRLANIYOR...,0,382,1,0,235,1,4
6.2232,23431,Rest,HAZIRLANIYOR...,0,446,20,0,227,0,2
6.2232,23432,Rest,HAZIRLANIYOR...,0,501,41,0,211,0,0
6.2232,23433,Rest,HAZIRLANIYOR...,0,543,61,8,177,0,0
6.2233,23434,Rest,HAZIRLANIYOR...,0,572,79,16,122,0,0
6.2233,23435,Rest,HAZIRLANIYOR...,0,590,93,25,48,0,0
6.2233,23436,Rest,HAZIRLANIYOR...,0,598,104,36,0,0,0
6.2233,23437,Rest,HAZIRLANIYOR...,0,599,112,46,0,4,0
6.2233,23438,Rest,HAZIRLANIYOR...,0,591,118,51,0,2,6
6.2233,23439,Rest,HAZIRLANIYOR...,0,578,120,54,0,0,10
6.2234,23440,Rest,HAZIRLANIYOR...,0,558,118,57,0,0,3
6.2380,23441,Rest,HAZIRLANIYOR...,0,531,111,59,0,0,0
6.2381,23442,Rest,HAZIRLANIYOR...,0,496,99,56,0,0,0
6.2381,23443,Rest,HAZIRLANIYOR...,0,455,83,49,0,0,0
6.2381,23444,Rest,HAZIRLANIYOR...,0,410,64,42,0,0,0
6.2381,23445,Rest,HAZIRLANIYOR...,0,361,46,33,0,0,0
6.2381,23446,Rest,HAZIRLANIYOR...,0,312,27,23,0,0,0
6.2382,23447,Rest,HAZIRLANIYOR...,0,265,6,11,0,0,0
6.2382,23448,Rest,HAZIRLANIYOR...,0,224,0,0,0,2,0
6.2382,23449,Rest,HAZIRLANIYOR...,0,187,0,0,0,2,0
6.2382,23450,Rest,HAZIRLANIYOR...,0,151,0,0,0,1,0
6.2382,23451,Rest,HAZIRLANIYOR...,0,120,0,0,0,6,0
6.2382,23452,Rest,HAZIRLANIYOR...,0,93,0,0,0,11,6
6.2382,23453,Rest,HAZIRLANIYOR...,0,69,0,0,0,9,6
6.2383,23454,Rest,HAZIRLANIYOR...,0,44,0,0,35,5,2
6.2383,23455,Rest,HAZIRLANIYOR...,0,18,0,0,92,6,1
6.2383,23456,Rest,HAZIRLANIYOR...,0,0,0,0,138,3,2
6.2383,23457,Rest,HAZIRLANIYOR...,0,0,0,0,178,0,4
6.2383,23458,Rest,HAZIRLANIYOR...,0,0,0,0,217,0,3
6.2383,23459,Rest,HAZIRLANIYOR...,0,0,0,0,251,0,2
6.2384,23460,Rest,HAZIRLANIYOR...,0,0,0,0,276,0,2
6.2384,23461,Rest,HAZIRLANIYOR...,0,0,0,0,290,0,2
6.2384,23462,Rest,HAZIRLANIYOR...,0,0,0,0,296,0,2
6.2384,23463,Rest,HAZIRLANIYOR...,0,0,0,0,288,0,1
6.2384,23464,Rest,HAZIRLANIYOR...,0,0,0,0,263,0,0
6.2384,23465,Rest,HAZIRLANIYOR...,0,0,0,0,240,1,0
6.2385,23466,Rest,HAZIRLANIYOR...,0,0,0,12,233,5,0
6.2385,23467,Rest,HAZIRLANIYOR...,0,0,8,26,230,8,2
6.2533,23468,Rest,HAZIRLANIYOR...,0,0,23,40,204,2,3
6.2534,23469,Rest,HAZIRLANIYOR...,0,0,38,52,149,0,2
6.2534,23470,Rest,HAZIRLANIYOR...,0,0,53,64,82,0,0
6.2534,23471,Rest,HAZIRLANIYOR...,0,0,65,75,19,0,0
6.2535,23472,Rest,HAZIRLANIYOR...,0,0,71,82,0,0,0
6.2535,23473,Rest,HAZIRLANIYOR...,0,0,75,85,0,0,0
6.2535,23474,Rest,HAZIRLANIYOR...,0,0,77,85,0,0,0
6.2535,23475,Rest,HAZIRLANIYOR...,0,0,76,86,0,0,2
6.2535,23476,Rest,HAZIRLANIYOR...,0,0,70,84,0,0,7
6.2535,23477,Rest,HAZIRLANIYOR...,0,0,61,79,0,0,10
6.2535,23478,Rest,HAZIRLANIYOR...,0,0,50,69,0,0,3
6.2536,23479,Rest,HAZIRLANIYOR...,0,0,37,58,0,0,0
6.2536,23480,Rest,HAZIRLANIYOR...,0,0,23,48,0,0,0
6.2536,23481,Rest,HAZIRLANIYOR...,0,0,8,38,0,0,0
6.2536,23482,Rest,HAZIRLANIYOR...,0,0,0,26,0,0,0
6.2536,23483,Rest,HAZIRLANIYOR...,0,0,0,14,0,0,0
6.2536,23484,Rest,HAZIRLANIYOR...,0,0,0,3,0,5,0
6.2536,23485,Rest,HAZIRLANIYOR...,0,0,0,0,0,8,6
6.2536,23486,Rest,HAZIRLANIYOR...,0,0,0,0,0,4,10
6.2537,23487,Rest,HAZIRLANIYOR...,0,0,0,0,0,0,3
6.2537,23488,Rest,HAZIRLANIYOR...,0,0,0,0,0,0,0
6.2537,23489,Rest,HAZIRLANIYOR...,0,0,0,0,14,3,0
6.2537,23490,Rest,HAZIRLANIYOR...,0,0,0,0,68,12,0
6.2537,23491,Rest,HAZIRLANIYOR...,0,0,0,0,116,14,0
6.2537,23492,Rest,HAZIRLANIYOR...,0,0,0,0,153,5,2
6.2537,23493,Rest,HAZIRLANIYOR...,0,0,0,0,187,0,7
6.2538,23494,Rest,HAZIRLANIYOR...,0,0,0,0,230,0,11
6.2692,23495,Rest,HAZIRLANIYOR...,0,0,0,0,269,0,4
6.2692,23496,Rest,HAZIRLANIYOR...,0,24,0,0,287,0,0
6.2693,23497,Rest,HAZIRLANIYOR...,0,52,8,0,286,5,0
6.2693,23498,Rest,HAZIRLANIYOR...,0,76,24,0,277,10,0
6.2693,23499,Rest,HAZIRLANIYOR...,0,98,40,0,263,5,0
6.2694,23500,Rest,HAZIRLANIYOR...,0,116,55,0,248,0,0
6.2694,23501,Rest,HAZIRLANIYOR...,0,129,68,0,238,0,0
6.2694,23502,Rest,HAZIRLANIYOR...,0,138,80,0,232,0,0
6.2694,23503,Rest,HAZIRLANIYOR...,0,143,92,4,213,0,0
6.2694,23504,Rest,HAZIRLANIYOR...,0,145,99,16,165,0,0
6.2694,23505,Rest,HAZIRLANIYOR...,0,141,104,29,100,0,0
6.2694,23506,Rest,HAZIRLANIYOR...,0,130,109,41,43,0,0
6.2694,23507,Rest,HAZIRLANIYOR...,0,113,113,53,0,0,0
6.2694,23508,Rest,HAZIRLANIYOR...,0,91,114,62,0,0,0
6.2695,23509,Rest,HAZIRLANIYOR...,0,65,114,66,0,0,0
6.2695,23510,Rest,HAZIRLANIYOR...,0,35,113,68,0,0,0
6.2695,23511,Rest,HAZIRLANIYOR...,0,3,109,66,0,0,0
6.2695,23512,Rest,HAZIRLANIYOR...,0,0,101,63,0,0,0
6.2695,23513,Rest,HAZIRLANIYOR...,0,0,88,59,0,5,2
6.2695,23514,Rest,HAZIRLANIYOR...,0,0,70,53,0,10,5
6.2695,23515,Rest,HAZIRLANIYOR...,0,0,47,46,0,5,2
6.2695,23516,Rest,HAZIRLANIYOR...,0,0,22,38,0,0,0
6.2695,23517,Rest,HAZIRLANIYOR...,0,0,0,29,0,0,0
6.2695,23518,Rest,HAZIRLANIYOR...,0,0,0,22,0,1,0
6.2695,23519,Rest,HAZIRLANIYOR...,0,0,0,14,0,2,0
6.2695,23520,Rest,HAZIRLANIYOR...,0,0,0,7,0,1,0
6.2695,23521,Rest,HAZIRLANIYOR...,0,0,0,0,0,3,1
6.2696,23522,Rest,HAZIRLANIYOR...,0,0,0,0,0,7,0
6.2844,23523,Rest,HAZIRLANIYOR...,0,0,0,0,0,8,0
6.2845,23524,Rest,HAZIRLANIYOR...,0,0,0,0,0,4,0
6.2845,23525,Rest,HAZIRLANIYOR...,0,0,0,0,55,0,0
6.2846,23526,Rest,HAZIRLANIYOR...,0,0,0,0,108,0,1
6.2846,23527,Rest,HAZIRLANIYOR...,0,0,0,0,152,0,0
6.2846,23528,Rest,HAZIRLANIYOR...,0,1,0,0,191,7,0
6.2846,23529,Rest,HAZIRLANIYOR...,0,58,0,0,228,17,1
6.2846,23530,Rest,HAZIRLANIYOR...,0,98,0,0,259,13,1
6.2846,23531,Rest,HAZIRLANIYOR...,0,126,0,0,279,0,1
6.2846,23532,Rest,HAZIRLANIYOR...,0,157,0,0,287,0,3
6.2847,23533,Rest,HAZIRLANIYOR...,0,191,0,0,286,0,4
6.2847,23534,Rest,HAZIRLANIYOR...,0,219,0,0,281,0,4
6.2847,23535,Rest,HAZIRLANIYOR...,0,238,0,0,269,2,9
6.2847,23536,Rest,HAZIRLANIYOR...,0,250,0,0,248,3,15
6.2847,23537,Rest,HAZIRLANIYOR...,0,258,0,0,230,0,8
6.2847,23538,Rest,HAZIRLANIYOR...,0,262,1,6,219,0,0
6.2847,23539,Rest,HAZIRLANIYOR...,0,264,22,19,194,0,0
6.2847,23540,Rest,HAZIRLANIYOR...,0,259,43,34,142,0,0
6.2847,23541,Rest,HAZIRLANIYOR...,0,247,64,50,75,7,0
6.2848,23542,Rest,HAZIRLANIYOR...,0,227,83,64,8,2,0
6.2848,23543,Rest,HAZIRLANIYOR...,0,201,97,74,0,0,0
6.2848,23544,Rest,HAZIRLANIYOR...,0,167,106,80,0,0,1
6.2848,23545,Rest,HAZIRLANIYOR...,0,130,112,84,0,0,0
6.2848,23546,Rest,HAZIRLANIYOR...,0,90,116,84,0,0,0
6.2848,23547,Rest,HAZIRLANIYOR...,0,45,117,80,0,0,1
6.2848,23548,Rest,HAZIRLANIYOR...,0,0,114,73,0,0,1
6.2849,23549,Rest,HAZIRLANIYOR...,0,0,107,67,0,0,1
6.2995,23550,Rest,HAZIRLANIYOR...,0,0,98,59,0,0,0
6.2996,23551,Rest,HAZIRLANIYOR...,0,0,87,48,0,0,0
6.2996,23552,Rest,HAZIRLANIYOR...,0,0,75,35,0,0,0
6.2996,23553,Rest,HAZIRLANIYOR...,0,0,60,20,0,0,0
6.2996,23554,Rest,HAZIRLANIYOR...,0,0,42,5,0,0,0
6.2997,23555,Rest,HAZIRLANIYOR...,0,0,22,0,0,2,1
6.2997,23556,Rest,HAZIRLANIYOR...,0,0,3,0,0,6,1
6.2997,23557,Rest,HAZIRLANIYOR...,0,0,0,0,0,8,0
6.2997,23558,Rest,HAZIRLANIYOR...,0,0,0,0,0,1,0
6.2997,23559,Rest,HAZIRLANIYOR...,0,0,0,0,0,0,3
6.2998,23560,Rest,HAZIRLANIYOR...,0,0,0,0,23,0,11
6.2998,23561,Rest,HAZIRLANIYOR...,0,0,0,0,83,2,10
6.2998,23562,Rest,HAZIRLANIYOR...,0,0,0,0,134,3,0
6.2998,23563,Rest,HAZIRLANIYOR...,0,32,0,0,167,6,0
6.2998,23564,Rest,HAZIRLANIYOR...,0,62,0,0,193,10,0
6.2998,23565,Rest,HAZIRLANIYOR...,0,92,0,0,223,6,0
6.2998,23566,Rest,HAZIRLANIYOR...,0,121,0,0,255,0,0
6.2998,23567,Rest,HAZIRLANIYOR...,0,148,0,0,278,0,0
6.2999,23568,Rest,HAZIRLANIYOR...,0,172,0,0,284,0,0
6.2999,23569,Rest,HAZIRLANIYOR...,0,192,0,0,268,2,0
6.2999,23570,Rest,HAZIRLANIYOR...,0,206,0,0,243,1,0
6.2999,23571,Rest,HAZIRLANIYOR...,0,214,0,0,226,0,0
6.2999,23572,Rest,HAZIRLANIYOR...,0,216,0,0,223,0,0
6.2999,23573,Rest,HAZIRLANIYOR...,0,212,0,0,219,2,0
6.2999,23574,Rest,HAZIRLANIYOR...,0,203,0,0,199,7,0
6.2999,23575,Rest,HAZIRLANIYOR...,0,191,8,14,154,13,1
6.3000,23576,Rest,HAZIRLANIYOR...,0,178,17,30,92,6,8
6.3146,23577,Rest,HAZIRLANIYOR...,0,161,27,46,27,0,12
6.3146,23578,Rest,HAZIRLANIYOR...,0,138,38,62,0,0,5
6.3147,23579,Rest,HAZIRLANIYOR...,0,109,51,76,0,0,0
6.3147,23580,Rest,HAZIRLANIYOR...,0,74,66,86,0,2,0
6.3147,23581,Rest,HAZIRLANIYOR...,0,36,80,93,0,0,0
6.3147,23582,Rest,HAZIRLANIYOR...,0,0,91,97,0,0,3
6.3147,23583,Rest,HAZIRLANIYOR...,0,0,98,97,0,0,0
6.3147,23584,Rest,HAZIRLANIYOR...,0,0,101,92,0,8,0
6.3147,23585,Rest,HAZIRLANIYOR...,0,0,103,82,0,7,0
6.3148,23586,Rest,HAZIRLANIYOR...,0,0,105,69,0,0,12
6.3148,23587,Rest,HAZIRLANIYOR...,0,0,105,56,0,0,14
6.3148,23588,Rest,HAZIRLANIYOR...,0,0,101,42,0,0,5
6.3148,23589,Rest,HAZIRLANIYOR...,0,0,94,28,0,0,0
6.3148,23590,Rest,HAZIRLANIYOR...,0,0,84,13,0,0,0
6.3148,23591,Rest,HAZIRLANIYOR...,0,0,73,0,0,0,0
6.3148,23592,Rest,HAZIRLANIYOR...,0,0,61,0,0,0,2
6.3149,23593,Rest,HAZIRLANIYOR...,0,0,49,0,0,0,6
6.3149,23594,Rest,HAZIRLANIYOR...,0,0,36,0,0,2,0
6.3149,23595,Rest,HAZIRLANIYOR...,0,0,22,0,5,3,0
6.3149,23596,Rest,HAZIRLANIYOR...,0,0,8,0,63,3,0
6.3149,23597,Rest,HAZIRLANIYOR...,0,0,0,0,111,2,0
6.3149,23598,Rest,HAZIRLANIYOR...,0,0,0,0,152,2,0
6.3149,23599,Rest,HAZIRLANIYOR...,0,0,0,0,189,2,0
6.3150,23600,Rest,HAZIRLANIYOR...,0,0,0,0,224,2,0
6.3150,23601,Rest,HAZIRLANIYOR...,0,0,0,0,253,2,4
6.3150,23602,Rest,HAZIRLANIYOR...,0,0,0,0,270,1,8
6.3151,23603,Rest,HAZIRLANIYOR...,0,0,0,0,277,3,2
6.3298,23604,Rest,HAZIRLANIYOR...,0,0,0,0,275,8,0
6.3299,23605,Rest,HAZIRLANIYOR...,0,0,0,0,264,9,0
6.3299,23606,Rest,HAZIRLANIYOR...,0,8,0,0,250,1,0
6.3299,23607,Rest,HAZIRLANIYOR...,0,35,0,5,239,0,0
6.3299,23608,Rest,HAZIRLANIYOR...,0,57,0,18,229,0,0
6.3299,23609,Rest,HAZIRLANIYOR...,0,76,0,31,213,0,0
6.3300,23610,Rest,HAZIRLANIYOR...,0,91,0,42,180,0,1
6.3300,23611,Rest,HAZIRLANIYOR...,0,99,0,50,128,0,3
6.3300,23612,Rest,HAZIRLANIYOR...,0,100,0,55,65,0,9
6.3300,23613,Rest,HAZIRLANIYOR...,0,95,6,59,0,0,12
6.3300,23614,Rest,HAZIRLANIYOR...,0,89,16,62,0,0,4
6.3300,23615,Rest,HAZIRLANIYOR...,0,85,18,63,0,0,0
6.3300,23616,Rest,HAZIRLANIYOR...,0,82,11,61,0,0,0
6.3300,23617,Rest,HAZIRLANIYOR...,0,79,0,55,0,0,0
6.3301,23618,Rest,HAZIRLANIYOR...,0,77,0,46,0,5,0
6.3301,23619,Rest,HAZIRLANIYOR...,0,74,0,36,0,7,0
6.3301,23620,Rest,HAZIRLANIYOR...,0,66,0,25,0,2,0
6.3301,23621,Rest,HAZIRLANIYOR...,0,53,0,14,0,0,4
6.3301,23622,Rest,HAZIRLANIYOR...,0,38,0,2,0,0,7
6.3301,23623,Rest,HAZIRLANIYOR...,0,28,0,0,0,0,2
6.3301,23624,Rest,HAZIRLANIYOR...,0,22,0,0,0,1,0
6.3301,23625,Rest,HAZIRLANIYOR...,0,17,0,0,0,2,0
6.3302,23626,Rest,HAZIRLANIYOR...,0,11,0,0,0,2,0
6.3302,23627,Rest,HAZIRLANIYOR...,0,7,0,0,0,1,0
6.3302,23628,Rest,HAZIRLANIYOR...,0,5,0,0,0,0,0
6.3302,23629,Rest,HAZIRLANIYOR...,0,5,0,0,0,0,1
6.3303,23630,Rest,HAZIRLANIYOR...,0,9,0,0,0,1,2
6.3452,23631,Rest,HAZIRLANIYOR...,0,17,0,0,42,4,2
6.3452,23632,Rest,HAZIRLANIYOR...,0,25,0,0,91,5,2
6.3452,23633,Rest,HAZIRLANIYOR...,0,33,0,0,122,5,2
6.3452,23634,Rest,HAZIRLANIYOR...,0,45,0,0,151,4,4
6.3453,23635,Rest,HAZIRLANIYOR...,0,61,0,0,190,3,9
6.3453,23636,Rest,HAZIRLANIYOR...,0,81,0,0,234,3,13
6.3453,23637,Rest,HAZIRLANIYOR...,0,101,0,0,262,2,6
6.3453,23638,Rest,HAZIRLANIYOR...,0,120,0,0,271,2,0
6.3453,23639,Rest,HAZIRLANIYOR...,0,138,0,0,269,1,0
6.3453,23640,Rest,HAZIRLANIYOR...,0,153,9,0,260,1,0
6.3453,23641,Rest,HAZIRLANIYOR...,0,164,28,0,245,2,0
6.3454,23642,Rest,HAZIRLANIYOR...,0,168,48,9,233,7,0
6.3454,23643,Rest,HAZIRLANIYOR...,0,166,69,30,232,10,0
6.3454,23644,Rest,HAZIRLANIYOR...,0,160,86,51,232,3,2
6.3454,23645,Rest,HAZIRLANIYOR...,0,151,100,69,208,0,4
6.3454,23646,Rest,HAZIRLANIYOR...,0,143,111,83,156,0,0
6.3454,23647,Rest,HAZIRLANIYOR...,0,135,123,94,93,0,0
6.3454,23648,Rest,HAZIRLANIYOR...,0,122,133,103,36,6,1
6.3454,23649,Rest,HAZIRLANIYOR...,0,105,140,111,0,0,9
6.3455,23650,Rest,HAZIRLANIYOR...,0,85,142,114,0,0,10
6.3455,23651,Rest,HAZIRLANIYOR...,0,64,139,113,0,0,7
6.3455,23652,Rest,HAZIRLANIYOR...,0,44,134,110,0,0,3
6.3455,23653,Rest,HAZIRLANIYOR...,0,24,129,106,0,0,0
6.3455,23654,Rest,HAZIRLANIYOR...,0,3,123,101,0,0,0
6.3455,23655,Rest,HAZIRLANIYOR...,0,0,113,92,0,0,0
6.3455,23656,Rest,HAZIRLANIYOR...,0,0,97,78,0,0,0
6.3456,23657,Rest,HAZIRLANIYOR...,0,0,80,62,0,0,0
6.3603,23658,Rest,HAZIRLANIYOR...,0,0,63,46,0,0,0
6.3604,23659,Rest,HAZIRLANIYOR...,0,0,46,31,0,0,0
6.3605,23660,Rest,HAZIRLANIYOR...,0,0,28,16,0,1,0
6.3605,23661,Rest,HAZIRLANIYOR...,0,0,10,0,0,1,0
6.3605,23662,Rest,HAZIRLANIYOR...,0,0,0,0,0,0,0
6.3605,23663,Rest,HAZIRLANIYOR...,0,0,0,0,0,1,0
6.3605,23664,Rest,HAZIRLANIYOR...,0,0,0,0,0,3,0
6.3605,23665,Rest,HAZIRLANIYOR...,0,0,0,0,0,4,0
6.3605,23666,Rest,HAZIRLANIYOR...,0,0,0,0,9,4,2
6.3606,23667,Rest,HAZIRLANIYOR...,0,0,0,0,62,3,3
6.3606,23668,Rest,HAZIRLANIYOR...,0,0,0,0,110,2,2
6.3606,23669,Rest,HAZIRLANIYOR...,0,0,0,0,151,3,1
6.3606,23670,Rest,HAZIRLANIYOR...,0,0,0,0,189,3,3
6.3606,23671,Rest,HAZIRLANIYOR...,0,0,0,0,223,3,9
6.3606,23672,Rest,HAZIRLANIYOR...,0,0,0,0,251,4,12
6.3606,23673,Rest,HAZIRLANIYOR...,0,0,0,0,271,9,2
6.3607,23674,Rest,HAZIRLANIYOR...,0,0,0,0,281,12,0
6.3607,23675,Rest,HAZIRLANIYOR...,0,0,0,0,278,4,0
6.3607,23676,Rest,HAZIRLANIYOR...,0,0,0,0,261,0,0
6.3607,23677,Rest,HAZIRLANIYOR...,0,0,1,0,238,0,1
6.3607,23678,Rest,HAZIRLANIYOR...,0,0,16,7,225,0,0
6.3607,23679,Rest,HAZIRLANIYOR...,0,0,32,18,222,0,0
6.3607,23680,Rest,HAZIRLANIYOR...,0,2,49,30,212,0,0
6.3607,23681,Rest,HAZIRLANIYOR...,0,11,67,44,177,0,0
6.3607,23682,Rest,HAZIRLANIYOR...,0,17,83,58,120,0,0
6.3608,23683,Rest,HAZIRLANIYOR...,0,19,94,69,56,1,0
6.3608,23684,Rest,HAZIRLANIYOR...,0,13,100,75,0,0,0
6.3758,23685,Rest,HAZIRLANIYOR...,0,0,103,78,0,0,0
6.3759,23686,Rest,HAZIRLANIYOR...,0,0,103,77,0,0,0
6.3759,23687,Rest,HAZIRLANIYOR...,0,0,100,72,0,0,0
6.3759,23688,Rest,HAZIRLANIYOR...,0,0,95,65,0,0,0
6.3759,23689,Rest,HAZIRLANIYOR...,0,0,85,58,0,0,0
6.3759,23690,Rest,HAZIRLANIYOR...,0,0,72,51,0,0,1
6.3760,23691,Rest,HAZIRLANIYOR...,0,0,58,41,0,0,0
6.3760,23692,Rest,HAZIRLANIYOR...,0,0,44,30,0,0,0
6.3760,23693,Rest,HAZIRLANIYOR...,0,0,29,17,0,0,0
6.3760,23694,Rest,HAZIRLANIYOR...,0,0,12,5,0,5,1
6.3760,23695,Rest,HAZIRLANIYOR...,0,0,0,0,0,8,2
6.3760,23696,Rest,HAZIRLANIYOR...,0,0,0,0,0,4,1
6.3760,23697,Rest,HAZIRLANIYOR...,0,0,0,0,0,0,0
6.3760,23698,Rest,HAZIRLANIYOR...,0,0,0,0,0,0,0
6.3760,23699,Rest,HAZIRLANIYOR...,0,0,0,0,0,0,0
6.3761,23700,Rest,HAZIRLANIYOR...,0,0,0,0,0,1,2
6.3761,23701,Rest,HAZIRLANIYOR...,0,0,0,0,0,2,2
6.3761,23702,Rest,HAZIRLANIYOR...,0,0,0,0,43,1,2
6.3761,23703,Rest,HAZIRLANIYOR...,0,0,0,0,84,2,2
6.3761,23704,Rest,HAZIRLANIYOR...,0,0,0,0,126,2,3
6.3761,23705,Rest,HAZIRLANIYOR...,0,0,0,0,169,1,2
6.3761,23706,Rest,HAZIRLANIYOR...,0,0,0,0,208,1,0
6.3761,23707,Rest,HAZIRLANIYOR...,0,0,0,0,239,4,0
6.3761,23708,Rest,HAZIRLANIYOR...,0,44,0,0,263,5,0
6.3761,23709,Rest,HAZIRLANIYOR...,0,101,0,0,281,3,0
6.3762,23710,Rest,HAZIRLANIYOR...,0,149,0,0,285,2,0
6.3762,23711,Rest,HAZIRLANIYOR...,0,188,0,0,268,3,0
6.3919,23712,Rest,HAZIRLANIYOR...,0,217,0,0,243,6,0
6.3920,23713,Rest,HAZIRLANIYOR...,0,238,0,0,234,7,0
6.3920,23714,Rest,HAZIRLANIYOR...,0,255,0,4,240,1,0
6.3920,23715,Rest,HAZIRLANIYOR...,0,269,5,18,232,0,5
6.3920,23716,Rest,HAZIRLANIYOR...,0,280,19,31,191,2,9
6.3920,23717,Rest,HAZIRLANIYOR...,0,289,31,41,129,8,2
6.3920,23718,Rest,HAZIRLANIYOR...,0,298,43,49,69,3,0
6.3921,23719,Rest,HAZIRLANIYOR...,0,309,53,57,13,0,0
6.3921,23720,Rest,HAZIRLANIYOR...,0,319,61,63,0,0,0
6.3921,23721,Rest,HAZIRLANIYOR...,0,324,67,67,0,0,0
6.3921,23722,Rest,HAZIRLANIYOR...,0,325,72,69,0,0,0
6.3921,23723,Rest,HAZIRLANIYOR...,0,321,73,70,0,0,0
6.3922,23724,Rest,HAZIRLANIYOR...,0,313,72,68,0,0,0
6.3922,23725,Rest,HAZIRLANIYOR...,0,302,72,63,0,0,0
6.3922,23726,Rest,HAZIRLANIYOR...,0,287,72,56,0,0,0
6.3922,23727,Rest,HAZIRLANIYOR...,0,267,68,49,0,0,0
6.3922,23728,Rest,HAZIRLANIYOR...,0,246,55,41,0,0,0
6.3922,23729,Rest,HAZIRLANIYOR...,0,225,35,29,0,0,0
6.3922,23730,Rest,HAZIRLANIYOR...,0,200,13,16,0,0,0
6.3923,23731,Rest,HAZIRLANIYOR...,0,168,0,2,0,0,0
6.3923,23732,Rest,HAZIRLANIYOR...,0,133,0,0,0,0,1
6.3923,23733,Rest,HAZIRLANIYOR...,0,100,0,0,0,0,6
6.3923,23734,Rest,HAZIRLANIYOR...,0,77,0,0,0,0,8
6.3923,23735,Rest,HAZIRLANIYOR...,0,59,0,0,0,1,3
6.3923,23736,Rest,HAZIRLANIYOR...,0,37,0,0,0,2,0
6.3923,23737,Rest,HAZIRLANIYOR...,0,7,0,0,17,3,0
6.3923,23738,Rest,HAZIRLANIYOR...,0,0,0,0,62,4,0
6.3925,23739,Rest,HAZIRLANIYOR...,0,0,0,0,114,5,0
6.3925,23740,Rest,HAZIRLANIYOR...,0,0,0,0,163,4,0
6.4072,23741,Rest,HAZIRLANIYOR...,0,0,0,0,199,2,0
6.4072,23742,Rest,HAZIRLANIYOR...,0,0,0,0,229,1,0
6.4073,23743,Rest,HAZIRLANIYOR...,0,0,0,0,262,0,0
6.4073,23744,Rest,HAZIRLANIYOR...,0,0,0,0,286,0,2
6.4073,23745,Rest,HAZIRLANIYOR...,0,0,0,0,285,0,8
6.4073,23746,Rest,HAZIRLANIYOR...,0,0,0,0,267,0,12
6.4073,23747,Rest,HAZIRLANIYOR...,0,0,0,0,250,0,4
6.4073,23748,Rest,HAZIRLANIYOR...,0,0,0,0,238,0,0
6.4073,23749,Rest,HAZIRLANIYOR...,0,2,1,0,229,2,0
6.4073,23750,Rest,HAZIRLANIYOR...,0,25,19,0,221,6,0
6.4074,23751,Rest,HAZIRLANIYOR...,0,43,34,6,204,9,0
6.4074,23752,Rest,HAZIRLANIYOR...,0,57,47,14,166,10,0
6.4074,23753,Rest,HAZIRLANIYOR...,0,69,58,21,109,2,0
6.4074,23754,Rest,HAZIRLANIYOR...,0,73,69,26,45,0,0
6.4074,23755,Rest,HAZIRLANIYOR...,0,65,78,31,0,0,2
6.4074,23756,Rest,HAZIRLANIYOR...,0,43,83,36,0,0,0
6.4074,23757,Rest,HAZIRLANIYOR...,0,9,85,39,0,0,0
6.4074,23758,Rest,HAZIRLANIYOR...,0,0,86,40,0,0,0
6.4074,23759,Rest,HAZIRLANIYOR...,0,0,85,39,0,0,1
6.4075,23760,Rest,HAZIRLANIYOR...,0,0,86,37,0,0,1
6.4075,23761,Rest,HAZIRLANIYOR...,0,0,87,34,0,3,2
6.4075,23762,Rest,HAZIRLANIYOR...,0,0,89,29,0,5,6
6.4075,23763,Rest,HAZIRLANIYOR...,0,0,88,24,0,0,9
6.4075,23764,Rest,HAZIRLANIYOR...,0,0,85,19,0,0,3
6.4075,23765,Rest,HAZIRLANIYOR...,0,0,80,13,0,0,0
6.4075,23766,Rest,HAZIRLANIYOR...,0,0,75,4,0,0,0
6.4076,23767,Rest,HAZIRLANIYOR...,0,0,68,0,0,0,0
6.4222,23768,Rest,HAZIRLANIYOR...,0,0,59,0,0,0,0
6.4223,23769,Rest,HAZIRLANIYOR...,0,0,47,0,0,0,3
6.4223,23770,Rest,HAZIRLANIYOR...,0,0,34,0,0,5,4
6.4223,23771,Rest,HAZIRLANIYOR...,0,0,21,0,0,9,9
6.4223,23772,Rest,HAZIRLANIYOR...,0,0,9,0,0,3,13
6.4223,23773,Rest,HAZIRLANIYOR...,0,0,0,0,46,0,6
6.4224,23774,Rest,HAZIRLANIYOR...,0,0,0,0,98,0,0
6.4224,23775,Rest,HAZIRLANIYOR...,0,0,0,0,143,0,0
6.4224,23776,Rest,HAZIRLANIYOR...,0,0,0,0,180,3,1
6.4224,23777,Rest,HAZIRLANIYOR...,0,0,0,0,216,3,9
6.4225,23778,Rest,HAZIRLANIYOR...,0,0,0,0,253,1,15
6.4225,23779,Rest,HAZIRLANIYOR...,0,0,0,0,277,0,12
6.4225,23780,Rest,HAZIRLANIYOR...,0,0,0,0,280,0,0
6.4225,23781,Rest,HAZIRLANIYOR...,0,22,0,0,269,0,0
6.4225,23782,Rest,HAZIRLANIYOR...,0,77,0,0,256,6,0
6.4225,23783,Rest,HAZIRLANIYOR...,0,129,0,0,241,10,0
6.4225,23784,Rest,HAZIRLANIYOR...,0,178,0,0,227,4,3
6.4225,23785,Rest,HAZIRLANIYOR...,0,224,1,4,219,0,9
6.4225,23786,Rest,HAZIRLANIYOR...,0,264,13,15,211,0,3
6.4225,23787,Rest,HAZIRLANIYOR...,0,290,24,23,187,0,0
6.4225,23788,Rest,HAZIRLANIYOR...,0,303,32,30,139,0,0
6.4226,23789,Rest,HAZIRLANIYOR...,0,309,40,35,74,0,0
6.4226,23790,Rest,HAZIRLANIYOR...,0,312,51,40,7,0,0
6.4226,23791,Rest,HAZIRLANIYOR...,0,307,63,44,0,2,0
6.4226,23792,Rest,HAZIRLANIYOR...,0,293,73,49,0,5,0
6.4226,23793,Rest,HAZIRLANIYOR...,0,274,74,54,0,0,0
6.4227,23794,Rest,HAZIRLANIYOR...,0,250,66,59,0,0,8
6.4382,23795,Rest,HAZIRLANIYOR...,0,223,54,60,0,0,12
6.4383,23796,Rest,HAZIRLANIYOR...,0,192,40,56,0,0,2
6.4383,23797,Rest,HAZIRLANIYOR...,0,160,24,49,0,0,0
6.4383,23798,Rest,HAZIRLANIYOR...,0,124,3,42,0,0,0
6.4383,23799,Rest,HAZIRLANIYOR...,0,86,0,35,0,0,0
6.4383,23800,Rest,HAZIRLANIYOR...,0,48,0,25,0,0,4
6.4383,23801,Rest,HAZIRLANIYOR...,0,14,0,14,0,0,2
6.4384,23802,Rest,HAZIRLANIYOR...,0,0,0,4,0,0,0
6.4384,23803,Rest,HAZIRLANIYOR...,0,0,0,0,0,0,1
6.4384,23804,Rest,HAZIRLANIYOR...,0,0,0,0,0,0,3
6.4384,23805,Rest,HAZIRLANIYOR...,0,0,0,0,0,0,3
6.4384,23806,Rest,HAZIRLANIYOR...,0,0,0,0,0,0,1
6.4384,23807,Rest,HAZIRLANIYOR...,0,0,0,0,0,3,0
6.4384,23808,Rest,HAZIRLANIYOR...,0,0,0,0,22,7,0
6.4384,23809,Rest,HAZIRLANIYOR...,0,3,0,0,78,12,0
6.4384,23810,Rest,HAZIRLANIYOR...,0,39,0,0,125,14,0
6.4384,23811,Rest,HAZIRLANIYOR...,0,77,0,0,162,9,1
6.4384,23812,Rest,HAZIRLANIYOR...,0,112,0,0,197,0,1
6.4384,23813,Rest,HAZIRLANIYOR...,0,150,0,0,229,0,0
6.4384,23814,Rest,HAZIRLANIYOR...,0,195,0,0,257,2,1
6.4385,23815,Rest,HAZIRLANIYOR...,0,245,0,0,275,4,1
6.4385,23816,Rest,HAZIRLANIYOR...,0,292,0,0,285,3,0
6.4386,23817,Rest,HAZIRLANIYOR...,0,332,0,0,281,1,1
6.4386,23818,Rest,HAZIRLANIYOR...,0,368,1,0,258,0,3
6.4386,23819,Rest,HAZIRLANIYOR...,0,396,21,0,231,0,4
6.4387,23820,Rest,HAZIRLANIYOR...,0,409,40,0,218,0,3
6.4387,23821,Rest,HAZIRLANIYOR...,0,407,59,4,217,0,2
6.4387,23822,Rest,HAZIRLANIYOR...,0,392,77,16,206,1,1
6.4544,23823,Rest,HAZIRLANIYOR...,0,364,93,27,166,2,1
6.4545,23824,Rest,HAZIRLANIYOR...,0,322,106,37,106,5,2
6.4546,23825,Rest,HAZIRLANIYOR...,0,268,116,49,40,6,3
6.4546,23826,Rest,HAZIRLANIYOR...,0,202,121,60,0,0,1
6.4546,23827,Rest,HAZIRLANIYOR...,0,128,124,67,0,0,0
6.4547,23828,Rest,HAZIRLANIYOR...,0,50,126,67,0,0,0
6.4547,23829,Rest,HAZIRLANIYOR...,0,0,129,66,0,5,0
6.4547,23830,Rest,HAZIRLANIYOR...,0,0,126,66,0,2,0
6.4548,23831,Rest,HAZIRLANIYOR...,0,0,110,68,0,0,3
6.4548,23832,Rest,HAZIRLANIYOR...,0,0,87,65,0,0,2
6.4548,23833,Rest,HAZIRLANIYOR...,0,0,74,57,0,0,0
6.4548,23834,Rest,HAZIRLANIYOR...,0,0,65,47,0,0,0
6.4549,23835,Rest,HAZIRLANIYOR...,0,0,53,37,0,0,0
6.4549,23836,Rest,HAZIRLANIYOR...,0,0,37,28,0,0,0
6.4549,23837,Rest,HAZIRLANIYOR...,0,0,20,18,0,0,2
6.4550,23838,Rest,HAZIRLANIYOR...,0,0,5,7,0,1,2
6.4550,23839,Rest,HAZIRLANIYOR...,0,0,0,0,0,5,1
6.4550,23840,Rest,HAZIRLANIYOR...,0,0,0,0,0,7,1
6.4551,23841,Rest,HAZIRLANIYOR...,0,0,0,0,0,3,1
6.4551,23842,Rest,HAZIRLANIYOR...,0,0,0,0,0,0,0
6.4551,23843,Rest,HAZIRLANIYOR...,0,0,0,0,5,0,0
6.4551,23844,Rest,HAZIRLANIYOR...,0,0,0,0,61,0,0
6.4552,23845,Rest,HAZIRLANIYOR...,0,0,0,0,105,0,0
6.4552,23846,Rest,HAZIRLANIYOR...,0,0,0,0,141,0,0
6.4552,23847,Rest,HAZIRLANIYOR...,0,0,0,0,175,0,0
6.4552,23848,Rest,HAZIRLANIYOR...,0,0,0,0,215,1,0
6.4553,23849,Rest,HAZIRLANIYOR...,0,0,0,0,253,3,0
6.4553,23850,Rest,HAZIRLANIYOR...,0,0,0,0,275,3,1
6.4554,23851,Rest,HAZIRLANIYOR...,0,0,0,0,283,2,0
6.4555,23852,Rest,HAZIRLANIYOR...,0,0,0,0,277,2,0
6.4703,23853,Rest,HAZIRLANIYOR...,0,0,0,0,256,3,0
6.4704,23854,Rest,HAZIRLANIYOR...,0,0,0,0,231,3,0
6.4704,23855,Rest,HAZIRLANIYOR...,0,0,6,0,218,1,0
6.4704,23856,Rest,HAZIRLANIYOR...,0,0,21,1,219,0,0
6.4704,23857,Rest,HAZIRLANIYOR...,0,10,34,9,216,0,0
6.4704,23858,Rest,HAZIRLANIYOR...,0,22,46,18,191,0,0
6.4705,23859,Rest,HAZIRLANIYOR...,0,36,56,25,135,4,3
6.4705,23860,Rest,HAZIRLANIYOR...,0,53,66,30,66,6,7
6.4705,23861,Rest,HAZIRLANIYOR...,0,71,76,32,1,4,8
6.4705,23862,Rest,HAZIRLANIYOR...,0,85,85,34,0,0,2
6.4705,23863,Rest,HAZIRLANIYOR...,0,96,91,37,0,0,0
6.4705,23864,Rest,HAZIRLANIYOR...,0,106,92,40,0,0,0
6.4705,23865,Rest,HAZIRLANIYOR...,0,112,88,40,0,0,1
6.4705,23866,Rest,HAZIRLANIYOR...,0,114,81,40,0,0,9
6.4705,23867,Rest,HAZIRLANIYOR...,0,114,74,39,0,0,6
6.4706,23868,Rest,HAZIRLANIYOR...,0,113,65,39,0,0,0
6.4706,23869,Rest,HAZIRLANIYOR...,0,113,53,37,0,2,1
6.4706,23870,Rest,HAZIRLANIYOR...,0,114,38,30,0,4,3
6.4706,23871,Rest,HAZIRLANIYOR...,0,118,22,22,0,0,0
6.4706,23872,Rest,HAZIRLANIYOR...,0,126,7,18,0,0,0
6.4706,23873,Rest,HAZIRLANIYOR...,0,135,0,13,0,0,0
6.4706,23874,Rest,HAZIRLANIYOR...,0,145,0,5,0,0,0
6.4706,23875,Rest,HAZIRLANIYOR...,0,155,0,0,0,0,0
6.4706,23876,Rest,HAZIRLANIYOR...,0,161,0,0,0,0,0
6.4707,23877,Rest,HAZIRLANIYOR...,0,160,0,0,0,0,0
6.4707,23878,Rest,HAZIRLANIYOR...,0,150,0,0,0,0,0
6.4708,23879,Rest,HAZIRLANIYOR...,0,132,0,0,41,2,0
6.4851,23880,Rest,HAZIRLANIYOR...,0,114,0,0,90,3,0
6.4852,23881,Rest,HAZIRLANIYOR...,0,106,0,0,132,3,5
6.4852,23882,Rest,HAZIRLANIYOR...,0,110,0,0,169,3,10
6.4852,23883,Rest,HAZIRLANIYOR...,0,126,0,0,203,3,4
6.4852,23884,Rest,HAZIRLANIYOR...,0,147,0,0,233,3,0
6.4852,23885,Rest,HAZIRLANIYOR...,0,169,0,0,257,2,0
6.4852,23886,Rest,HAZIRLANIYOR...,0,185,0,0,271,3,0
6.4852,23887,Rest,HAZIRLANIYOR...,0,191,0,0,272,8,0
6.4853,23888,Rest,HAZIRLANIYOR...,0,191,0,0,262,11,0
6.4853,23889,Rest,HAZIRLANIYOR...,0,190,0,0,245,5,0
6.4853,23890,Rest,HAZIRLANIYOR...,0,193,0,0,230,0,0
6.4853,23891,Rest,HAZIRLANIYOR...,0,195,5,0,225,0,1
6.4853,23892,Rest,HAZIRLANIYOR...,0,189,26,7,223,0,1
6.4853,23893,Rest,HAZIRLANIYOR...,0,174,46,18,206,0,0
6.4853,23894,Rest,HAZIRLANIYOR...,0,157,60,31,161,0,0
6.4853,23895,Rest,HAZIRLANIYOR...,0,143,66,44,93,0,0
6.4854,23896,Rest,HAZIRLANIYOR...,0,132,66,56,21,1,1
6.4854,23897,Rest,HAZIRLANIYOR...,0,118,64,64,0,5,3
6.4854,23898,Rest,HAZIRLANIYOR...,0,101,61,69,0,0,10
6.4854,23899,Rest,HAZIRLANIYOR...,0,82,59,73,0,0,14
6.4854,23900,Rest,HAZIRLANIYOR...,0,62,58,77,0,0,6
6.4854,23901,Rest,HAZIRLANIYOR...,0,40,55,78,0,0,0
6.4854,23902,Rest,HAZIRLANIYOR...,0,18,51,75,0,0,0
6.4854,23903,Rest,HAZIRLANIYOR...,0,0,45,68,0,0,0
6.4854,23904,Rest,HAZIRLANIYOR...,0,0,38,61,0,0,0
6.4855,23905,Rest,HAZIRLANIYOR...,0,0,30,54,0,0,0
6.5009,23906,Rest,HAZIRLANIYOR...,0,0,22,45,0,0,0
6.5010,23907,Rest,HAZIRLANIYOR...,0,0,13,35,0,0,1
6.5010,23908,Rest,HAZIRLANIYOR...,0,0,2,23,0,0,5
6.5010,23909,Rest,HAZIRLANIYOR...,0,0,0,10,0,0,4
6.5011,23910,Rest,HAZIRLANIYOR...,0,0,0,0,0,0,0
6.5011,23911,Rest,HAZIRLANIYOR...,0,0,0,0,0,0,0
6.5011,23912,Rest,HAZIRLANIYOR...,0,0,0,0,0,3,0
6.5011,23913,Rest,HAZIRLANIYOR...,0,0,0,0,0,9,0
6.5012,23914,Rest,HAZIRLANIYOR...,0,0,0,0,12,10,0
6.5012,23915,Rest,HAZIRLANIYOR...,0,0,0,0,67,3,0
6.5012,23916,Rest,HAZIRLANIYOR...,0,0,0,0,112,0,5
6.5012,23917,Rest,HAZIRLANIYOR...,0,0,0,0,151,0,6
6.5012,23918,Rest,HAZIRLANIYOR...,0,0,0,0,186,2,4
6.5013,23919,Rest,HAZIRLANIYOR...,0,0,0,0,221,3,4
6.5013,23920,Rest,HAZIRLANIYOR...,0,2,0,0,250,0,6
6.5013,23921,Rest,HAZIRLANIYOR...,0,25,0,0,268,0,7
6.5013,23922,Rest,HAZIRLANIYOR...,0,53,0,0,273,0,6
6.5014,23923,Rest,HAZIRLANIYOR...,0,79,0,0,268,3,2
6.5014,23924,Rest,HAZIRLANIYOR...,0,102,0,0,255,9,0
6.5014,23925,Rest,HAZIRLANIYOR...,0,124,0,0,237,11,0
6.5014,23926,Rest,HAZIRLANIYOR...,0,143,10,0,226,5,0
6.5014,23927,Rest,HAZIRLANIYOR...,0,158,23,0,225,0,0
6.5014,23928,Rest,HAZIRLANIYOR...,0,170,33,0,222,0,3
6.5015,23929,Rest,HAZIRLANIYOR...,0,178,40,0,193,0,2
6.5015,23930,Rest,HAZIRLANIYOR...,0,179,46,10,131,0,0
6.5015,23931,Rest,HAZIRLANIYOR...,0,173,51,18,51,0,0
6.5016,23932,Rest,HAZIRLANIYOR...,0,161,55,25,0,0,0
6.5017,23933,Rest,HAZIRLANIYOR...,0,142,60,29,0,0,0
6.5017,23934,Rest,HAZIRLANIYOR...,0,121,66,29,0,0,0
6.5168,23935,Rest,HAZIRLANIYOR...,0,96,74,26,0,0,0
6.5170,23936,Rest,HAZIRLANIYOR...,0,69,79,21,0,0,2
6.5170,23937,Rest,HAZIRLANIYOR...,0,40,82,17,0,0,2
6.5170,23938,Rest,HAZIRLANIYOR...,0,5,84,12,0,0,1
6.5170,23939,Rest,HAZIRLANIYOR...,0,0,83,8,0,0,1
6.5171,23940,Rest,HAZIRLANIYOR...,0,0,77,4,0,0,2
6.5171,23941,Rest,HAZIRLANIYOR...,0,0,67,1,0,0,0
6.5171,23942,Rest,HAZIRLANIYOR...,0,0,55,0,0,0,0
6.5171,23943,Rest,HAZIRLANIYOR...,0,0,44,0,0,0,0
6.5172,23944,Rest,HAZIRLANIYOR...,0,0,32,0,0,1,0
6.5172,23945,Rest,HAZIRLANIYOR...,0,0,17,0,0,1,0
6.5173,23946,Rest,HAZIRLANIYOR...,0,0,0,0,0,1,0
6.5173,23947,Rest,HAZIRLANIYOR...,0,0,0,0,0,2,0
6.5173,23948,Rest,HAZIRLANIYOR...,0,0,0,0,0,3,0
6.5174,23949,Rest,HAZIRLANIYOR...,0,0,0,0,0,4,1
6.5174,23950,Rest,HAZIRLANIYOR...,0,0,0,0,48,3,1
6.5174,23951,Rest,HAZIRLANIYOR...,0,0,0,0,102,1,0
6.5175,23952,Rest,HAZIRLANIYOR...,0,0,0,0,149,1,0
6.5175,23953,Rest,HAZIRLANIYOR...,0,0,0,0,183,3,0
6.5175,23954,Rest,HAZIRLANIYOR...,0,0,0,0,208,4,0
6.5175,23955,Rest,HAZIRLANIYOR...,0,0,0,0,231,2,0
6.5175,23956,Rest,HAZIRLANIYOR...,0,0,0,0,255,1,3
6.5176,23957,Rest,HAZIRLANIYOR...,0,0,0,0,271,2,4
6.5176,23958,Rest,HAZIRLANIYOR...,0,0,0,0,274,2,2
6.5176,23959,Rest,HAZIRLANIYOR...,0,14,0,0,267,1,0
6.5176,23960,Rest,HAZIRLANIYOR...,0,25,0,0,254,1,0
6.5178,23961,Rest,HAZIRLANIYOR...,0,25,0,0,234,1,0
6.5178,23962,Rest,HAZIRLANIYOR...,0,12,0,0,215,1,0
6.5327,23963,Rest,HAZIRLANIYOR...,0,0,4,0,206,0,0
6.5329,23964,Rest,HAZIRLANIYOR...,0,0,18,0,191,0,0
6.5329,23965,Rest,HAZIRLANIYOR...,0,0,31,4,153,0,0
6.5329,23966,Rest,HAZIRLANIYOR...,0,0,42,12,98,0,1
6.5329,23967,Rest,HAZIRLANIYOR...,0,0,50,21,36,0,6
6.5330,23968,Rest,HAZIRLANIYOR...,0,0,56,30,0,0,10
6.5330,23969,Rest,HAZIRLANIYOR...,0,0,61,38,0,0,4
6.5330,23970,Rest,HAZIRLANIYOR...,0,0,62,45,0,0,0
6.5330,23971,Rest,HAZIRLANIYOR...,0,0,60,51,0,0,0
6.5330,23972,Rest,HAZIRLANIYOR...,0,0,54,57,0,0,0
6.5330,23973,Rest,HAZIRLANIYOR...,0,0,47,60,0,3,0
6.5331,23974,Rest,HAZIRLANIYOR...,0,0,40,58,0,8,0
6.5331,23975,Rest,HAZIRLANIYOR...,0,0,32,53,0,3,0
6.5332,23976,Rest,HAZIRLANIYOR...,0,0,25,48,0,0,0
6.5332,23977,Rest,HAZIRLANIYOR...,0,0,18,43,0,0,0
6.5332,23978,Rest,HAZIRLANIYOR...,0,0,12,35,0,0,0
6.5333,23979,Rest,HAZIRLANIYOR...,0,0,3,25,0,0,0
6.5333,23980,Rest,HAZIRLANIYOR...,0,0,0,12,0,0,0
6.5333,23981,Rest,HAZIRLANIYOR...,0,0,0,0,0,0,0
6.5333,23982,Rest,HAZIRLANIYOR...,0,10,0,0,0,1,3
6.5333,23983,Rest,HAZIRLANIYOR...,0,34,0,0,0,1,12
6.5334,23984,Rest,HAZIRLANIYOR...,0,64,0,0,0,0,18
6.5334,23985,Rest,HAZIRLANIYOR...,0,97,0,0,21,1,10
6.5334,23986,Rest,HAZIRLANIYOR...,0,130,0,0,77,2,0
6.5334,23987,Rest,HAZIRLANIYOR...,0,165,0,0,123,2,0
6.5335,23988,Rest,HAZIRLANIYOR...,0,203,0,0,163,2,0
6.5336,23989,Rest,HAZIRLANIYOR...,0,242,0,0,204,3,0
6.5337,23990,Rest,HAZIRLANIYOR...,0,275,0,0,240,3,0
6.5488,23991,Rest,HAZIRLANIYOR...,0,300,0,0,261,3,0
6.5489,23992,Rest,HAZIRLANIYOR...,0,318,0,0,268,3,0
6.5489,23993,Rest,HAZIRLANIYOR...,0,332,0,0,271,1,0
6.5489,23994,Rest,HAZIRLANIYOR...,0,337,0,0,269,0,0
6.5490,23995,Rest,HAZIRLANIYOR...,0,333,0,0,256,0,0
6.5490,23996,Rest,HAZIRLANIYOR...,0,323,7,0,238,0,0
6.5490,23997,Rest,HAZIRLANIYOR...,0,309,21,0,226,0,0
6.5490,23998,Rest,HAZIRLANIYOR...,0,290,36,5,221,0,1
6.5491,23999,Rest,HAZIRLANIYOR...,0,268,50,13,213,0,6
6.5491,24000,Rest,HAZIRLANIYOR...,0,242,64,19,185,0,9
6.5491,24001,Rest,HAZIRLANIYOR...,0,213,76,23,131,0,3
6.5491,24002,Rest,HAZIRLANIYOR...,0,182,87,26,58,0,0
6.5491,24003,Rest,HAZIRLANIYOR...,0,147,93,27,0,0,0
6.5492,24004,Rest,HAZIRLANIYOR...,0,110,95,29,0,0,0
6.5492,24005,Rest,HAZIRLANIYOR...,0,69,94,30,0,0,1
6.5492,24006,Rest,HAZIRLANIYOR...,0,27,92,30,0,0,5
6.5492,24007,Rest,HAZIRLANIYOR...,0,0,85,29,0,0,2
6.5493,24008,Rest,HAZIRLANIYOR...,0,0,75,25,0,3,0
6.5493,24009,Rest,HAZIRLANIYOR...,0,0,64,22,0,3,3
6.5493,24010,Rest,HAZIRLANIYOR...,0,0,50,20,0,0,5
6.5493,24011,Rest,HAZIRLANIYOR...,0,0,34,18,0,0,5
6.5493,24012,Rest,HAZIRLANIYOR...,0,0,16,11,0,2,9
6.5494,24013,Rest,HAZIRLANIYOR...,0,0,0,2,0,10,8
6.5494,24014,Rest,HAZIRLANIYOR...,0,0,0,0,0,5,0
6.5494,24015,Rest,HAZIRLANIYOR...,0,0,0,0,0,0,0
6.5494,24016,Rest,HAZIRLANIYOR...,0,0,0,0,0,0,0
6.5495,24017,Rest,HAZIRLANIYOR...,0,0,0,0,0,0,0
6.5496,24018,Rest,HAZIRLANIYOR...,0,0,0,0,0,2,0
6.5496,24019,Rest,HAZIRLANIYOR...,0,0,0,0,0,1,0
6.5646,24020,Rest,HAZIRLANIYOR...,0,0,0,0,0,0,3
6.5647,24021,Rest,HAZIRLANIYOR...,0,0,0,0,45,0,6
6.5648,24022,Rest,HAZIRLANIYOR...,0,0,0,0,94,2,4
6.5648,24023,Rest,HAZIRLANIYOR...,0,0,0,0,136,7,0
6.5648,24024,Rest,HAZIRLANIYOR...,0,0,0,0,174,10,0
6.5648,24025,Rest,HAZIRLANIYOR...,0,0,0,0,209,6,0
6.5649,24026,Rest,HAZIRLANIYOR...,0,0,0,0,240,0,0
6.5649,24027,Rest,HAZIRLANIYOR...,0,0,0,0,262,0,0
6.5649,24028,Rest,HAZIRLANIYOR...,0,0,0,0,273,0,0
6.5649,24029,Rest,HAZIRLANIYOR...,0,0,0,0,274,0,0
6.5650,24030,Rest,HAZIRLANIYOR...,0,0,0,0,264,0,0
6.5650,24031,Rest,HAZIRLANIYOR...,0,0,0,5,249,0,1
6.5650,24032,Rest,HAZIRLANIYOR...,0,0,0,13,236,0,2
6.5650,24033,Rest,HAZIRLANIYOR...,0,0,0,20,233,0,1
6.5650,24034,Rest,HAZIRLANIYOR...,0,0,19,27,230,0,1
6.5651,24035,Rest,HAZIRLANIYOR...,0,0,42,32,204,0,3
6.5651,24036,Rest,HAZIRLANIYOR...,0,0,65,38,149,0,7
6.5651,24037,Rest,HAZIRLANIYOR...,0,0,83,45,84,0,8
6.5651,24038,Rest,HAZIRLANIYOR...,0,0,98,53,20,0,2
6.5651,24039,Rest,HAZIRLANIYOR...,0,0,111,59,0,0,0
6.5652,24040,Rest,HAZIRLANIYOR...,0,0,122,60,0,0,0
6.5652,24041,Rest,HAZIRLANIYOR...,0,0,128,56,0,0,0
6.5652,24042,Rest,HAZIRLANIYOR...,0,0,131,51,0,1,1
6.5652,24043,Rest,HAZIRLANIYOR...,0,0,130,43,0,0,0
6.5652,24044,Rest,HAZIRLANIYOR...,0,0,126,33,0,0,0
6.5653,24045,Rest,HAZIRLANIYOR...,0,0,119,19,0,0,0
6.5654,24046,Rest,HAZIRLANIYOR...,0,0,109,4,0,0,3
6.5800,24047,Rest,HAZIRLANIYOR...,0,0,94,0,0,1,4
6.5801,24048,Rest,HAZIRLANIYOR...,0,0,80,0,0,5,2
6.5802,24049,Rest,HAZIRLANIYOR...,0,0,66,0,0,4,0
6.5802,24050,Rest,HAZIRLANIYOR...,0,0,51,0,0,0,0
6.5802,24051,Rest,HAZIRLANIYOR...,0,0,35,0,0,0,0
6.5802,24052,Rest,HAZIRLANIYOR...,0,0,19,0,0,0,0
6.5802,24053,Rest,HAZIRLANIYOR...,0,0,3,0,0,4,2
6.5803,24054,Rest,HAZIRLANIYOR...,0,8,0,0,0,8,7
6.5803,24055,Rest,HAZIRLANIYOR...,0,13,0,0,0,12,10
6.5803,24056,Rest,HAZIRLANIYOR...,0,14,0,0,27,15,4
6.5803,24057,Rest,HAZIRLANIYOR...,0,12,0,0,76,9,0
6.5803,24058,Rest,HAZIRLANIYOR...,0,7,0,0,112,0,0
6.5804,24059,Rest,HAZIRLANIYOR...,0,3,0,0,148,0,0
6.5804,24060,Rest,HAZIRLANIYOR...,0,1,0,0,188,2,1
6.5804,24061,Rest,HAZIRLANIYOR...,0,1,0,0,223,3,0
6.5804,24062,Rest,HAZIRLANIYOR...,0,4,0,0,250,1,0
6.5804,24063,Rest,HAZIRLANIYOR...,0,12,0,0,267,0,0
6.5804,24064,Rest,HAZIRLANIYOR...,0,24,0,2,273,0,0
6.5804,24065,Rest,HAZIRLANIYOR...,0,40,0,17,268,1,0
6.5805,24066,Rest,HAZIRLANIYOR...,0,60,0,31,255,0,0
6.5805,24067,Rest,HAZIRLANIYOR...,0,87,0,44,239,0,0
6.5805,24068,Rest,HAZIRLANIYOR...,0,117,0,55,229,0,0
6.5805,24069,Rest,HAZIRLANIYOR...,0,147,0,64,225,1,0
6.5806,24070,Rest,HAZIRLANIYOR...,0,172,0,72,214,1,0
6.5806,24071,Rest,HAZIRLANIYOR...,0,184,0,79,181,0,0
6.5806,24072,Rest,HAZIRLANIYOR...,0,183,0,87,124,0,0
6.5807,24073,Rest,HAZIRLANIYOR...,0,168,0,93,58,0,1
6.5807,24074,Rest,HAZIRLANIYOR...,0,146,7,98,0,3,2
6.5960,24075,Rest,HAZIRLANIYOR...,0,121,11,102,0,5,1
6.5961,24076,Rest,HAZIRLANIYOR...,0,95,12,105,0,0,0
6.5961,24077,Rest,HAZIRLANIYOR...,0,70,12,108,0,0,0
6.5962,24078,Rest,HAZIRLANIYOR...,0,49,12,107,0,0,0
6.5962,24079,Rest,HAZIRLANIYOR...,0,33,10,105,0,0,0
6.5962,24080,Rest,HAZIRLANIYOR...,0,25,5,101,0,0,0
6.5962,24081,Rest,HAZIRLANIYOR...,0,26,1,92,0,0,0
6.5963,24082,Rest,HAZIRLANIYOR...,0,36,0,81,0,0,0
6.5963,24083,Rest,HAZIRLANIYOR...,0,50,0,66,0,0,0
6.5963,24084,Rest,HAZIRLANIYOR...,0,66,0,49,0,0,0
6.5963,24085,Rest,HAZIRLANIYOR...,0,83,6,30,0,0,0
6.5964,24086,Rest,HAZIRLANIYOR...,0,101,13,11,0,0,2
6.5964,24087,Rest,HAZIRLANIYOR...,0,117,16,0,0,0,1
6.5964,24088,Rest,HAZIRLANIYOR...,0,128,13,0,0,0,0
6.5964,24089,Rest,HAZIRLANIYOR...,0,134,6,0,0,0,0
6.5965,24090,Rest,HAZIRLANIYOR...,0,136,0,0,0,0,0
6.5965,24091,Rest,HAZIRLANIYOR...,0,138,0,0,0,1,0
6.5965,24092,Rest,HAZIRLANIYOR...,0,141,0,0,45,4,0
6.5966,24093,Rest,HAZIRLANIYOR...,0,142,0,0,93,5,0
6.5966,24094,Rest,HAZIRLANIYOR...,0,140,0,0,131,2,0
6.5966,24095,Rest,HAZIRLANIYOR...,0,135,0,0,165,0,2
6.5966,24096,Rest,HAZIRLANIYOR...,0,130,0,0,200,0,8
6.5966,24097,Rest,HAZIRLANIYOR...,0,123,0,0,229,0,11
6.5967,24098,Rest,HAZIRLANIYOR...,0,113,0,0,249,0,3
6.5967,24099,Rest,HAZIRLANIYOR...,0,98,0,0,260,0,0
6.5967,24100,Rest,HAZIRLANIYOR...,0,82,0,0,260,5,0
6.5967,24101,Rest,HAZIRLANIYOR...,0,70,0,0,248,8,0
6.5969,24102,Rest,HAZIRLANIYOR...,0,62,5,0,228,3,0
6.5970,24103,Rest,HAZIRLANIYOR...,0,56,15,0,209,0,0
6.6118,24104,Rest,HAZIRLANIYOR...,0,48,26,0,202,0,0
6.6119,24105,Rest,HAZIRLANIYOR...,0,38,36,0,199,0,0
6.6119,24106,Rest,HAZIRLANIYOR...,0,26,43,0,180,0,0
6.6119,24107,Rest,HAZIRLANIYOR...,0,12,50,0,134,3,0
6.6120,24108,Rest,HAZIRLANIYOR...,0,0,57,7,71,5,0
6.6120,24109,Rest,HAZIRLANIYOR...,0,0,65,22,8,0,1
6.6120,24110,Rest,HAZIRLANIYOR...,0,0,69,35,0,0,7
6.6120,24111,Rest,HAZIRLANIYOR...,0,0,68,45,0,0,11
6.6120,24112,Rest,HAZIRLANIYOR...,0,0,64,56,0,0,3
6.6120,24113,Rest,HAZIRLANIYOR...,0,0,60,67,0,0,0
6.6120,24114,Rest,HAZIRLANIYOR...,0,0,60,75,0,0,0
6.6120,24115,Rest,HAZIRLANIYOR...,0,0,63,79,0,0,0
6.6120,24116,Rest,HAZIRLANIYOR...,0,0,68,78,0,6,5
6.6120,24117,Rest,HAZIRLANIYOR...,0,0,74,75,0,9,1
6.6120,24118,Rest,HAZIRLANIYOR...,0,0,79,70,0,4,0
6.6121,24119,Rest,HAZIRLANIYOR...,0,0,75,63,0,0,0
6.6121,24120,Rest,HAZIRLANIYOR...,0,0,57,56,0,0,1
6.6121,24121,Rest,HAZIRLANIYOR...,0,0,30,48,0,0,2
6.6121,24122,Rest,HAZIRLANIYOR...,0,0,4,41,0,0,4
6.6121,24123,Rest,HAZIRLANIYOR...,0,0,0,35,0,0,5
6.6121,24124,Rest,HAZIRLANIYOR...,0,0,0,29,0,0,1
6.6121,24125,Rest,HAZIRLANIYOR...,0,0,0,25,0,0,0
6.6121,24126,Rest,HAZIRLANIYOR...,0,0,0,23,0,2,0
6.6121,24127,Rest,HAZIRLANIYOR...,0,0,0,20,42,2,0
6.6121,24128,Rest,HAZIRLANIYOR...,0,0,0,17,96,2,0
6.6121,24129,Rest,HAZIRLANIYOR...,0,0,0,13,135,2,0
6.6122,24130,Rest,HAZIRLANIYOR...,0,0,0,10,166,2,0
6.6277,24131,Rest,HAZIRLANIYOR...,0,0,0,7,200,1,1
6.6278,24132,Rest,HAZIRLANIYOR...,0,0,0,4,236,2,5
6.6278,24133,Rest,HAZIRLANIYOR...,0,0,0,3,263,2,2
6.6278,24134,Rest,HAZIRLANIYOR...,0,0,0,3,280,2,0
6.6280,24135,Rest,HAZIRLANIYOR...,0,0,0,4,289,1,0
6.6280,24136,Rest,HAZIRLANIYOR...,0,0,0,4,289,0,0
6.6280,24137,Rest,HAZIRLANIYOR...,0,0,0,4,274,0,0
6.6280,24138,Rest,HAZIRLANIYOR...,0,0,0,4,246,0,0
6.6280,24139,Rest,HAZIRLANIYOR...,0,0,0,7,219,0,0
6.6280,24140,Rest,HAZIRLANIYOR...,0,0,0,11,204,0,0
6.6281,24141,Rest,HAZIRLANIYOR...,0,0,22,18,191,3,9
6.6281,24142,Rest,HAZIRLANIYOR...,0,0,42,28,158,2,20
6.6281,24143,Rest,HAZIRLANIYOR...,0,4,51,40,100,0,17
6.6281,24144,Rest,HAZIRLANIYOR...,0,14,57,49,35,0,0
6.6281,24145,Rest,HAZIRLANIYOR...,0,21,61,52,0,0,0
6.6281,24146,Rest,HAZIRLANIYOR...,0,21,63,50,0,0,0
6.6281,24147,Rest,HAZIRLANIYOR...,0,14,64,46,0,0,0
6.6281,24148,Rest,HAZIRLANIYOR...,0,7,63,40,0,0,0
6.6281,24149,Rest,HAZIRLANIYOR...,0,2,62,31,0,0,0
6.6281,24150,Rest,HAZIRLANIYOR...,0,0,62,20,0,0,0
6.6282,24151,Rest,HAZIRLANIYOR...,0,0,62,9,0,1,0
6.6282,24152,Rest,HAZIRLANIYOR...,0,0,61,0,0,3,0
6.6282,24153,Rest,HAZIRLANIYOR...,0,0,58,0,0,5,0
6.6282,24154,Rest,HAZIRLANIYOR...,0,0,55,0,0,5,0
6.6282,24155,Rest,HAZIRLANIYOR...,0,0,50,0,0,5,0
6.6282,24156,Rest,HAZIRLANIYOR...,0,0,43,0,0,5,0
6.6282,24157,Rest,HAZIRLANIYOR...,0,7,34,0,0,6,0
6.6283,24158,Rest,HAZIRLANIYOR...,0,19,23,0,0,6,0
6.6425,24159,Rest,HAZIRLANIYOR...,0,33,14,0,0,4,0
6.6427,24160,Rest,HAZIRLANIYOR...,0,49,5,0,0,2,0
6.6427,24161,Rest,HAZIRLANIYOR...,0,70,0,0,0,2,1
6.6427,24162,Rest,HAZIRLANIYOR...,0,91,0,0,11,4,1
6.6427,24163,Rest,HAZIRLANIYOR...,0,108,0,0,51,9,2
6.6427,24164,Rest,HAZIRLANIYOR...,0,122,0,0,88,12,3
6.6428,24165,Rest,HAZIRLANIYOR...,0,135,0,0,138,5,3
6.6428,24166,Rest,HAZIRLANIYOR...,0,150,0,0,188,0,1
6.6428,24167,Rest,HAZIRLANIYOR...,0,165,0,0,219,0,0
6.6428,24168,Rest,HAZIRLANIYOR...,0,181,0,0,238,0,0
6.6428,24169,Rest,HAZIRLANIYOR...,0,195,0,0,257,0,1
6.6429,24170,Rest,HAZIRLANIYOR...,0,210,0,0,273,0,1
6.6429,24171,Rest,HAZIRLANIYOR...,0,227,0,0,279,0,1
6.6429,24172,Rest,HAZIRLANIYOR...,0,248,0,0,269,0,0
6.6429,24173,Rest,HAZIRLANIYOR...,0,270,0,8,248,0,0
6.6429,24174,Rest,HAZIRLANIYOR...,0,288,10,17,234,0,1
6.6429,24175,Rest,HAZIRLANIYOR...,0,301,23,27,231,0,2
6.6429,24176,Rest,HAZIRLANIYOR...,0,307,35,37,220,0,2
6.6430,24177,Rest,HAZIRLANIYOR...,0,304,46,47,184,0,1
6.6430,24178,Rest,HAZIRLANIYOR...,0,291,58,57,133,0,0
6.6430,24179,Rest,HAZIRLANIYOR...,0,267,71,66,76,0,0
6.6430,24180,Rest,HAZIRLANIYOR...,0,237,83,72,14,0,2
6.6430,24181,Rest,HAZIRLANIYOR...,0,203,91,75,0,2,10
6.6430,24182,Rest,HAZIRLANIYOR...,0,167,95,72,0,5,13
6.6431,24183,Rest,HAZIRLANIYOR...,0,130,100,62,0,0,5
6.6431,24184,Rest,HAZIRLANIYOR...,0,92,104,47,0,0,0
6.6578,24185,Rest,HAZIRLANIYOR...,0,54,104,29,0,0,0
6.6579,24186,Rest,HAZIRLANIYOR...,0,18,100,10,0,0,5
6.6579,24187,Rest,HAZIRLANIYOR...,0,0,92,0,0,0,12
6.6580,24188,Rest,HAZIRLANIYOR...,0,0,84,0,0,0,4
6.6580,24189,Rest,HAZIRLANIYOR...,0,0,75,0,0,0,0
6.6580,24190,Rest,HAZIRLANIYOR...,0,0,65,0,0,0,0
6.6580,24191,Rest,HAZIRLANIYOR...,0,0,52,0,0,0,0
6.6580,24192,Rest,HAZIRLANIYOR...,0,0,37,0,0,0,0
6.6580,24193,Rest,HAZIRLANIYOR...,0,0,21,0,0,0,0
6.6580,24194,Rest,HAZIRLANIYOR...,0,0,3,0,0,0,0
6.6581,24195,Rest,HAZIRLANIYOR...,0,0,0,0,0,1,0
6.6581,24196,Rest,HAZIRLANIYOR...,0,0,0,0,0,0,5
6.6581,24197,Rest,HAZIRLANIYOR...,0,0,0,0,0,0,12
6.6581,24198,Rest,HAZIRLANIYOR...,0,0,0,0,26,0,6
6.6581,24199,Rest,HAZIRLANIYOR...,0,0,0,0,74,0,0
6.6581,24200,Rest,HAZIRLANIYOR...,0,0,0,0,117,1,0
6.6582,24201,Rest,HAZIRLANIYOR...,0,0,0,0,161,1,0
6.6582,24202,Rest,HAZIRLANIYOR...,0,0,0,0,196,1,0
6.6582,24203,Rest,HAZIRLANIYOR...,0,0,0,0,220,1,0
6.6582,24204,Rest,HAZIRLANIYOR...,0,0,0,0,244,2,0
6.6582,24205,Rest,HAZIRLANIYOR...,0,0,0,0,265,1,0
6.6582,24206,Rest,HAZIRLANIYOR...,0,0,0,0,275,1,0
6.6582,24207,Rest,HAZIRLANIYOR...,0,0,0,0,269,0,0
6.6582,24208,Rest,HAZIRLANIYOR...,0,0,0,1,253,0,0
6.6583,24209,Rest,HAZIRLANIYOR...,0,0,0,8,237,0,0
6.6583,24210,Rest,HAZIRLANIYOR...,0,0,0,14,229,0,0
6.6584,24211,Rest,HAZIRLANIYOR...,0,0,0,19,225,0,0
6.6732,24212,Rest,HAZIRLANIYOR...,0,0,0,23,208,0,0
6.6733,24213,Rest,HAZIRLANIYOR...,0,0,0,28,169,0,0
6.6733,24214,Rest,HAZIRLANIYOR...,0,0,0,33,110,0,0
6.6733,24215,Rest,HAZIRLANIYOR...,0,0,0,33,45,0,0
6.6733,24216,Rest,HAZIRLANIYOR...,0,0,0,33,0,0,0
6.6733,24217,Rest,HAZIRLANIYOR...,0,0,0,37,0,0,0
6.6734,24218,Rest,HAZIRLANIYOR...,0,0,7,44,0,1,0
6.6734,24219,Rest,HAZIRLANIYOR...,0,0,32,49,0,6,0
6.6734,24220,Rest,HAZIRLANIYOR...,0,0,57,52,0,11,0
6.6734,24221,Rest,HAZIRLANIYOR...,0,0,80,57,0,8,0
6.6734,24222,Rest,HAZIRLANIYOR...,0,0,99,63,0,1,11
6.6735,24223,Rest,HAZIRLANIYOR...,0,0,113,66,0,0,18
6.6735,24224,Rest,HAZIRLANIYOR...,0,0,119,68,0,0,9
6.6735,24225,Rest,HAZIRLANIYOR...,0,0,119,68,0,0,0
6.6735,24226,Rest,HAZIRLANIYOR...,0,0,113,68,0,0,4
6.6735,24227,Rest,HAZIRLANIYOR...,0,0,101,67,0,0,13
6.6736,24228,Rest,HAZIRLANIYOR...,0,0,82,64,0,0,9
6.6736,24229,Rest,HAZIRLANIYOR...,0,0,60,59,0,0,2
6.6736,24230,Rest,HAZIRLANIYOR...,0,0,37,51,0,0,3
6.6736,24231,Rest,HAZIRLANIYOR...,0,0,13,41,0,2,2
6.6736,24232,Rest,HAZIRLANIYOR...,0,0,0,31,0,6,0
6.6736,24233,Rest,HAZIRLANIYOR...,0,0,0,21,12,8,0
6.6736,24234,Rest,HAZIRLANIYOR...,0,0,0,11,69,2,0
6.6737,24235,Rest,HAZIRLANIYOR...,0,0,0,2,118,0,4
6.6737,24236,Rest,HAZIRLANIYOR...,0,0,0,0,158,0,0
6.6737,24237,Rest,HAZIRLANIYOR...,0,0,0,0,193,1,0
6.6737,24238,Rest,HAZIRLANIYOR...,0,0,0,0,225,3,0
6.6738,24239,Rest,HAZIRLANIYOR...,0,5,0,0,254,2,0
6.6883,24240,Rest,HAZIRLANIYOR...,0,42,0,0,279,1,0
6.6884,24241,Rest,HAZIRLANIYOR...,0,78,0,0,290,2,0
6.6884,24242,Rest,HAZIRLANIYOR...,0,109,0,0,279,3,0
6.6884,24243,Rest,HAZIRLANIYOR...,0,134,0,0,255,2,0
6.6885,24244,Rest,HAZIRLANIYOR...,0,155,12,0,236,2,0
6.6885,24245,Rest,HAZIRLANIYOR...,0,174,31,5,228,5,0
6.6885,24246,Rest,HAZIRLANIYOR...,0,192,48,17,224,9,0
6.6885,24247,Rest,HAZIRLANIYOR...,0,203,62,29,215,4,0
6.6885,24248,Rest,HAZIRLANIYOR...,0,209,75,40,187,0,0
6.6885,24249,Rest,HAZIRLANIYOR...,0,209,86,50,137,0,0
6.6885,24250,Rest,HAZIRLANIYOR...,0,204,93,60,74,0,0
6.6885,24251,Rest,HAZIRLANIYOR...,0,198,94,68,8,0,0
6.6886,24252,Rest,HAZIRLANIYOR...,0,194,90,73,0,0,0
6.6886,24253,Rest,HAZIRLANIYOR...,0,192,83,74,0,0,0
6.6886,24254,Rest,HAZIRLANIYOR...,0,188,71,70,0,0,0
6.6886,24255,Rest,HAZIRLANIYOR...,0,182,56,64,0,0,0
6.6886,24256,Rest,HAZIRLANIYOR...,0,175,40,58,0,0,3
6.6886,24257,Rest,HAZIRLANIYOR...,0,165,24,49,0,0,2
6.6886,24258,Rest,HAZIRLANIYOR...,0,151,9,38,0,0,0
6.6886,24259,Rest,HAZIRLANIYOR...,0,134,0,24,0,0,0
6.6887,24260,Rest,HAZIRLANIYOR...,0,117,0,9,0,1,0
6.6887,24261,Rest,HAZIRLANIYOR...,0,97,0,0,0,6,0
6.6887,24262,Rest,HAZIRLANIYOR...,0,73,0,0,0,8,0
6.6887,24263,Rest,HAZIRLANIYOR...,0,44,0,0,0,3,0
6.6887,24264,Rest,HAZIRLANIYOR...,0,14,0,0,0,0,0
6.6888,24265,Rest,HAZIRLANIYOR...,0,0,0,0,0,0,4
6.6889,24266,Rest,HAZIRLANIYOR...,0,0,0,0,0,0,7
6.7043,24267,Rest,HAZIRLANIYOR...,0,0,0,0,0,0,10
6.7044,24268,Rest,HAZIRLANIYOR...,0,0,0,0,0,0,13
6.7044,24269,Rest,HAZIRLANIYOR...,0,0,0,0,28,1,14
6.7045,24270,Rest,HAZIRLANIYOR...,0,0,0,0,81,1,8
6.7045,24271,Rest,HAZIRLANIYOR...,0,0,0,0,124,2,0
6.7045,24272,Rest,HAZIRLANIYOR...,0,0,0,0,160,3,0
6.7045,24273,Rest,HAZIRLANIYOR...,0,0,0,0,193,7,0
6.7045,24274,Rest,HAZIRLANIYOR...,0,0,0,0,223,11,3
6.7046,24275,Rest,HAZIRLANIYOR...,0,0,0,0,241,6,6
6.7046,24276,Rest,HAZIRLANIYOR...,0,0,0,0,246,0,1
6.7046,24277,Rest,HAZIRLANIYOR...,0,0,0,0,249,0,0
6.7046,24278,Rest,HAZIRLANIYOR...,0,0,0,0,259,0,0
6.7046,24279,Rest,HAZIRLANIYOR...,0,0,8,0,267,0,0
6.7046,24280,Rest,HAZIRLANIYOR...,0,0,26,0,257,0,0
6.7047,24281,Rest,HAZIRLANIYOR...,0,0,44,0,234,0,0
6.7047,24282,Rest,HAZIRLANIYOR...,0,0,63,0,210,0,0
6.7047,24283,Rest,HAZIRLANIYOR...,0,16,82,1,188,0,0
6.7047,24284,Rest,HAZIRLANIYOR...,0,35,97,14,152,0,0
6.7047,24285,Rest,HAZIRLANIYOR...,0,51,108,27,95,0,4
6.7047,24286,Rest,HAZIRLANIYOR...,0,59,116,39,29,0,11
6.7048,24287,Rest,HAZIRLANIYOR...,0,58,123,47,0,0,5
6.7048,24288,Rest,HAZIRLANIYOR...,0,49,129,53,0,0,0
6.7048,24289,Rest,HAZIRLANIYOR...,0,39,130,56,0,1,0
6.7048,24290,Rest,HAZIRLANIYOR...,0,30,125,58,0,0,0
6.7048,24291,Rest,HAZIRLANIYOR...,0,18,119,59,0,0,0
6.7048,24292,Rest,HAZIRLANIYOR...,0,2,113,58,0,0,0
6.7049,24293,Rest,HAZIRLANIYOR...,0,0,104,55,0,0,0
6.7052,24294,Rest,HAZIRLANIYOR...,0,0,89,49,0,0,0
6.7053,24295,Rest,HAZIRLANIYOR...,0,0,71,41,0,0,0
6.7196,24296,Rest,HAZIRLANIYOR...,0,0,56,31,0,0,0
6.7197,24297,Rest,HAZIRLANIYOR...,0,0,43,20,0,0,0
6.7198,24298,Rest,HAZIRLANIYOR...,0,0,24,11,0,0,0
6.7198,24299,Rest,HAZIRLANIYOR...,0,0,1,4,0,1,0
6.7198,24300,Rest,HAZIRLANIYOR...,0,0,0,0,0,5,0
6.7199,24301,Rest,HAZIRLANIYOR...,0,0,0,0,0,4,2
6.7199,24302,Rest,HAZIRLANIYOR...,0,0,0,0,0,3,6
6.7199,24303,Rest,HAZIRLANIYOR...,0,0,0,0,0,2,8
6.7199,24304,Rest,HAZIRLANIYOR...,0,0,0,0,21,2,3
6.7200,24305,Rest,HAZIRLANIYOR...,0,0,0,0,82,3,0
6.7200,24306,Rest,HAZIRLANIYOR...,0,1,0,0,120,3,0
6.7200,24307,Rest,HAZIRLANIYOR...,0,21,0,0,149,2,0
6.7200,24308,Rest,HAZIRLANIYOR...,0,41,0,0,187,1,0
6.7201,24309,Rest,HAZIRLANIYOR...,0,60,0,0,229,1,0
6.7201,24310,Rest,HAZIRLANIYOR...,0,76,0,0,252,2,0
6.7201,24311,Rest,HAZIRLANIYOR...,0,88,0,0,258,4,0
6.7203,24312,Rest,HAZIRLANIYOR...,0,100,0,0,261,6,5
6.7204,24313,Rest,HAZIRLANIYOR...,0,111,0,0,261,7,7
6.7204,24314,Rest,HAZIRLANIYOR...,0,116,0,0,250,6,2
6.7205,24315,Rest,HAZIRLANIYOR...,0,111,0,0,230,2,0
6.7205,24316,Rest,HAZIRLANIYOR...,0,97,0,8,216,0,0
6.7205,24317,Rest,HAZIRLANIYOR...,0,79,0,18,211,0,0
6.7205,24318,Rest,HAZIRLANIYOR...,0,61,12,27,204,0,1
6.7206,24319,Rest,HAZIRLANIYOR...,0,47,35,40,175,4,0
6.7206,24320,Rest,HAZIRLANIYOR...,0,36,57,52,122,6,0
6.7208,24321,Rest,HAZIRLANIYOR...,0,24,76,56,59,0,0
6.7208,24322,Rest,HAZIRLANIYOR...,0,6,90,55,0,0,0
6.7350,24323,Rest,HAZIRLANIYOR...,0,0,104,60,0,0,0
6.7351,24324,Rest,HAZIRLANIYOR...,0,0,118,69,0,0,1
6.7351,24325,Rest,HAZIRLANIYOR...,0,0,128,76,0,4,6
6.7351,24326,Rest,HAZIRLANIYOR...,0,0,131,79,0,0,9
6.7351,24327,Rest,HAZIRLANIYOR...,0,0,130,79,0,0,4
6.7352,24328,Rest,HAZIRLANIYOR...,0,0,127,76,0,0,0
6.7352,24329,Rest,HAZIRLANIYOR...,0,0,121,70,0,0,0
6.7352,24330,Rest,HAZIRLANIYOR...,0,0,113,63,0,0,0
6.7352,24331,Rest,HAZIRLANIYOR...,0,0,103,57,0,0,6
6.7352,24332,Rest,HAZIRLANIYOR...,0,0,90,51,0,0,8
6.7352,24333,Rest,HAZIRLANIYOR...,0,0,74,42,0,7,1
6.7352,24334,Rest,HAZIRLANIYOR...,0,0,57,29,0,3,0
6.7353,24335,Rest,HAZIRLANIYOR...,0,0,40,15,0,0,0
6.7353,24336,Rest,HAZIRLANIYOR...,0,0,22,2,0,0,0
6.7353,24337,Rest,HAZIRLANIYOR...,0,0,5,0,0,0,0
6.7353,24338,Rest,HAZIRLANIYOR...,0,0,0,0,0,0,0
6.7353,24339,Rest,HAZIRLANIYOR...,0,0,0,0,0,2,0
6.7353,24340,Rest,HAZIRLANIYOR...,0,0,0,0,53,2,0
6.7354,24341,Rest,HAZIRLANIYOR...,0,0,0,0,98,1,0
6.7354,24342,Rest,HAZIRLANIYOR...,0,0,0,0,137,0,0
6.7354,24343,Rest,HAZIRLANIYOR...,0,0,0,0,174,2,2
6.7354,24344,Rest,HAZIRLANIYOR...,0,0,0,0,210,5,5
6.7354,24345,Rest,HAZIRLANIYOR...,0,0,0,0,239,5,5
6.7354,24346,Rest,HAZIRLANIYOR...,0,0,0,0,260,1,8
6.7355,24347,Rest,HAZIRLANIYOR...,0,0,0,0,271,0,6
6.7356,24348,Rest,HAZIRLANIYOR...,0,40,0,0,271,2,0
6.7357,24349,Rest,HAZIRLANIYOR...,0,92,0,0,261,7,0
6.7500,24350,Rest,HAZIRLANIYOR...,0,146,0,0,242,2,0
6.7502,24351,Rest,HAZIRLANIYOR...,0,197,0,0,223,0,0
6.7502,24352,Rest,HAZIRLANIYOR...,0,243,0,0,211,0,3
6.7503,24353,Rest,HAZIRLANIYOR...,0,282,0,0,207,0,6
6.7503,24354,Rest,HAZIRLANIYOR...,0,311,7,0,195,0,10
6.7503,24355,Rest,HAZIRLANIYOR...,0,328,18,0,157,0,4
6.7504,24356,Rest,HAZIRLANIYOR...,0,331,28,7,90,0,0
6.7504,24357,Rest,HAZIRLANIYOR...,0,322,35,14,16,0,0
6.7504,24358,Rest,HAZIRLANIYOR...,0,303,39,21,0,0,0
6.7504,24359,Rest,HAZIRLANIYOR...,0,277,42,26,0,3,0
6.7505,24360,Rest,HAZIRLANIYOR...,0,248,43,27,0,8,0
6.7505,24361,Rest,HAZIRLANIYOR...,0,218,40,25,0,5,0
6.7505,24362,Rest,HAZIRLANIYOR...,0,188,35,23,0,0,0
6.7505,24363,Rest,HAZIRLANIYOR...,0,156,29,22,0,0,2
6.7506,24364,Rest,HAZIRLANIYOR...,0,123,21,19,0,0,10
6.7506,24365,Rest,HAZIRLANIYOR...,0,92,10,11,0,0,11
6.7506,24366,Rest,HAZIRLANIYOR...,0,61,0,0,0,0,1
6.7506,24367,Rest,HAZIRLANIYOR...,0,31,0,0,0,0,0
6.7507,24368,Rest,HAZIRLANIYOR...,0,6,0,0,0,0,0
6.7507,24369,Rest,HAZIRLANIYOR...,0,0,0,0,0,0,10
6.7507,24370,Rest,HAZIRLANIYOR...,0,0,0,0,0,0,17
6.7507,24371,Rest,HAZIRLANIYOR...,0,0,0,0,0,0,6
6.7508,24372,Rest,HAZIRLANIYOR...,0,0,0,0,0,2,0
6.7508,24373,Rest,HAZIRLANIYOR...,0,0,0,0,0,9,0
6.7508,24374,Rest,HAZIRLANIYOR...,0,0,0,0,0,11,0
6.7510,24375,Rest,HAZIRLANIYOR...,0,0,0,0,5,6,0
6.7510,24376,Rest,HAZIRLANIYOR...,0,0,0,0,60,4,0
6.7660,24377,Rest,HAZIRLANIYOR...,0,0,0,0,109,13,0
6.7661,24378,Rest,HAZIRLANIYOR...,0,0,0,0,154,16,0
6.7661,24379,Rest,HAZIRLANIYOR...,0,0,0,0,193,2,1
6.7661,24380,Rest,HAZIRLANIYOR...,0,0,0,0,221,0,2
6.7662,24381,Rest,HAZIRLANIYOR...,0,0,0,0,240,0,1
6.7662,24382,Rest,HAZIRLANIYOR...,0,0,0,0,257,0,1
6.7662,24383,Rest,HAZIRLANIYOR...,0,0,0,0,266,7,2
6.7662,24384,Rest,HAZIRLANIYOR...,0,1,0,0,261,8,3
6.7662,24385,Rest,HAZIRLANIYOR...,0,11,0,0,246,0,8
6.7662,24386,Rest,HAZIRLANIYOR...,0,19,0,0,230,0,10
6.7663,24387,Rest,HAZIRLANIYOR...,0,22,2,0,220,0,4
6.7663,24388,Rest,HAZIRLANIYOR...,0,25,13,3,217,0,0
6.7663,24389,Rest,HAZIRLANIYOR...,0,31,27,11,208,0,0
6.7663,24390,Rest,HAZIRLANIYOR...,0,38,43,20,175,0,0
6.7663,24391,Rest,HAZIRLANIYOR...,0,39,58,30,120,0,0
6.7663,24392,Rest,HAZIRLANIYOR...,0,34,69,39,58,0,0
6.7663,24393,Rest,HAZIRLANIYOR...,0,24,77,50,2,0,0
6.7664,24394,Rest,HAZIRLANIYOR...,0,14,84,58,0,0,0
6.7664,24395,Rest,HAZIRLANIYOR...,0,6,90,63,0,0,1
6.7664,24396,Rest,HAZIRLANIYOR...,0,0,93,66,0,0,6
6.7664,24397,Rest,HAZIRLANIYOR...,0,0,94,67,0,0,7
6.7664,24398,Rest,HAZIRLANIYOR...,0,0,94,66,0,0,2
6.7664,24399,Rest,HAZIRLANIYOR...,0,0,90,63,0,0,0
6.7664,24400,Rest,HAZIRLANIYOR...,0,0,83,58,0,0,0
6.7665,24401,Rest,HAZIRLANIYOR...,0,0,73,49,0,0,0
6.7665,24402,Rest,HAZIRLANIYOR...,0,0,61,40,0,0,1
6.7666,24403,Rest,HAZIRLANIYOR...,0,0,46,30,0,0,0
6.7813,24404,Rest,HAZIRLANIYOR...,0,0,27,19,0,0,0
6.7814,24405,Rest,HAZIRLANIYOR...,0,0,5,6,0,0,0
6.7814,24406,Rest,HAZIRLANIYOR...,0,0,0,0,0,1,0
6.7815,24407,Rest,HAZIRLANIYOR...,0,0,0,0,0,1,0
6.7815,24408,Rest,HAZIRLANIYOR...,0,0,0,0,0,1,0
6.7815,24409,Rest,HAZIRLANIYOR...,0,0,0,0,0,3,1
6.7815,24410,Rest,HAZIRLANIYOR...,0,0,0,0,0,3,3
6.7815,24411,Rest,HAZIRLANIYOR...,0,0,0,0,46,0,5
6.7816,24412,Rest,HAZIRLANIYOR...,0,0,0,0,98,0,1
6.7816,24413,Rest,HAZIRLANIYOR...,0,0,0,0,134,1,0
6.7816,24414,Rest,HAZIRLANIYOR...,0,0,0,0,164,7,0
6.7816,24415,Rest,HAZIRLANIYOR...,0,0,0,0,198,7,0
6.7816,24416,Rest,HAZIRLANIYOR...,0,0,0,0,232,2,0
6.7816,24417,Rest,HAZIRLANIYOR...,0,0,0,0,255,1,0
6.7817,24418,Rest,HAZIRLANIYOR...,0,0,0,0,268,4,0
6.7817,24419,Rest,HAZIRLANIYOR...,0,0,0,0,276,6,0
6.7817,24420,Rest,HAZIRLANIYOR...,0,0,0,0,271,6,0
6.7817,24421,Rest,HAZIRLANIYOR...,0,0,0,10,251,5,0
6.7818,24422,Rest,HAZIRLANIYOR...,0,20,23,31,234,2,2
6.7818,24423,Rest,HAZIRLANIYOR...,0,42,50,52,233,0,7
6.7818,24424,Rest,HAZIRLANIYOR...,0,61,77,72,233,0,9
6.7818,24425,Rest,HAZIRLANIYOR...,0,76,102,90,210,1,2
6.7818,24426,Rest,HAZIRLANIYOR...,0,89,123,104,155,2,0
6.7819,24427,Rest,HAZIRLANIYOR...,0,102,138,115,88,2,0
6.7819,24428,Rest,HAZIRLANIYOR...,0,113,146,122,26,2,0
6.7819,24429,Rest,HAZIRLANIYOR...,0,122,149,122,0,0,1
6.7820,24430,Rest,HAZIRLANIYOR...,0,128,144,119,0,0,0
6.7820,24431,Rest,HAZIRLANIYOR...,0,129,133,115,0,0,0
6.7965,24432,Rest,HAZIRLANIYOR...,0,125,118,106,0,0,3
6.7965,24433,Rest,HAZIRLANIYOR...,0,118,102,92,0,0,0
6.7966,24434,Rest,HAZIRLANIYOR...,0,110,86,77,0,0,0
6.7966,24435,Rest,HAZIRLANIYOR...,0,101,71,65,0,3,0
6.7966,24436,Rest,HAZIRLANIYOR...,0,92,59,57,0,3,0
6.7966,24437,Rest,HAZIRLANIYOR...,0,83,50,51,0,0,0
6.7966,24438,Rest,HAZIRLANIYOR...,0,76,39,44,0,0,0
6.7967,24439,Rest,HAZIRLANIYOR...,0,69,28,34,0,0,0
6.7967,24440,Rest,HAZIRLANIYOR...,0,64,14,23,0,0,0
6.7967,24441,Rest,HAZIRLANIYOR...,0,61,0,10,0,0,6
6.7967,24442,Rest,HAZIRLANIYOR...,0,62,0,0,0,0,11
6.7967,24443,Rest,HAZIRLANIYOR...,0,66,0,0,0,0,4
6.7967,24444,Rest,HAZIRLANIYOR...,0,72,0,0,0,0,0
6.7968,24445,Rest,HAZIRLANIYOR...,0,81,0,0,0,0,0
6.7968,24446,Rest,HAZIRLANIYOR...,0,92,0,0,27,0,4
6.7968,24447,Rest,HAZIRLANIYOR...,0,104,0,0,73,0,9
6.7968,24448,Rest,HAZIRLANIYOR...,0,115,0,0,114,0,2
6.7968,24449,Rest,HAZIRLANIYOR...,0,126,0,0,152,0,0
6.7968,24450,Rest,HAZIRLANIYOR...,0,133,0,0,186,4,0
6.7969,24451,Rest,HAZIRLANIYOR...,0,134,0,0,219,8,0
6.7969,24452,Rest,HAZIRLANIYOR...,0,131,0,0,251,3,0
6.7970,24453,Rest,HAZIRLANIYOR...,0,128,0,0,269,0,0
6.7971,24454,Rest,HAZIRLANIYOR...,0,127,0,0,268,0,0
6.7971,24455,Rest,HAZIRLANIYOR...,0,125,0,0,258,0,0
6.7971,24456,Rest,HAZIRLANIYOR...,0,122,0,0,246,0,1
6.7973,24457,Rest,HAZIRLANIYOR...,0,117,0,0,231,4,0
6.7973,24458,Rest,HAZIRLANIYOR...,0,112,0,0,219,7,0
6.8117,24459,Rest,HAZIRLANIYOR...,0,105,0,0,214,3,0
6.8118,24460,Rest,HAZIRLANIYOR...,0,97,17,7,204,0,0
6.8118,24461,Rest,HAZIRLANIYOR...,0,86,33,16,170,0,0
6.8118,24462,Rest,HAZIRLANIYOR...,0,71,41,23,114,0,1
6.8119,24463,Rest,HAZIRLANIYOR...,0,49,42,27,49,0,1
6.8119,24464,Rest,HAZIRLANIYOR...,0,20,39,30,0,0,5
6.8119,24465,Rest,HAZIRLANIYOR...,0,0,36,34,0,0,10
6.8119,24466,Rest,HAZIRLANIYOR...,0,0,34,35,0,0,9
6.8119,24467,Rest,HAZIRLANIYOR...,0,0,30,32,0,3,1
6.8120,24468,Rest,HAZIRLANIYOR...,0,0,24,28,0,0,0
6.8120,24469,Rest,HAZIRLANIYOR...,0,0,18,26,0,0,0
6.8120,24470,Rest,HAZIRLANIYOR...,0,0,10,25,0,0,0
6.8120,24471,Rest,HAZIRLANIYOR...,0,0,3,24,0,0,0
6.8120,24472,Rest,HAZIRLANIYOR...,0,0,0,23,0,2,2
6.8120,24473,Rest,HAZIRLANIYOR...,0,0,0,22,0,4,7
6.8120,24474,Rest,HAZIRLANIYOR...,0,0,0,18,0,0,11
6.8121,24475,Rest,HAZIRLANIYOR...,0,0,0,8,0,0,5
6.8121,24476,Rest,HAZIRLANIYOR...,0,0,0,0,0,0,0
6.8121,24477,Rest,HAZIRLANIYOR...,0,0,0,5,0,0,0
6.8121,24478,Rest,HAZIRLANIYOR...,0,0,0,13,0,2,0
6.8121,24479,Rest,HAZIRLANIYOR...,0,0,0,12,0,0,0
6.8121,24480,Rest,HAZIRLANIYOR...,0,0,0,5,0,0,0
6.8121,24481,Rest,HAZIRLANIYOR...,0,0,0,2,0,2,0
6.8121,24482,Rest,HAZIRLANIYOR...,0,0,0,3,56,5,1
6.8122,24483,Rest,HAZIRLANIYOR...,0,0,0,3,103,4,2
6.8123,24484,Rest,HAZIRLANIYOR...,0,0,0,2,143,3,0
6.8267,24485,Rest,HAZIRLANIYOR...,0,0,0,2,181,4,0
6.8269,24486,Rest,HAZIRLANIYOR...,0,0,0,5,217,5,3
6.8269,24487,Rest,HAZIRLANIYOR...,0,0,0,8,246,5,3
6.8269,24488,Rest,HAZIRLANIYOR...,0,0,0,12,266,3,2
6.8269,24489,Rest,HAZIRLANIYOR...,0,21,0,14,277,3,1
6.8270,24490,Rest,HAZIRLANIYOR...,0,65,10,16,278,4,0
6.8270,24491,Rest,HAZIRLANIYOR...,0,105,28,17,267,3,0
6.8270,24492,Rest,HAZIRLANIYOR...,0,139,43,17,248,2,0
6.8270,24493,Rest,HAZIRLANIYOR...,0,164,57,14,230,1,1
6.8271,24494,Rest,HAZIRLANIYOR...,0,176,69,12,221,0,1
6.8271,24495,Rest,HAZIRLANIYOR...,0,174,82,11,214,1,1
6.8271,24496,Rest,HAZIRLANIYOR...,0,155,94,13,193,5,4
6.8271,24497,Rest,HAZIRLANIYOR...,0,122,106,16,151,8,6
6.8271,24498,Rest,HAZIRLANIYOR...,0,80,115,18,90,1,1
6.8271,24499,Rest,HAZIRLANIYOR...,0,37,119,19,19,0,0
6.8272,24500,Rest,HAZIRLANIYOR...,0,0,119,19,0,0,0
6.8272,24501,Rest,HAZIRLANIYOR...,0,0,117,18,0,0,0
6.8272,24502,Rest,HAZIRLANIYOR...,0,0,115,15,0,0,1
6.8272,24503,Rest,HAZIRLANIYOR...,0,0,112,8,0,0,5
6.8272,24504,Rest,HAZIRLANIYOR...,0,0,108,0,0,0,7
6.8272,24505,Rest,HAZIRLANIYOR...,0,0,100,0,0,0,0
6.8272,24506,Rest,HAZIRLANIYOR...,0,0,89,0,0,0,0
6.8273,24507,Rest,HAZIRLANIYOR...,0,0,77,0,0,0,0
6.8273,24508,Rest,HAZIRLANIYOR...,0,0,65,0,0,5,0
6.8273,24509,Rest,HAZIRLANIYOR...,0,4,49,0,0,8,0
6.8273,24510,Rest,HAZIRLANIYOR...,0,16,32,0,0,3,0
6.8275,24511,Rest,HAZIRLANIYOR...,0,24,16,0,0,0,0
6.8276,24512,Rest,HAZIRLANIYOR...,0,31,3,0,0,0,0
6.8426,24513,Rest,HAZIRLANIYOR...,0,40,0,0,0,0,0
6.8428,24514,Rest,HAZIRLANIYOR...,0,49,0,0,0,1,0
6.8428,24515,Rest,HAZIRLANIYOR...,0,56,0,0,0,1,0
6.8428,24516,Rest,HAZIRLANIYOR...,0,65,0,0,0,1,1
6.8429,24517,Rest,HAZIRLANIYOR...,0,81,0,0,15,2,4
6.8429,24518,Rest,HAZIRLANIYOR...,0,106,0,0,69,3,4
6.8429,24519,Rest,HAZIRLANIYOR...,0,134,0,0,114,3,1
6.8429,24520,Rest,HAZIRLANIYOR...,0,159,0,0,153,2,0
6.8429,24521,Rest,HAZIRLANIYOR...,0,180,0,0,188,1,0
6.8429,24522,Rest,HAZIRLANIYOR...,0,200,0,0,220,1,3
6.8430,24523,Rest,HAZIRLANIYOR...,0,214,0,0,246,2,5
6.8430,24524,Rest,HAZIRLANIYOR...,0,220,0,0,262,2,1
6.8430,24525,Rest,HAZIRLANIYOR...,0,215,0,0,266,2,0
6.8430,24526,Rest,HAZIRLANIYOR...,0,206,0,0,258,6,0
6.8430,24527,Rest,HAZIRLANIYOR...,0,198,0,0,242,9,0
6.8430,24528,Rest,HAZIRLANIYOR...,0,193,0,0,227,3,0
6.8431,24529,Rest,HAZIRLANIYOR...,0,187,0,0,218,0,0
6.8431,24530,Rest,HAZIRLANIYOR...,0,181,0,2,212,0,0
6.8431,24531,Rest,HAZIRLANIYOR...,0,174,0,12,198,0,1
6.8431,24532,Rest,HAZIRLANIYOR...,0,164,10,27,166,0,1
6.8431,24533,Rest,HAZIRLANIYOR...,0,150,28,47,112,0,0
6.8431,24534,Rest,HAZIRLANIYOR...,0,136,45,73,43,0,0
6.8431,24535,Rest,HAZIRLANIYOR...,0,121,61,100,0,0,0
6.8432,24536,Rest,HAZIRLANIYOR...,0,103,77,128,0,0,0
6.8432,24537,Rest,HAZIRLANIYOR...,0,86,93,154,0,0,0
6.8432,24538,Rest,HAZIRLANIYOR...,0,72,108,176,0,0,0
6.8433,24539,Rest,HAZIRLANIYOR...,0,60,120,194,0,0,0
6.8580,24540,Rest,HAZIRLANIYOR...,0,51,127,208,0,0,0
6.8581,24541,Rest,HAZIRLANIYOR...,0,42,128,217,0,0,0
6.8582,24542,Rest,HAZIRLANIYOR...,0,32,120,219,0,0,1
6.8582,24543,Rest,HAZIRLANIYOR...,0,20,106,215,0,5,0
6.8582,24544,Rest,HAZIRLANIYOR...,0,8,88,207,0,8,0
6.8582,24545,Rest,HAZIRLANIYOR...,0,0,70,196,0,3,0
6.8582,24546,Rest,HAZIRLANIYOR...,0,0,53,182,0,0,0
6.8583,24547,Rest,HAZIRLANIYOR...,0,0,36,165,0,0,2
6.8583,24548,Rest,HAZIRLANIYOR...,0,0,18,146,0,0,2
6.8583,24549,Rest,HAZIRLANIYOR...,0,0,0,125,0,4,0
6.8583,24550,Rest,HAZIRLANIYOR...,0,0,0,101,0,4,0
6.8583,24551,Rest,HAZIRLANIYOR...,0,0,0,77,0,0,0
6.8583,24552,Rest,HAZIRLANIYOR...,0,0,0,52,24,0,0
6.8583,24553,Rest,HAZIRLANIYOR...,0,0,0,24,77,0,0
6.8584,24554,Rest,HAZIRLANIYOR...,0,0,0,0,120,0,0
6.8584,24555,Rest,HAZIRLANIYOR...,0,0,0,0,157,3,0
6.8584,24556,Rest,HAZIRLANIYOR...,0,0,0,0,196,5,0
6.8584,24557,Rest,HAZIRLANIYOR...,0,0,0,0,232,4,4
6.8584,24558,Rest,HAZIRLANIYOR...,0,0,0,0,250,3,5
6.8584,24559,Rest,HAZIRLANIYOR...,0,0,0,0,253,3,3
6.8584,24560,Rest,HAZIRLANIYOR...,0,0,0,0,256,2,0
6.8585,24561,Rest,HAZIRLANIYOR...,0,0,0,0,257,1,0
6.8585,24562,Rest,HAZIRLANIYOR...,0,0,0,0,247,1,0
6.8585,24563,Rest,HAZIRLANIYOR...,0,0,0,0,229,2,0
6.8585,24564,Rest,HAZIRLANIYOR...,0,0,0,0,214,4,3
6.8585,24565,Rest,HAZIRLANIYOR...,0,0,0,0,207,8,5
6.8587,24566,Rest,HAZIRLANIYOR...,0,0,0,0,197,10,3
6.8587,24567,Rest,HAZIRLANIYOR...,0,0,0,0,171,3,1
6.8742,24568,Rest,HAZIRLANIYOR...,0,0,0,0,120,0,3
6.8747,24569,Rest,HAZIRLANIYOR...,0,0,0,0,56,0,6
6.8747,24570,Rest,HAZIRLANIYOR...,0,0,0,0,0,0,1
6.8748,24571,Rest,HAZIRLANIYOR...,0,0,0,2,0,0,0
6.8748,24572,Rest,HAZIRLANIYOR...,0,0,4,7,0,0,0
6.8748,24573,Rest,HAZIRLANIYOR...,0,0,6,8,0,0,0
6.8748,24574,Rest,HAZIRLANIYOR...,0,0,7,6,0,0,0
6.8748,24575,Rest,HAZIRLANIYOR...,0,0,3,0,0,0,0
6.8748,24576,Rest,HAZIRLANIYOR...,0,0,0,0,0,0,6
6.8748,24577,Rest,HAZIRLANIYOR...,0,0,0,0,0,0,10
6.8749,24578,Rest,HAZIRLANIYOR...,0,0,0,0,0,0,2
6.8749,24579,Rest,HAZIRLANIYOR...,0,0,0,0,0,0,0
6.8749,24580,Rest,HAZIRLANIYOR...,0,0,0,0,0,1,0
6.8749,24581,Rest,HAZIRLANIYOR...,0,0,0,0,0,0,0
6.8749,24582,Rest,HAZIRLANIYOR...,0,0,0,0,0,0,1
6.8749,24583,Rest,HAZIRLANIYOR...,0,0,0,0,0,0,1
6.8750,24584,Rest,HAZIRLANIYOR...,0,0,0,0,0,1,0
6.8750,24585,Rest,HAZIRLANIYOR...,0,0,0,0,0,4,0
6.8750,24586,Rest,HAZIRLANIYOR...,0,0,0,0,0,9,0
6.8750,24587,Rest,HAZIRLANIYOR...,0,0,0,0,0,12,0
6.8750,24588,Rest,HAZIRLANIYOR...,0,0,0,0,16,6,0
6.8750,24589,Rest,HAZIRLANIYOR...,0,0,0,0,66,0,0
6.8750,24590,Rest,HAZIRLANIYOR...,0,0,0,0,110,0,0
6.8750,24591,Rest,HAZIRLANIYOR...,0,0,0,0,149,1,0
6.8751,24592,Rest,HAZIRLANIYOR...,0,0,0,0,187,2,0
6.8751,24593,Rest,HAZIRLANIYOR...,0,0,0,0,221,1,0
6.8753,24594,Rest,HAZIRLANIYOR...,0,3,0,0,248,0,0
6.8753,24595,Rest,HAZIRLANIYOR...,0,39,0,0,263,0,2
6.8754,24596,Rest,HAZIRLANIYOR...,0,77,0,0,266,0,8
6.8901,24597,Rest,HAZIRLANIYOR...,0,116,0,0,258,0,11
6.8903,24598,Rest,HAZIRLANIYOR...,0,153,0,0,244,0,4
6.8903,24599,Rest,HAZIRLANIYOR...,0,188,0,0,228,0,0
6.8903,24600,Rest,HAZIRLANIYOR...,0,222,3,0,218,0,0
6.8904,24601,Rest,HAZIRLANIYOR...,0,256,15,7,213,0,7
6.8904,24602,Rest,HAZIRLANIYOR...,0,289,31,24,200,0,13
6.8904,24603,Rest,HAZIRLANIYOR...,0,321,48,40,164,0,5
6.8904,24604,Rest,HAZIRLANIYOR...,0,350,62,55,106,0,0
6.8904,24605,Rest,HAZIRLANIYOR...,0,373,75,71,42,2,0
6.8905,24606,Rest,HAZIRLANIYOR...,0,391,86,88,0,5,0
6.8905,24607,Rest,HAZIRLANIYOR...,0,405,92,98,0,2,0
6.8905,24608,Rest,HAZIRLANIYOR...,0,419,96,99,0,0,0
6.8905,24609,Rest,HAZIRLANIYOR...,0,429,98,93,0,0,0
6.8905,24610,Rest,HAZIRLANIYOR...,0,433,98,88,0,0,0
6.8905,24611,Rest,HAZIRLANIYOR...,0,429,96,84,0,0,0
6.8907,24612,Rest,HAZIRLANIYOR...,0,417,91,77,0,0,0
6.8907,24613,Rest,HAZIRLANIYOR...,0,397,82,68,0,0,0
6.8907,24614,Rest,HAZIRLANIYOR...,0,371,69,57,0,0,0
6.8908,24615,Rest,HAZIRLANIYOR...,0,344,55,44,0,0,0
6.8908,24616,Rest,HAZIRLANIYOR...,0,317,40,29,0,0,0
6.8908,24617,Rest,HAZIRLANIYOR...,0,288,25,15,0,0,0
6.8908,24618,Rest,HAZIRLANIYOR...,0,253,10,4,0,0,0
6.8908,24619,Rest,HAZIRLANIYOR...,0,217,0,0,0,0,0
6.8908,24620,Rest,HAZIRLANIYOR...,0,182,0,0,0,0,0
6.8908,24621,Rest,HAZIRLANIYOR...,0,151,0,0,0,0,0
6.8909,24622,Rest,HAZIRLANIYOR...,0,122,0,0,0,1,0
6.8910,24623,Rest,HAZIRLANIYOR...,0,99,0,0,0,2,0
6.8910,24624,Rest,HAZIRLANIYOR...,0,80,0,0,52,4,0
6.9054,24625,Rest,HAZIRLANIYOR...,0,65,0,0,98,9,0
6.9055,24626,Rest,HAZIRLANIYOR...,0,57,0,0,142,13,1
6.9055,24627,Rest,HAZIRLANIYOR...,0,55,0,0,183,12,0
6.9055,24628,Rest,HAZIRLANIYOR...,0,60,0,0,219,10,0
6.9056,24629,Rest,HAZIRLANIYOR...,0,68,0,0,247,8,0
6.9056,24630,Rest,HAZIRLANIYOR...,0,78,0,0,260,5,0
6.9056,24631,Rest,HAZIRLANIYOR...,0,90,0,0,266,0,0
6.9056,24632,Rest,HAZIRLANIYOR...,0,103,0,0,272,0,0
6.9056,24633,Rest,HAZIRLANIYOR...,0,118,0,1,272,0,3
6.9056,24634,Rest,HAZIRLANIYOR...,0,132,0,4,261,0,5
6.9057,24635,Rest,HAZIRLANIYOR...,0,139,0,5,246,0,3
6.9057,24636,Rest,HAZIRLANIYOR...,0,137,0,7,232,0,0
6.9057,24637,Rest,HAZIRLANIYOR...,0,125,9,11,218,0,0
6.9057,24638,Rest,HAZIRLANIYOR...,0,106,46,18,191,0,0
6.9057,24639,Rest,HAZIRLANIYOR...,0,80,85,25,143,0,6
6.9057,24640,Rest,HAZIRLANIYOR...,0,48,117,33,78,0,15
6.9057,24641,Rest,HAZIRLANIYOR...,0,13,144,42,11,0,16
6.9058,24642,Rest,HAZIRLANIYOR...,0,0,164,51,0,0,4
6.9058,24643,Rest,HAZIRLANIYOR...,0,0,178,58,0,0,0
6.9058,24644,Rest,HAZIRLANIYOR...,0,0,184,62,0,6,0
6.9058,24645,Rest,HAZIRLANIYOR...,0,0,186,61,0,2,0
6.9058,24646,Rest,HAZIRLANIYOR...,0,0,189,61,0,0,0
6.9058,24647,Rest,HAZIRLANIYOR...,0,0,196,62,0,0,0
6.9058,24648,Rest,HAZIRLANIYOR...,0,0,204,64,0,0,0
6.9059,24649,Rest,HAZIRLANIYOR...,0,0,211,63,0,2,0
6.9060,24650,Rest,HAZIRLANIYOR...,0,0,214,63,0,0,0
6.9213,24651,Rest,HAZIRLANIYOR...,0,0,208,66,0,0,0
6.9214,24652,Rest,HAZIRLANIYOR...,0,0,193,71,0,0,0
6.9214,24653,Rest,HAZIRLANIYOR...,0,0,166,74,0,0,0
6.9214,24654,Rest,HAZIRLANIYOR...,0,0,127,73,0,0,0
6.9214,24655,Rest,HAZIRLANIYOR...,0,0,82,67,0,1,0
6.9215,24656,Rest,HAZIRLANIYOR...,0,0,33,59,0,1,0
6.9215,24657,Rest,HAZIRLANIYOR...,0,0,0,51,0,0,2
6.9215,24658,Rest,HAZIRLANIYOR...,0,0,0,43,0,0,3
6.9215,24659,Rest,HAZIRLANIYOR...,0,0,0,33,29,0,1
6.9215,24660,Rest,HAZIRLANIYOR...,0,0,0,21,79,0,0
6.9216,24661,Rest,HAZIRLANIYOR...,0,0,0,9,123,0,0
6.9216,24662,Rest,HAZIRLANIYOR...,0,0,0,0,171,0,0
6.9216,24663,Rest,HAZIRLANIYOR...,0,0,0,0,213,1,1
6.9216,24664,Rest,HAZIRLANIYOR...,0,0,0,0,241,2,1
6.9216,24665,Rest,HAZIRLANIYOR...,0,0,0,0,261,2,1
6.9217,24666,Rest,HAZIRLANIYOR...,0,0,0,0,277,1,0
6.9217,24667,Rest,HAZIRLANIYOR...,0,0,0,0,282,0,0
6.9217,24668,Rest,HAZIRLANIYOR...,0,0,0,0,274,0,0
6.9217,24669,Rest,HAZIRLANIYOR...,0,0,0,0,258,1,0
6.9217,24670,Rest,HAZIRLANIYOR...,0,0,0,0,242,1,0
6.9218,24671,Rest,HAZIRLANIYOR...,0,0,0,0,234,0,0
6.9218,24672,Rest,HAZIRLANIYOR...,0,0,0,0,228,0,0
6.9218,24673,Rest,HAZIRLANIYOR...,0,0,21,0,210,1,0
6.9218,24674,Rest,HAZIRLANIYOR...,0,0,40,0,168,1,0
6.9218,24675,Rest,HAZIRLANIYOR...,0,0,52,3,108,0,0
6.9218,24676,Rest,HAZIRLANIYOR...,0,0,57,16,43,0,0
6.9219,24677,Rest,HAZIRLANIYOR...,0,0,55,24,0,0,2
6.9220,24678,Rest,HAZIRLANIYOR...,0,0,46,27,0,0,2
6.9220,24679,Rest,HAZIRLANIYOR...,0,0,31,23,0,0,1
6.9367,24680,Rest,HAZIRLANIYOR...,0,0,9,15,0,0,0
6.9369,24681,Rest,HAZIRLANIYOR...,0,0,0,5,0,0,0
6.9369,24682,Rest,HAZIRLANIYOR...,0,0,0,0,0,0,0
6.9369,24683,Rest,HAZIRLANIYOR...,0,0,0,0,0,0,0
6.9369,24684,Rest,HAZIRLANIYOR...,0,0,0,0,0,4,0
6.9370,24685,Rest,HAZIRLANIYOR...,0,0,0,0,0,6,0
6.9370,24686,Rest,HAZIRLANIYOR...,0,0,0,0,0,1,0
6.9370,24687,Rest,HAZIRLANIYOR...,0,0,0,0,0,0,0
6.9370,24688,Rest,HAZIRLANIYOR...,0,0,0,0,0,0,0
6.9370,24689,Rest,HAZIRLANIYOR...,0,0,0,0,0,0,3
6.9370,24690,Rest,HAZIRLANIYOR...,0,0,0,0,0,0,4
6.9370,24691,Rest,HAZIRLANIYOR...,0,0,0,0,0,0,3
6.9371,24692,Rest,HAZIRLANIYOR...,0,0,0,0,0,0,1
6.9371,24693,Rest,HAZIRLANIYOR...,0,0,0,0,0,5,0
6.9371,24694,Rest,HAZIRLANIYOR...,0,0,0,0,0,12,0
6.9371,24695,Rest,HAZIRLANIYOR...,0,0,0,0,14,8,0
6.9371,24696,Rest,HAZIRLANIYOR...,0,37,0,0,68,0,0
6.9371,24697,Rest,HAZIRLANIYOR...,0,80,9,0,112,0,0
6.9371,24698,Rest,HAZIRLANIYOR...,0,126,13,0,152,1,0
6.9372,24699,Rest,HAZIRLANIYOR...,0,171,14,0,193,3,0
6.9372,24700,Rest,HAZIRLANIYOR...,0,214,12,0,231,1,0
6.9372,24701,Rest,HAZIRLANIYOR...,0,251,7,0,257,0,0
6.9372,24702,Rest,HAZIRLANIYOR...,0,279,0,0,267,0,0
6.9372,24703,Rest,HAZIRLANIYOR...,0,295,0,0,264,0,1
6.9372,24704,Rest,HAZIRLANIYOR...,0,303,0,0,254,0,0
6.9374,24705,Rest,HAZIRLANIYOR...,0,308,0,0,242,0,0
6.9374,24706,Rest,HAZIRLANIYOR...,0,311,0,0,233,0,0
6.9516,24707,Rest,HAZIRLANIYOR...,0,313,0,0,230,0,0
6.9517,24708,Rest,HAZIRLANIYOR...,0,318,0,0,221,0,0
6.9518,24709,Rest,HAZIRLANIYOR...,0,331,0,3,192,4,0
6.9518,24710,Rest,HAZIRLANIYOR...,0,347,2,28,139,7,0
6.9518,24711,Rest,HAZIRLANIYOR...,0,361,14,53,77,3,4
6.9518,24712,Rest,HAZIRLANIYOR...,0,369,23,78,16,0,10
6.9518,24713,Rest,HAZIRLANIYOR...,0,370,26,104,0,0,12
6.9518,24714,Rest,HAZIRLANIYOR...,0,367,22,129,0,0,6
6.9519,24715,Rest,HAZIRLANIYOR...,0,359,11,147,0,0,0
6.9519,24716,Rest,HAZIRLANIYOR...,0,347,0,159,0,0,0
6.9519,24717,Rest,HAZIRLANIYOR...,0,331,0,166,0,0,0
6.9519,24718,Rest,HAZIRLANIYOR...,0,311,0,169,0,0,0
6.9519,24719,Rest,HAZIRLANIYOR...,0,291,0,167,0,0,0
6.9519,24720,Rest,HAZIRLANIYOR...,0,268,0,158,0,0,0
6.9519,24721,Rest,HAZIRLANIYOR...,0,241,0,145,0,1,0
6.9519,24722,Rest,HAZIRLANIYOR...,0,210,0,132,0,1,0
6.9519,24723,Rest,HAZIRLANIYOR...,0,178,0,118,0,1,0
6.9519,24724,Rest,HAZIRLANIYOR...,0,142,0,101,0,0,0
6.9520,24725,Rest,HAZIRLANIYOR...,0,105,0,82,0,1,6
6.9520,24726,Rest,HAZIRLANIYOR...,0,69,4,66,0,7,10
6.9520,24727,Rest,HAZIRLANIYOR...,0,35,8,53,0,15,6
6.9520,24728,Rest,HAZIRLANIYOR...,0,6,11,42,0,14,1
6.9520,24729,Rest,HAZIRLANIYOR...,0,0,12,28,0,5,0
6.9520,24730,Rest,HAZIRLANIYOR...,0,0,10,12,24,1,0
6.9520,24731,Rest,HAZIRLANIYOR...,0,0,7,0,80,0,0
6.9521,24732,Rest,HAZIRLANIYOR...,0,0,6,0,129,0,0
6.9676,24733,Rest,HAZIRLANIYOR...,0,0,8,0,171,0,0
6.9678,24734,Rest,HAZIRLANIYOR...,0,0,10,0,211,0,0
6.9678,24735,Rest,HAZIRLANIYOR...,0,0,13,0,246,0,0
6.9678,24736,Rest,HAZIRLANIYOR...,0,0,15,0,273,0,1
6.9679,24737,Rest,HAZIRLANIYOR...,0,0,18,0,289,0,3
6.9679,24738,Rest,HAZIRLANIYOR...,0,0,23,0,293,0,1
6.9679,24739,Rest,HAZIRLANIYOR...,0,0,32,0,286,0,0
6.9679,24740,Rest,HAZIRLANIYOR...,0,0,44,0,270,3,0
6.9680,24741,Rest,HAZIRLANIYOR...,0,0,57,12,257,7,0
6.9680,24742,Rest,HAZIRLANIYOR...,0,0,71,26,251,2,1
6.9680,24743,Rest,HAZIRLANIYOR...,0,0,86,42,245,0,2
6.9680,24744,Rest,HAZIRLANIYOR...,0,0,102,58,223,0,1
6.9680,24745,Rest,HAZIRLANIYOR...,0,0,120,71,177,0,2
6.9680,24746,Rest,HAZIRLANIYOR...,0,0,138,81,114,2,7
6.9680,24747,Rest,HAZIRLANIYOR...,0,0,149,89,48,4,11
6.9681,24748,Rest,HAZIRLANIYOR...,0,0,153,94,0,0,4
6.9681,24749,Rest,HAZIRLANIYOR...,0,0,152,97,0,0,0
6.9681,24750,Rest,HAZIRLANIYOR...,0,0,150,98,0,0,0
6.9681,24751,Rest,HAZIRLANIYOR...,0,0,146,96,0,0,0
6.9681,24752,Rest,HAZIRLANIYOR...,0,0,139,91,0,0,0
6.9681,24753,Rest,HAZIRLANIYOR...,0,0,127,85,0,0,0
6.9681,24754,Rest,HAZIRLANIYOR...,0,0,110,78,0,0,0
6.9682,24755,Rest,HAZIRLANIYOR...,0,0,90,69,0,0,0
6.9682,24756,Rest,HAZIRLANIYOR...,0,0,66,59,0,1,0
6.9682,24757,Rest,HAZIRLANIYOR...,0,0,42,49,0,4,0
6.9682,24758,Rest,HAZIRLANIYOR...,0,0,18,39,0,2,0
6.9682,24759,Rest,HAZIRLANIYOR...,0,0,0,30,0,0,6
6.9683,24760,Rest,HAZIRLANIYOR...,0,0,0,21,0,0,10
6.9683,24761,Rest,HAZIRLANIYOR...,0,0,0,10,0,0,4
6.9827,24762,Rest,HAZIRLANIYOR...,0,0,0,0,0,0,0
6.9829,24763,Rest,HAZIRLANIYOR...,0,0,0,0,0,0,0
6.9829,24764,Rest,HAZIRLANIYOR...,0,0,0,0,0,0,0
6.9829,24765,Rest,HAZIRLANIYOR...,0,0,0,0,0,1,0
6.9829,24766,Rest,HAZIRLANIYOR...,0,0,0,0,60,2,0
6.9829,24767,Rest,HAZIRLANIYOR...,0,0,0,0,115,2,0
6.9830,24768,Rest,HAZIRLANIYOR...,0,0,0,0,154,2,0
6.9830,24769,Rest,HAZIRLANIYOR...,0,0,0,0,185,2,0
6.9830,24770,Rest,HAZIRLANIYOR...,0,0,0,0,221,2,0
6.9831,24771,Rest,HAZIRLANIYOR...,0,11,0,0,255,2,0
6.9831,24772,Rest,HAZIRLANIYOR...,0,54,0,0,279,2,3
6.9831,24773,Rest,HAZIRLANIYOR...,0,96,0,0,291,1,4
6.9831,24774,Rest,HAZIRLANIYOR...,0,138,0,0,291,1,2
6.9832,24775,Rest,HAZIRLANIYOR...,0,174,0,0,272,1,0
6.9832,24776,Rest,HAZIRLANIYOR...,0,204,0,0,251,1,0
6.9832,24777,Rest,HAZIRLANIYOR...,0,230,0,0,242,1,0
6.9832,24778,Rest,HAZIRLANIYOR...,0,251,0,0,234,2,0
6.9832,24779,Rest,HAZIRLANIYOR...,0,264,0,0,212,2,0
6.9832,24780,Rest,HAZIRLANIYOR...,0,270,0,0,175,2,0
6.9832,24781,Rest,HAZIRLANIYOR...,0,268,0,12,122,1,9
6.9833,24782,Rest,HAZIRLANIYOR...,0,263,20,30,59,1,14
6.9833,24783,Rest,HAZIRLANIYOR...,0,257,44,45,0,0,6
6.9833,24784,Rest,HAZIRLANIYOR...,0,251,65,51,0,0,0
6.9833,24785,Rest,HAZIRLANIYOR...,0,237,82,49,0,0,0
6.9833,24786,Rest,HAZIRLANIYOR...,0,212,97,42,0,0,0
6.9835,24787,Rest,HAZIRLANIYOR...,0,179,107,36,0,0,0
6.9981,24788,Rest,HAZIRLANIYOR...,0,143,112,31,0,0,0
6.9982,24789,Rest,HAZIRLANIYOR...,0,105,113,27,0,0,0
6.9982,24790,Rest,HAZIRLANIYOR...,0,66,111,23,0,2,0
6.9983,24791,Rest,HAZIRLANIYOR...,0,28,109,17,0,2,0
6.9983,24792,Rest,HAZIRLANIYOR...,0,0,105,8,0,0,0
6.9983,24793,Rest,HAZIRLANIYOR...,0,0,94,0,0,0,0
6.9983,24794,Rest,HAZIRLANIYOR...,0,0,78,0,0,0,0
6.9983,24795,Rest,HAZIRLANIYOR...,0,0,60,0,0,0,0
6.9983,24796,Rest,HAZIRLANIYOR...,0,0,41,0,0,0,0
6.9984,24797,Rest,HAZIRLANIYOR...,0,0,22,0,0,0,1
6.9984,24798,Rest,HAZIRLANIYOR...,0,0,2,0,0,0,2
6.9984,24799,Rest,HAZIRLANIYOR...,0,0,0,0,0,2,4
6.9984,24800,Rest,HAZIRLANIYOR...,0,0,0,0,0,7,9
6.9984,24801,Rest,HAZIRLANIYOR...,0,0,0,0,12,7,11
6.9984,24802,Rest,HAZIRLANIYOR...,0,0,0,0,69,4,5
6.9985,24803,Rest,HAZIRLANIYOR...,0,0,0,0,116,4,0
6.9985,24804,Rest,HAZIRLANIYOR...,0,0,0,0,159,4,0
6.9985,24805,Rest,HAZIRLANIYOR...,0,0,0,0,200,4,0
6.9985,24806,Rest,HAZIRLANIYOR...,0,0,0,0,236,3,2
6.9985,24807,Rest,HAZIRLANIYOR...,0,0,0,0,261,2,1
6.9985,24808,Rest,HAZIRLANIYOR...,0,0,0,0,274,1,0
6.9985,24809,Rest,HAZIRLANIYOR...,0,8,0,0,275,1,0
6.9986,24810,Rest,HAZIRLANIYOR...,0,48,0,0,268,0,0
6.9986,24811,Rest,HAZIRLANIYOR...,0,83,0,0,257,0,0
6.9986,24812,Rest,HAZIRLANIYOR...,0,114,0,0,246,0,0
6.9986,24813,Rest,HAZIRLANIYOR...,0,147,0,0,237,0,1
6.9986,24814,Rest,HAZIRLANIYOR...,0,185,0,3,227,0,5
6.9987,24815,Rest,HAZIRLANIYOR...,0,230,0,22,205,0,7
7.0131,24816,Rest,HAZIRLANIYOR...,0,277,3,41,159,0,0
7.0133,24817,Rest,HAZIRLANIYOR...,0,322,13,57,96,0,0
7.0133,24818,Rest,HAZIRLANIYOR...,0,358,22,71,31,0,0
7.0133,24819,Rest,HAZIRLANIYOR...,0,381,32,84,0,0,0
7.0133,24820,Rest,HAZIRLANIYOR...,0,388,40,94,0,3,0
7.0134,24821,Rest,HAZIRLANIYOR...,0,384,45,99,0,6,0
7.0134,24822,Rest,HAZIRLANIYOR...,0,371,45,97,0,0,0
7.0134,24823,Rest,HAZIRLANIYOR...,0,354,42,91,0,0,0
7.0134,24824,Rest,HAZIRLANIYOR...,0,336,38,85,0,0,0
7.0134,24825,Rest,HAZIRLANIYOR...,0,318,34,80,0,0,0
7.0134,24826,Rest,HAZIRLANIYOR...,0,296,31,76,0,0,0
7.0135,24827,Rest,HAZIRLANIYOR...,0,266,28,69,0,0,0
7.0135,24828,Rest,HAZIRLANIYOR...,0,228,27,61,0,0,0
7.0135,24829,Rest,HAZIRLANIYOR...,0,186,28,52,0,0,0
7.0135,24830,Rest,HAZIRLANIYOR...,0,146,29,40,0,0,6
7.0135,24831,Rest,HAZIRLANIYOR...,0,109,30,27,0,1,10
7.0135,24832,Rest,HAZIRLANIYOR...,0,72,31,13,0,2,3
7.0135,24833,Rest,HAZIRLANIYOR...,0,33,31,0,0,4,0
7.0136,24834,Rest,HAZIRLANIYOR...,0,0,31,0,0,2,0
7.0136,24835,Rest,HAZIRLANIYOR...,0,0,29,0,0,0,0
7.0136,24836,Rest,HAZIRLANIYOR...,0,0,27,0,7,0,0
7.0136,24837,Rest,HAZIRLANIYOR...,0,0,23,0,65,6,0
7.0136,24838,Rest,HAZIRLANIYOR...,0,0,16,0,114,11,0
7.0136,24839,Rest,HAZIRLANIYOR...,0,0,8,0,159,9,0
7.0136,24840,Rest,HAZIRLANIYOR...,0,0,2,0,201,2,3
7.0137,24841,Rest,HAZIRLANIYOR...,0,0,0,0,238,0,3
7.0292,24842,Rest,HAZIRLANIYOR...,0,0,0,0,267,0,0
7.0294,24843,Rest,HAZIRLANIYOR...,0,0,0,0,285,0,0
7.0294,24844,Rest,HAZIRLANIYOR...,0,0,0,0,294,0,0
7.0294,24845,Rest,HAZIRLANIYOR...,0,0,0,0,293,0,2
7.0294,24846,Rest,HAZIRLANIYOR...,0,0,0,0,280,0,1
7.0294,24847,Rest,HAZIRLANIYOR...,0,0,0,7,261,0,0
7.0295,24848,Rest,HAZIRLANIYOR...,0,0,0,12,247,0,0
7.0295,24849,Rest,HAZIRLANIYOR...,0,0,2,15,244,0,1
7.0295,24850,Rest,HAZIRLANIYOR...,0,0,7,17,231,2,1
7.0295,24851,Rest,HAZIRLANIYOR...,0,0,13,21,187,2,2
7.0295,24852,Rest,HAZIRLANIYOR...,0,0,16,25,118,0,8
7.0296,24853,Rest,HAZIRLANIYOR...,0,0,17,27,49,0,11
7.0296,24854,Rest,HAZIRLANIYOR...,0,0,18,27,0,0,5
7.0296,24855,Rest,HAZIRLANIYOR...,0,0,19,28,0,0,0
7.0296,24856,Rest,HAZIRLANIYOR...,0,0,18,29,0,1,0
7.0296,24857,Rest,HAZIRLANIYOR...,0,0,14,28,0,2,0
7.0296,24858,Rest,HAZIRLANIYOR...,0,0,9,26,0,0,0
7.0297,24859,Rest,HAZIRLANIYOR...,0,0,5,24,0,0,0
7.0297,24860,Rest,HAZIRLANIYOR...,0,0,1,21,0,0,0
7.0297,24861,Rest,HAZIRLANIYOR...,0,0,0,14,0,8,0
7.0297,24862,Rest,HAZIRLANIYOR...,0,0,0,3,0,16,0
7.0297,24863,Rest,HAZIRLANIYOR...,0,0,0,0,0,14,0
7.0297,24864,Rest,HAZIRLANIYOR...,0,25,0,0,0,0,0
7.0297,24865,Rest,HAZIRLANIYOR...,0,47,0,0,0,0,2
7.0298,24866,Rest,HAZIRLANIYOR...,0,68,0,0,0,0,2
7.0298,24867,Rest,HAZIRLANIYOR...,0,88,0,0,0,0,2
7.0298,24868,Rest,HAZIRLANIYOR...,0,105,0,0,0,0,2
7.0298,24869,Rest,HAZIRLANIYOR...,0,118,0,0,0,0,1
7.0299,24870,Rest,HAZIRLANIYOR...,0,127,0,0,0,0,1
7.0445,24871,Rest,HAZIRLANIYOR...,0,134,0,0,0,1,7
7.0446,24872,Rest,HAZIRLANIYOR...,0,140,0,0,23,6,9
7.0446,24873,Rest,HAZIRLANIYOR...,0,150,0,0,80,7,2
7.0446,24874,Rest,HAZIRLANIYOR...,0,164,0,0,124,4,0
7.0446,24875,Rest,HAZIRLANIYOR...,0,180,0,0,164,1,0
7.0446,24876,Rest,HAZIRLANIYOR...,0,200,0,0,205,2,8
7.0446,24877,Rest,HAZIRLANIYOR...,0,221,0,0,239,2,13
7.0447,24878,Rest,HAZIRLANIYOR...,0,242,0,0,262,1,2
7.0447,24879,Rest,HAZIRLANIYOR...,0,261,0,0,274,0,0
7.0447,24880,Rest,HAZIRLANIYOR...,0,282,0,0,276,1,0
7.0447,24881,Rest,HAZIRLANIYOR...,0,300,0,0,269,2,2
7.0447,24882,Rest,HAZIRLANIYOR...,0,309,0,0,259,3,10
7.0447,24883,Rest,HAZIRLANIYOR...,0,310,0,5,255,2,2
7.0448,24884,Rest,HAZIRLANIYOR...,0,312,7,23,258,2,0
7.0448,24885,Rest,HAZIRLANIYOR...,0,313,17,39,248,2,0
7.0448,24886,Rest,HAZIRLANIYOR...,0,311,27,56,207,2,2
7.0448,24887,Rest,HAZIRLANIYOR...,0,303,40,72,147,1,8
7.0448,24888,Rest,HAZIRLANIYOR...,0,288,55,87,91,0,0
7.0448,24889,Rest,HAZIRLANIYOR...,0,269,67,97,38,0,0
7.0448,24890,Rest,HAZIRLANIYOR...,0,243,77,106,0,0,0
7.0449,24891,Rest,HAZIRLANIYOR...,0,211,84,115,0,0,0
7.0449,24892,Rest,HAZIRLANIYOR...,0,176,90,119,0,0,0
7.0449,24893,Rest,HAZIRLANIYOR...,0,139,94,119,0,0,0
7.0450,24894,Rest,HAZIRLANIYOR...,0,99,94,115,0,0,0
7.0450,24895,Rest,HAZIRLANIYOR...,0,56,90,110,0,2,0
7.0451,24896,Rest,HAZIRLANIYOR...,0,11,84,102,0,5,1
7.0451,24897,Rest,HAZIRLANIYOR...,0,0,77,91,0,1,7
7.0599,24898,Rest,HAZIRLANIYOR...,0,0,69,80,0,0,9
7.0600,24899,Rest,HAZIRLANIYOR...,0,0,60,69,0,0,2
7.0601,24900,Rest,HAZIRLANIYOR...,0,0,49,57,0,0,0
7.0601,24901,Rest,HAZIRLANIYOR...,0,0,36,39,0,0,0
7.0601,24902,Rest,HAZIRLANIYOR...,0,0,23,18,0,0,0
7.0601,24903,Rest,HAZIRLANIYOR...,0,0,9,0,0,0,0
7.0602,24904,Rest,HAZIRLANIYOR...,0,0,0,0,0,0,0
7.0602,24905,Rest,HAZIRLANIYOR...,0,0,0,0,0,0,4
7.0602,24906,Rest,HAZIRLANIYOR...,0,0,0,0,0,2,9
7.0602,24907,Rest,HAZIRLANIYOR...,0,0,0,0,11,2,3
7.0602,24908,Rest,HAZIRLANIYOR...,0,0,0,0,67,2,0
7.0602,24909,Rest,HAZIRLANIYOR...,0,0,0,0,114,2,0
7.0602,24910,Rest,HAZIRLANIYOR...,0,0,0,0,155,2,0
7.0603,24911,Rest,HAZIRLANIYOR...,0,0,0,0,193,2,0
7.0603,24912,Rest,HAZIRLANIYOR...,0,0,0,0,229,2,0
7.0603,24913,Rest,HAZIRLANIYOR...,0,0,0,0,256,2,0
7.0603,24914,Rest,HAZIRLANIYOR...,0,0,0,0,271,3,0
7.0603,24915,Rest,HAZIRLANIYOR...,0,0,0,0,274,3,1
7.0604,24916,Rest,HAZIRLANIYOR...,0,0,0,0,269,3,2
7.0604,24917,Rest,HAZIRLANIYOR...,0,30,0,0,257,1,2
7.0604,24918,Rest,HAZIRLANIYOR...,0,75,0,0,245,0,1
7.0604,24919,Rest,HAZIRLANIYOR...,0,118,0,8,236,1,0
7.0604,24920,Rest,HAZIRLANIYOR...,0,154,2,21,231,1,0
7.0604,24921,Rest,HAZIRLANIYOR...,0,179,10,33,218,2,1
7.0608,24922,Rest,HAZIRLANIYOR...,0,191,19,45,180,7,4
7.0608,24923,Rest,HAZIRLANIYOR...,0,190,29,54,118,12,5
7.0610,24924,Rest,HAZIRLANIYOR...,0,178,38,61,49,8,4
7.0610,24925,Rest,HAZIRLANIYOR...,0,152,45,64,0,0,3
7.0611,24926,Rest,HAZIRLANIYOR...,0,118,51,64,0,0,4
7.0759,24927,Rest,HAZIRLANIYOR...,0,81,56,63,0,0,4
7.0760,24928,Rest,HAZIRLANIYOR...,0,49,59,60,0,2,3
7.0762,24929,Rest,HAZIRLANIYOR...,0,22,58,56,0,0,1
7.0763,24930,Rest,HAZIRLANIYOR...,0,1,54,54,0,0,0
7.0763,24931,Rest,HAZIRLANIYOR...,0,0,49,55,0,0,0
7.0763,24932,Rest,HAZIRLANIYOR...,0,0,45,56,0,0,1
7.0763,24933,Rest,HAZIRLANIYOR...,0,0,41,57,0,0,1
7.0763,24934,Rest,HAZIRLANIYOR...,0,0,37,53,0,0,1
7.0763,24935,Rest,HAZIRLANIYOR...,0,0,34,47,0,0,1
7.0763,24936,Rest,HAZIRLANIYOR...,0,0,32,40,0,0,0
7.0764,24937,Rest,HAZIRLANIYOR...,0,0,32,31,0,0,0
7.0764,24938,Rest,HAZIRLANIYOR...,0,0,32,20,0,0,0
7.0764,24939,Rest,HAZIRLANIYOR...,0,0,33,6,0,0,0
7.0764,24940,Rest,HAZIRLANIYOR...,0,0,31,0,0,2,1
7.0764,24941,Rest,HAZIRLANIYOR...,0,0,25,0,0,3,10
7.0764,24942,Rest,HAZIRLANIYOR...,0,0,18,0,0,3,15
7.0764,24943,Rest,HAZIRLANIYOR...,0,0,11,0,48,2,11
7.0764,24944,Rest,HAZIRLANIYOR...,0,0,3,0,105,1,2
7.0765,24945,Rest,HAZIRLANIYOR...,0,0,0,0,151,0,0
7.0765,24946,Rest,HAZIRLANIYOR...,0,0,0,0,180,0,0
7.0765,24947,Rest,HAZIRLANIYOR...,0,0,0,0,203,2,0
7.0765,24948,Rest,HAZIRLANIYOR...,0,0,0,0,231,4,0
7.0765,24949,Rest,HAZIRLANIYOR...,0,0,0,0,255,3,0
7.0765,24950,Rest,HAZIRLANIYOR...,0,0,0,0,266,2,1
7.0765,24951,Rest,HAZIRLANIYOR...,0,0,0,0,260,2,2
7.0766,24952,Rest,HAZIRLANIYOR...,0,0,0,0,248,3,0
7.0766,24953,Rest,HAZIRLANIYOR...,0,0,0,0,235,3,0
7.0918,24954,Rest,HAZIRLANIYOR...,0,0,0,0,226,3,0
7.0920,24955,Rest,HAZIRLANIYOR...,0,0,0,0,221,2,0
7.0920,24956,Rest,HAZIRLANIYOR...,0,13,0,3,210,2,1
7.0920,24957,Rest,HAZIRLANIYOR...,0,52,0,14,181,4,0
7.0920,24958,Rest,HAZIRLANIYOR...,0,84,0,27,130,6,0
7.0921,24959,Rest,HAZIRLANIYOR...,0,109,0,42,68,5,0
7.0921,24960,Rest,HAZIRLANIYOR...,0,125,0,55,8,3,0
7.0921,24961,Rest,HAZIRLANIYOR...,0,132,0,66,0,0,0
7.0921,24962,Rest,HAZIRLANIYOR...,0,127,0,73,0,0,1
7.0921,24963,Rest,HAZIRLANIYOR...,0,111,0,77,0,0,0
7.0922,24964,Rest,HAZIRLANIYOR...,0,92,0,77,0,0,0
7.0922,24965,Rest,HAZIRLANIYOR...,0,77,6,77,0,0,0
7.0922,24966,Rest,HAZIRLANIYOR...,0,72,10,76,0,0,0
7.0922,24967,Rest,HAZIRLANIYOR...,0,74,12,71,0,0,1
7.0923,24968,Rest,HAZIRLANIYOR...,0,81,10,62,0,0,2
7.0923,24969,Rest,HAZIRLANIYOR...,0,91,5,49,0,0,7
7.0923,24970,Rest,HAZIRLANIYOR...,0,105,0,35,0,0,13
7.0923,24971,Rest,HAZIRLANIYOR...,0,119,0,22,0,0,7
7.0923,24972,Rest,HAZIRLANIYOR...,0,131,0,9,0,0,0
7.0924,24973,Rest,HAZIRLANIYOR...,0,142,0,0,0,1,0
7.0924,24974,Rest,HAZIRLANIYOR...,0,150,0,0,0,7,0
7.0924,24975,Rest,HAZIRLANIYOR...,0,157,0,0,0,10,1
7.0924,24976,Rest,HAZIRLANIYOR...,0,160,0,0,0,6,0
7.0924,24977,Rest,HAZIRLANIYOR...,0,159,0,0,0,4,0
7.0924,24978,Rest,HAZIRLANIYOR...,0,157,0,0,23,6,0
7.0925,24979,Rest,HAZIRLANIYOR...,0,154,0,0,72,4,0
7.0927,24980,Rest,HAZIRLANIYOR...,0,154,0,0,113,0,0
7.0927,24981,Rest,HAZIRLANIYOR...,0,157,0,0,152,0,0
7.0928,24982,Rest,HAZIRLANIYOR...,0,160,0,0,192,0,0
7.1079,24983,Rest,HAZIRLANIYOR...,0,153,0,0,230,1,0
7.1080,24984,Rest,HAZIRLANIYOR...,0,135,0,0,256,6,0
7.1081,24985,Rest,HAZIRLANIYOR...,0,112,0,0,262,13,0
7.1081,24986,Rest,HAZIRLANIYOR...,0,90,0,0,255,11,0
7.1081,24987,Rest,HAZIRLANIYOR...,0,70,5,0,247,0,0
7.1081,24988,Rest,HAZIRLANIYOR...,0,51,11,0,236,0,0
7.1081,24989,Rest,HAZIRLANIYOR...,0,34,17,0,223,0,0
7.1081,24990,Rest,HAZIRLANIYOR...,0,23,24,0,215,0,0
7.1082,24991,Rest,HAZIRLANIYOR...,0,16,32,0,211,0,0
7.1082,24992,Rest,HAZIRLANIYOR...,0,15,38,14,196,0,0
7.1082,24993,Rest,HAZIRLANIYOR...,0,19,42,37,157,0,4
7.1082,24994,Rest,HAZIRLANIYOR...,0,28,47,54,99,0,8
7.1082,24995,Rest,HAZIRLANIYOR...,0,38,52,65,38,0,10
7.1082,24996,Rest,HAZIRLANIYOR...,0,48,55,74,0,0,3
7.1082,24997,Rest,HAZIRLANIYOR...,0,58,55,82,0,0,0
7.1082,24998,Rest,HAZIRLANIYOR...,0,70,54,85,0,0,0
7.1082,24999,Rest,HAZIRLANIYOR...,0,84,52,86,0,0,0
7.1082,25000,Rest,HAZIRLANIYOR...,0,97,48,84,0,1,0
7.1082,25001,Rest,HAZIRLANIYOR...,0,106,43,80,0,5,0
7.1082,25002,Rest,HAZIRLANIYOR...,0,112,37,72,0,1,0
7.1082,25003,Rest,HAZIRLANIYOR...,0,115,32,64,0,0,0
7.1083,25004,Rest,HAZIRLANIYOR...,0,116,26,54,0,0,0
7.1083,25005,Rest,HAZIRLANIYOR...,0,114,19,42,0,0,0
7.1083,25006,Rest,HAZIRLANIYOR...,0,111,11,27,0,0,0
7.1083,25007,Rest,HAZIRLANIYOR...,0,110,3,14,0,2,0
7.1083,25008,Rest,HAZIRLANIYOR...,0,113,0,1,0,6,6
7.1083,25009,Rest,HAZIRLANIYOR...,0,123,0,0,0,9,8
7.1243,25010,Rest,HAZIRLANIYOR...,0,140,0,0,0,2,1
7.1244,25011,Rest,HAZIRLANIYOR...,0,164,0,0,0,0,0
7.1244,25012,Rest,HAZIRLANIYOR...,0,190,0,0,0,0,0
7.1244,25013,Rest,HAZIRLANIYOR...,0,214,0,0,0,0,0
7.1244,25014,Rest,HAZIRLANIYOR...,0,235,0,0,46,5,0
7.1245,25015,Rest,HAZIRLANIYOR...,0,249,0,0,97,4,0
7.1245,25016,Rest,HAZIRLANIYOR...,0,259,0,0,137,2,0
7.1245,25017,Rest,HAZIRLANIYOR...,0,264,0,0,169,3,3
7.1245,25018,Rest,HAZIRLANIYOR...,0,264,0,0,206,7,5
7.1245,25019,Rest,HAZIRLANIYOR...,0,256,0,0,241,8,4
7.1246,25020,Rest,HAZIRLANIYOR...,0,244,0,0,262,2,1
7.1246,25021,Rest,HAZIRLANIYOR...,0,232,0,0,266,0,0
7.1246,25022,Rest,HAZIRLANIYOR...,0,223,0,0,260,0,0
7.1247,25023,Rest,HAZIRLANIYOR...,0,212,5,0,249,0,0
7.1247,25024,Rest,HAZIRLANIYOR...,0,197,17,0,234,3,1
7.1247,25025,Rest,HAZIRLANIYOR...,0,176,26,0,224,7,0
7.1247,25026,Rest,HAZIRLANIYOR...,0,150,33,0,219,11,0
7.1248,25027,Rest,HAZIRLANIYOR...,0,124,39,0,208,4,0
7.1248,25028,Rest,HAZIRLANIYOR...,0,99,44,12,175,0,2
7.1248,25029,Rest,HAZIRLANIYOR...,0,75,49,23,122,0,1
7.1249,25030,Rest,HAZIRLANIYOR...,0,52,52,36,61,0,0
7.1249,25031,Rest,HAZIRLANIYOR...,0,29,57,49,3,0,0
7.1249,25032,Rest,HAZIRLANIYOR...,0,4,60,58,0,0,2
7.1249,25033,Rest,HAZIRLANIYOR...,0,0,60,62,0,0,2
7.1249,25034,Rest,HAZIRLANIYOR...,0,0,58,64,0,0,2
7.1249,25035,Rest,HAZIRLANIYOR...,0,0,55,65,0,0,1
7.1249,25036,Rest,HAZIRLANIYOR...,0,0,52,63,0,0,1
7.1249,25037,Rest,HAZIRLANIYOR...,0,0,47,56,0,0,1
7.1250,25038,Rest,HAZIRLANIYOR...,0,0,40,47,0,0,0
7.1251,25039,Rest,HAZIRLANIYOR...,0,0,33,40,0,0,0
7.1401,25040,Rest,HAZIRLANIYOR...,0,0,27,34,0,0,0
7.1403,25041,Rest,HAZIRLANIYOR...,0,0,22,24,0,0,0
7.1403,25042,Rest,HAZIRLANIYOR...,0,0,14,9,0,0,0
7.1403,25043,Rest,HAZIRLANIYOR...,0,0,5,0,0,0,0
7.1403,25044,Rest,HAZIRLANIYOR...,0,0,0,0,0,3,6
7.1404,25045,Rest,HAZIRLANIYOR...,0,0,0,0,0,7,11
7.1404,25046,Rest,HAZIRLANIYOR...,0,0,0,0,0,2,6
7.1404,25047,Rest,HAZIRLANIYOR...,0,0,0,0,0,0,0
7.1404,25048,Rest,HAZIRLANIYOR...,0,0,0,0,0,0,0
7.1404,25049,Rest,HAZIRLANIYOR...,0,0,0,0,28,1,0
7.1404,25050,Rest,HAZIRLANIYOR...,0,0,0,0,76,4,0
7.1405,25051,Rest,HAZIRLANIYOR...,0,0,0,0,117,4,0
7.1405,25052,Rest,HAZIRLANIYOR...,0,0,0,0,157,6,0
7.1405,25053,Rest,HAZIRLANIYOR...,0,0,0,0,195,8,0
7.1405,25054,Rest,HAZIRLANIYOR...,0,0,0,0,229,5,0
7.1406,25055,Rest,HAZIRLANIYOR...,0,0,0,0,253,0,3
7.1406,25056,Rest,HAZIRLANIYOR...,0,0,0,0,265,0,3
7.1406,25057,Rest,HAZIRLANIYOR...,0,0,0,0,266,0,0
7.1406,25058,Rest,HAZIRLANIYOR...,0,0,0,0,259,0,0
7.1407,25059,Rest,HAZIRLANIYOR...,0,0,0,0,247,0,0
7.1407,25060,Rest,HAZIRLANIYOR...,0,0,0,0,238,1,0
7.1407,25061,Rest,HAZIRLANIYOR...,0,0,0,9,233,3,0
7.1407,25062,Rest,HAZIRLANIYOR...,0,0,0,26,222,1,0
7.1407,25063,Rest,HAZIRLANIYOR...,0,0,0,41,197,0,0
7.1407,25064,Rest,HAZIRLANIYOR...,0,0,0,53,156,0,0
7.1408,25065,Rest,HAZIRLANIYOR...,0,24,0,64,101,1,0
7.1409,25066,Rest,HAZIRLANIYOR...,0,63,0,74,37,4,0
7.1409,25067,Rest,HAZIRLANIYOR...,0,99,0,82,0,6,0
7.1553,25068,Rest,HAZIRLANIYOR...,0,132,0,85,0,1,0
7.1554,25069,Rest,HAZIRLANIYOR...,0,162,0,85,0,0,0
7.1554,25070,Rest,HAZIRLANIYOR...,0,190,0,84,0,0,0
7.1554,25071,Rest,HAZIRLANIYOR...,0,210,0,84,0,0,1
7.1555,25072,Rest,HAZIRLANIYOR...,0,223,3,79,0,0,6
7.1555,25073,Rest,HAZIRLANIYOR...,0,229,11,69,0,0,10
7.1555,25074,Rest,HAZIRLANIYOR...,0,227,16,54,0,0,4
7.1555,25075,Rest,HAZIRLANIYOR...,0,217,21,40,0,0,0
7.1556,25076,Rest,HAZIRLANIYOR...,0,202,27,27,0,0,0
7.1556,25077,Rest,HAZIRLANIYOR...,0,186,33,15,0,4,0
7.1556,25078,Rest,HAZIRLANIYOR...,0,173,39,1,0,6,0
7.1556,25079,Rest,HAZIRLANIYOR...,0,161,40,0,0,0,0
7.1556,25080,Rest,HAZIRLANIYOR...,0,148,36,0,0,0,2
7.1556,25081,Rest,HAZIRLANIYOR...,0,140,32,0,0,0,6
7.1557,25082,Rest,HAZIRLANIYOR...,0,142,30,0,0,0,1
7.1557,25083,Rest,HAZIRLANIYOR...,0,155,30,0,0,1,0
7.1557,25084,Rest,HAZIRLANIYOR...,0,174,28,0,0,3,0
7.1557,25085,Rest,HAZIRLANIYOR...,0,198,24,0,51,3,0
7.1557,25086,Rest,HAZIRLANIYOR...,0,225,19,0,93,3,0
7.1557,25087,Rest,HAZIRLANIYOR...,0,251,13,0,137,4,0
7.1563,25088,Rest,HAZIRLANIYOR...,0,273,7,0,184,3,0
7.1563,25089,Rest,HAZIRLANIYOR...,0,292,0,0,223,2,0
7.1563,25090,Rest,HAZIRLANIYOR...,0,307,0,0,248,1,0
7.1563,25091,Rest,HAZIRLANIYOR...,0,321,0,0,264,1,0
7.1564,25092,Rest,HAZIRLANIYOR...,0,332,0,0,272,1,0
7.1565,25093,Rest,HAZIRLANIYOR...,0,343,0,0,270,1,2
7.1565,25094,Rest,HAZIRLANIYOR...,0,350,0,0,258,0,2
7.1566,25095,Rest,HAZIRLANIYOR...,0,349,0,0,242,0,1
7.1713,25096,Rest,HAZIRLANIYOR...,0,340,0,8,231,0,0
7.1714,25097,Rest,HAZIRLANIYOR...,0,324,0,17,225,0,0
7.1715,25098,Rest,HAZIRLANIYOR...,0,306,0,26,213,0,0
7.1715,25099,Rest,HAZIRLANIYOR...,0,283,0,36,182,0,2
7.1715,25100,Rest,HAZIRLANIYOR...,0,255,0,46,128,0,7
7.1715,25101,Rest,HAZIRLANIYOR...,0,223,4,54,65,0,11
7.1715,25102,Rest,HAZIRLANIYOR...,0,186,19,61,2,0,5
7.1715,25103,Rest,HAZIRLANIYOR...,0,148,31,66,0,0,0
7.1716,25104,Rest,HAZIRLANIYOR...,0,110,39,67,0,0,0
7.1716,25105,Rest,HAZIRLANIYOR...,0,73,44,66,0,0,0
7.1716,25106,Rest,HAZIRLANIYOR...,0,38,46,64,0,0,0
7.1716,25107,Rest,HAZIRLANIYOR...,0,1,45,59,0,0,0
7.1716,25108,Rest,HAZIRLANIYOR...,0,0,41,52,0,0,0
7.1717,25109,Rest,HAZIRLANIYOR...,0,0,34,43,0,0,0
7.1717,25110,Rest,HAZIRLANIYOR...,0,0,27,35,0,0,0
7.1717,25111,Rest,HAZIRLANIYOR...,0,0,19,27,0,0,0
7.1717,25112,Rest,HAZIRLANIYOR...,0,0,12,20,0,0,0
7.1717,25113,Rest,HAZIRLANIYOR...,0,0,5,13,0,0,0
7.1717,25114,Rest,HAZIRLANIYOR...,0,0,0,5,0,0,0
7.1717,25115,Rest,HAZIRLANIYOR...,0,0,0,0,0,1,0
7.1718,25116,Rest,HAZIRLANIYOR...,0,0,0,0,0,1,3
7.1718,25117,Rest,HAZIRLANIYOR...,0,0,0,0,0,1,5
7.1718,25118,Rest,HAZIRLANIYOR...,0,0,0,0,0,2,2
7.1718,25119,Rest,HAZIRLANIYOR...,0,0,0,0,0,2,0
7.1718,25120,Rest,HAZIRLANIYOR...,0,0,0,0,34,2,0
7.1718,25121,Rest,HAZIRLANIYOR...,0,0,0,0,82,2,0
7.1720,25122,Rest,HAZIRLANIYOR...,0,0,0,0,116,0,0
7.1864,25123,Rest,HAZIRLANIYOR...,0,0,0,0,154,0,0
7.1866,25124,Rest,HAZIRLANIYOR...,0,0,0,0,193,1,0
7.1866,25125,Rest,HAZIRLANIYOR...,0,0,0,0,222,10,1
7.1866,25126,Rest,HAZIRLANIYOR...,0,0,0,0,240,14,1
7.1867,25127,Rest,HAZIRLANIYOR...,0,0,0,0,250,6,0
7.1867,25128,Rest,HAZIRLANIYOR...,0,0,0,0,255,0,0
7.1867,25129,Rest,HAZIRLANIYOR...,0,0,0,0,252,0,0
7.1867,25130,Rest,HAZIRLANIYOR...,0,0,7,2,241,0,2
7.1867,25131,Rest,HAZIRLANIYOR...,0,0,18,35,230,0,6
7.1867,25132,Rest,HAZIRLANIYOR...,0,0,24,60,226,0,9
7.1868,25133,Rest,HAZIRLANIYOR...,0,20,30,77,221,0,8
7.1868,25134,Rest,HAZIRLANIYOR...,0,39,37,89,198,0,5
7.1868,25135,Rest,HAZIRLANIYOR...,0,53,42,95,151,0,0
7.1868,25136,Rest,HAZIRLANIYOR...,0,63,47,99,85,0,0
7.1868,25137,Rest,HAZIRLANIYOR...,0,71,51,102,19,0,0
7.1869,25138,Rest,HAZIRLANIYOR...,0,77,54,104,0,1,0
7.1869,25139,Rest,HAZIRLANIYOR...,0,78,56,101,0,4,0
7.1869,25140,Rest,HAZIRLANIYOR...,0,76,54,95,0,0,0
7.1869,25141,Rest,HAZIRLANIYOR...,0,72,49,87,0,0,0
7.1870,25142,Rest,HAZIRLANIYOR...,0,64,43,80,0,0,0
7.1870,25143,Rest,HAZIRLANIYOR...,0,54,37,70,0,0,0
7.1870,25144,Rest,HAZIRLANIYOR...,0,39,30,57,0,0,5
7.1870,25145,Rest,HAZIRLANIYOR...,0,22,20,45,0,0,9
7.1870,25146,Rest,HAZIRLANIYOR...,0,1,8,33,0,0,4
7.1871,25147,Rest,HAZIRLANIYOR...,0,0,0,19,0,0,0
7.1871,25148,Rest,HAZIRLANIYOR...,0,0,0,3,0,0,0
7.1872,25149,Rest,HAZIRLANIYOR...,0,0,0,0,0,0,0
7.2016,25150,Rest,HAZIRLANIYOR...,0,0,0,0,0,0,0
7.2018,25151,Rest,HAZIRLANIYOR...,0,0,0,0,0,0,0
7.2018,25152,Rest,HAZIRLANIYOR...,0,0,0,0,0,1,0
7.2018,25153,Rest,HAZIRLANIYOR...,0,0,0,0,0,1,0
7.2018,25154,Rest,HAZIRLANIYOR...,0,0,0,0,0,2,0
7.2018,25155,Rest,HAZIRLANIYOR...,0,0,0,0,9,3,0
7.2018,25156,Rest,HAZIRLANIYOR...,0,0,0,0,63,4,0
7.2019,25157,Rest,HAZIRLANIYOR...,0,0,0,0,111,5,0
7.2019,25158,Rest,HAZIRLANIYOR...,0,0,0,0,152,4,0
7.2019,25159,Rest,HAZIRLANIYOR...,0,0,0,0,187,4,0
7.2019,25160,Rest,HAZIRLANIYOR...,0,0,0,0,221,4,0
7.2019,25161,Rest,HAZIRLANIYOR...,0,0,0,0,254,4,0
7.2019,25162,Rest,HAZIRLANIYOR...,0,6,0,0,275,2,2
7.2020,25163,Rest,HAZIRLANIYOR...,0,48,0,0,274,0,2
7.2020,25164,Rest,HAZIRLANIYOR...,0,86,0,0,259,0,1
7.2020,25165,Rest,HAZIRLANIYOR...,0,122,0,0,244,0,1
7.2020,25166,Rest,HAZIRLANIYOR...,0,154,0,0,235,0,1
7.2020,25167,Rest,HAZIRLANIYOR...,0,180,0,10,230,0,0
7.2021,25168,Rest,HAZIRLANIYOR...,0,202,0,23,226,0,0
7.2021,25169,Rest,HAZIRLANIYOR...,0,219,10,35,210,2,0
7.2021,25170,Rest,HAZIRLANIYOR...,0,231,20,47,170,1,0
7.2021,25171,Rest,HAZIRLANIYOR...,0,238,31,58,112,0,0
7.2021,25172,Rest,HAZIRLANIYOR...,0,239,44,67,50,0,1
7.2021,25173,Rest,HAZIRLANIYOR...,0,230,55,75,0,0,2
7.2022,25174,Rest,HAZIRLANIYOR...,0,205,62,81,0,0,2
7.2023,25175,Rest,HAZIRLANIYOR...,0,168,64,85,0,0,1
7.2023,25176,Rest,HAZIRLANIYOR...,0,127,63,84,0,0,1
7.2168,25177,Rest,HAZIRLANIYOR...,0,87,60,80,0,0,0
7.2169,25178,Rest,HAZIRLANIYOR...,0,45,56,73,0,0,0
7.2169,25179,Rest,HAZIRLANIYOR...,0,2,52,66,0,0,0
7.2169,25180,Rest,HAZIRLANIYOR...,0,0,48,59,0,0,0
7.2170,25181,Rest,HAZIRLANIYOR...,0,0,44,52,0,5,0
7.2170,25182,Rest,HAZIRLANIYOR...,0,0,37,42,0,6,2
7.2170,25183,Rest,HAZIRLANIYOR...,0,0,29,30,0,0,2
7.2170,25184,Rest,HAZIRLANIYOR...,0,0,20,17,0,0,0
7.2170,25185,Rest,HAZIRLANIYOR...,0,0,11,2,0,0,4
7.2170,25186,Rest,HAZIRLANIYOR...,0,0,2,0,0,8,9
7.2171,25187,Rest,HAZIRLANIYOR...,0,0,0,0,0,5,6
7.2171,25188,Rest,HAZIRLANIYOR...,0,0,0,0,0,0,0
7.2171,25189,Rest,HAZIRLANIYOR...,0,0,0,0,0,0,0
7.2171,25190,Rest,HAZIRLANIYOR...,0,0,0,0,0,0,0
7.2171,25191,Rest,HAZIRLANIYOR...,0,0,0,0,48,3,8
7.2171,25192,Rest,HAZIRLANIYOR...,0,0,0,0,97,2,10
7.2172,25193,Rest,HAZIRLANIYOR...,0,24,0,0,137,5,1
7.2172,25194,Rest,HAZIRLANIYOR...,0,74,0,0,172,9,0
7.2172,25195,Rest,HAZIRLANIYOR...,0,125,0,0,208,7,0
7.2173,25196,Rest,HAZIRLANIYOR...,0,174,0,0,240,1,3
7.2173,25197,Rest,HAZIRLANIYOR...,0,219,0,0,261,0,0
7.2173,25198,Rest,HAZIRLANIYOR...,0,259,0,0,270,0,0
7.2173,25199,Rest,HAZIRLANIYOR...,0,293,0,0,268,0,0
7.2174,25200,Rest,HAZIRLANIYOR...,0,319,0,0,259,4,2
7.2174,25201,Rest,HAZIRLANIYOR...,0,337,0,0,245,12,4
7.2175,25202,Rest,HAZIRLANIYOR...,0,347,7,0,230,11,0
7.2175,25203,Rest,HAZIRLANIYOR...,0,349,18,0,219,0,0
7.2327,25204,Rest,HAZIRLANIYOR...,0,341,30,0,210,0,0
7.2329,25205,Rest,HAZIRLANIYOR...,0,321,42,0,186,0,3
7.2329,25206,Rest,HAZIRLANIYOR...,0,284,52,4,137,0,0
7.2329,25207,Rest,HAZIRLANIYOR...,0,233,58,15,74,0,0
7.2329,25208,Rest,HAZIRLANIYOR...,0,175,64,24,11,0,0
7.2329,25209,Rest,HAZIRLANIYOR...,0,114,69,31,0,0,0
7.2330,25210,Rest,HAZIRLANIYOR...,0,49,73,36,0,0,0
7.2330,25211,Rest,HAZIRLANIYOR...,0,0,73,40,0,0,0
7.2330,25212,Rest,HAZIRLANIYOR...,0,0,69,43,0,0,0
7.2330,25213,Rest,HAZIRLANIYOR...,0,0,64,44,0,0,0
7.2330,25214,Rest,HAZIRLANIYOR...,0,0,58,41,0,0,0
7.2330,25215,Rest,HAZIRLANIYOR...,0,0,51,39,0,0,0
7.2330,25216,Rest,HAZIRLANIYOR...,0,0,45,37,0,0,0
7.2331,25217,Rest,HAZIRLANIYOR...,0,0,38,34,0,0,5
7.2331,25218,Rest,HAZIRLANIYOR...,0,0,29,29,0,0,12
7.2331,25219,Rest,HAZIRLANIYOR...,0,0,18,21,0,0,12
7.2331,25220,Rest,HAZIRLANIYOR...,0,0,4,11,0,0,3
7.2331,25221,Rest,HAZIRLANIYOR...,0,0,0,1,0,0,0
7.2331,25222,Rest,HAZIRLANIYOR...,0,0,0,0,0,0,0
7.2331,25223,Rest,HAZIRLANIYOR...,0,0,0,0,0,3,0
7.2332,25224,Rest,HAZIRLANIYOR...,0,0,0,0,0,4,0
7.2332,25225,Rest,HAZIRLANIYOR...,0,0,0,0,0,5,0
7.2332,25226,Rest,HAZIRLANIYOR...,0,0,0,0,24,5,0
7.2332,25227,Rest,HAZIRLANIYOR...,0,0,0,0,65,6,0
7.2332,25228,Rest,HAZIRLANIYOR...,0,0,0,0,108,5,1
7.2332,25229,Rest,HAZIRLANIYOR...,0,0,0,0,157,4,1
7.2334,25230,Rest,HAZIRLANIYOR...,0,0,0,0,199,4,0
7.2334,25231,Rest,HAZIRLANIYOR...,0,0,0,0,225,5,2
7.2490,25232,Rest,HAZIRLANIYOR...,0,0,0,0,239,4,7
7.2492,25233,Rest,HAZIRLANIYOR...,0,28,0,0,251,2,11
7.2492,25234,Rest,HAZIRLANIYOR...,0,47,0,0,260,1,5
7.2493,25235,Rest,HAZIRLANIYOR...,0,59,0,0,258,1,0
7.2493,25236,Rest,HAZIRLANIYOR...,0,73,0,0,244,2,0
7.2493,25237,Rest,HAZIRLANIYOR...,0,87,0,0,229,3,0
7.2493,25238,Rest,HAZIRLANIYOR...,0,97,2,0,221,2,0
7.2494,25239,Rest,HAZIRLANIYOR...,0,104,8,12,218,3,0
7.2494,25240,Rest,HAZIRLANIYOR...,0,108,13,29,205,5,0
7.2495,25241,Rest,HAZIRLANIYOR...,0,105,17,42,166,9,4
7.2495,25242,Rest,HAZIRLANIYOR...,0,95,18,53,106,11,3
7.2495,25243,Rest,HAZIRLANIYOR...,0,84,17,62,42,3,0
7.2495,25244,Rest,HAZIRLANIYOR...,0,76,15,69,0,0,0
7.2496,25245,Rest,HAZIRLANIYOR...,0,69,13,74,0,0,0
7.2496,25246,Rest,HAZIRLANIYOR...,0,62,10,80,0,0,3
7.2497,25247,Rest,HAZIRLANIYOR...,0,58,10,85,0,3,2
7.2497,25248,Rest,HAZIRLANIYOR...,0,56,11,90,0,5,0
7.2498,25249,Rest,HAZIRLANIYOR...,0,58,14,93,0,0,0
7.2498,25250,Rest,HAZIRLANIYOR...,0,59,14,95,0,0,0
7.2499,25251,Rest,HAZIRLANIYOR...,0,60,9,92,0,0,0
7.2499,25252,Rest,HAZIRLANIYOR...,0,58,1,84,0,0,1
7.2499,25253,Rest,HAZIRLANIYOR...,0,54,0,71,0,0,5
7.2500,25254,Rest,HAZIRLANIYOR...,0,45,0,57,0,0,7
7.2500,25255,Rest,HAZIRLANIYOR...,0,34,0,44,0,0,2
7.2500,25256,Rest,HAZIRLANIYOR...,0,24,0,30,0,0,0
7.2501,25257,Rest,HAZIRLANIYOR...,0,16,0,17,0,0,0
7.2501,25258,Rest,HAZIRLANIYOR...,0,9,0,3,0,0,0
7.2505,25259,Rest,HAZIRLANIYOR...,0,3,0,0,0,0,1
7.2505,25260,Rest,HAZIRLANIYOR...,0,0,0,0,0,1,0
7.2506,25261,Rest,HAZIRLANIYOR...,0,0,0,0,3,2,0
7.2507,25262,Rest,HAZIRLANIYOR...,0,0,0,0,57,1,0
7.2647,25263,Rest,HAZIRLANIYOR...,0,0,0,0,103,1,1
7.2648,25264,Rest,HAZIRLANIYOR...,0,0,0,0,143,0,8
7.2648,25265,Rest,HAZIRLANIYOR...,0,0,0,0,178,0,12
7.2649,25266,Rest,HAZIRLANIYOR...,0,0,0,0,213,0,4
7.2649,25267,Rest,HAZIRLANIYOR...,0,0,0,0,243,0,0
7.2649,25268,Rest,HAZIRLANIYOR...,0,0,0,0,263,0,0
7.2649,25269,Rest,HAZIRLANIYOR...,0,0,0,0,270,0,0
7.2649,25270,Rest,HAZIRLANIYOR...,0,0,0,0,265,0,0
7.2649,25271,Rest,HAZIRLANIYOR...,0,0,0,0,253,0,0
7.2649,25272,Rest,HAZIRLANIYOR...,0,0,9,0,238,0,0
7.2649,25273,Rest,HAZIRLANIYOR...,0,0,17,0,225,0,3
7.2649,25274,Rest,HAZIRLANIYOR...,0,0,25,0,217,0,5
7.2650,25275,Rest,HAZIRLANIYOR...,0,0,31,13,208,0,1
7.2650,25276,Rest,HAZIRLANIYOR...,0,0,35,29,184,0,0
7.2650,25277,Rest,HAZIRLANIYOR...,0,0,36,41,140,0,0
7.2650,25278,Rest,HAZIRLANIYOR...,0,0,36,52,81,0,0
7.2650,25279,Rest,HAZIRLANIYOR...,0,0,37,61,12,0,0
7.2650,25280,Rest,HAZIRLANIYOR...,0,0,37,68,0,0,0
7.2650,25281,Rest,HAZIRLANIYOR...,0,0,38,73,0,0,0
7.2650,25282,Rest,HAZIRLANIYOR...,0,0,37,74,0,0,0
7.2650,25283,Rest,HAZIRLANIYOR...,0,0,36,70,0,0,0
7.2650,25284,Rest,HAZIRLANIYOR...,0,0,32,61,0,0,0
7.2650,25285,Rest,HAZIRLANIYOR...,0,0,29,51,0,0,0
7.2650,25286,Rest,HAZIRLANIYOR...,0,0,25,41,0,0,1
7.2651,25287,Rest,HAZIRLANIYOR...,0,0,22,32,0,0,1
7.2806,25288,Rest,HAZIRLANIYOR...,0,0,21,21,0,0,0
7.2808,25289,Rest,HAZIRLANIYOR...,0,0,19,7,0,0,0
7.2808,25290,Rest,HAZIRLANIYOR...,0,0,18,0,0,3,0
7.2808,25291,Rest,HAZIRLANIYOR...,0,0,15,0,0,8,1
7.2808,25292,Rest,HAZIRLANIYOR...,0,0,10,0,0,9,0
7.2809,25293,Rest,HAZIRLANIYOR...,0,0,3,0,0,5,0
7.2809,25294,Rest,HAZIRLANIYOR...,0,0,0,0,0,0,0
7.2809,25295,Rest,HAZIRLANIYOR...,0,0,0,0,0,0,0
7.2809,25296,Rest,HAZIRLANIYOR...,0,0,0,0,0,1,0
7.2809,25297,Rest,HAZIRLANIYOR...,0,0,0,0,12,3,3
7.2810,25298,Rest,HAZIRLANIYOR...,0,0,0,0,65,3,10
7.2810,25299,Rest,HAZIRLANIYOR...,0,0,0,0,115,1,13
7.2810,25300,Rest,HAZIRLANIYOR...,0,0,0,0,158,0,4
7.2810,25301,Rest,HAZIRLANIYOR...,0,0,0,0,194,0,0
7.2810,25302,Rest,HAZIRLANIYOR...,0,0,0,0,220,0,0
7.2811,25303,Rest,HAZIRLANIYOR...,0,0,0,0,239,0,0
7.2811,25304,Rest,HAZIRLANIYOR...,0,0,0,0,254,1,0
7.2811,25305,Rest,HAZIRLANIYOR...,0,16,0,0,259,4,0
7.2811,25306,Rest,HAZIRLANIYOR...,0,54,0,0,252,5,0
7.2811,25307,Rest,HAZIRLANIYOR...,0,92,0,0,236,2,0
7.2812,25308,Rest,HAZIRLANIYOR...,0,129,3,0,223,0,1
7.2812,25309,Rest,HAZIRLANIYOR...,0,169,10,0,221,0,0
7.2812,25310,Rest,HAZIRLANIYOR...,0,211,17,0,218,0,0
7.2812,25311,Rest,HAZIRLANIYOR...,0,254,22,18,195,0,0
7.2812,25312,Rest,HAZIRLANIYOR...,0,291,26,38,147,1,1
7.2813,25313,Rest,HAZIRLANIYOR...,0,320,30,57,91,0,3
7.2813,25314,Rest,HAZIRLANIYOR...,0,341,35,74,33,0,9
7.2813,25315,Rest,HAZIRLANIYOR...,0,354,41,90,0,2,13
7.2815,25316,Rest,HAZIRLANIYOR...,0,359,47,102,0,2,5
7.2817,25317,Rest,HAZIRLANIYOR...,0,351,50,109,0,0,0
7.2969,25318,Rest,HAZIRLANIYOR...,0,328,49,108,0,0,0
7.2970,25319,Rest,HAZIRLANIYOR...,0,295,46,103,0,0,0
7.2970,25320,Rest,HAZIRLANIYOR...,0,255,43,95,0,0,7
7.2971,25321,Rest,HAZIRLANIYOR...,0,212,40,86,0,0,9
7.2971,25322,Rest,HAZIRLANIYOR...,0,169,35,76,0,0,2
7.2971,25323,Rest,HAZIRLANIYOR...,0,127,29,64,0,0,0
7.2971,25324,Rest,HAZIRLANIYOR...,0,82,21,51,0,1,0
7.2972,25325,Rest,HAZIRLANIYOR...,0,26,10,40,0,0,0
7.2972,25326,Rest,HAZIRLANIYOR...,0,0,0,30,0,0,0
7.2972,25327,Rest,HAZIRLANIYOR...,0,0,0,17,0,0,0
7.2972,25328,Rest,HAZIRLANIYOR...,0,0,0,4,0,4,0
7.2972,25329,Rest,HAZIRLANIYOR...,0,0,0,0,0,5,0
7.2973,25330,Rest,HAZIRLANIYOR...,0,0,0,0,0,3,0
7.2973,25331,Rest,HAZIRLANIYOR...,0,0,0,0,0,4,0
7.2973,25332,Rest,HAZIRLANIYOR...,0,0,0,0,4,10,0
7.2973,25333,Rest,HAZIRLANIYOR...,0,0,0,0,63,13,0
7.2974,25334,Rest,HAZIRLANIYOR...,0,0,0,0,106,9,6
7.2974,25335,Rest,HAZIRLANIYOR...,0,0,0,0,143,5,10
7.2974,25336,Rest,HAZIRLANIYOR...,0,0,0,0,179,12,11
7.2974,25337,Rest,HAZIRLANIYOR...,0,0,0,0,216,18,7
7.2975,25338,Rest,HAZIRLANIYOR...,0,0,0,0,251,10,2
7.2975,25339,Rest,HAZIRLANIYOR...,0,0,0,0,272,0,0
7.2975,25340,Rest,HAZIRLANIYOR...,0,0,0,0,270,0,0
7.2975,25341,Rest,HAZIRLANIYOR...,0,0,0,0,255,0,0
7.2976,25342,Rest,HAZIRLANIYOR...,0,0,4,0,245,0,0
7.2976,25343,Rest,HAZIRLANIYOR...,0,36,15,0,237,0,6
7.2977,25344,Rest,HAZIRLANIYOR...,0,84,25,0,223,0,10
7.2978,25345,Rest,HAZIRLANIYOR...,0,125,31,0,210,3,3
7.3127,25346,Rest,HAZIRLANIYOR...,0,157,36,11,199,0,0
7.3128,25347,Rest,HAZIRLANIYOR...,0,177,39,32,174,0,0
7.3128,25348,Rest,HAZIRLANIYOR...,0,187,43,52,124,0,0
7.3129,25349,Rest,HAZIRLANIYOR...,0,188,48,70,60,0,0
7.3129,25350,Rest,HAZIRLANIYOR...,0,181,53,84,0,0,0
7.3129,25351,Rest,HAZIRLANIYOR...,0,172,54,94,0,0,0
7.3129,25352,Rest,HAZIRLANIYOR...,0,162,52,101,0,0,0
7.3130,25353,Rest,HAZIRLANIYOR...,0,150,48,104,0,0,1
7.3130,25354,Rest,HAZIRLANIYOR...,0,136,44,104,0,0,0
7.3130,25355,Rest,HAZIRLANIYOR...,0,120,38,100,0,0,0
7.3130,25356,Rest,HAZIRLANIYOR...,0,102,31,93,0,0,0
7.3131,25357,Rest,HAZIRLANIYOR...,0,78,24,83,0,0,0
7.3131,25358,Rest,HAZIRLANIYOR...,0,43,19,71,0,0,0
7.3131,25359,Rest,HAZIRLANIYOR...,0,0,14,58,0,0,0
7.3131,25360,Rest,HAZIRLANIYOR...,0,0,8,44,0,0,2
7.3132,25361,Rest,HAZIRLANIYOR...,0,0,1,28,0,0,9
7.3132,25362,Rest,HAZIRLANIYOR...,0,0,0,11,0,0,12
7.3132,25363,Rest,HAZIRLANIYOR...,0,0,0,0,0,0,4
7.3132,25364,Rest,HAZIRLANIYOR...,0,0,0,0,0,0,0
7.3132,25365,Rest,HAZIRLANIYOR...,0,0,0,0,0,0,0
7.3133,25366,Rest,HAZIRLANIYOR...,0,0,0,0,0,3,0
7.3133,25367,Rest,HAZIRLANIYOR...,0,0,0,0,0,6,0
7.3133,25368,Rest,HAZIRLANIYOR...,0,0,0,0,48,5,0
7.3133,25369,Rest,HAZIRLANIYOR...,0,0,0,0,93,4,0
7.3133,25370,Rest,HAZIRLANIYOR...,0,0,0,0,123,5,2
7.3134,25371,Rest,HAZIRLANIYOR...,0,0,0,0,156,7,10
7.3135,25372,Rest,HAZIRLANIYOR...,0,0,0,0,193,12,18
7.3135,25373,Rest,HAZIRLANIYOR...,0,0,0,0,226,14,14
7.3279,25374,Rest,HAZIRLANIYOR...,0,0,0,0,246,8,0
7.3280,25375,Rest,HAZIRLANIYOR...,0,0,0,0,256,0,0
7.3280,25376,Rest,HAZIRLANIYOR...,0,0,0,0,259,0,0
7.3280,25377,Rest,HAZIRLANIYOR...,0,19,0,0,251,1,0
7.3280,25378,Rest,HAZIRLANIYOR...,0,64,0,0,235,2,0
7.3280,25379,Rest,HAZIRLANIYOR...,0,104,0,0,219,2,0
7.3280,25380,Rest,HAZIRLANIYOR...,0,137,0,0,212,0,0
7.3280,25381,Rest,HAZIRLANIYOR...,0,163,0,0,207,0,0
7.3280,25382,Rest,HAZIRLANIYOR...,0,185,3,0,189,0,0
7.3280,25383,Rest,HAZIRLANIYOR...,0,202,8,9,147,6,0
7.3281,25384,Rest,HAZIRLANIYOR...,0,211,12,25,86,11,0
7.3281,25385,Rest,HAZIRLANIYOR...,0,212,17,41,22,8,0
7.3281,25386,Rest,HAZIRLANIYOR...,0,210,22,55,0,0,0
7.3281,25387,Rest,HAZIRLANIYOR...,0,204,26,66,0,0,6
7.3281,25388,Rest,HAZIRLANIYOR...,0,192,28,73,0,0,9
7.3281,25389,Rest,HAZIRLANIYOR...,0,173,27,75,0,0,3
7.3281,25390,Rest,HAZIRLANIYOR...,0,148,23,72,0,0,0
7.3281,25391,Rest,HAZIRLANIYOR...,0,121,20,66,0,0,0
7.3281,25392,Rest,HAZIRLANIYOR...,0,94,16,58,0,0,0
7.3281,25393,Rest,HAZIRLANIYOR...,0,68,13,48,0,2,0
7.3281,25394,Rest,HAZIRLANIYOR...,0,43,10,33,0,6,3
7.3281,25395,Rest,HAZIRLANIYOR...,0,20,9,14,0,6,8
7.3281,25396,Rest,HAZIRLANIYOR...,0,0,10,0,0,0,15
7.3282,25397,Rest,HAZIRLANIYOR...,0,0,11,0,0,0,14
7.3282,25398,Rest,HAZIRLANIYOR...,0,0,9,0,0,0,5
7.3282,25399,Rest,HAZIRLANIYOR...,0,0,6,0,0,0,0
7.3432,25400,Rest,HAZIRLANIYOR...,0,0,3,0,0,2,0
7.3434,25401,Rest,HAZIRLANIYOR...,0,0,0,0,0,1,0
7.3434,25402,Rest,HAZIRLANIYOR...,0,0,0,0,0,0,0
7.3434,25403,Rest,HAZIRLANIYOR...,0,0,0,0,18,1,4
7.3434,25404,Rest,HAZIRLANIYOR...,0,0,0,0,53,2,0
7.3434,25405,Rest,HAZIRLANIYOR...,0,0,0,0,93,4,0
7.3435,25406,Rest,HAZIRLANIYOR...,0,0,0,0,144,5,0
7.3436,25407,Rest,HAZIRLANIYOR...,0,1,0,0,188,3,0
7.3436,25408,Rest,HAZIRLANIYOR...,0,19,0,0,213,0,3
7.3436,25409,Rest,HAZIRLANIYOR...,0,37,0,0,227,0,0
7.3436,25410,Rest,HAZIRLANIYOR...,0,57,0,0,245,0,0
7.3437,25411,Rest,HAZIRLANIYOR...,0,80,0,0,263,0,0
7.3437,25412,Rest,HAZIRLANIYOR...,0,108,0,0,265,0,2
7.3437,25413,Rest,HAZIRLANIYOR...,0,139,0,0,246,0,6
7.3437,25414,Rest,HAZIRLANIYOR...,0,170,0,15,223,0,5
7.3437,25415,Rest,HAZIRLANIYOR...,0,199,2,31,214,0,5
7.3437,25416,Rest,HAZIRLANIYOR...,0,225,6,47,216,0,0
7.3437,25417,Rest,HAZIRLANIYOR...,0,248,10,63,208,0,0
7.3437,25418,Rest,HAZIRLANIYOR...,0,264,14,80,176,6,0
7.3438,25419,Rest,HAZIRLANIYOR...,0,269,18,94,121,9,0
7.3438,25420,Rest,HAZIRLANIYOR...,0,265,20,103,61,3,0
7.3438,25421,Rest,HAZIRLANIYOR...,0,256,22,110,10,0,0
7.3438,25422,Rest,HAZIRLANIYOR...,0,244,24,115,0,0,0
7.3438,25423,Rest,HAZIRLANIYOR...,0,230,24,117,0,0,0
7.3438,25424,Rest,HAZIRLANIYOR...,0,208,22,115,0,0,0
7.3438,25425,Rest,HAZIRLANIYOR...,0,176,20,108,0,0,7
7.3438,25426,Rest,HAZIRLANIYOR...,0,137,17,98,0,0,11
7.3439,25427,Rest,HAZIRLANIYOR...,0,96,13,87,0,0,6
7.3587,25428,Rest,HAZIRLANIYOR...,0,58,8,74,0,0,2
7.3588,25429,Rest,HAZIRLANIYOR...,0,21,4,60,0,0,3
7.3588,25430,Rest,HAZIRLANIYOR...,0,0,0,46,0,0,0
7.3588,25431,Rest,HAZIRLANIYOR...,0,0,0,33,0,5,0
7.3588,25432,Rest,HAZIRLANIYOR...,0,0,0,22,0,11,0
7.3588,25433,Rest,HAZIRLANIYOR...,0,0,0,9,0,6,0
7.3589,25434,Rest,HAZIRLANIYOR...,0,0,0,0,0,0,1
7.3589,25435,Rest,HAZIRLANIYOR...,0,0,0,0,0,0,5
7.3589,25436,Rest,HAZIRLANIYOR...,0,0,0,0,0,0,1
7.3589,25437,Rest,HAZIRLANIYOR...,0,0,0,0,0,3,0
7.3589,25438,Rest,HAZIRLANIYOR...,0,0,0,0,0,3,1
7.3589,25439,Rest,HAZIRLANIYOR...,0,0,0,0,40,1,6
7.3589,25440,Rest,HAZIRLANIYOR...,0,0,0,0,93,0,3
7.3590,25441,Rest,HAZIRLANIYOR...,0,0,0,0,137,0,0
7.3590,25442,Rest,HAZIRLANIYOR...,0,0,0,0,169,0,0
7.3590,25443,Rest,HAZIRLANIYOR...,0,0,0,0,198,0,0
7.3590,25444,Rest,HAZIRLANIYOR...,0,0,0,0,227,1,1
7.3590,25445,Rest,HAZIRLANIYOR...,0,0,0,0,251,1,0
7.3590,25446,Rest,HAZIRLANIYOR...,0,0,0,0,263,0,0
7.3590,25447,Rest,HAZIRLANIYOR...,0,0,0,0,262,0,5
7.3591,25448,Rest,HAZIRLANIYOR...,0,0,0,0,251,0,13
7.3591,25449,Rest,HAZIRLANIYOR...,0,0,0,0,235,0,13
7.3591,25450,Rest,HAZIRLANIYOR...,0,0,0,0,222,0,5
7.3591,25451,Rest,HAZIRLANIYOR...,0,0,2,4,216,0,0
7.3591,25452,Rest,HAZIRLANIYOR...,0,10,8,18,212,0,0
7.3591,25453,Rest,HAZIRLANIYOR...,0,50,13,33,194,0,0
7.3592,25454,Rest,HAZIRLANIYOR...,0,84,18,47,150,0,1
7.3741,25455,Rest,HAZIRLANIYOR...,0,110,22,60,88,0,0
7.3742,25456,Rest,HAZIRLANIYOR...,0,127,25,71,24,3,0
7.3743,25457,Rest,HAZIRLANIYOR...,0,132,27,80,0,5,0
7.3743,25458,Rest,HAZIRLANIYOR...,0,127,31,86,0,0,2
7.3743,25459,Rest,HAZIRLANIYOR...,0,114,35,90,0,0,7
7.3743,25460,Rest,HAZIRLANIYOR...,0,95,36,88,0,0,9
7.3743,25461,Rest,HAZIRLANIYOR...,0,73,35,85,0,0,4
7.3743,25462,Rest,HAZIRLANIYOR...,0,49,32,81,0,0,0
7.3743,25463,Rest,HAZIRLANIYOR...,0,24,29,73,0,0,0
7.3744,25464,Rest,HAZIRLANIYOR...,0,0,26,61,0,0,0
7.3744,25465,Rest,HAZIRLANIYOR...,0,0,22,46,0,0,0
7.3744,25466,Rest,HAZIRLANIYOR...,0,0,15,28,0,0,0
7.3744,25467,Rest,HAZIRLANIYOR...,0,0,9,9,0,1,0
7.3744,25468,Rest,HAZIRLANIYOR...,0,0,2,0,0,1,0
7.3744,25469,Rest,HAZIRLANIYOR...,0,0,0,0,0,0,0
7.3744,25470,Rest,HAZIRLANIYOR...,0,0,0,0,0,1,0
7.3745,25471,Rest,HAZIRLANIYOR...,0,0,0,0,0,2,0
7.3745,25472,Rest,HAZIRLANIYOR...,0,0,0,0,0,3,0
7.3745,25473,Rest,HAZIRLANIYOR...,0,0,0,0,0,4,0
7.3745,25474,Rest,HAZIRLANIYOR...,0,0,0,0,20,4,2
7.3745,25475,Rest,HAZIRLANIYOR...,0,0,0,0,70,4,9
7.3745,25476,Rest,HAZIRLANIYOR...,0,0,0,0,112,9,13
7.3745,25477,Rest,HAZIRLANIYOR...,0,0,0,0,150,12,6
7.3745,25478,Rest,HAZIRLANIYOR...,0,0,0,0,185,6,0
7.3746,25479,Rest,HAZIRLANIYOR...,0,0,0,0,221,0,0
7.3746,25480,Rest,HAZIRLANIYOR...,0,0,0,0,248,0,0
7.3747,25481,Rest,HAZIRLANIYOR...,0,0,0,0,259,0,1
7.3747,25482,Rest,HAZIRLANIYOR...,0,0,0,0,257,0,1
7.3900,25483,Rest,HAZIRLANIYOR...,0,0,0,0,251,0,0
7.3901,25484,Rest,HAZIRLANIYOR...,0,0,0,0,239,0,0
7.3901,25485,Rest,HAZIRLANIYOR...,0,25,0,0,224,0,0
7.3902,25486,Rest,HAZIRLANIYOR...,0,55,4,0,211,0,0
7.3902,25487,Rest,HAZIRLANIYOR...,0,84,14,0,201,0,0
7.3902,25488,Rest,HAZIRLANIYOR...,0,114,23,0,185,0,4
7.3902,25489,Rest,HAZIRLANIYOR...,0,143,31,0,155,0,5
7.3902,25490,Rest,HAZIRLANIYOR...,0,169,39,2,105,0,0
7.3902,25491,Rest,HAZIRLANIYOR...,0,193,44,20,44,0,0
7.3902,25492,Rest,HAZIRLANIYOR...,0,214,49,37,0,4,0
7.3903,25493,Rest,HAZIRLANIYOR...,0,229,51,53,0,7,0
7.3903,25494,Rest,HAZIRLANIYOR...,0,240,51,66,0,2,2
7.3903,25495,Rest,HAZIRLANIYOR...,0,247,49,76,0,0,4
7.3903,25496,Rest,HAZIRLANIYOR...,0,254,46,81,0,0,3
7.3903,25497,Rest,HAZIRLANIYOR...,0,261,42,82,0,0,2
7.3903,25498,Rest,HAZIRLANIYOR...,0,267,36,79,0,0,2
7.3903,25499,Rest,HAZIRLANIYOR...,0,267,28,72,0,0,2
7.3903,25500,Rest,HAZIRLANIYOR...,0,258,19,63,0,3,0
7.3903,25501,Rest,HAZIRLANIYOR...,0,242,13,52,0,9,0
7.3904,25502,Rest,HAZIRLANIYOR...,0,223,8,39,0,5,0
7.3904,25503,Rest,HAZIRLANIYOR...,0,204,3,26,0,0,2
7.3904,25504,Rest,HAZIRLANIYOR...,0,180,0,12,0,0,4
7.3904,25505,Rest,HAZIRLANIYOR...,0,151,0,0,0,0,4
7.3904,25506,Rest,HAZIRLANIYOR...,0,119,0,0,0,0,2
7.3904,25507,Rest,HAZIRLANIYOR...,0,90,0,0,0,0,1
7.3904,25508,Rest,HAZIRLANIYOR...,0,63,0,0,0,0,1
7.3905,25509,Rest,HAZIRLANIYOR...,0,36,0,0,0,0,1
7.3905,25510,Rest,HAZIRLANIYOR...,0,5,0,0,42,2,0
7.4050,25511,Rest,HAZIRLANIYOR...,0,0,0,0,92,0,0
7.4052,25512,Rest,HAZIRLANIYOR...,0,0,0,0,134,0,1
7.4052,25513,Rest,HAZIRLANIYOR...,0,0,0,0,171,0,2
7.4052,25514,Rest,HAZIRLANIYOR...,0,0,0,0,206,1,1
7.4053,25515,Rest,HAZIRLANIYOR...,0,0,0,0,237,1,0
7.4053,25516,Rest,HAZIRLANIYOR...,0,0,0,0,260,2,0
7.4053,25517,Rest,HAZIRLANIYOR...,0,0,0,0,275,2,0
7.4053,25518,Rest,HAZIRLANIYOR...,0,0,0,0,279,1,0
7.4053,25519,Rest,HAZIRLANIYOR...,0,0,0,0,266,0,0
7.4053,25520,Rest,HAZIRLANIYOR...,0,0,0,6,244,0,0
7.4054,25521,Rest,HAZIRLANIYOR...,0,0,0,20,227,2,0
7.4054,25522,Rest,HAZIRLANIYOR...,0,0,0,35,217,6,0
7.4054,25523,Rest,HAZIRLANIYOR...,0,0,0,49,204,10,0
7.4054,25524,Rest,HAZIRLANIYOR...,0,0,0,59,175,4,0
7.4054,25525,Rest,HAZIRLANIYOR...,0,0,6,66,129,0,6
7.4054,25526,Rest,HAZIRLANIYOR...,0,0,16,72,71,0,9
7.4055,25527,Rest,HAZIRLANIYOR...,0,0,24,75,11,0,1
7.4055,25528,Rest,HAZIRLANIYOR...,0,2,32,73,0,0,0
7.4055,25529,Rest,HAZIRLANIYOR...,0,5,40,69,0,0,0
7.4055,25530,Rest,HAZIRLANIYOR...,0,12,48,69,0,0,0
7.4055,25531,Rest,HAZIRLANIYOR...,0,22,53,75,0,0,0
7.4055,25532,Rest,HAZIRLANIYOR...,0,30,55,75,0,0,0
7.4055,25533,Rest,HAZIRLANIYOR...,0,34,54,55,0,0,0
7.4056,25534,Rest,HAZIRLANIYOR...,0,38,51,29,0,1,0
7.4056,25535,Rest,HAZIRLANIYOR...,0,41,48,16,0,0,0
7.4057,25536,Rest,HAZIRLANIYOR...,0,43,44,13,0,0,0
7.4205,25537,Rest,HAZIRLANIYOR...,0,44,37,4,0,0,0
7.4206,25538,Rest,HAZIRLANIYOR...,0,45,27,0,0,0,0
7.4206,25539,Rest,HAZIRLANIYOR...,0,44,16,0,0,0,0
7.4206,25540,Rest,HAZIRLANIYOR...,0,37,7,0,0,0,2
7.4207,25541,Rest,HAZIRLANIYOR...,0,25,0,0,0,1,5
7.4207,25542,Rest,HAZIRLANIYOR...,0,9,0,0,0,3,8
7.4207,25543,Rest,HAZIRLANIYOR...,0,0,0,0,0,3,3
7.4207,25544,Rest,HAZIRLANIYOR...,0,0,0,0,0,3,0
7.4208,25545,Rest,HAZIRLANIYOR...,0,0,0,0,19,3,0
7.4208,25546,Rest,HAZIRLANIYOR...,0,0,0,0,78,4,0
7.4208,25547,Rest,HAZIRLANIYOR...,0,0,0,0,129,4,0
7.4208,25548,Rest,HAZIRLANIYOR...,0,0,0,0,162,4,0
7.4208,25549,Rest,HAZIRLANIYOR...,0,0,0,0,184,4,0
7.4208,25550,Rest,HAZIRLANIYOR...,0,0,0,0,207,4,0
7.4209,25551,Rest,HAZIRLANIYOR...,0,10,0,0,234,3,0
7.4209,25552,Rest,HAZIRLANIYOR...,0,46,0,0,260,3,0
7.4209,25553,Rest,HAZIRLANIYOR...,0,83,0,0,275,1,0
7.4209,25554,Rest,HAZIRLANIYOR...,0,117,0,0,267,0,0
7.4209,25555,Rest,HAZIRLANIYOR...,0,146,0,0,244,0,0
7.4209,25556,Rest,HAZIRLANIYOR...,0,172,0,0,226,0,0
7.4209,25557,Rest,HAZIRLANIYOR...,0,194,0,6,222,0,2
7.4210,25558,Rest,HAZIRLANIYOR...,0,212,5,21,219,0,7
7.4210,25559,Rest,HAZIRLANIYOR...,0,223,14,35,199,2,10
7.4210,25560,Rest,HAZIRLANIYOR...,0,225,21,50,159,2,0
7.4210,25561,Rest,HAZIRLANIYOR...,0,217,26,63,103,0,0
7.4210,25562,Rest,HAZIRLANIYOR...,0,201,31,72,41,0,0
7.4211,25563,Rest,HAZIRLANIYOR...,0,177,36,79,0,4,11
7.4211,25564,Rest,HAZIRLANIYOR...,0,147,41,85,0,8,12
7.4358,25565,Rest,HAZIRLANIYOR...,0,111,45,89,0,3,0
7.4359,25566,Rest,HAZIRLANIYOR...,0,67,49,90,0,0,0
7.4359,25567,Rest,HAZIRLANIYOR...,0,20,51,87,0,0,0
7.4360,25568,Rest,HAZIRLANIYOR...,0,0,49,82,0,0,0
7.4360,25569,Rest,HAZIRLANIYOR...,0,0,46,76,0,2,2
7.4360,25570,Rest,HAZIRLANIYOR...,0,0,42,68,0,0,0
7.4360,25571,Rest,HAZIRLANIYOR...,0,0,37,57,0,0,0
7.4360,25572,Rest,HAZIRLANIYOR...,0,0,30,43,0,0,5
7.4360,25573,Rest,HAZIRLANIYOR...,0,0,22,28,0,0,4
7.4360,25574,Rest,HAZIRLANIYOR...,0,0,13,14,0,0,0
7.4360,25575,Rest,HAZIRLANIYOR...,0,0,6,0,0,0,0
7.4361,25576,Rest,HAZIRLANIYOR...,0,0,0,0,0,0,0
7.4361,25577,Rest,HAZIRLANIYOR...,0,0,0,0,0,0,0
7.4361,25578,Rest,HAZIRLANIYOR...,0,0,0,0,0,0,0
7.4363,25579,Rest,HAZIRLANIYOR...,0,0,0,0,0,0,2
7.4363,25580,Rest,HAZIRLANIYOR...,0,0,0,0,0,1,3
7.4363,25581,Rest,HAZIRLANIYOR...,0,0,0,0,43,0,4
7.4363,25582,Rest,HAZIRLANIYOR...,0,0,0,0,88,0,7
7.4363,25583,Rest,HAZIRLANIYOR...,0,0,0,0,132,0,9
7.4363,25584,Rest,HAZIRLANIYOR...,0,0,0,0,177,0,6
7.4363,25585,Rest,HAZIRLANIYOR...,0,0,0,0,214,0,4
7.4363,25586,Rest,HAZIRLANIYOR...,0,0,0,0,239,3,11
7.4364,25587,Rest,HAZIRLANIYOR...,0,0,0,0,255,5,14
7.4364,25588,Rest,HAZIRLANIYOR...,0,0,0,0,262,4,1
7.4364,25589,Rest,HAZIRLANIYOR...,0,0,0,0,259,2,0
7.4364,25590,Rest,HAZIRLANIYOR...,0,0,0,0,246,2,0
7.4365,25591,Rest,HAZIRLANIYOR...,0,0,0,0,230,1,0
7.4521,25592,Rest,HAZIRLANIYOR...,0,20,0,0,218,0,0
7.4523,25593,Rest,HAZIRLANIYOR...,0,54,0,0,213,0,0
7.4523,25594,Rest,HAZIRLANIYOR...,0,84,0,0,203,0,0
7.4523,25595,Rest,HAZIRLANIYOR...,0,113,3,9,175,4,0
7.4524,25596,Rest,HAZIRLANIYOR...,0,139,11,26,124,11,0
7.4524,25597,Rest,HAZIRLANIYOR...,0,162,20,43,63,7,3
7.4524,25598,Rest,HAZIRLANIYOR...,0,178,29,58,4,0,8
7.4524,25599,Rest,HAZIRLANIYOR...,0,187,35,69,0,0,2
7.4525,25600,Rest,HAZIRLANIYOR...,0,189,39,78,0,7,0
7.4525,25601,Rest,HAZIRLANIYOR...,0,185,40,87,0,3,0
7.4525,25602,Rest,HAZIRLANIYOR...,0,174,43,95,0,0,2
7.4526,25603,Rest,HAZIRLANIYOR...,0,161,43,99,0,0,4
7.4526,25604,Rest,HAZIRLANIYOR...,0,148,40,97,0,0,0
7.4526,25605,Rest,HAZIRLANIYOR...,0,133,34,92,0,0,0
7.4526,25606,Rest,HAZIRLANIYOR...,0,112,28,86,0,0,0
7.4526,25607,Rest,HAZIRLANIYOR...,0,88,21,77,0,0,1
7.4527,25608,Rest,HAZIRLANIYOR...,0,65,13,66,0,0,0
7.4527,25609,Rest,HAZIRLANIYOR...,0,44,5,53,0,0,0
7.4527,25610,Rest,HAZIRLANIYOR...,0,22,0,39,0,1,0
7.4527,25611,Rest,HAZIRLANIYOR...,0,0,0,23,0,0,0
7.4528,25612,Rest,HAZIRLANIYOR...,0,0,0,8,0,0,0
7.4528,25613,Rest,HAZIRLANIYOR...,0,0,0,0,0,0,0
7.4528,25614,Rest,HAZIRLANIYOR...,0,0,0,0,0,1,1
7.4528,25615,Rest,HAZIRLANIYOR...,0,0,0,0,0,0,0
7.4528,25616,Rest,HAZIRLANIYOR...,0,0,0,0,36,0,0
7.4528,25617,Rest,HAZIRLANIYOR...,0,0,0,0,94,1,0
7.4529,25618,Rest,HAZIRLANIYOR...,0,0,0,0,143,7,0
7.4530,25619,Rest,HAZIRLANIYOR...,0,0,0,0,175,7,4
7.4531,25620,Rest,HAZIRLANIYOR...,0,0,0,0,199,5,5
7.4679,25621,Rest,HAZIRLANIYOR...,0,0,0,0,219,3,3
7.4680,25622,Rest,HAZIRLANIYOR...,0,0,0,4,237,3,2
7.4680,25623,Rest,HAZIRLANIYOR...,0,0,0,13,250,4,3
7.4681,25624,Rest,HAZIRLANIYOR...,0,0,0,22,254,3,3
7.4682,25625,Rest,HAZIRLANIYOR...,0,0,0,32,243,2,3
7.4682,25626,Rest,HAZIRLANIYOR...,0,21,0,44,226,1,2
7.4682,25627,Rest,HAZIRLANIYOR...,0,53,0,58,218,2,4
7.4682,25628,Rest,HAZIRLANIYOR...,0,83,6,70,219,8,9
7.4683,25629,Rest,HAZIRLANIYOR...,0,112,13,79,217,12,13
7.4683,25630,Rest,HAZIRLANIYOR...,0,140,18,87,197,6,5
7.4683,25631,Rest,HAZIRLANIYOR...,0,164,20,94,156,0,0
7.4684,25632,Rest,HAZIRLANIYOR...,0,184,23,98,100,0,0
7.4684,25633,Rest,HAZIRLANIYOR...,0,201,26,99,39,0,0
7.4684,25634,Rest,HAZIRLANIYOR...,0,214,30,98,0,0,0
7.4685,25635,Rest,HAZIRLANIYOR...,0,220,30,94,0,0,0
7.4685,25636,Rest,HAZIRLANIYOR...,0,219,28,88,0,0,0
7.4685,25637,Rest,HAZIRLANIYOR...,0,213,26,79,0,0,0
7.4685,25638,Rest,HAZIRLANIYOR...,0,202,24,66,0,0,0
7.4686,25639,Rest,HAZIRLANIYOR...,0,184,22,48,0,0,0
7.4686,25640,Rest,HAZIRLANIYOR...,0,160,19,30,0,0,0
7.4686,25641,Rest,HAZIRLANIYOR...,0,132,15,13,0,0,0
7.4686,25642,Rest,HAZIRLANIYOR...,0,105,10,0,0,0,0
7.4687,25643,Rest,HAZIRLANIYOR...,0,80,5,0,0,0,0
7.4687,25644,Rest,HAZIRLANIYOR...,0,55,0,0,0,0,0
7.4687,25645,Rest,HAZIRLANIYOR...,0,29,0,0,0,0,0
7.4687,25646,Rest,HAZIRLANIYOR...,0,5,0,0,0,0,0
7.4689,25647,Rest,HAZIRLANIYOR...,0,0,0,0,0,0,0
7.4689,25648,Rest,HAZIRLANIYOR...,0,0,0,0,0,1,0
7.4835,25649,Rest,HAZIRLANIYOR...,0,0,0,0,0,1,2
7.4836,25650,Rest,HAZIRLANIYOR...,0,0,0,0,0,1,2
7.4836,25651,Rest,HAZIRLANIYOR...,0,0,0,0,0,1,0
7.4836,25652,Rest,HAZIRLANIYOR...,0,0,0,0,46,1,0
7.4836,25653,Rest,HAZIRLANIYOR...,0,0,0,0,95,1,0
7.4837,25654,Rest,HAZIRLANIYOR...,0,0,0,0,135,1,0
7.4837,25655,Rest,HAZIRLANIYOR...,0,0,0,0,170,0,0
7.4837,25656,Rest,HAZIRLANIYOR...,0,0,0,0,204,0,0
7.4837,25657,Rest,HAZIRLANIYOR...,0,0,0,0,235,0,2
7.4837,25658,Rest,HAZIRLANIYOR...,0,4,0,0,255,7,3
7.4837,25659,Rest,HAZIRLANIYOR...,0,10,0,0,258,11,1
7.4837,25660,Rest,HAZIRLANIYOR...,0,11,0,0,249,5,0
7.4837,25661,Rest,HAZIRLANIYOR...,0,9,0,0,239,0,0
7.4837,25662,Rest,HAZIRLANIYOR...,0,6,0,0,227,0,2
7.4837,25663,Rest,HAZIRLANIYOR...,0,3,1,0,215,0,5
7.4837,25664,Rest,HAZIRLANIYOR...,0,2,9,0,209,1,8
7.4837,25665,Rest,HAZIRLANIYOR...,0,1,16,0,203,0,2
7.4837,25666,Rest,HAZIRLANIYOR...,0,0,22,6,180,0,0
7.4838,25667,Rest,HAZIRLANIYOR...,0,0,28,20,129,0,0
7.4838,25668,Rest,HAZIRLANIYOR...,0,0,34,31,65,0,0
7.4838,25669,Rest,HAZIRLANIYOR...,0,0,37,41,8,0,0
7.4838,25670,Rest,HAZIRLANIYOR...,0,0,39,50,0,0,0
7.4838,25671,Rest,HAZIRLANIYOR...,0,0,39,58,0,0,0
7.4838,25672,Rest,HAZIRLANIYOR...,0,0,39,64,0,0,0
7.4838,25673,Rest,HAZIRLANIYOR...,0,0,40,68,0,0,0
7.4838,25674,Rest,HAZIRLANIYOR...,0,0,40,69,0,1,0
7.4839,25675,Rest,HAZIRLANIYOR...,0,0,40,68,0,1,0
7.4987,25676,Rest,HAZIRLANIYOR...,0,0,37,66,0,0,0
7.4988,25677,Rest,HAZIRLANIYOR...,0,0,32,62,0,0,0
7.4989,25678,Rest,HAZIRLANIYOR...,0,0,27,54,0,1,5
7.4989,25679,Rest,HAZIRLANIYOR...,0,0,22,44,0,1,13
7.4989,25680,Rest,HAZIRLANIYOR...,0,0,15,34,0,1,16
7.4989,25681,Rest,HAZIRLANIYOR...,0,0,8,27,0,0,8
7.4989,25682,Rest,HAZIRLANIYOR...,0,0,0,18,0,0,0
7.4989,25683,Rest,HAZIRLANIYOR...,0,0,0,0,0,1,0
7.4989,25684,Rest,HAZIRLANIYOR...,0,0,0,0,0,3,0
7.4989,25685,Rest,HAZIRLANIYOR...,0,0,0,0,0,4,2
7.4989,25686,Rest,HAZIRLANIYOR...,0,0,0,0,0,9,6
7.4989,25687,Rest,HAZIRLANIYOR...,0,0,0,0,33,13,9
7.4989,25688,Rest,HAZIRLANIYOR...,0,0,0,0,80,8,11
7.4989,25689,Rest,HAZIRLANIYOR...,0,0,0,0,122,0,8
7.4989,25690,Rest,HAZIRLANIYOR...,0,0,0,0,162,0,0
7.4989,25691,Rest,HAZIRLANIYOR...,0,0,0,0,199,0,0
7.4990,25692,Rest,HAZIRLANIYOR...,0,0,0,0,228,0,0
7.4990,25693,Rest,HAZIRLANIYOR...,0,2,0,0,249,0,0
7.4990,25694,Rest,HAZIRLANIYOR...,0,40,0,0,262,0,0
7.4990,25695,Rest,HAZIRLANIYOR...,0,80,0,0,266,4,0
7.4990,25696,Rest,HAZIRLANIYOR...,0,119,0,0,260,4,0
7.4990,25697,Rest,HAZIRLANIYOR...,0,155,0,0,245,2,0
7.4990,25698,Rest,HAZIRLANIYOR...,0,188,0,0,230,0,0
7.4990,25699,Rest,HAZIRLANIYOR...,0,220,0,4,223,0,2
7.4990,25700,Rest,HAZIRLANIYOR...,0,248,0,12,219,1,4
7.4990,25701,Rest,HAZIRLANIYOR...,0,271,2,21,202,0,0
7.4990,25702,Rest,HAZIRLANIYOR...,0,289,13,29,160,0,0
7.5150,25703,Rest,HAZIRLANIYOR...,0,301,23,38,98,0,0
7.5152,25704,Rest,HAZIRLANIYOR...,0,309,31,48,35,0,0
7.5152,25705,Rest,HAZIRLANIYOR...,0,311,35,58,0,0,0
7.5153,25706,Rest,HAZIRLANIYOR...,0,303,38,66,0,0,1
7.5153,25707,Rest,HAZIRLANIYOR...,0,291,45,72,0,0,3
7.5153,25708,Rest,HAZIRLANIYOR...,0,275,51,74,0,0,7
7.5153,25709,Rest,HAZIRLANIYOR...,0,257,54,74,0,0,10
7.5154,25710,Rest,HAZIRLANIYOR...,0,235,53,73,0,0,8
7.5155,25711,Rest,HAZIRLANIYOR...,0,211,50,70,0,0,5
7.5155,25712,Rest,HAZIRLANIYOR...,0,184,47,64,0,0,7
7.5155,25713,Rest,HAZIRLANIYOR...,0,152,41,55,0,0,5
7.5155,25714,Rest,HAZIRLANIYOR...,0,114,34,45,0,0,2
7.5155,25715,Rest,HAZIRLANIYOR...,0,78,25,36,0,0,2
7.5155,25716,Rest,HAZIRLANIYOR...,0,45,18,26,0,2,0
7.5155,25717,Rest,HAZIRLANIYOR...,0,12,12,16,0,6,0
7.5156,25718,Rest,HAZIRLANIYOR...,0,0,7,8,0,7,0
7.5156,25719,Rest,HAZIRLANIYOR...,0,0,0,0,0,4,0
7.5156,25720,Rest,HAZIRLANIYOR...,0,0,0,0,0,0,0
7.5156,25721,Rest,HAZIRLANIYOR...,0,0,0,0,0,0,0
7.5156,25722,Rest,HAZIRLANIYOR...,0,0,0,0,3,1,0
7.5156,25723,Rest,HAZIRLANIYOR...,0,0,0,0,60,1,0
7.5158,25724,Rest,HAZIRLANIYOR...,0,0,0,0,107,0,0
7.5158,25725,Rest,HAZIRLANIYOR...,0,0,0,0,146,0,1
7.5158,25726,Rest,HAZIRLANIYOR...,0,0,0,0,182,0,2
7.5158,25727,Rest,HAZIRLANIYOR...,0,0,0,0,218,0,2
7.5158,25728,Rest,HAZIRLANIYOR...,0,0,0,0,247,0,1
7.5158,25729,Rest,HAZIRLANIYOR...,0,0,0,0,264,0,1
7.5159,25730,Rest,HAZIRLANIYOR...,0,0,0,0,268,0,1
7.5160,25731,Rest,HAZIRLANIYOR...,0,0,0,0,261,0,1
7.5160,25732,Rest,HAZIRLANIYOR...,0,0,0,0,248,0,1
7.5309,25733,Rest,HAZIRLANIYOR...,0,0,0,7,235,0,1
7.5310,25734,Rest,HAZIRLANIYOR...,0,0,0,16,226,0,0
7.5310,25735,Rest,HAZIRLANIYOR...,0,0,0,25,220,0,0
7.5310,25736,Rest,HAZIRLANIYOR...,0,0,2,35,209,0,0
7.5310,25737,Rest,HAZIRLANIYOR...,0,0,8,46,179,0,0
7.5310,25738,Rest,HAZIRLANIYOR...,0,0,12,55,128,0,1
7.5311,25739,Rest,HAZIRLANIYOR...,0,0,15,62,66,0,4
7.5311,25740,Rest,HAZIRLANIYOR...,0,0,19,70,3,0,5
7.5311,25741,Rest,HAZIRLANIYOR...,0,0,22,75,0,0,4
7.5311,25742,Rest,HAZIRLANIYOR...,0,0,22,76,0,0,0
7.5311,25743,Rest,HAZIRLANIYOR...,0,0,19,72,0,0,0
7.5311,25744,Rest,HAZIRLANIYOR...,0,0,15,67,0,0,0
7.5311,25745,Rest,HAZIRLANIYOR...,0,0,13,61,0,0,3
7.5311,25746,Rest,HAZIRLANIYOR...,0,0,10,53,0,0,3
7.5312,25747,Rest,HAZIRLANIYOR...,0,0,6,41,0,0,0
7.5312,25748,Rest,HAZIRLANIYOR...,0,0,0,26,0,0,0
7.5312,25749,Rest,HAZIRLANIYOR...,0,0,0,11,0,0,0
7.5312,25750,Rest,HAZIRLANIYOR...,0,0,0,0,0,0,0
7.5312,25751,Rest,HAZIRLANIYOR...,0,0,0,0,0,3,1
7.5312,25752,Rest,HAZIRLANIYOR...,0,0,0,0,0,2,7
7.5312,25753,Rest,HAZIRLANIYOR...,0,0,0,0,0,0,11
7.5312,25754,Rest,HAZIRLANIYOR...,0,0,0,0,0,0,6
7.5312,25755,Rest,HAZIRLANIYOR...,0,0,0,0,0,0,0
7.5312,25756,Rest,HAZIRLANIYOR...,0,0,0,0,0,3,0
7.5312,25757,Rest,HAZIRLANIYOR...,0,0,0,0,0,5,0
7.5312,25758,Rest,HAZIRLANIYOR...,0,0,0,0,41,4,0
7.5313,25759,Rest,HAZIRLANIYOR...,0,0,0,0,94,5,0
7.5465,25760,Rest,HAZIRLANIYOR...,0,6,0,0,132,11,0
7.5466,25761,Rest,HAZIRLANIYOR...,0,44,0,0,167,17,2
7.5466,25762,Rest,HAZIRLANIYOR...,0,83,0,0,202,13,8
7.5466,25763,Rest,HAZIRLANIYOR...,0,120,0,0,233,1,5
7.5467,25764,Rest,HAZIRLANIYOR...,0,156,0,0,254,0,0
7.5467,25765,Rest,HAZIRLANIYOR...,0,191,0,0,266,0,0
7.5467,25766,Rest,HAZIRLANIYOR...,0,225,2,0,266,2,0
7.5467,25767,Rest,HAZIRLANIYOR...,0,255,6,0,256,1,1
7.5467,25768,Rest,HAZIRLANIYOR...,0,280,10,0,240,0,1
7.5467,25769,Rest,HAZIRLANIYOR...,0,297,15,0,226,0,1
7.5468,25770,Rest,HAZIRLANIYOR...,0,309,21,0,218,0,6
7.5468,25771,Rest,HAZIRLANIYOR...,0,317,25,0,212,0,10
7.5468,25772,Rest,HAZIRLANIYOR...,0,322,30,16,193,0,3
7.5468,25773,Rest,HAZIRLANIYOR...,0,319,34,30,151,0,0
7.5468,25774,Rest,HAZIRLANIYOR...,0,310,36,43,91,5,0
7.5468,25775,Rest,HAZIRLANIYOR...,0,296,38,56,25,14,0
7.5469,25776,Rest,HAZIRLANIYOR...,0,277,40,67,0,12,0
7.5469,25777,Rest,HAZIRLANIYOR...,0,253,41,74,0,0,0
7.5469,25778,Rest,HAZIRLANIYOR...,0,224,40,76,0,0,0
7.5469,25779,Rest,HAZIRLANIYOR...,0,189,37,75,0,0,2
7.5469,25780,Rest,HAZIRLANIYOR...,0,146,33,73,0,2,1
7.5470,25781,Rest,HAZIRLANIYOR...,0,96,30,70,0,0,0
7.5470,25782,Rest,HAZIRLANIYOR...,0,42,27,66,0,0,0
7.5470,25783,Rest,HAZIRLANIYOR...,0,0,23,58,0,0,0
7.5470,25784,Rest,HAZIRLANIYOR...,0,0,17,48,0,0,0
7.5470,25785,Rest,HAZIRLANIYOR...,0,0,12,38,0,0,0
7.5470,25786,Rest,HAZIRLANIYOR...,0,0,5,27,0,0,0
7.5471,25787,Rest,HAZIRLANIYOR...,0,0,0,15,0,0,0
7.5472,25788,Rest,HAZIRLANIYOR...,0,0,0,3,0,1,0
7.5617,25789,Rest,HAZIRLANIYOR...,0,0,0,0,0,5,0
7.5618,25790,Rest,HAZIRLANIYOR...,0,0,0,0,0,1,0
7.5618,25791,Rest,HAZIRLANIYOR...,0,0,0,0,0,0,0
7.5618,25792,Rest,HAZIRLANIYOR...,0,0,0,0,0,0,5
7.5619,25793,Rest,HAZIRLANIYOR...,0,0,0,0,17,0,4
7.5619,25794,Rest,HAZIRLANIYOR...,0,0,0,0,75,0,0
7.5619,25795,Rest,HAZIRLANIYOR...,0,0,0,0,117,0,0
7.5619,25796,Rest,HAZIRLANIYOR...,0,0,0,0,149,0,1
7.5619,25797,Rest,HAZIRLANIYOR...,0,0,0,0,183,0,10
7.5620,25798,Rest,HAZIRLANIYOR...,0,0,0,0,218,0,12
7.5620,25799,Rest,HAZIRLANIYOR...,0,28,0,0,248,1,1
7.5620,25800,Rest,HAZIRLANIYOR...,0,68,0,0,266,7,0
7.5620,25801,Rest,HAZIRLANIYOR...,0,100,0,0,270,11,0
7.5621,25802,Rest,HAZIRLANIYOR...,0,125,0,0,265,4,0
7.5621,25803,Rest,HAZIRLANIYOR...,0,151,0,0,252,0,4
7.5621,25804,Rest,HAZIRLANIYOR...,0,172,0,0,236,0,4
7.5621,25805,Rest,HAZIRLANIYOR...,0,182,7,0,227,0,0
7.5622,25806,Rest,HAZIRLANIYOR...,0,184,13,0,225,0,0
7.5622,25807,Rest,HAZIRLANIYOR...,0,185,21,0,216,0,2
7.5622,25808,Rest,HAZIRLANIYOR...,0,186,35,12,176,0,3
7.5622,25809,Rest,HAZIRLANIYOR...,0,182,47,25,111,3,2
7.5622,25810,Rest,HAZIRLANIYOR...,0,171,46,39,44,6,1
7.5623,25811,Rest,HAZIRLANIYOR...,0,157,39,52,0,1,2
7.5623,25812,Rest,HAZIRLANIYOR...,0,139,40,64,0,0,4
7.5623,25813,Rest,HAZIRLANIYOR...,0,117,45,73,0,0,8
7.5624,25814,Rest,HAZIRLANIYOR...,0,92,48,79,0,0,11
7.5625,25815,Rest,HAZIRLANIYOR...,0,66,45,81,0,2,6
7.5769,25816,Rest,HAZIRLANIYOR...,0,39,42,83,0,1,0
7.5769,25817,Rest,HAZIRLANIYOR...,0,9,38,83,0,0,0
7.5770,25818,Rest,HAZIRLANIYOR...,0,0,32,75,0,0,0
7.5770,25819,Rest,HAZIRLANIYOR...,0,0,24,62,0,0,0
7.5770,25820,Rest,HAZIRLANIYOR...,0,0,15,50,0,2,0
7.5771,25821,Rest,HAZIRLANIYOR...,0,0,5,39,0,2,0
7.5771,25822,Rest,HAZIRLANIYOR...,0,0,0,25,0,1,0
7.5771,25823,Rest,HAZIRLANIYOR...,0,0,0,10,0,5,0
7.5771,25824,Rest,HAZIRLANIYOR...,0,0,0,0,0,10,3
7.5772,25825,Rest,HAZIRLANIYOR...,0,0,0,0,0,5,3
7.5772,25826,Rest,HAZIRLANIYOR...,0,0,0,0,0,0,1
7.5772,25827,Rest,HAZIRLANIYOR...,0,0,0,0,0,0,0
7.5772,25828,Rest,HAZIRLANIYOR...,0,0,0,0,0,2,1
7.5773,25829,Rest,HAZIRLANIYOR...,0,0,0,0,50,5,4
7.5773,25830,Rest,HAZIRLANIYOR...,0,0,0,0,96,4,9
7.5773,25831,Rest,HAZIRLANIYOR...,0,0,0,0,132,2,12
7.5773,25832,Rest,HAZIRLANIYOR...,0,0,0,0,169,3,4
7.5773,25833,Rest,HAZIRLANIYOR...,0,0,0,0,212,5,0
7.5774,25834,Rest,HAZIRLANIYOR...,0,0,0,0,247,7,0
7.5774,25835,Rest,HAZIRLANIYOR...,0,0,0,0,262,10,4
7.5774,25836,Rest,HAZIRLANIYOR...,0,0,0,0,262,9,22
7.5774,25837,Rest,HAZIRLANIYOR...,0,4,0,0,261,0,19
7.5774,25838,Rest,HAZIRLANIYOR...,0,20,0,0,257,0,0
7.5775,25839,Rest,HAZIRLANIYOR...,0,32,0,0,245,0,0
7.5775,25840,Rest,HAZIRLANIYOR...,0,37,0,10,231,0,0
7.5776,25841,Rest,HAZIRLANIYOR...,0,33,0,27,223,0,0
7.5921,25842,Rest,HAZIRLANIYOR...,0,21,9,44,217,0,0
7.5922,25843,Rest,HAZIRLANIYOR...,0,5,16,60,196,0,0
7.5922,25844,Rest,HAZIRLANIYOR...,0,0,24,72,153,0,0
7.5922,25845,Rest,HAZIRLANIYOR...,0,0,32,83,104,0,0
7.5922,25846,Rest,HAZIRLANIYOR...,0,0,40,93,49,0,0
7.5922,25847,Rest,HAZIRLANIYOR...,0,0,48,101,0,0,1
7.5923,25848,Rest,HAZIRLANIYOR...,0,0,54,105,0,0,5
7.5923,25849,Rest,HAZIRLANIYOR...,0,0,56,105,0,0,2
7.5923,25850,Rest,HAZIRLANIYOR...,0,0,56,101,0,0,0
7.5923,25851,Rest,HAZIRLANIYOR...,0,0,55,93,0,0,0
7.5923,25852,Rest,HAZIRLANIYOR...,0,0,54,83,0,0,0
7.5924,25853,Rest,HAZIRLANIYOR...,0,0,50,71,0,0,0
7.5924,25854,Rest,HAZIRLANIYOR...,0,0,43,57,0,0,0
7.5924,25855,Rest,HAZIRLANIYOR...,0,0,35,40,0,0,0
7.5924,25856,Rest,HAZIRLANIYOR...,0,0,26,21,0,4,0
7.5924,25857,Rest,HAZIRLANIYOR...,0,0,18,2,0,7,0
7.5925,25858,Rest,HAZIRLANIYOR...,0,0,10,0,0,3,0
7.5925,25859,Rest,HAZIRLANIYOR...,0,0,3,0,0,0,0
7.5925,25860,Rest,HAZIRLANIYOR...,0,10,0,0,0,0,0
7.5925,25861,Rest,HAZIRLANIYOR...,0,14,0,0,0,2,0
7.5925,25862,Rest,HAZIRLANIYOR...,0,12,0,0,0,2,0
7.5925,25863,Rest,HAZIRLANIYOR...,0,8,0,0,0,0,1
7.5925,25864,Rest,HAZIRLANIYOR...,0,3,0,0,13,0,2
7.5925,25865,Rest,HAZIRLANIYOR...,0,1,0,0,73,0,0
7.5925,25866,Rest,HAZIRLANIYOR...,0,0,0,0,122,1,0
7.5926,25867,Rest,HAZIRLANIYOR...,0,0,0,0,154,1,0
7.5926,25868,Rest,HAZIRLANIYOR...,0,0,0,0,181,3,0
7.6082,25869,Rest,HAZIRLANIYOR...,0,0,0,0,213,3,0
7.6083,25870,Rest,HAZIRLANIYOR...,0,0,0,0,245,1,0
7.6083,25871,Rest,HAZIRLANIYOR...,0,7,0,0,266,0,0
7.6083,25872,Rest,HAZIRLANIYOR...,0,18,0,0,277,0,0
7.6083,25873,Rest,HAZIRLANIYOR...,0,24,0,0,276,0,6
7.6084,25874,Rest,HAZIRLANIYOR...,0,23,0,0,253,0,11
7.6084,25875,Rest,HAZIRLANIYOR...,0,18,0,0,224,0,9
7.6084,25876,Rest,HAZIRLANIYOR...,0,14,8,0,212,0,1
7.6084,25877,Rest,HAZIRLANIYOR...,0,15,24,1,214,0,0
7.6084,25878,Rest,HAZIRLANIYOR...,0,20,39,17,205,0,0
7.6084,25879,Rest,HAZIRLANIYOR...,0,26,51,30,168,4,0
7.6084,25880,Rest,HAZIRLANIYOR...,0,32,59,42,111,6,0
7.6088,25881,Rest,HAZIRLANIYOR...,0,35,65,53,51,0,0
7.6088,25882,Rest,HAZIRLANIYOR...,0,31,71,64,0,0,0
7.6089,25883,Rest,HAZIRLANIYOR...,0,22,77,74,0,0,0
7.6089,25884,Rest,HAZIRLANIYOR...,0,10,82,85,0,0,0
7.6089,25885,Rest,HAZIRLANIYOR...,0,0,82,93,0,0,0
7.6089,25886,Rest,HAZIRLANIYOR...,0,0,79,97,0,0,1
7.6089,25887,Rest,HAZIRLANIYOR...,0,0,76,97,0,0,0
7.6090,25888,Rest,HAZIRLANIYOR...,0,0,72,94,0,0,0
7.6090,25889,Rest,HAZIRLANIYOR...,0,0,64,87,0,0,0
7.6090,25890,Rest,HAZIRLANIYOR...,0,0,52,75,0,0,3
7.6090,25891,Rest,HAZIRLANIYOR...,0,0,37,62,0,0,3
7.6090,25892,Rest,HAZIRLANIYOR...,0,0,24,49,0,0,0
7.6090,25893,Rest,HAZIRLANIYOR...,0,0,10,34,0,0,0
7.6091,25894,Rest,HAZIRLANIYOR...,0,0,0,20,0,0,2
7.6091,25895,Rest,HAZIRLANIYOR...,0,0,0,5,0,0,3
7.6091,25896,Rest,HAZIRLANIYOR...,0,19,0,0,0,0,2
7.6092,25897,Rest,HAZIRLANIYOR...,0,40,0,0,0,2,0
7.6093,25898,Rest,HAZIRLANIYOR...,0,60,0,0,0,3,0
7.6237,25899,Rest,HAZIRLANIYOR...,0,81,0,0,0,3,0
7.6237,25900,Rest,HAZIRLANIYOR...,0,102,0,0,44,3,2
7.6238,25901,Rest,HAZIRLANIYOR...,0,124,0,0,93,3,3
7.6238,25902,Rest,HAZIRLANIYOR...,0,144,0,0,136,2,2
7.6238,25903,Rest,HAZIRLANIYOR...,0,158,0,0,174,2,1
7.6238,25904,Rest,HAZIRLANIYOR...,0,166,0,0,209,3,1
7.6239,25905,Rest,HAZIRLANIYOR...,0,170,0,0,239,3,2
7.6239,25906,Rest,HAZIRLANIYOR...,0,172,0,0,260,2,1
7.6239,25907,Rest,HAZIRLANIYOR...,0,172,0,0,270,1,0
7.6239,25908,Rest,HAZIRLANIYOR...,0,171,0,0,269,1,0
7.6239,25909,Rest,HAZIRLANIYOR...,0,171,0,0,259,1,0
7.6239,25910,Rest,HAZIRLANIYOR...,0,169,0,0,245,1,2
7.6240,25911,Rest,HAZIRLANIYOR...,0,164,0,0,233,2,1
7.6240,25912,Rest,HAZIRLANIYOR...,0,159,0,0,227,2,0
7.6240,25913,Rest,HAZIRLANIYOR...,0,158,0,0,222,1,0
7.6240,25914,Rest,HAZIRLANIYOR...,0,157,2,5,200,1,0
7.6240,25915,Rest,HAZIRLANIYOR...,0,153,13,16,145,6,1
7.6241,25916,Rest,HAZIRLANIYOR...,0,145,23,29,73,11,0
7.6241,25917,Rest,HAZIRLANIYOR...,0,134,30,43,8,12,4
7.6241,25918,Rest,HAZIRLANIYOR...,0,121,35,56,0,7,7
7.6241,25919,Rest,HAZIRLANIYOR...,0,105,40,64,0,0,4
7.6241,25920,Rest,HAZIRLANIYOR...,0,87,45,68,0,0,1
7.6241,25921,Rest,HAZIRLANIYOR...,0,66,47,69,0,0,2
7.6241,25922,Rest,HAZIRLANIYOR...,0,43,45,69,0,0,1
7.6242,25923,Rest,HAZIRLANIYOR...,0,17,41,66,0,0,0
7.6242,25924,Rest,HAZIRLANIYOR...,0,0,36,60,0,0,0
7.6395,25925,Rest,HAZIRLANIYOR...,0,0,32,52,0,0,0
7.6396,25926,Rest,HAZIRLANIYOR...,0,0,26,43,0,0,1
7.6397,25927,Rest,HAZIRLANIYOR...,0,0,17,32,0,0,7
7.6397,25928,Rest,HAZIRLANIYOR...,0,0,9,19,0,0,10
7.6397,25929,Rest,HAZIRLANIYOR...,0,0,3,3,0,0,3
7.6397,25930,Rest,HAZIRLANIYOR...,0,0,0,0,0,1,0
7.6397,25931,Rest,HAZIRLANIYOR...,0,0,0,0,0,3,0
7.6397,25932,Rest,HAZIRLANIYOR...,0,0,0,0,0,5,8
7.6398,25933,Rest,HAZIRLANIYOR...,0,0,0,0,0,9,3
7.6398,25934,Rest,HAZIRLANIYOR...,0,0,0,0,0,7,0
7.6398,25935,Rest,HAZIRLANIYOR...,0,0,0,0,18,2,0
7.6398,25936,Rest,HAZIRLANIYOR...,0,0,0,0,71,1,11
7.6398,25937,Rest,HAZIRLANIYOR...,0,0,0,0,116,6,10
7.6398,25938,Rest,HAZIRLANIYOR...,0,0,0,0,157,10,0
7.6398,25939,Rest,HAZIRLANIYOR...,0,0,0,0,199,5,0
7.6398,25940,Rest,HAZIRLANIYOR...,0,0,0,0,237,0,0
7.6399,25941,Rest,HAZIRLANIYOR...,0,0,0,0,258,0,0
7.6399,25942,Rest,HAZIRLANIYOR...,0,0,0,0,264,0,0
7.6399,25943,Rest,HAZIRLANIYOR...,0,0,0,0,266,0,0
7.6399,25944,Rest,HAZIRLANIYOR...,0,0,0,0,262,0,8
7.6399,25945,Rest,HAZIRLANIYOR...,0,0,0,0,251,0,9
7.6399,25946,Rest,HAZIRLANIYOR...,0,0,0,17,237,0,0
7.6399,25947,Rest,HAZIRLANIYOR...,0,0,4,35,229,0,0
7.6400,25948,Rest,HAZIRLANIYOR...,0,0,19,51,226,1,0
7.6400,25949,Rest,HAZIRLANIYOR...,0,0,35,63,211,7,0
7.6400,25950,Rest,HAZIRLANIYOR...,0,0,50,73,173,8,0
7.6400,25951,Rest,HAZIRLANIYOR...,0,0,63,82,114,1,0
7.6401,25952,Rest,HAZIRLANIYOR...,0,0,73,89,51,0,0
7.6548,25953,Rest,HAZIRLANIYOR...,0,0,83,92,0,0,0
7.6549,25954,Rest,HAZIRLANIYOR...,0,0,91,91,0,0,0
7.6549,25955,Rest,HAZIRLANIYOR...,0,0,95,87,0,0,0
7.6550,25956,Rest,HAZIRLANIYOR...,0,0,94,83,0,0,0
7.6550,25957,Rest,HAZIRLANIYOR...,0,0,91,76,0,0,0
7.6550,25958,Rest,HAZIRLANIYOR...,0,0,87,67,0,0,0
7.6550,25959,Rest,HAZIRLANIYOR...,0,0,81,56,0,0,5
7.6550,25960,Rest,HAZIRLANIYOR...,0,0,70,46,0,0,10
7.6551,25961,Rest,HAZIRLANIYOR...,0,0,56,34,0,1,11
7.6551,25962,Rest,HAZIRLANIYOR...,0,0,41,22,0,3,5
7.6551,25963,Rest,HAZIRLANIYOR...,0,0,26,7,0,1,0
7.6551,25964,Rest,HAZIRLANIYOR...,0,0,10,0,0,0,0
7.6551,25965,Rest,HAZIRLANIYOR...,0,0,0,0,0,0,2
7.6552,25966,Rest,HAZIRLANIYOR...,0,0,0,0,0,1,5
7.6552,25967,Rest,HAZIRLANIYOR...,0,0,0,0,0,4,0
7.6552,25968,Rest,HAZIRLANIYOR...,0,0,0,0,0,4,0
7.6552,25969,Rest,HAZIRLANIYOR...,0,0,0,0,0,3,6
7.6552,25970,Rest,HAZIRLANIYOR...,0,0,0,0,0,4,11
7.6552,25971,Rest,HAZIRLANIYOR...,0,0,0,0,35,3,7
7.6552,25972,Rest,HAZIRLANIYOR...,0,0,0,0,90,2,0
7.6552,25973,Rest,HAZIRLANIYOR...,0,0,0,0,137,1,0
7.6553,25974,Rest,HAZIRLANIYOR...,0,0,0,0,176,2,0
7.6553,25975,Rest,HAZIRLANIYOR...,0,0,0,0,211,4,4
7.6553,25976,Rest,HAZIRLANIYOR...,0,0,0,0,241,4,9
7.6553,25977,Rest,HAZIRLANIYOR...,0,26,0,0,262,3,3
7.6553,25978,Rest,HAZIRLANIYOR...,0,58,0,0,270,4,0
7.6554,25979,Rest,HAZIRLANIYOR...,0,94,0,0,268,7,0
7.6700,25980,Rest,HAZIRLANIYOR...,0,132,0,0,257,7,0
7.6701,25981,Rest,HAZIRLANIYOR...,0,172,0,0,243,0,0
7.6701,25982,Rest,HAZIRLANIYOR...,0,216,0,0,232,0,0
7.6701,25983,Rest,HAZIRLANIYOR...,0,262,0,0,224,0,0
7.6702,25984,Rest,HAZIRLANIYOR...,0,306,1,0,213,0,2
7.6702,25985,Rest,HAZIRLANIYOR...,0,344,14,16,187,2,1
7.6702,25986,Rest,HAZIRLANIYOR...,0,375,26,31,139,0,0
7.6702,25987,Rest,HAZIRLANIYOR...,0,396,37,45,81,0,1
7.6702,25988,Rest,HAZIRLANIYOR...,0,405,48,56,21,0,3
7.6702,25989,Rest,HAZIRLANIYOR...,0,403,57,64,0,0,2
7.6702,25990,Rest,HAZIRLANIYOR...,0,389,64,70,0,0,0
7.6702,25991,Rest,HAZIRLANIYOR...,0,367,68,73,0,0,0
7.6702,25992,Rest,HAZIRLANIYOR...,0,337,68,73,0,0,0
7.6703,25993,Rest,HAZIRLANIYOR...,0,301,66,72,0,0,0
7.6703,25994,Rest,HAZIRLANIYOR...,0,263,64,71,0,0,2
7.6703,25995,Rest,HAZIRLANIYOR...,0,225,62,68,0,0,2
7.6703,25996,Rest,HAZIRLANIYOR...,0,187,57,64,0,0,2
7.6703,25997,Rest,HAZIRLANIYOR...,0,148,48,60,0,0,3
7.6703,25998,Rest,HAZIRLANIYOR...,0,109,37,55,0,0,3
7.6704,25999,Rest,HAZIRLANIYOR...,0,72,27,48,0,0,3
7.6704,26000,Rest,HAZIRLANIYOR...,0,34,17,39,0,0,1
7.6704,26001,Rest,HAZIRLANIYOR...,0,0,5,30,0,0,1
7.6704,26002,Rest,HAZIRLANIYOR...,0,0,0,18,0,3,6
7.6704,26003,Rest,HAZIRLANIYOR...,0,0,0,5,0,5,11
7.6704,26004,Rest,HAZIRLANIYOR...,0,0,0,0,0,1,7
7.6704,26005,Rest,HAZIRLANIYOR...,0,0,0,0,0,0,0
7.6705,26006,Rest,HAZIRLANIYOR...,0,0,0,0,35,0,0
7.6853,26007,Rest,HAZIRLANIYOR...,0,0,0,0,81,0,0
7.6854,26008,Rest,HAZIRLANIYOR...,0,0,0,0,115,1,0
7.6854,26009,Rest,HAZIRLANIYOR...,0,0,0,0,151,1,1
7.6854,26010,Rest,HAZIRLANIYOR...,0,0,0,0,191,0,0
7.6855,26011,Rest,HAZIRLANIYOR...,0,0,0,0,226,0,0
7.6855,26012,Rest,HAZIRLANIYOR...,0,0,0,0,251,0,0
7.6855,26013,Rest,HAZIRLANIYOR...,0,0,0,0,267,0,0
7.6855,26014,Rest,HAZIRLANIYOR...,0,0,0,0,272,0,0
7.6855,26015,Rest,HAZIRLANIYOR...,0,0,0,0,265,0,0
7.6855,26016,Rest,HAZIRLANIYOR...,0,0,0,0,254,2,2
7.6856,26017,Rest,HAZIRLANIYOR...,0,0,9,0,243,6,5
7.6856,26018,Rest,HAZIRLANIYOR...,0,0,18,8,233,6,4
7.6856,26019,Rest,HAZIRLANIYOR...,0,0,27,19,221,0,2
7.6856,26020,Rest,HAZIRLANIYOR...,0,0,34,29,200,0,0
7.6856,26021,Rest,HAZIRLANIYOR...,0,0,40,39,160,0,0
7.6856,26022,Rest,HAZIRLANIYOR...,0,0,43,48,103,0,0
7.6856,26023,Rest,HAZIRLANIYOR...,0,0,45,56,37,0,1
7.6857,26024,Rest,HAZIRLANIYOR...,0,0,46,59,0,0,0
7.6857,26025,Rest,HAZIRLANIYOR...,0,0,46,60,0,0,0
7.6857,26026,Rest,HAZIRLANIYOR...,0,0,43,58,0,0,0
7.6857,26027,Rest,HAZIRLANIYOR...,0,0,39,54,0,0,0
7.6857,26028,Rest,HAZIRLANIYOR...,0,0,35,48,0,0,0
7.6857,26029,Rest,HAZIRLANIYOR...,0,0,31,43,0,0,0
7.6857,26030,Rest,HAZIRLANIYOR...,0,0,24,36,0,0,0
7.6857,26031,Rest,HAZIRLANIYOR...,0,0,17,27,0,0,0
7.6858,26032,Rest,HAZIRLANIYOR...,0,0,9,18,0,0,0
7.6858,26033,Rest,HAZIRLANIYOR...,0,0,2,9,0,0,0
7.7005,26034,Rest,HAZIRLANIYOR...,0,0,0,0,0,0,0
7.7006,26035,Rest,HAZIRLANIYOR...,0,0,0,0,0,0,0
7.7006,26036,Rest,HAZIRLANIYOR...,0,0,0,0,0,0,1
7.7006,26037,Rest,HAZIRLANIYOR...,0,0,0,0,0,0,2
7.7006,26038,Rest,HAZIRLANIYOR...,0,0,0,0,0,0,0
7.7007,26039,Rest,HAZIRLANIYOR...,0,0,0,0,0,0,0
7.7007,26040,Rest,HAZIRLANIYOR...,0,34,0,0,0,2,0
7.7007,26041,Rest,HAZIRLANIYOR...,0,100,0,0,0,4,0
7.7007,26042,Rest,HAZIRLANIYOR...,0,163,0,0,54,4,0
7.7008,26043,Rest,HAZIRLANIYOR...,0,223,0,0,103,3,0
7.7009,26044,Rest,HAZIRLANIYOR...,0,282,0,0,149,3,0
7.7009,26045,Rest,HAZIRLANIYOR...,0,335,0,0,190,4,0
7.7009,26046,Rest,HAZIRLANIYOR...,0,374,0,0,219,5,0
7.7009,26047,Rest,HAZIRLANIYOR...,0,400,0,0,239,9,0
7.7009,26048,Rest,HAZIRLANIYOR...,0,421,0,0,256,12,0
7.7009,26049,Rest,HAZIRLANIYOR...,0,438,0,0,268,5,0
7.7010,26050,Rest,HAZIRLANIYOR...,0,446,0,0,268,0,0
7.7010,26051,Rest,HAZIRLANIYOR...,0,448,0,0,255,0,1
7.7010,26052,Rest,HAZIRLANIYOR...,0,445,0,0,239,0,7
7.7011,26053,Rest,HAZIRLANIYOR...,0,440,0,0,228,0,12
7.7011,26054,Rest,HAZIRLANIYOR...,0,426,0,0,223,0,7
7.7011,26055,Rest,HAZIRLANIYOR...,0,405,0,10,212,0,1
7.7011,26056,Rest,HAZIRLANIYOR...,0,382,8,32,181,0,5
7.7011,26057,Rest,HAZIRLANIYOR...,0,361,22,54,130,0,7
7.7011,26058,Rest,HAZIRLANIYOR...,0,339,34,74,73,0,0
7.7011,26059,Rest,HAZIRLANIYOR...,0,315,44,93,16,0,0
7.7012,26060,Rest,HAZIRLANIYOR...,0,290,54,109,0,0,0
7.7161,26061,Rest,HAZIRLANIYOR...,0,265,61,119,0,0,0
7.7161,26062,Rest,HAZIRLANIYOR...,0,240,65,124,0,0,0
7.7162,26063,Rest,HAZIRLANIYOR...,0,212,66,124,0,0,0
7.7162,26064,Rest,HAZIRLANIYOR...,0,181,65,123,0,0,0
7.7162,26065,Rest,HAZIRLANIYOR...,0,147,61,119,0,1,0
7.7162,26066,Rest,HAZIRLANIYOR...,0,108,54,109,0,0,0
7.7162,26067,Rest,HAZIRLANIYOR...,0,65,47,94,0,0,0
7.7162,26068,Rest,HAZIRLANIYOR...,0,21,39,77,0,0,0
7.7162,26069,Rest,HAZIRLANIYOR...,0,0,31,60,0,1,2
7.7163,26070,Rest,HAZIRLANIYOR...,0,0,21,41,0,1,6
7.7163,26071,Rest,HAZIRLANIYOR...,0,0,11,22,0,0,1
7.7163,26072,Rest,HAZIRLANIYOR...,0,0,1,3,0,0,0
7.7163,26073,Rest,HAZIRLANIYOR...,0,0,0,0,0,0,0
7.7163,26074,Rest,HAZIRLANIYOR...,0,0,0,0,0,0,0
7.7163,26075,Rest,HAZIRLANIYOR...,0,0,0,0,0,1,0
7.7164,26076,Rest,HAZIRLANIYOR...,0,0,0,0,0,2,0
7.7164,26077,Rest,HAZIRLANIYOR...,0,0,0,0,33,2,0
7.7164,26078,Rest,HAZIRLANIYOR...,0,0,0,0,85,2,0
7.7164,26079,Rest,HAZIRLANIYOR...,0,0,0,0,128,2,0
7.7164,26080,Rest,HAZIRLANIYOR...,0,0,0,0,166,1,0
7.7164,26081,Rest,HAZIRLANIYOR...,0,0,0,0,207,0,0
7.7164,26082,Rest,HAZIRLANIYOR...,0,0,0,0,245,0,0
7.7164,26083,Rest,HAZIRLANIYOR...,0,0,0,0,264,0,0
7.7165,26084,Rest,HAZIRLANIYOR...,0,0,0,0,264,0,0
7.7165,26085,Rest,HAZIRLANIYOR...,0,0,0,0,260,1,0
7.7165,26086,Rest,HAZIRLANIYOR...,0,0,0,0,256,5,1
7.7166,26087,Rest,HAZIRLANIYOR...,0,0,0,0,247,4,0
7.7166,26088,Rest,HAZIRLANIYOR...,0,0,0,0,234,3,0
7.7320,26089,Rest,HAZIRLANIYOR...,0,0,0,0,224,5,0
7.7321,26090,Rest,HAZIRLANIYOR...,0,0,0,0,216,11,3
7.7321,26091,Rest,HAZIRLANIYOR...,0,0,0,4,196,13,12
7.7322,26092,Rest,HAZIRLANIYOR...,0,0,5,20,156,7,8
7.7322,26093,Rest,HAZIRLANIYOR...,0,0,10,36,102,0,0
7.7322,26094,Rest,HAZIRLANIYOR...,0,0,16,50,43,0,0
7.7322,26095,Rest,HAZIRLANIYOR...,0,0,22,60,0,0,5
7.7322,26096,Rest,HAZIRLANIYOR...,0,0,28,68,0,0,8
7.7322,26097,Rest,HAZIRLANIYOR...,0,0,34,74,0,0,9
7.7322,26098,Rest,HAZIRLANIYOR...,0,0,39,77,0,0,12
7.7323,26099,Rest,HAZIRLANIYOR...,0,0,45,76,0,0,10
7.7323,26100,Rest,HAZIRLANIYOR...,0,0,50,73,0,0,0
7.7323,26101,Rest,HAZIRLANIYOR...,0,0,56,70,0,0,0
7.7323,26102,Rest,HAZIRLANIYOR...,0,0,60,65,0,0,0
7.7323,26103,Rest,HAZIRLANIYOR...,0,0,60,56,0,0,0
7.7323,26104,Rest,HAZIRLANIYOR...,0,0,56,46,0,0,0
7.7323,26105,Rest,HAZIRLANIYOR...,0,0,50,36,0,0,0
7.7324,26106,Rest,HAZIRLANIYOR...,0,0,42,25,0,0,0
7.7324,26107,Rest,HAZIRLANIYOR...,0,7,33,12,0,0,0
7.7326,26108,Rest,HAZIRLANIYOR...,0,13,23,0,0,0,0
7.7326,26109,Rest,HAZIRLANIYOR...,0,16,12,0,0,4,0
7.7326,26110,Rest,HAZIRLANIYOR...,0,17,1,0,0,12,0
7.7326,26111,Rest,HAZIRLANIYOR...,0,14,0,0,0,8,8
7.7327,26112,Rest,HAZIRLANIYOR...,0,8,0,0,0,0,12
7.7327,26113,Rest,HAZIRLANIYOR...,0,2,0,0,53,0,6
7.7327,26114,Rest,HAZIRLANIYOR...,0,0,0,0,104,5,0
7.7327,26115,Rest,HAZIRLANIYOR...,0,0,0,0,145,16,0
7.7328,26116,Rest,HAZIRLANIYOR...,0,0,0,0,181,14,0
7.7328,26117,Rest,HAZIRLANIYOR...,0,0,0,0,216,0,0
7.7474,26118,Rest,HAZIRLANIYOR...,0,0,0,0,247,0,0
7.7475,26119,Rest,HAZIRLANIYOR...,0,0,0,0,264,0,0
7.7475,26120,Rest,HAZIRLANIYOR...,0,0,0,0,268,7,1
7.7475,26121,Rest,HAZIRLANIYOR...,0,0,0,0,263,3,1
7.7475,26122,Rest,HAZIRLANIYOR...,0,0,0,0,249,0,2
7.7475,26123,Rest,HAZIRLANIYOR...,0,0,0,0,231,0,1
7.7476,26124,Rest,HAZIRLANIYOR...,0,0,0,0,225,1,0
7.7476,26125,Rest,HAZIRLANIYOR...,0,0,0,6,229,0,0
7.7476,26126,Rest,HAZIRLANIYOR...,0,0,0,19,221,0,0
7.7476,26127,Rest,HAZIRLANIYOR...,0,0,0,34,184,0,0
7.7476,26128,Rest,HAZIRLANIYOR...,0,0,0,49,125,0,0
7.7476,26129,Rest,HAZIRLANIYOR...,0,0,12,60,64,0,0
7.7477,26130,Rest,HAZIRLANIYOR...,0,0,26,65,9,0,0
7.7477,26131,Rest,HAZIRLANIYOR...,0,0,38,66,0,0,0
7.7477,26132,Rest,HAZIRLANIYOR...,0,0,50,66,0,0,0
7.7477,26133,Rest,HAZIRLANIYOR...,0,0,58,67,0,0,0
7.7477,26134,Rest,HAZIRLANIYOR...,0,0,65,65,0,0,0
7.7477,26135,Rest,HAZIRLANIYOR...,0,0,68,59,0,0,5
7.7477,26136,Rest,HAZIRLANIYOR...,0,0,71,51,0,0,9
7.7477,26137,Rest,HAZIRLANIYOR...,0,0,71,43,0,0,5
7.7477,26138,Rest,HAZIRLANIYOR...,0,0,68,35,0,0,0
7.7478,26139,Rest,HAZIRLANIYOR...,0,20,63,25,0,0,0
7.7478,26140,Rest,HAZIRLANIYOR...,0,45,56,15,0,4,0
7.7478,26141,Rest,HAZIRLANIYOR...,0,63,48,5,0,11,0
7.7478,26142,Rest,HAZIRLANIYOR...,0,75,38,0,0,12,0
7.7479,26143,Rest,HAZIRLANIYOR...,0,82,28,0,0,8,0
7.7625,26144,Rest,HAZIRLANIYOR...,0,85,17,0,0,1,0
7.7626,26145,Rest,HAZIRLANIYOR...,0,83,6,0,0,0,1
7.7626,26146,Rest,HAZIRLANIYOR...,0,77,0,0,0,6,4
7.7626,26147,Rest,HAZIRLANIYOR...,0,70,0,0,0,18,9
7.7627,26148,Rest,HAZIRLANIYOR...,0,65,0,0,35,17,12
7.7627,26149,Rest,HAZIRLANIYOR...,0,65,0,0,86,0,5
7.7627,26150,Rest,HAZIRLANIYOR...,0,72,0,0,130,0,0
7.7627,26151,Rest,HAZIRLANIYOR...,0,84,0,0,169,0,0
7.7627,26152,Rest,HAZIRLANIYOR...,0,103,0,0,205,0,0
7.7627,26153,Rest,HAZIRLANIYOR...,0,122,0,0,236,0,0
7.7628,26154,Rest,HAZIRLANIYOR...,0,138,0,0,260,0,4
7.7628,26155,Rest,HAZIRLANIYOR...,0,149,0,0,277,0,10
7.7628,26156,Rest,HAZIRLANIYOR...,0,157,0,0,281,0,4
7.7628,26157,Rest,HAZIRLANIYOR...,0,167,0,0,267,0,0
7.7628,26158,Rest,HAZIRLANIYOR...,0,179,0,0,250,0,0
7.7628,26159,Rest,HAZIRLANIYOR...,0,192,0,0,240,0,0
7.7628,26160,Rest,HAZIRLANIYOR...,0,202,0,10,229,5,0
7.7629,26161,Rest,HAZIRLANIYOR...,0,208,0,27,215,9,0
7.7629,26162,Rest,HAZIRLANIYOR...,0,212,0,43,197,3,0
7.7629,26163,Rest,HAZIRLANIYOR...,0,211,18,57,159,0,3
7.7629,26164,Rest,HAZIRLANIYOR...,0,202,36,69,93,0,7
7.7629,26165,Rest,HAZIRLANIYOR...,0,188,52,79,21,2,0
7.7630,26166,Rest,HAZIRLANIYOR...,0,169,63,86,0,6,0
7.7630,26167,Rest,HAZIRLANIYOR...,0,144,70,90,0,0,0
7.7630,26168,Rest,HAZIRLANIYOR...,0,114,73,91,0,0,0
7.7630,26169,Rest,HAZIRLANIYOR...,0,80,71,89,0,0,8
7.7631,26170,Rest,HAZIRLANIYOR...,0,44,67,85,0,3,7
7.7777,26171,Rest,HAZIRLANIYOR...,0,5,61,77,0,0,1
7.7778,26172,Rest,HAZIRLANIYOR...,0,0,56,67,0,0,0
7.7778,26173,Rest,HAZIRLANIYOR...,0,0,49,58,0,0,0
7.7778,26174,Rest,HAZIRLANIYOR...,0,0,42,49,0,0,0
7.7778,26175,Rest,HAZIRLANIYOR...,0,0,33,38,0,0,0
7.7778,26176,Rest,HAZIRLANIYOR...,0,0,25,25,0,0,0
7.7779,26177,Rest,HAZIRLANIYOR...,0,0,18,13,0,0,0
7.7779,26178,Rest,HAZIRLANIYOR...,0,0,10,1,0,0,0
7.7779,26179,Rest,HAZIRLANIYOR...,0,0,2,0,0,0,0
7.7779,26180,Rest,HAZIRLANIYOR...,0,0,0,0,0,0,0
7.7779,26181,Rest,HAZIRLANIYOR...,0,0,0,0,0,1,1
7.7779,26182,Rest,HAZIRLANIYOR...,0,0,0,0,0,0,3
7.7779,26183,Rest,HAZIRLANIYOR...,0,0,0,0,5,0,3
7.7780,26184,Rest,HAZIRLANIYOR...,0,0,0,0,65,0,1
7.7780,26185,Rest,HAZIRLANIYOR...,0,0,0,0,109,3,1
7.7780,26186,Rest,HAZIRLANIYOR...,0,0,0,0,147,6,4
7.7780,26187,Rest,HAZIRLANIYOR...,0,0,0,0,186,5,7
7.7780,26188,Rest,HAZIRLANIYOR...,0,0,0,0,227,2,3
7.7780,26189,Rest,HAZIRLANIYOR...,0,0,0,0,257,1,0
7.7780,26190,Rest,HAZIRLANIYOR...,0,0,0,0,267,2,0
7.7781,26191,Rest,HAZIRLANIYOR...,0,0,0,0,261,2,0
7.7781,26192,Rest,HAZIRLANIYOR...,0,0,0,0,254,1,1
7.7781,26193,Rest,HAZIRLANIYOR...,0,0,0,0,247,1,0
7.7781,26194,Rest,HAZIRLANIYOR...,0,0,0,0,244,0,0
7.7781,26195,Rest,HAZIRLANIYOR...,0,0,0,0,250,0,0
7.7781,26196,Rest,HAZIRLANIYOR...,0,0,0,2,248,1,1
7.7782,26197,Rest,HAZIRLANIYOR...,0,38,8,22,214,1,1
7.7927,26198,Rest,HAZIRLANIYOR...,0,85,17,43,155,0,0
7.7928,26199,Rest,HAZIRLANIYOR...,0,129,25,64,99,0,0
7.7929,26200,Rest,HAZIRLANIYOR...,0,170,33,84,50,0,0
7.7929,26201,Rest,HAZIRLANIYOR...,0,208,39,100,0,0,0
7.7930,26202,Rest,HAZIRLANIYOR...,0,244,41,111,0,0,1
7.7930,26203,Rest,HAZIRLANIYOR...,0,277,41,116,0,3,2
7.7930,26204,Rest,HAZIRLANIYOR...,0,302,42,118,0,7,0
7.7931,26205,Rest,HAZIRLANIYOR...,0,320,45,117,0,3,0
7.7931,26206,Rest,HAZIRLANIYOR...,0,332,49,113,0,0,0
7.7931,26207,Rest,HAZIRLANIYOR...,0,337,53,105,0,0,0
7.7931,26208,Rest,HAZIRLANIYOR...,0,335,55,97,0,0,0
7.7931,26209,Rest,HAZIRLANIYOR...,0,327,54,90,0,0,0
7.7931,26210,Rest,HAZIRLANIYOR...,0,316,51,79,0,0,1
7.7931,26211,Rest,HAZIRLANIYOR...,0,304,46,56,0,0,0
7.7931,26212,Rest,HAZIRLANIYOR...,0,293,39,28,0,0,0
7.7931,26213,Rest,HAZIRLANIYOR...,0,280,31,9,0,0,1
7.7931,26214,Rest,HAZIRLANIYOR...,0,269,21,0,0,0,6
7.7932,26215,Rest,HAZIRLANIYOR...,0,260,9,0,0,0,9
7.7932,26216,Rest,HAZIRLANIYOR...,0,255,0,0,0,1,3
7.7932,26217,Rest,HAZIRLANIYOR...,0,257,0,0,0,3,0
7.7932,26218,Rest,HAZIRLANIYOR...,0,264,0,0,0,7,0
7.7932,26219,Rest,HAZIRLANIYOR...,0,273,0,0,32,10,0
7.7932,26220,Rest,HAZIRLANIYOR...,0,278,0,0,83,5,1
7.7932,26221,Rest,HAZIRLANIYOR...,0,274,0,0,127,0,0
7.7932,26222,Rest,HAZIRLANIYOR...,0,259,0,0,165,0,0
7.7932,26223,Rest,HAZIRLANIYOR...,0,234,0,0,198,0,0
7.7933,26224,Rest,HAZIRLANIYOR...,0,200,0,0,227,0,0
7.8080,26225,Rest,HAZIRLANIYOR...,0,161,0,0,250,0,0
7.8081,26226,Rest,HAZIRLANIYOR...,0,122,0,0,261,0,0
7.8081,26227,Rest,HAZIRLANIYOR...,0,86,0,0,261,0,0
7.8081,26228,Rest,HAZIRLANIYOR...,0,52,0,0,252,0,1
7.8081,26229,Rest,HAZIRLANIYOR...,0,15,0,0,238,0,2
7.8082,26230,Rest,HAZIRLANIYOR...,0,0,0,0,227,0,1
7.8082,26231,Rest,HAZIRLANIYOR...,0,0,0,0,220,0,0
7.8082,26232,Rest,HAZIRLANIYOR...,0,0,0,16,210,0,0
7.8082,26233,Rest,HAZIRLANIYOR...,0,0,3,34,186,0,0
7.8082,26234,Rest,HAZIRLANIYOR...,0,0,20,51,141,0,1
7.8082,26235,Rest,HAZIRLANIYOR...,0,0,36,67,80,0,1
7.8082,26236,Rest,HAZIRLANIYOR...,0,0,51,82,19,0,0
7.8082,26237,Rest,HAZIRLANIYOR...,0,0,64,93,0,2,0
7.8082,26238,Rest,HAZIRLANIYOR...,0,0,73,98,0,6,0
7.8083,26239,Rest,HAZIRLANIYOR...,0,0,80,102,0,2,0
7.8083,26240,Rest,HAZIRLANIYOR...,0,0,86,103,0,0,0
7.8083,26241,Rest,HAZIRLANIYOR...,0,0,88,102,0,0,2
7.8083,26242,Rest,HAZIRLANIYOR...,0,0,87,98,0,0,1
7.8083,26243,Rest,HAZIRLANIYOR...,0,0,83,88,0,0,0
7.8083,26244,Rest,HAZIRLANIYOR...,0,0,77,75,0,0,0
7.8083,26245,Rest,HAZIRLANIYOR...,0,0,69,59,0,0,2
7.8083,26246,Rest,HAZIRLANIYOR...,0,0,59,42,0,2,2
7.8084,26247,Rest,HAZIRLANIYOR...,0,0,47,23,0,2,0
7.8084,26248,Rest,HAZIRLANIYOR...,0,0,34,4,0,0,0
7.8084,26249,Rest,HAZIRLANIYOR...,0,0,20,0,0,0,2
7.8084,26250,Rest,HAZIRLANIYOR...,0,0,5,0,0,0,9
7.8085,26251,Rest,HAZIRLANIYOR...,0,0,0,0,0,1,11
7.8240,26252,Rest,HAZIRLANIYOR...,0,0,0,0,0,3,2
7.8240,26253,Rest,HAZIRLANIYOR...,0,0,0,0,0,1,0
7.8240,26254,Rest,HAZIRLANIYOR...,0,0,0,0,0,1,0
7.8240,26255,Rest,HAZIRLANIYOR...,0,0,0,0,48,3,0
7.8241,26256,Rest,HAZIRLANIYOR...,0,0,0,0,99,4,0
7.8241,26257,Rest,HAZIRLANIYOR...,0,0,0,0,142,3,0
7.8241,26258,Rest,HAZIRLANIYOR...,0,0,0,0,181,2,0
7.8241,26259,Rest,HAZIRLANIYOR...,0,19,0,0,221,2,0
7.8241,26260,Rest,HAZIRLANIYOR...,0,41,0,0,254,3,0
7.8241,26261,Rest,HAZIRLANIYOR...,0,54,0,0,266,3,0
7.8241,26262,Rest,HAZIRLANIYOR...,0,61,0,0,260,2,0
7.8242,26263,Rest,HAZIRLANIYOR...,0,65,0,0,252,1,0
7.8242,26264,Rest,HAZIRLANIYOR...,0,68,0,0,244,0,0
7.8242,26265,Rest,HAZIRLANIYOR...,0,66,0,0,234,2,0
7.8242,26266,Rest,HAZIRLANIYOR...,0,62,0,1,225,9,0
7.8242,26267,Rest,HAZIRLANIYOR...,0,57,0,15,221,12,0
7.8242,26268,Rest,HAZIRLANIYOR...,0,54,0,33,211,5,2
7.8242,26269,Rest,HAZIRLANIYOR...,0,51,0,53,179,0,3
7.8242,26270,Rest,HAZIRLANIYOR...,0,50,0,68,118,0,2
7.8243,26271,Rest,HAZIRLANIYOR...,0,48,5,76,51,0,0
7.8243,26272,Rest,HAZIRLANIYOR...,0,46,10,79,0,0,0
7.8243,26273,Rest,HAZIRLANIYOR...,0,41,13,80,0,0,1
7.8243,26274,Rest,HAZIRLANIYOR...,0,35,13,79,0,0,1
7.8243,26275,Rest,HAZIRLANIYOR...,0,28,14,76,0,0,0
7.8243,26276,Rest,HAZIRLANIYOR...,0,23,19,71,0,0,0
7.8243,26277,Rest,HAZIRLANIYOR...,0,18,29,66,0,0,0
7.8243,26278,Rest,HAZIRLANIYOR...,0,12,42,63,0,0,0
7.8244,26279,Rest,HAZIRLANIYOR...,0,4,59,63,0,0,0
7.8397,26280,Rest,HAZIRLANIYOR...,0,0,76,66,0,0,0
7.8397,26281,Rest,HAZIRLANIYOR...,0,0,91,67,0,0,0
7.8397,26282,Rest,HAZIRLANIYOR...,0,0,101,65,0,0,2
7.8397,26283,Rest,HAZIRLANIYOR...,0,0,104,61,0,0,3
7.8398,26284,Rest,HAZIRLANIYOR...,0,0,103,57,0,0,0
7.8398,26285,Rest,HAZIRLANIYOR...,0,0,98,52,0,0,0
7.8398,26286,Rest,HAZIRLANIYOR...,0,0,91,43,0,0,0
7.8398,26287,Rest,HAZIRLANIYOR...,0,0,82,27,0,2,0
7.8398,26288,Rest,HAZIRLANIYOR...,0,0,69,8,0,3,1
7.8398,26289,Rest,HAZIRLANIYOR...,0,0,49,0,0,3,0
7.8399,26290,Rest,HAZIRLANIYOR...,0,0,28,0,43,4,0
7.8399,26291,Rest,HAZIRLANIYOR...,0,0,9,0,93,4,0
7.8399,26292,Rest,HAZIRLANIYOR...,0,0,0,0,135,3,0
7.8399,26293,Rest,HAZIRLANIYOR...,0,0,0,0,173,3,0
7.8399,26294,Rest,HAZIRLANIYOR...,0,0,0,0,211,4,0
7.8399,26295,Rest,HAZIRLANIYOR...,0,0,0,0,242,4,0
7.8399,26296,Rest,HAZIRLANIYOR...,0,0,0,0,262,4,0
7.8399,26297,Rest,HAZIRLANIYOR...,0,0,0,0,269,4,2
7.8400,26298,Rest,HAZIRLANIYOR...,0,0,0,0,262,3,3
7.8400,26299,Rest,HAZIRLANIYOR...,0,28,0,0,245,2,1
7.8400,26300,Rest,HAZIRLANIYOR...,0,59,0,0,226,2,0
7.8400,26301,Rest,HAZIRLANIYOR...,0,93,0,0,215,1,2
7.8400,26302,Rest,HAZIRLANIYOR...,0,128,0,0,218,0,3
7.8400,26303,Rest,HAZIRLANIYOR...,0,161,22,0,223,0,2
7.8400,26304,Rest,HAZIRLANIYOR...,0,185,43,30,201,0,0
7.8401,26305,Rest,HAZIRLANIYOR...,0,201,59,56,142,0,0
7.8401,26306,Rest,HAZIRLANIYOR...,0,216,72,77,69,6,0
7.8402,26307,Rest,HAZIRLANIYOR...,0,233,81,96,10,9,0
7.8548,26308,Rest,HAZIRLANIYOR...,0,248,86,110,0,2,0
7.8549,26309,Rest,HAZIRLANIYOR...,0,254,83,118,0,0,2
7.8549,26310,Rest,HAZIRLANIYOR...,0,252,75,120,0,0,2
7.8549,26311,Rest,HAZIRLANIYOR...,0,243,62,117,0,0,0
7.8550,26312,Rest,HAZIRLANIYOR...,0,231,47,106,0,0,0
7.8550,26313,Rest,HAZIRLANIYOR...,0,216,31,91,0,0,0
7.8550,26314,Rest,HAZIRLANIYOR...,0,198,14,72,0,0,1
7.8550,26315,Rest,HAZIRLANIYOR...,0,177,0,52,0,0,0
7.8550,26316,Rest,HAZIRLANIYOR...,0,155,0,32,0,0,0
7.8550,26317,Rest,HAZIRLANIYOR...,0,137,0,11,0,4,0
7.8551,26318,Rest,HAZIRLANIYOR...,0,121,0,0,0,7,0
7.8551,26319,Rest,HAZIRLANIYOR...,0,106,0,0,0,1,0
7.8551,26320,Rest,HAZIRLANIYOR...,0,92,0,0,0,0,0
7.8551,26321,Rest,HAZIRLANIYOR...,0,80,0,0,0,0,0
7.8551,26322,Rest,HAZIRLANIYOR...,0,72,0,0,0,0,0
7.8551,26323,Rest,HAZIRLANIYOR...,0,66,0,0,0,0,1
7.8551,26324,Rest,HAZIRLANIYOR...,0,60,0,0,0,0,6
7.8552,26325,Rest,HAZIRLANIYOR...,0,54,0,0,11,1,10
7.8552,26326,Rest,HAZIRLANIYOR...,0,47,0,0,64,3,3
7.8552,26327,Rest,HAZIRLANIYOR...,0,40,0,0,108,9,0
7.8552,26328,Rest,HAZIRLANIYOR...,0,35,0,0,145,12,0
7.8552,26329,Rest,HAZIRLANIYOR...,0,31,0,0,180,7,0
7.8552,26330,Rest,HAZIRLANIYOR...,0,25,0,0,213,0,0
7.8553,26331,Rest,HAZIRLANIYOR...,0,18,0,0,239,0,0
7.8553,26332,Rest,HAZIRLANIYOR...,0,14,0,0,255,0,0
7.8553,26333,Rest,HAZIRLANIYOR...,0,11,0,0,265,1,0
7.8554,26334,Rest,HAZIRLANIYOR...,0,9,0,0,261,0,0
7.8702,26335,Rest,HAZIRLANIYOR...,0,6,0,0,241,0,1
7.8703,26336,Rest,HAZIRLANIYOR...,0,4,0,0,217,0,1
7.8704,26337,Rest,HAZIRLANIYOR...,0,4,0,6,208,0,0
7.8704,26338,Rest,HAZIRLANIYOR...,0,4,0,27,206,0,0
7.8704,26339,Rest,HAZIRLANIYOR...,0,3,7,47,190,0,0
7.8704,26340,Rest,HAZIRLANIYOR...,0,0,20,66,149,4,0
7.8704,26341,Rest,HAZIRLANIYOR...,0,0,33,80,91,7,0
7.8704,26342,Rest,HAZIRLANIYOR...,0,0,44,91,31,0,0
7.8704,26343,Rest,HAZIRLANIYOR...,0,0,54,99,0,0,0
7.8704,26344,Rest,HAZIRLANIYOR...,0,0,61,102,0,0,0
7.8705,26345,Rest,HAZIRLANIYOR...,0,0,66,100,0,0,0
7.8705,26346,Rest,HAZIRLANIYOR...,0,0,70,94,0,0,4
7.8705,26347,Rest,HAZIRLANIYOR...,0,0,72,85,0,0,4
7.8705,26348,Rest,HAZIRLANIYOR...,0,0,71,76,0,0,0
7.8705,26349,Rest,HAZIRLANIYOR...,0,0,67,64,0,0,0
7.8705,26350,Rest,HAZIRLANIYOR...,0,0,64,50,0,0,0
7.8705,26351,Rest,HAZIRLANIYOR...,0,0,62,32,0,0,5
7.8705,26352,Rest,HAZIRLANIYOR...,0,0,58,13,0,0,10
7.8706,26353,Rest,HAZIRLANIYOR...,0,0,51,0,0,0,12
7.8706,26354,Rest,HAZIRLANIYOR...,0,0,40,0,0,0,5
7.8706,26355,Rest,HAZIRLANIYOR...,0,0,27,0,0,5,0
7.8706,26356,Rest,HAZIRLANIYOR...,0,0,13,0,0,7,0
7.8706,26357,Rest,HAZIRLANIYOR...,0,0,0,0,0,1,0
7.8706,26358,Rest,HAZIRLANIYOR...,0,0,0,0,0,0,0
7.8706,26359,Rest,HAZIRLANIYOR...,0,0,0,0,0,0,0
7.8706,26360,Rest,HAZIRLANIYOR...,0,0,0,0,0,2,0
7.8709,26361,Rest,HAZIRLANIYOR...,0,0,0,0,56,3,0
7.8710,26362,Rest,HAZIRLANIYOR...,0,0,0,0,104,1,2
7.8862,26363,Rest,HAZIRLANIYOR...,0,0,0,0,147,1,5
7.8863,26364,Rest,HAZIRLANIYOR...,0,5,0,0,190,2,0
7.8863,26365,Rest,HAZIRLANIYOR...,0,28,0,4,229,3,0
7.8863,26366,Rest,HAZIRLANIYOR...,0,45,7,16,251,5,0
7.8863,26367,Rest,HAZIRLANIYOR...,0,57,18,27,260,11,0
7.8863,26368,Rest,HAZIRLANIYOR...,0,68,30,36,265,19,3
7.8864,26369,Rest,HAZIRLANIYOR...,0,80,40,46,266,16,4
7.8864,26370,Rest,HAZIRLANIYOR...,0,90,48,52,258,1,2
7.8864,26371,Rest,HAZIRLANIYOR...,0,95,53,56,243,0,3
7.8864,26372,Rest,HAZIRLANIYOR...,0,95,59,58,231,0,6
7.8864,26373,Rest,HAZIRLANIYOR...,0,92,65,60,222,0,1
7.8864,26374,Rest,HAZIRLANIYOR...,0,86,70,63,209,0,0
7.8864,26375,Rest,HAZIRLANIYOR...,0,76,75,67,178,0,0
7.8864,26376,Rest,HAZIRLANIYOR...,0,65,80,73,128,0,0
7.8865,26377,Rest,HAZIRLANIYOR...,0,50,85,83,67,0,0
7.8865,26378,Rest,HAZIRLANIYOR...,0,33,90,91,6,2,1
7.8865,26379,Rest,HAZIRLANIYOR...,0,15,94,97,0,10,9
7.8865,26380,Rest,HAZIRLANIYOR...,0,0,95,99,0,8,6
7.8865,26381,Rest,HAZIRLANIYOR...,0,0,94,96,0,0,0
7.8865,26382,Rest,HAZIRLANIYOR...,0,0,90,86,0,0,0
7.8865,26383,Rest,HAZIRLANIYOR...,0,0,80,71,0,0,0
7.8866,26384,Rest,HAZIRLANIYOR...,0,0,66,50,0,0,0
7.8866,26385,Rest,HAZIRLANIYOR...,0,0,50,24,0,0,0
7.8866,26386,Rest,HAZIRLANIYOR...,0,0,31,0,0,0,3
7.8866,26387,Rest,HAZIRLANIYOR...,0,0,10,0,0,0,5
7.8866,26388,Rest,HAZIRLANIYOR...,0,0,0,0,0,0,1
7.8866,26389,Rest,HAZIRLANIYOR...,0,0,0,0,0,0,0
7.9018,26390,Rest,HAZIRLANIYOR...,0,0,0,0,0,0,0
7.9019,26391,Rest,HAZIRLANIYOR...,0,0,0,0,0,0,0
7.9020,26392,Rest,HAZIRLANIYOR...,0,0,0,0,0,0,0
7.9020,26393,Rest,HAZIRLANIYOR...,0,0,0,0,0,1,0
7.9020,26394,Rest,HAZIRLANIYOR...,0,0,0,0,0,8,0
7.9020,26395,Rest,HAZIRLANIYOR...,0,0,0,0,0,12,0
7.9021,26396,Rest,HAZIRLANIYOR...,0,0,0,0,10,9,0
7.9021,26397,Rest,HAZIRLANIYOR...,0,0,0,0,62,3,0
7.9021,26398,Rest,HAZIRLANIYOR...,0,0,0,0,106,3,0
7.9021,26399,Rest,HAZIRLANIYOR...,0,0,0,0,145,2,0
7.9021,26400,Rest,HAZIRLANIYOR...,0,0,0,0,181,0,0
7.9021,26401,Rest,HAZIRLANIYOR...,0,0,0,0,214,0,0
7.9021,26402,Rest,HAZIRLANIYOR...,0,0,0,0,239,0,0
7.9021,26403,Rest,HAZIRLANIYOR...,0,0,0,0,254,0,0
7.9021,26404,Rest,HAZIRLANIYOR...,0,0,0,0,256,0,1
7.9022,26405,Rest,HAZIRLANIYOR...,0,0,0,0,247,0,3
7.9022,26406,Rest,HAZIRLANIYOR...,0,21,0,0,234,0,9
7.9022,26407,Rest,HAZIRLANIYOR...,0,45,0,0,223,0,12
7.9022,26408,Rest,HAZIRLANIYOR...,0,67,0,0,217,0,4
7.9022,26409,Rest,HAZIRLANIYOR...,0,88,0,8,211,0,0
7.9022,26410,Rest,HAZIRLANIYOR...,0,108,0,17,191,8,0
7.9022,26411,Rest,HAZIRLANIYOR...,0,127,10,28,149,12,0
7.9022,26412,Rest,HAZIRLANIYOR...,0,144,25,43,91,5,0
7.9022,26413,Rest,HAZIRLANIYOR...,0,158,35,63,29,0,0
7.9023,26414,Rest,HAZIRLANIYOR...,0,168,41,81,0,0,0
7.9023,26415,Rest,HAZIRLANIYOR...,0,176,44,96,0,0,0
7.9023,26416,Rest,HAZIRLANIYOR...,0,188,45,108,0,0,0
7.9024,26417,Rest,HAZIRLANIYOR...,0,198,44,117,0,0,1
7.9179,26418,Rest,HAZIRLANIYOR...,0,198,42,121,0,0,3
7.9180,26419,Rest,HAZIRLANIYOR...,0,188,39,119,0,0,3
7.9180,26420,Rest,HAZIRLANIYOR...,0,179,37,114,0,0,7
7.9181,26421,Rest,HAZIRLANIYOR...,0,175,37,106,0,0,13
7.9181,26422,Rest,HAZIRLANIYOR...,0,168,36,93,0,0,7
7.9181,26423,Rest,HAZIRLANIYOR...,0,156,37,73,0,0,0
7.9181,26424,Rest,HAZIRLANIYOR...,0,146,40,46,0,0,0
7.9181,26425,Rest,HAZIRLANIYOR...,0,137,42,15,0,0,5
7.9181,26426,Rest,HAZIRLANIYOR...,0,126,42,0,0,0,11
7.9182,26427,Rest,HAZIRLANIYOR...,0,114,39,0,0,0,3
7.9182,26428,Rest,HAZIRLANIYOR...,0,105,33,0,0,0,0
7.9182,26429,Rest,HAZIRLANIYOR...,0,99,26,0,0,3,0
7.9182,26430,Rest,HAZIRLANIYOR...,0,92,19,0,0,9,0
7.9182,26431,Rest,HAZIRLANIYOR...,0,83,14,0,0,12,0
7.9183,26432,Rest,HAZIRLANIYOR...,0,77,7,0,38,6,0
7.9183,26433,Rest,HAZIRLANIYOR...,0,74,0,0,89,0,0
7.9183,26434,Rest,HAZIRLANIYOR...,0,71,0,0,133,0,0
7.9183,26435,Rest,HAZIRLANIYOR...,0,67,0,0,171,0,0
7.9184,26436,Rest,HAZIRLANIYOR...,0,66,0,0,205,1,0
7.9184,26437,Rest,HAZIRLANIYOR...,0,66,0,0,234,0,0
7.9184,26438,Rest,HAZIRLANIYOR...,0,68,0,0,258,0,0
7.9184,26439,Rest,HAZIRLANIYOR...,0,71,0,0,268,0,0
7.9184,26440,Rest,HAZIRLANIYOR...,0,76,0,0,258,0,0
7.9184,26441,Rest,HAZIRLANIYOR...,0,80,0,0,234,0,0
7.9185,26442,Rest,HAZIRLANIYOR...,0,81,0,0,218,0,0
7.9185,26443,Rest,HAZIRLANIYOR...,0,79,0,0,222,0,0
7.9185,26444,Rest,HAZIRLANIYOR...,0,73,0,7,229,1,0
7.9186,26445,Rest,HAZIRLANIYOR...,0,68,0,24,211,6,2
7.9186,26446,Rest,HAZIRLANIYOR...,0,65,0,41,168,9,3
7.9330,26447,Rest,HAZIRLANIYOR...,0,60,0,54,115,2,8
7.9331,26448,Rest,HAZIRLANIYOR...,0,51,0,66,59,0,10
7.9331,26449,Rest,HAZIRLANIYOR...,0,36,0,78,3,0,3
7.9332,26450,Rest,HAZIRLANIYOR...,0,18,3,87,0,0,0
7.9332,26451,Rest,HAZIRLANIYOR...,0,2,11,93,0,0,1
7.9332,26452,Rest,HAZIRLANIYOR...,0,0,18,95,0,0,16
7.9333,26453,Rest,HAZIRLANIYOR...,0,0,23,93,0,0,15
7.9333,26454,Rest,HAZIRLANIYOR...,0,0,25,90,0,0,0
7.9333,26455,Rest,HAZIRLANIYOR...,0,0,25,84,0,0,0
7.9333,26456,Rest,HAZIRLANIYOR...,0,0,24,72,0,0,0
7.9334,26457,Rest,HAZIRLANIYOR...,0,0,24,55,0,0,0
7.9334,26458,Rest,HAZIRLANIYOR...,0,0,26,39,0,1,0
7.9334,26459,Rest,HAZIRLANIYOR...,0,0,27,25,0,4,0
7.9335,26460,Rest,HAZIRLANIYOR...,0,0,23,14,0,8,0
7.9335,26461,Rest,HAZIRLANIYOR...,0,0,18,4,0,4,0
7.9335,26462,Rest,HAZIRLANIYOR...,0,0,12,0,0,0,0
7.9336,26463,Rest,HAZIRLANIYOR...,0,0,7,0,0,0,0
7.9336,26464,Rest,HAZIRLANIYOR...,0,0,1,0,0,0,5
7.9336,26465,Rest,HAZIRLANIYOR...,0,0,0,0,0,2,7
7.9336,26466,Rest,HAZIRLANIYOR...,0,0,0,0,0,2,1
7.9336,26467,Rest,HAZIRLANIYOR...,0,0,0,0,25,3,0
7.9337,26468,Rest,HAZIRLANIYOR...,0,0,0,0,72,8,6
7.9337,26469,Rest,HAZIRLANIYOR...,0,0,0,0,110,11,5
7.9337,26470,Rest,HAZIRLANIYOR...,0,0,0,0,143,3,0
7.9337,26471,Rest,HAZIRLANIYOR...,0,0,0,0,178,0,0
7.9339,26472,Rest,HAZIRLANIYOR...,0,0,0,0,212,0,0
7.9339,26473,Rest,HAZIRLANIYOR...,0,0,0,0,237,0,0
7.9480,26474,Rest,HAZIRLANIYOR...,0,0,0,0,249,0,0
7.9481,26475,Rest,HAZIRLANIYOR...,0,0,0,0,247,0,0
7.9481,26476,Rest,HAZIRLANIYOR...,0,11,0,0,236,0,0
7.9481,26477,Rest,HAZIRLANIYOR...,0,48,5,0,222,0,0
7.9482,26478,Rest,HAZIRLANIYOR...,0,81,13,0,211,0,0
7.9482,26479,Rest,HAZIRLANIYOR...,0,109,23,0,204,0,0
7.9482,26480,Rest,HAZIRLANIYOR...,0,132,33,0,197,0,0
7.9482,26481,Rest,HAZIRLANIYOR...,0,153,43,0,175,0,0
7.9482,26482,Rest,HAZIRLANIYOR...,0,167,52,0,132,0,0
7.9482,26483,Rest,HAZIRLANIYOR...,0,169,60,18,74,0,0
7.9482,26484,Rest,HAZIRLANIYOR...,0,160,64,42,15,0,0
7.9482,26485,Rest,HAZIRLANIYOR...,0,148,67,65,0,0,0
7.9482,26486,Rest,HAZIRLANIYOR...,0,134,67,83,0,0,0
7.9482,26487,Rest,HAZIRLANIYOR...,0,117,66,96,0,0,0
7.9483,26488,Rest,HAZIRLANIYOR...,0,96,64,104,0,0,0
7.9483,26489,Rest,HAZIRLANIYOR...,0,72,61,108,0,0,0
7.9483,26490,Rest,HAZIRLANIYOR...,0,46,58,109,0,0,5
7.9483,26491,Rest,HAZIRLANIYOR...,0,19,54,109,0,0,8
7.9483,26492,Rest,HAZIRLANIYOR...,0,0,49,108,0,0,4
7.9483,26493,Rest,HAZIRLANIYOR...,0,0,43,104,0,0,0
7.9483,26494,Rest,HAZIRLANIYOR...,0,0,36,98,0,0,0
7.9483,26495,Rest,HAZIRLANIYOR...,0,0,28,90,0,0,0
7.9483,26496,Rest,HAZIRLANIYOR...,0,0,19,81,0,0,0
7.9483,26497,Rest,HAZIRLANIYOR...,0,0,8,73,0,2,0
7.9483,26498,Rest,HAZIRLANIYOR...,0,0,0,65,0,1,0
7.9484,26499,Rest,HAZIRLANIYOR...,0,0,0,54,0,1,0
7.9638,26500,Rest,HAZIRLANIYOR...,0,0,0,40,0,2,2
7.9639,26501,Rest,HAZIRLANIYOR...,0,0,0,24,0,3,2
7.9640,26502,Rest,HAZIRLANIYOR...,0,0,0,8,26,3,2
7.9640,26503,Rest,HAZIRLANIYOR...,0,0,0,0,74,3,2
7.9640,26504,Rest,HAZIRLANIYOR...,0,0,0,0,114,2,2
7.9640,26505,Rest,HAZIRLANIYOR...,0,0,0,0,150,2,2
7.9640,26506,Rest,HAZIRLANIYOR...,0,0,0,0,186,2,2
7.9640,26507,Rest,HAZIRLANIYOR...,0,0,0,0,218,2,2
7.9640,26508,Rest,HAZIRLANIYOR...,0,0,0,0,243,3,3
7.9640,26509,Rest,HAZIRLANIYOR...,0,0,0,0,259,2,4
7.9640,26510,Rest,HAZIRLANIYOR...,0,0,0,0,264,2,4
7.9641,26511,Rest,HAZIRLANIYOR...,0,0,0,0,259,2,2
7.9641,26512,Rest,HAZIRLANIYOR...,0,0,0,0,248,1,1
7.9641,26513,Rest,HAZIRLANIYOR...,0,20,0,6,234,1,2
7.9641,26514,Rest,HAZIRLANIYOR...,0,54,0,15,224,0,2
7.9641,26515,Rest,HAZIRLANIYOR...,0,90,0,26,216,0,1
7.9641,26516,Rest,HAZIRLANIYOR...,0,126,0,38,199,0,1
7.9641,26517,Rest,HAZIRLANIYOR...,0,160,0,52,163,0,1
7.9641,26518,Rest,HAZIRLANIYOR...,0,188,6,64,110,0,0
7.9641,26519,Rest,HAZIRLANIYOR...,0,214,15,75,51,0,0
7.9644,26520,Rest,HAZIRLANIYOR...,0,237,22,81,0,0,0
7.9644,26521,Rest,HAZIRLANIYOR...,0,250,27,82,0,1,0
7.9645,26522,Rest,HAZIRLANIYOR...,0,251,32,78,0,5,1
7.9645,26523,Rest,HAZIRLANIYOR...,0,241,37,70,0,0,3
7.9645,26524,Rest,HAZIRLANIYOR...,0,220,42,57,0,0,0
7.9645,26525,Rest,HAZIRLANIYOR...,0,191,47,37,0,0,0
7.9646,26526,Rest,HAZIRLANIYOR...,0,157,48,13,0,0,0
7.9647,26527,Rest,HAZIRLANIYOR...,0,117,46,0,0,0,8
7.9647,26528,Rest,HAZIRLANIYOR...,0,71,41,0,0,0,12
7.9798,26529,Rest,HAZIRLANIYOR...,0,25,36,0,0,0,3
7.9799,26530,Rest,HAZIRLANIYOR...,0,0,30,0,0,0,0
7.9799,26531,Rest,HAZIRLANIYOR...,0,0,24,0,0,6,0
7.9800,26532,Rest,HAZIRLANIYOR...,0,0,19,0,0,10,0
7.9800,26533,Rest,HAZIRLANIYOR...,0,0,12,0,0,2,1
7.9800,26534,Rest,HAZIRLANIYOR...,0,0,2,0,0,0,1
7.9800,26535,Rest,HAZIRLANIYOR...,0,0,0,0,0,0,0
7.9800,26536,Rest,HAZIRLANIYOR...,0,0,0,0,0,0,0
7.9800,26537,Rest,HAZIRLANIYOR...,0,0,0,0,0,4,0
7.9800,26538,Rest,HAZIRLANIYOR...,0,0,0,0,8,4,0
7.9800,26539,Rest,HAZIRLANIYOR...,0,0,0,0,59,0,0
7.9800,26540,Rest,HAZIRLANIYOR...,0,0,0,0,102,0,0
7.9801,26541,Rest,HAZIRLANIYOR...,0,0,0,0,137,0,0
7.9801,26542,Rest,HAZIRLANIYOR...,0,0,0,0,171,0,0
7.9801,26543,Rest,HAZIRLANIYOR...,0,0,0,0,205,1,0
7.9801,26544,Rest,HAZIRLANIYOR...,0,0,0,0,234,5,0
7.9801,26545,Rest,HAZIRLANIYOR...,0,0,0,0,252,5,0
7.9801,26546,Rest,HAZIRLANIYOR...,0,0,0,0,249,0,0
7.9801,26547,Rest,HAZIRLANIYOR...,0,0,0,0,234,0,1
7.9801,26548,Rest,HAZIRLANIYOR...,0,0,0,0,222,5,1
7.9801,26549,Rest,HAZIRLANIYOR...,0,0,0,15,216,5,0
7.9801,26550,Rest,HAZIRLANIYOR...,0,20,4,42,211,0,0
7.9801,26551,Rest,HAZIRLANIYOR...,0,52,15,68,204,0,0
7.9801,26552,Rest,HAZIRLANIYOR...,0,89,25,91,185,0,0
7.9802,26553,Rest,HAZIRLANIYOR...,0,130,32,110,144,0,1
7.9802,26554,Rest,HAZIRLANIYOR...,0,169,38,125,86,0,0
7.9803,26555,Rest,HAZIRLANIYOR...,0,198,47,138,26,0,0
7.9960,26556,Rest,HAZIRLANIYOR...,0,217,58,148,0,0,0
7.9961,26557,Rest,HAZIRLANIYOR...,0,223,70,152,0,0,0
7.9961,26558,Rest,HAZIRLANIYOR...,0,219,80,151,0,0,0
7.9961,26559,Rest,HAZIRLANIYOR...,0,206,84,144,0,0,0
7.9961,26560,Rest,HAZIRLANIYOR...,0,184,83,133,0,0,0
7.9962,26561,Rest,HAZIRLANIYOR...,0,153,80,119,0,0,1
7.9962,26562,Rest,HAZIRLANIYOR...,0,113,75,102,0,0,0
7.9962,26563,Rest,HAZIRLANIYOR...,0,73,66,82,0,0,0
7.9962,26564,Rest,HAZIRLANIYOR...,0,39,55,60,0,0,0
7.9963,26565,Rest,HAZIRLANIYOR...,0,12,41,36,0,0,0
7.9963,26566,Rest,HAZIRLANIYOR...,0,0,25,12,0,0,0
7.9963,26567,Rest,HAZIRLANIYOR...,0,0,9,0,0,0,6
7.9963,26568,Rest,HAZIRLANIYOR...,0,0,0,0,0,0,14
7.9963,26569,Rest,HAZIRLANIYOR...,0,0,0,0,0,0,10
7.9963,26570,Rest,HAZIRLANIYOR...,0,0,0,0,0,0,0
7.9963,26571,Rest,HAZIRLANIYOR...,0,0,0,0,0,2,0
7.9964,26572,Rest,HAZIRLANIYOR...,0,0,0,0,0,4,0
7.9964,26573,Rest,HAZIRLANIYOR...,0,0,0,0,1,4,0
7.9964,26574,Rest,HAZIRLANIYOR...,0,0,0,0,54,4,0
7.9964,26575,Rest,HAZIRLANIYOR...,0,1,0,0,99,4,0
7.9964,26576,Rest,HAZIRLANIYOR...,0,17,0,0,140,3,0
7.9964,26577,Rest,HAZIRLANIYOR...,0,35,0,0,181,0,0
7.9964,26578,Rest,HAZIRLANIYOR...,0,54,0,0,218,0,0
7.9965,26579,Rest,HAZIRLANIYOR...,0,72,0,0,238,0,1
7.9965,26580,Rest,HAZIRLANIYOR...,0,85,0,0,241,4,0
7.9965,26581,Rest,HAZIRLANIYOR...,0,91,0,0,243,5,0
7.9965,26582,Rest,HAZIRLANIYOR...,0,99,0,0,244,4,2
7.9965,26583,Rest,HAZIRLANIYOR...,0,118,0,0,239,3,8
7.9966,26584,Rest,HAZIRLANIYOR...,0,145,0,9,232,2,11
