Timestamp,Seq,Movement,Phase,Rep,EMG1,EMG2,EMG3,EMG4,EMG5,EMG6
0.0113,8902,Rest,HAZIRLANIYOR...,0,497,0,0,687,0,0
0.0115,8903,Rest,HAZIRLANIYOR...,0,547,0,0,634,0,0
0.0118,8904,Rest,HAZIRLANIYOR...,0,579,0,0,597,0,1
0.0119,8905,Rest,HAZIRLANIYOR...,0,589,0,0,550,0,1
0.0120,8906,Rest,HAZIRLANIYOR...,0,579,0,0,454,0,0
0.0120,8907,Rest,HAZIRLANIYOR...,0,554,0,0,311,0,0
0.0120,8908,Rest,HAZIRLANIYOR...,0,510,0,0,152,0,4
0.0120,8909,Rest,HAZIRLANIYOR...,0,447,0,0,0,0,9
0.0120,8910,Rest,HAZIRLANIYOR...,0,367,0,7,0,0,0
0.0120,8911,Rest,HAZIRLANIYOR...,0,276,0,29,0,0,0
0.0123,8912,Rest,HAZIRLANIYOR...,0,181,0,48,0,0,0
0.0124,8913,Rest,HAZIRLANIYOR...,0,83,0,66,0,0,0
0.0124,8914,Rest,HAZIRLANIYOR...,0,0,0,85,0,0,0
0.0124,8915,Rest,HAZIRLANIYOR...,0,0,0,101,0,0,0
0.0125,8916,Rest,HAZIRLANIYOR...,0,0,228,115,0,0,0
0.0125,8917,Rest,HAZIRLANIYOR...,0,0,451,126,0,0,0
0.0125,8918,Rest,HAZIRLANIYOR...,0,0,655,134,0,0,0
0.0125,8919,Rest,HAZIRLANIYOR...,0,0,838,140,0,0,0
0.0125,8920,Rest,HAZIRLANIYOR...,0,0,997,144,0,1,0
0.0125,8921,Rest,HAZIRLANIYOR...,0,0,1127,145,0,5,0
0.0126,8922,Rest,HAZIRLANIYOR...,0,0,1222,137,0,8,2
0.0126,8923,Rest,HAZIRLANIYOR...,0,0,1284,120,0,9,3
0.0126,8924,Rest,HAZIRLANIYOR...,0,0,1316,96,0,9,4
0.0126,8925,Rest,HAZIRLANIYOR...,0,0,1318,68,0,10,5
0.0129,8926,Rest,HAZIRLANIYOR...,0,0,1281,40,55,11,6
0.0129,8927,Rest,HAZIRLANIYOR...,0,0,1204,13,140,10,5
0.0129,8928,Rest,HAZIRLANIYOR...,0,0,1091,0,218,9,4
0.0131,8929,Rest,HAZIRLANIYOR...,0,0,941,0,294,8,3
0.0272,8930,Rest,HAZIRLANIYOR...,0,0,751,0,374,6,2
0.0273,8931,Rest,HAZIRLANIYOR...,0,0,520,0,469,5,3
0.0273,8932,Rest,HAZIRLANIYOR...,0,0,256,0,580,6,4
0.0274,8933,Rest,HAZIRLANIYOR...,0,99,0,0,683,6,8
0.0274,8934,Rest,HAZIRLANIYOR...,0,194,0,0,757,6,9
0.0275,8935,Rest,HAZIRLANIYOR...,0,289,0,0,794,4,4
0.0275,8936,Rest,HAZIRLANIYOR...,0,377,0,0,802,3,0
0.0275,8937,Rest,HAZIRLANIYOR...,0,449,0,0,789,6,0
0.0276,8938,Rest,HAZIRLANIYOR...,0,506,0,0,773,10,0
0.0277,8939,Rest,HAZIRLANIYOR...,0,547,0,0,745,8,0
0.0277,8940,Rest,HAZIRLANIYOR...,0,572,0,0,663,0,0
0.0277,8941,Rest,HAZIRLANIYOR...,0,579,0,0,508,0,0
0.0278,8942,Rest,HAZIRLANIYOR...,0,566,0,0,311,0,4
0.0278,8943,Rest,HAZIRLANIYOR...,0,529,0,0,120,0,5
0.0278,8944,Rest,HAZIRLANIYOR...,0,471,0,0,0,0,1
0.0278,8945,Rest,HAZIRLANIYOR...,0,401,0,0,0,0,0
0.0278,8946,Rest,HAZIRLANIYOR...,0,321,0,1,0,0,0
0.0278,8947,Rest,HAZIRLANIYOR...,0,231,0,24,0,0,0
0.0278,8948,Rest,HAZIRLANIYOR...,0,129,0,44,0,0,0
0.0278,8949,Rest,HAZIRLANIYOR...,0,24,0,62,0,0,0
0.0279,8950,Rest,HAZIRLANIYOR...,0,0,0,79,0,0,0
0.0279,8951,Rest,HAZIRLANIYOR...,0,0,172,95,0,0,0
0.0279,8952,Rest,HAZIRLANIYOR...,0,0,401,109,0,0,0
0.0281,8953,Rest,HAZIRLANIYOR...,0,0,613,122,0,0,0
0.0281,8954,Rest,HAZIRLANIYOR...,0,0,808,133,0,6,0
0.0284,8955,Rest,HAZIRLANIYOR...,0,0,978,142,0,6,1
0.0284,8956,Rest,HAZIRLANIYOR...,0,0,1115,146,0,1,5
0.0590,8957,Rest,HAZIRLANIYOR...,0,0,1216,144,0,1,2
0.0591,8958,Rest,HAZIRLANIYOR...,0,0,1285,134,0,7,0
0.0591,8959,Rest,HAZIRLANIYOR...,0,0,1327,118,0,11,0
0.0591,8960,Rest,HAZIRLANIYOR...,0,0,1339,94,0,11,0
0.0591,8961,Rest,HAZIRLANIYOR...,0,0,1318,65,26,10,2
0.0591,8962,Rest,HAZIRLANIYOR...,0,0,1262,35,113,9,0
0.0596,8963,Rest,HAZIRLANIYOR...,0,0,1167,7,192,8,0
0.0597,8964,Rest,HAZIRLANIYOR...,0,0,1031,0,268,4,0
0.0597,8965,Rest,HAZIRLANIYOR...,0,0,854,0,344,2,0
0.0597,8966,Rest,HAZIRLANIYOR...,0,0,635,0,425,4,3
0.0597,8967,Rest,HAZIRLANIYOR...,0,0,381,0,517,8,5
0.0597,8968,Rest,HAZIRLANIYOR...,0,78,100,0,608,10,2
0.0623,8969,Rest,HAZIRLANIYOR...,0,186,0,0,684,12,0
0.0624,8970,Rest,HAZIRLANIYOR...,0,292,0,0,738,12,0
0.0624,8971,Rest,HAZIRLANIYOR...,0,389,0,0,759,4,0
0.0624,8972,Rest,HAZIRLANIYOR...,0,474,0,0,740,0,3
0.0624,8973,Rest,HAZIRLANIYOR...,0,544,0,0,694,0,4
0.0626,8974,Rest,HAZIRLANIYOR...,0,599,0,0,651,0,2
0.0626,8975,Rest,HAZIRLANIYOR...,0,636,0,0,617,0,0
0.0626,8976,Rest,HAZIRLANIYOR...,0,651,0,0,564,0,0
0.0627,8977,Rest,HAZIRLANIYOR...,0,647,0,0,470,0,0
0.0627,8978,Rest,HAZIRLANIYOR...,0,626,0,0,337,0,0
0.0627,8979,Rest,HAZIRLANIYOR...,0,588,0,0,180,0,0
0.0628,8980,Rest,HAZIRLANIYOR...,0,533,0,0,19,1,0
0.0628,8981,Rest,HAZIRLANIYOR...,0,465,0,1,0,0,0
0.0628,8982,Rest,HAZIRLANIYOR...,0,386,0,21,0,0,1
0.0628,8983,Rest,HAZIRLANIYOR...,0,296,0,42,0,0,0
0.0629,8984,Rest,HAZIRLANIYOR...,0,195,0,62,0,0,0
0.0700,8985,Rest,HAZIRLANIYOR...,0,88,0,79,0,0,0
0.0719,8986,Rest,HAZIRLANIYOR...,0,0,0,92,0,0,0
0.0720,8987,Rest,HAZIRLANIYOR...,0,0,218,105,0,0,0
0.0720,8988,Rest,HAZIRLANIYOR...,0,0,450,117,0,0,0
0.0720,8989,Rest,HAZIRLANIYOR...,0,0,663,128,0,0,0
0.0720,8990,Rest,HAZIRLANIYOR...,0,0,853,137,0,6,0
0.0720,8991,Rest,HAZIRLANIYOR...,0,0,1015,141,0,10,3
0.0720,8992,Rest,HAZIRLANIYOR...,0,0,1145,139,0,9,5
0.0720,8993,Rest,HAZIRLANIYOR...,0,0,1243,131,0,5,3
0.0720,8994,Rest,HAZIRLANIYOR...,0,0,1311,119,0,5,2
0.0721,8995,Rest,HAZIRLANIYOR...,0,0,1352,99,0,9,4
0.0721,8996,Rest,HAZIRLANIYOR...,0,0,1359,73,0,13,8
0.0721,8997,Rest,HAZIRLANIYOR...,0,0,1323,41,61,11,9
0.0721,8998,Rest,HAZIRLANIYOR...,0,0,1245,12,141,7,7
0.0721,8999,Rest,HAZIRLANIYOR...,0,0,1129,0,214,6,5
0.0721,9000,Rest,HAZIRLANIYOR...,0,0,978,0,286,6,3
0.0722,9001,Rest,HAZIRLANIYOR...,0,0,792,0,361,6,5
0.0722,9002,Rest,HAZIRLANIYOR...,0,0,567,0,448,5,12
0.0722,9003,Rest,HAZIRLANIYOR...,0,0,301,0,543,5,16
0.0722,9004,Rest,HAZIRLANIYOR...,0,69,10,0,629,4,9
0.0722,9005,Rest,HAZIRLANIYOR...,0,166,0,0,693,0,3
0.0722,9006,Rest,HAZIRLANIYOR...,0,260,0,0,727,0,4
0.0722,9007,Rest,HAZIRLANIYOR...,0,344,0,0,724,0,2
0.0722,9008,Rest,HAZIRLANIYOR...,0,414,0,0,690,0,0
0.0723,9009,Rest,HAZIRLANIYOR...,0,467,0,0,643,0,0
0.0723,9010,Rest,HAZIRLANIYOR...,0,505,0,0,601,0,0
0.0723,9011,Rest,HAZIRLANIYOR...,0,527,0,0,554,0,0
0.0723,9012,Rest,HAZIRLANIYOR...,0,532,0,0,479,2,0
0.0723,9013,Rest,HAZIRLANIYOR...,0,521,0,0,364,4,0
0.0723,9014,Rest,HAZIRLANIYOR...,0,493,0,0,215,0,0
0.0723,9015,Rest,HAZIRLANIYOR...,0,446,0,0,54,0,0
0.0723,9016,Rest,HAZIRLANIYOR...,0,382,0,0,0,0,0
0.0723,9017,Rest,HAZIRLANIYOR...,0,306,0,16,0,0,0
0.0724,9018,Rest,HAZIRLANIYOR...,0,219,0,39,0,0,0
0.0724,9019,Rest,HAZIRLANIYOR...,0,125,0,57,0,0,0
0.0724,9020,Rest,HAZIRLANIYOR...,0,28,0,73,0,0,0
0.0724,9021,Rest,HAZIRLANIYOR...,0,0,0,90,0,0,0
0.0724,9022,Rest,HAZIRLANIYOR...,0,0,116,105,0,1,7
0.0724,9023,Rest,HAZIRLANIYOR...,0,0,350,117,0,1,15
0.0724,9024,Rest,HAZIRLANIYOR...,0,0,569,129,0,0,11
0.0724,9025,Rest,HAZIRLANIYOR...,0,0,766,141,0,0,0
0.0724,9026,Rest,HAZIRLANIYOR...,0,0,935,152,0,0,0
0.0725,9027,Rest,HAZIRLANIYOR...,0,0,1074,154,0,1,0
0.0725,9028,Rest,HAZIRLANIYOR...,0,0,1182,144,0,8,0
0.0725,9029,Rest,HAZIRLANIYOR...,0,0,1259,126,0,12,0
0.0725,9030,Rest,HAZIRLANIYOR...,0,0,1307,106,0,8,0
0.0725,9031,Rest,HAZIRLANIYOR...,0,0,1324,82,0,2,0
0.0725,9032,Rest,HAZIRLANIYOR...,0,0,1306,54,12,3,0
0.0725,9033,Rest,HAZIRLANIYOR...,0,0,1247,25,99,7,0
0.0726,9034,Rest,HAZIRLANIYOR...,0,0,1149,0,178,7,0
0.0884,9035,Rest,HAZIRLANIYOR...,0,0,1013,0,254,4,0
0.0887,9036,Rest,HAZIRLANIYOR...,0,0,839,0,330,4,0
0.0887,9037,Rest,HAZIRLANIYOR...,0,0,629,0,413,9,0
0.0887,9038,Rest,HAZIRLANIYOR...,0,0,381,0,508,12,2
0.0888,9039,Rest,HAZIRLANIYOR...,0,50,103,0,602,7,3
0.0888,9040,Rest,HAZIRLANIYOR...,0,152,0,0,677,0,2
0.0888,9041,Rest,HAZIRLANIYOR...,0,254,0,0,723,0,1
0.0888,9042,Rest,HAZIRLANIYOR...,0,353,0,0,737,0,1
0.0889,9043,Rest,HAZIRLANIYOR...,0,443,0,0,720,0,1
0.0889,9044,Rest,HAZIRLANIYOR...,0,517,0,0,685,0,1
0.0889,9045,Rest,HAZIRLANIYOR...,0,574,0,0,661,0,1
0.0890,9046,Rest,HAZIRLANIYOR...,0,615,0,0,650,0,0
0.0892,9047,Rest,HAZIRLANIYOR...,0,639,0,0,613,0,0
0.0893,9048,Rest,HAZIRLANIYOR...,0,644,0,0,505,0,0
0.0893,9049,Rest,HAZIRLANIYOR...,0,627,0,0,326,0,0
0.0894,9050,Rest,HAZIRLANIYOR...,0,588,0,0,120,0,1
0.0894,9051,Rest,HAZIRLANIYOR...,0,527,0,0,0,0,1
0.0894,9052,Rest,HAZIRLANIYOR...,0,452,0,6,0,0,0
0.0894,9053,Rest,HAZIRLANIYOR...,0,366,0,32,0,0,0
0.0894,9054,Rest,HAZIRLANIYOR...,0,268,0,51,0,0,0
0.0895,9055,Rest,HAZIRLANIYOR...,0,164,0,68,0,0,0
0.0895,9056,Rest,HAZIRLANIYOR...,0,60,0,86,0,0,0
0.0895,9057,Rest,HAZIRLANIYOR...,0,0,23,102,0,0,0
0.0895,9058,Rest,HAZIRLANIYOR...,0,0,261,117,0,0,0
0.0901,9059,Rest,HAZIRLANIYOR...,0,0,490,129,0,0,0
0.0901,9060,Rest,HAZIRLANIYOR...,0,0,702,141,0,0,1
0.0901,9061,Rest,HAZIRLANIYOR...,0,0,887,150,0,0,6
0.0902,9062,Rest,HAZIRLANIYOR...,0,0,1042,153,0,3,10
0.0903,9063,Rest,HAZIRLANIYOR...,0,0,1164,151,0,7,7
0.0903,9064,Rest,HAZIRLANIYOR...,0,0,1254,143,0,9,0
0.0904,9065,Rest,HAZIRLANIYOR...,0,0,1313,129,0,10,0
0.0904,9066,Rest,HAZIRLANIYOR...,0,0,1342,105,0,11,5
0.1340,9067,Rest,HAZIRLANIYOR...,0,0,1338,76,0,13,12
0.1342,9068,Rest,HAZIRLANIYOR...,0,0,1295,45,64,12,8
0.1343,9069,Rest,HAZIRLANIYOR...,0,0,1213,16,148,9,0
0.1343,9070,Rest,HAZIRLANIYOR...,0,0,1095,0,227,8,0
0.1343,9071,Rest,HAZIRLANIYOR...,0,0,939,0,304,10,2
0.1344,9072,Rest,HAZIRLANIYOR...,0,0,743,0,381,10,8
0.1344,9073,Rest,HAZIRLANIYOR...,0,0,506,0,470,10,5
0.1344,9074,Rest,HAZIRLANIYOR...,0,25,237,0,570,9,0
0.1344,9075,Rest,HAZIRLANIYOR...,0,130,0,0,664,9,0
0.1344,9076,Rest,HAZIRLANIYOR...,0,233,0,0,728,8,0
0.1345,9077,Rest,HAZIRLANIYOR...,0,331,0,0,752,4,2
0.1345,9078,Rest,HAZIRLANIYOR...,0,417,0,0,741,0,0
0.1345,9079,Rest,HAZIRLANIYOR...,0,484,0,0,709,0,0
0.1345,9080,Rest,HAZIRLANIYOR...,0,530,0,0,672,0,0
0.1345,9081,Rest,HAZIRLANIYOR...,0,558,0,0,638,0,0
0.1346,9082,Rest,HAZIRLANIYOR...,0,576,0,0,588,0,0
0.1346,9083,Rest,HAZIRLANIYOR...,0,577,0,0,496,0,0
0.1346,9084,Rest,HAZIRLANIYOR...,0,555,0,0,366,0,0
0.1346,9085,Rest,HAZIRLANIYOR...,0,510,0,0,217,0,0
0.1346,9086,Rest,HAZIRLANIYOR...,0,451,0,0,60,0,0
0.1346,9087,Rest,HAZIRLANIYOR...,0,379,0,0,0,0,0
0.1346,9088,Rest,HAZIRLANIYOR...,0,294,0,13,0,0,0
0.1346,9089,Rest,HAZIRLANIYOR...,0,199,0,34,0,0,0
0.1346,9090,Rest,HAZIRLANIYOR...,0,101,0,52,0,0,0
0.1346,9091,Rest,HAZIRLANIYOR...,0,0,0,68,0,0,0
0.1346,9092,Rest,HAZIRLANIYOR...,0,0,0,83,0,0,0
0.1347,9093,Rest,HAZIRLANIYOR...,0,0,129,98,0,0,0
0.1347,9094,Rest,HAZIRLANIYOR...,0,0,364,111,0,0,2
0.1347,9095,Rest,HAZIRLANIYOR...,0,0,582,123,0,2,3
0.1347,9096,Rest,HAZIRLANIYOR...,0,0,778,133,0,6,0
0.1347,9097,Rest,HAZIRLANIYOR...,0,0,949,139,0,5,0
0.1347,9098,Rest,HAZIRLANIYOR...,0,0,1091,140,0,0,0
0.1347,9099,Rest,HAZIRLANIYOR...,0,0,1201,134,0,0,0
0.1347,9100,Rest,HAZIRLANIYOR...,0,0,1278,123,0,0,7
0.1347,9101,Rest,HAZIRLANIYOR...,0,0,1322,105,0,6,11
0.1347,9102,Rest,HAZIRLANIYOR...,0,0,1334,78,0,8,4
0.1347,9103,Rest,HAZIRLANIYOR...,0,0,1314,49,21,7,0
0.1348,9104,Rest,HAZIRLANIYOR...,0,0,1255,22,107,7,0
0.1348,9105,Rest,HAZIRLANIYOR...,0,0,1156,0,186,8,0
0.1348,9106,Rest,HAZIRLANIYOR...,0,0,1020,0,263,8,1
0.1348,9107,Rest,HAZIRLANIYOR...,0,0,845,0,339,6,0
0.1348,9108,Rest,HAZIRLANIYOR...,0,0,631,0,422,5,0
0.1348,9109,Rest,HAZIRLANIYOR...,0,0,379,0,515,5,0
0.1348,9110,Rest,HAZIRLANIYOR...,0,62,101,0,608,5,2
0.1348,9111,Rest,HAZIRLANIYOR...,0,168,0,0,680,4,1
0.1350,9112,Rest,HAZIRLANIYOR...,0,269,0,0,724,2,0
0.1350,9113,Rest,HAZIRLANIYOR...,0,363,0,0,740,1,0
0.1350,9114,Rest,HAZIRLANIYOR...,0,449,0,0,724,0,0
0.1351,9115,Rest,HAZIRLANIYOR...,0,522,0,0,682,0,0
0.1351,9116,Rest,HAZIRLANIYOR...,0,574,0,0,635,0,0
0.1351,9117,Rest,HAZIRLANIYOR...,0,607,0,0,594,0,0
0.1351,9118,Rest,HAZIRLANIYOR...,0,622,0,0,537,0,1
0.1351,9119,Rest,HAZIRLANIYOR...,0,622,0,0,439,0,0
0.1351,9120,Rest,HAZIRLANIYOR...,0,602,0,0,299,0,0
0.1351,9121,Rest,HAZIRLANIYOR...,0,560,0,0,137,0,0
0.1351,9122,Rest,HAZIRLANIYOR...,0,499,0,0,0,0,0
0.1352,9123,Rest,HAZIRLANIYOR...,0,424,0,12,0,0,0
0.1352,9124,Rest,HAZIRLANIYOR...,0,338,0,36,0,2,0
0.1352,9125,Rest,HAZIRLANIYOR...,0,241,0,56,0,0,1
0.1352,9126,Rest,HAZIRLANIYOR...,0,139,0,71,0,0,0
0.1352,9127,Rest,HAZIRLANIYOR...,0,35,0,86,0,0,0
0.1352,9128,Rest,HAZIRLANIYOR...,0,0,27,102,0,0,1
0.1352,9129,Rest,HAZIRLANIYOR...,0,0,264,118,0,0,7
0.1352,9130,Rest,HAZIRLANIYOR...,0,0,489,132,0,0,5
0.1352,9131,Rest,HAZIRLANIYOR...,0,0,694,140,0,0,0
0.1353,9132,Rest,HAZIRLANIYOR...,0,0,875,142,0,0,0
0.1353,9133,Rest,HAZIRLANIYOR...,0,0,1027,141,0,3,0
0.1353,9134,Rest,HAZIRLANIYOR...,0,0,1148,139,0,5,0
0.1353,9135,Rest,HAZIRLANIYOR...,0,0,1239,132,0,6,0
0.1353,9136,Rest,HAZIRLANIYOR...,0,0,1301,118,0,8,0
0.1353,9137,Rest,HAZIRLANIYOR...,0,0,1332,94,0,10,0
0.1353,9138,Rest,HAZIRLANIYOR...,0,0,1328,63,0,11,0
0.1353,9139,Rest,HAZIRLANIYOR...,0,0,1285,32,58,11,0
0.1354,9140,Rest,HAZIRLANIYOR...,0,0,1204,5,139,11,0
0.1354,9141,Rest,HAZIRLANIYOR...,0,0,1087,0,214,10,1
0.1354,9142,Rest,HAZIRLANIYOR...,0,0,930,0,289,9,0
0.1354,9143,Rest,HAZIRLANIYOR...,0,0,731,0,372,8,0
0.1354,9144,Rest,HAZIRLANIYOR...,0,0,493,0,467,9,0
0.1355,9145,Rest,HAZIRLANIYOR...,0,13,226,0,567,9,0
0.1355,9146,Rest,HAZIRLANIYOR...,0,121,0,0,652,8,3
0.1502,9147,Rest,HAZIRLANIYOR...,0,230,0,0,712,6,3
0.1503,9148,Rest,HAZIRLANIYOR...,0,333,0,0,743,5,3
0.1504,9149,Rest,HAZIRLANIYOR...,0,424,0,0,743,3,3
0.1504,9150,Rest,HAZIRLANIYOR...,0,502,0,0,712,2,3
0.1504,9151,Rest,HAZIRLANIYOR...,0,562,0,0,665,5,1
0.1504,9152,Rest,HAZIRLANIYOR...,0,601,0,0,616,8,0
0.1505,9153,Rest,HAZIRLANIYOR...,0,620,0,0,561,0,0
0.1505,9154,Rest,HAZIRLANIYOR...,0,619,0,0,480,0,0
0.1505,9155,Rest,HAZIRLANIYOR...,0,602,0,0,366,0,1
0.1505,9156,Rest,HAZIRLANIYOR...,0,569,0,0,219,0,0
0.1505,9157,Rest,HAZIRLANIYOR...,0,521,0,0,54,0,0
0.1505,9158,Rest,HAZIRLANIYOR...,0,457,0,0,0,0,0
0.1506,9159,Rest,HAZIRLANIYOR...,0,375,0,20,0,0,0
0.1506,9160,Rest,HAZIRLANIYOR...,0,282,0,41,0,0,0
0.1506,9161,Rest,HAZIRLANIYOR...,0,183,0,58,0,0,0
0.1506,9162,Rest,HAZIRLANIYOR...,0,82,0,72,0,0,0
0.1506,9163,Rest,HAZIRLANIYOR...,0,0,0,86,0,0,0
0.1507,9164,Rest,HAZIRLANIYOR...,0,0,135,101,0,0,0
0.1507,9165,Rest,HAZIRLANIYOR...,0,0,372,114,0,0,1
0.1507,9166,Rest,HAZIRLANIYOR...,0,0,592,125,0,0,8
0.1507,9167,Rest,HAZIRLANIYOR...,0,0,788,135,0,0,12
0.1507,9168,Rest,HAZIRLANIYOR...,0,0,957,143,0,2,5
0.1508,9169,Rest,HAZIRLANIYOR...,0,0,1098,144,0,4,0
0.1508,9170,Rest,HAZIRLANIYOR...,0,0,1208,140,0,6,0
0.1508,9171,Rest,HAZIRLANIYOR...,0,0,1286,129,0,8,0
0.1508,9172,Rest,HAZIRLANIYOR...,0,0,1334,110,0,9,0
0.1510,9173,Rest,HAZIRLANIYOR...,0,0,1348,84,0,11,1
0.1512,9174,Rest,HAZIRLANIYOR...,0,0,1323,54,19,9,3
0.1787,9175,Rest,HAZIRLANIYOR...,0,0,1256,25,105,6,1
0.1788,9176,Rest,HAZIRLANIYOR...,0,0,1153,0,184,5,0
0.1788,9177,Rest,HAZIRLANIYOR...,0,0,1018,0,261,8,0
0.1788,9178,Rest,HAZIRLANIYOR...,0,0,847,0,342,9,0
0.1809,9179,Rest,HAZIRLANIYOR...,0,0,630,0,438,9,4
0.1809,9180,Rest,HAZIRLANIYOR...,0,0,371,0,553,8,4
0.1809,9181,Rest,HAZIRLANIYOR...,0,38,83,0,669,8,0
0.1809,9182,Rest,HAZIRLANIYOR...,0,145,0,0,760,7,0
0.1810,9183,Rest,HAZIRLANIYOR...,0,248,0,0,809,5,0
0.1810,9184,Rest,HAZIRLANIYOR...,0,338,0,0,814,2,4
0.1851,9185,Rest,HAZIRLANIYOR...,0,412,0,0,785,1,8
0.1852,9186,Rest,HAZIRLANIYOR...,0,475,0,0,747,5,9
0.1852,9187,Rest,HAZIRLANIYOR...,0,524,0,0,714,10,9
0.1852,9188,Rest,HAZIRLANIYOR...,0,554,0,0,663,3,3
0.1852,9189,Rest,HAZIRLANIYOR...,0,564,0,0,551,0,0
0.1852,9190,Rest,HAZIRLANIYOR...,0,551,0,0,379,0,0
0.1852,9191,Rest,HAZIRLANIYOR...,0,514,0,0,183,0,0
0.1875,9192,Rest,HAZIRLANIYOR...,0,459,0,0,0,0,0
0.1875,9193,Rest,HAZIRLANIYOR...,0,387,0,0,0,0,0
0.1875,9194,Rest,HAZIRLANIYOR...,0,305,0,0,0,0,0
0.1875,9195,Rest,HAZIRLANIYOR...,0,213,0,21,0,0,0
0.1875,9196,Rest,HAZIRLANIYOR...,0,117,0,41,0,0,2
0.1876,9197,Rest,HAZIRLANIYOR...,0,19,0,59,0,1,2
0.1876,9198,Rest,HAZIRLANIYOR...,0,0,0,76,0,0,0
0.1876,9199,Rest,HAZIRLANIYOR...,0,0,82,91,0,0,0
0.1876,9200,Rest,HAZIRLANIYOR...,0,0,313,105,0,0,0
0.1877,9201,Rest,HAZIRLANIYOR...,0,0,532,119,0,0,0
0.1877,9202,Rest,HAZIRLANIYOR...,0,0,732,133,0,0,1
0.1877,9203,Rest,HAZIRLANIYOR...,0,0,906,143,0,0,3
0.1904,9204,Rest,HAZIRLANIYOR...,0,0,1053,148,0,0,4
0.1904,9205,Rest,HAZIRLANIYOR...,0,0,1168,145,0,0,4
0.1905,9206,Rest,HAZIRLANIYOR...,0,0,1252,135,0,1,2
0.1905,9207,Rest,HAZIRLANIYOR...,0,0,1305,119,0,4,0
0.1905,9208,Rest,HAZIRLANIYOR...,0,0,1327,98,0,7,1
0.1906,9209,Rest,HAZIRLANIYOR...,0,0,1314,73,0,9,3
0.1906,9210,Rest,HAZIRLANIYOR...,0,0,1265,43,85,10,5
0.1906,9211,Rest,HAZIRLANIYOR...,0,0,1180,13,167,9,4
0.1906,9212,Rest,HAZIRLANIYOR...,0,0,1060,0,246,7,0
0.1906,9213,Rest,HAZIRLANIYOR...,0,0,900,0,326,4,0
0.1906,9214,Rest,HAZIRLANIYOR...,0,0,697,0,408,3,0
0.1906,9215,Rest,HAZIRLANIYOR...,0,0,455,0,496,4,0
0.1906,9216,Rest,HAZIRLANIYOR...,0,72,185,0,586,5,1
0.1908,9217,Rest,HAZIRLANIYOR...,0,174,0,0,662,6,4
0.1908,9218,Rest,HAZIRLANIYOR...,0,274,0,0,717,6,11
0.1908,9219,Rest,HAZIRLANIYOR...,0,370,0,0,754,4,14
0.1908,9220,Rest,HAZIRLANIYOR...,0,457,0,0,759,0,3
0.1908,9221,Rest,HAZIRLANIYOR...,0,529,0,0,721,0,0
0.1908,9222,Rest,HAZIRLANIYOR...,0,585,0,0,662,0,0
0.1908,9223,Rest,HAZIRLANIYOR...,0,626,0,0,616,0,0
0.1908,9224,Rest,HAZIRLANIYOR...,0,650,0,0,571,0,1
0.1908,9225,Rest,HAZIRLANIYOR...,0,651,0,0,498,0,0
0.1908,9226,Rest,HAZIRLANIYOR...,0,631,0,0,380,0,0
0.1908,9227,Rest,HAZIRLANIYOR...,0,596,0,0,227,0,0
0.1908,9228,Rest,HAZIRLANIYOR...,0,545,0,0,63,0,0
0.1909,9229,Rest,HAZIRLANIYOR...,0,476,0,0,0,0,0
0.1909,9230,Rest,HAZIRLANIYOR...,0,392,0,17,0,0,0
0.1909,9231,Rest,HAZIRLANIYOR...,0,300,0,39,0,0,0
0.1909,9232,Rest,HAZIRLANIYOR...,0,204,0,57,0,0,0
0.1909,9233,Rest,HAZIRLANIYOR...,0,100,0,73,0,0,0
0.1909,9234,Rest,HAZIRLANIYOR...,0,0,0,88,0,0,0
0.1909,9235,Rest,HAZIRLANIYOR...,0,0,155,102,0,0,0
0.1909,9236,Rest,HAZIRLANIYOR...,0,0,387,116,0,0,0
0.1909,9237,Rest,HAZIRLANIYOR...,0,0,601,129,0,0,0
0.1909,9238,Rest,HAZIRLANIYOR...,0,0,795,137,0,1,0
0.1909,9239,Rest,HAZIRLANIYOR...,0,0,964,141,0,2,0
0.1909,9240,Rest,HAZIRLANIYOR...,0,0,1103,142,0,5,0
0.1909,9241,Rest,HAZIRLANIYOR...,0,0,1211,139,0,7,0
0.1909,9242,Rest,HAZIRLANIYOR...,0,0,1288,129,0,9,1
0.1910,9243,Rest,HAZIRLANIYOR...,0,0,1336,109,0,15,4
0.1910,9244,Rest,HAZIRLANIYOR...,0,0,1351,82,0,19,6
0.1983,9245,Rest,HAZIRLANIYOR...,0,0,1328,52,29,14,4
0.1985,9246,Rest,HAZIRLANIYOR...,0,0,1263,21,112,4,1
0.1986,9247,Rest,HAZIRLANIYOR...,0,0,1162,0,188,1,0
0.1986,9248,Rest,HAZIRLANIYOR...,0,0,1024,0,261,4,0
0.1986,9249,Rest,HAZIRLANIYOR...,0,0,846,0,337,7,3
0.1986,9250,Rest,HAZIRLANIYOR...,0,0,626,0,422,6,5
0.1986,9251,Rest,HAZIRLANIYOR...,0,0,370,0,516,5,5
0.1986,9252,Rest,HAZIRLANIYOR...,0,49,88,0,604,4,3
0.1986,9253,Rest,HAZIRLANIYOR...,0,152,0,0,671,3,1
0.1986,9254,Rest,HAZIRLANIYOR...,0,250,0,0,713,3,1
0.1986,9255,Rest,HAZIRLANIYOR...,0,342,0,0,727,1,1
0.1986,9256,Rest,HAZIRLANIYOR...,0,424,0,0,706,0,1
0.1986,9257,Rest,HAZIRLANIYOR...,0,491,0,0,655,0,0
0.1987,9258,Rest,HAZIRLANIYOR...,0,539,0,0,604,0,0
0.2143,9259,Rest,HAZIRLANIYOR...,0,569,0,0,568,0,0
0.2145,9260,Rest,HAZIRLANIYOR...,0,581,0,0,516,0,0
0.2145,9261,Rest,HAZIRLANIYOR...,0,577,0,0,410,0,0
0.2145,9262,Rest,HAZIRLANIYOR...,0,554,0,0,259,0,0
0.2145,9263,Rest,HAZIRLANIYOR...,0,514,0,0,98,0,0
0.2145,9264,Rest,HAZIRLANIYOR...,0,457,0,0,0,0,0
0.2145,9265,Rest,HAZIRLANIYOR...,0,384,0,10,0,0,0
0.2146,9266,Rest,HAZIRLANIYOR...,0,300,0,34,0,0,0
0.2146,9267,Rest,HAZIRLANIYOR...,0,210,0,57,0,0,0
0.2147,9268,Rest,HAZIRLANIYOR...,0,116,0,78,0,0,0
0.2147,9269,Rest,HAZIRLANIYOR...,0,17,0,96,0,0,0
0.2148,9270,Rest,HAZIRLANIYOR...,0,0,39,109,0,0,0
0.2148,9271,Rest,HAZIRLANIYOR...,0,0,271,119,0,0,0
0.2148,9272,Rest,HAZIRLANIYOR...,0,0,486,129,0,0,0
0.2154,9273,Rest,HAZIRLANIYOR...,0,0,675,137,0,0,1
0.2154,9274,Rest,HAZIRLANIYOR...,0,0,847,143,0,0,0
0.2154,9275,Rest,HAZIRLANIYOR...,0,0,1014,148,0,6,0
0.2155,9276,Rest,HAZIRLANIYOR...,0,0,1155,148,0,8,1
0.2155,9277,Rest,HAZIRLANIYOR...,0,0,1243,138,0,7,2
0.2155,9278,Rest,HAZIRLANIYOR...,0,0,1291,120,0,8,0
0.2155,9279,Rest,HAZIRLANIYOR...,0,0,1318,96,0,11,0
0.2155,9280,Rest,HAZIRLANIYOR...,0,0,1318,68,0,13,0
0.2156,9281,Rest,HAZIRLANIYOR...,0,0,1275,37,73,13,5
0.2156,9282,Rest,HAZIRLANIYOR...,0,0,1189,8,153,11,7
0.2156,9283,Rest,HAZIRLANIYOR...,0,0,1069,0,229,10,6
0.2156,9284,Rest,HAZIRLANIYOR...,0,0,909,0,307,14,8
0.2156,9285,Rest,HAZIRLANIYOR...,0,0,707,0,389,18,13
0.2156,9286,Rest,HAZIRLANIYOR...,0,0,467,0,479,16,9
0.2158,9287,Rest,HAZIRLANIYOR...,0,8,200,0,570,9,0
0.2158,9288,Rest,HAZIRLANIYOR...,0,107,0,0,649,2,0
0.2558,9289,Rest,HAZIRLANIYOR...,0,205,0,0,705,0,0
0.2559,9290,Rest,HAZIRLANIYOR...,0,296,0,0,733,0,0
0.2560,9291,Rest,HAZIRLANIYOR...,0,377,0,0,727,0,0
0.2560,9292,Rest,HAZIRLANIYOR...,0,446,0,0,690,0,0
0.2560,9293,Rest,HAZIRLANIYOR...,0,500,0,0,641,0,0
0.2560,9294,Rest,HAZIRLANIYOR...,0,536,0,0,595,1,0
0.2560,9295,Rest,HAZIRLANIYOR...,0,554,0,0,544,5,0
0.2560,9296,Rest,HAZIRLANIYOR...,0,556,0,0,465,0,0
0.2561,9297,Rest,HAZIRLANIYOR...,0,542,0,0,344,0,0
0.2561,9298,Rest,HAZIRLANIYOR...,0,507,0,0,189,0,0
0.2591,9299,Rest,HAZIRLANIYOR...,0,453,0,0,26,0,0
0.2591,9300,Rest,HAZIRLANIYOR...,0,386,0,0,0,0,0
0.2591,9301,Rest,HAZIRLANIYOR...,0,309,0,26,0,0,0
0.2591,9302,Rest,HAZIRLANIYOR...,0,224,0,49,0,0,0
0.2591,9303,Rest,HAZIRLANIYOR...,0,132,0,69,0,0,0
0.2591,9304,Rest,HAZIRLANIYOR...,0,38,0,84,0,0,0
0.2591,9305,Rest,HAZIRLANIYOR...,0,0,0,98,0,0,0
0.2591,9306,Rest,HAZIRLANIYOR...,0,0,165,112,0,0,0
0.2591,9307,Rest,HAZIRLANIYOR...,0,0,395,127,0,0,0
0.2592,9308,Rest,HAZIRLANIYOR...,0,0,609,139,0,0,2
0.2592,9309,Rest,HAZIRLANIYOR...,0,0,801,146,0,4,6
0.2592,9310,Rest,HAZIRLANIYOR...,0,0,968,148,0,3,10
0.2592,9311,Rest,HAZIRLANIYOR...,0,0,1108,147,0,0,13
0.2592,9312,Rest,HAZIRLANIYOR...,0,0,1216,140,0,3,11
0.2592,9313,Rest,HAZIRLANIYOR...,0,0,1291,125,0,10,5
0.2592,9314,Rest,HAZIRLANIYOR...,0,0,1333,103,0,15,0
0.2592,9315,Rest,HAZIRLANIYOR...,0,0,1342,76,0,18,0
0.2592,9316,Rest,HAZIRLANIYOR...,0,0,1315,46,40,20,0
0.2593,9317,Rest,HAZIRLANIYOR...,0,0,1249,14,127,15,0
0.2593,9318,Rest,HAZIRLANIYOR...,0,0,1145,0,206,5,4
0.2593,9319,Rest,HAZIRLANIYOR...,0,0,1001,0,280,0,10
0.2593,9320,Rest,HAZIRLANIYOR...,0,0,816,0,358,1,10
0.2593,9321,Rest,HAZIRLANIYOR...,0,0,593,0,451,5,7
0.2593,9322,Rest,HAZIRLANIYOR...,0,0,335,0,559,8,4
0.2593,9323,Rest,HAZIRLANIYOR...,0,81,52,0,656,8,0
0.2593,9324,Rest,HAZIRLANIYOR...,0,182,0,0,721,4,0
0.2593,9325,Rest,HAZIRLANIYOR...,0,281,0,0,752,1,0
0.2593,9326,Rest,HAZIRLANIYOR...,0,372,0,0,748,0,0
0.2593,9327,Rest,HAZIRLANIYOR...,0,447,0,0,717,0,0
0.2593,9328,Rest,HAZIRLANIYOR...,0,506,0,0,680,1,0
0.2594,9329,Rest,HAZIRLANIYOR...,0,548,0,0,649,5,1
0.2594,9330,Rest,HAZIRLANIYOR...,0,574,0,0,608,8,5
0.2594,9331,Rest,HAZIRLANIYOR...,0,585,0,0,530,2,2
0.2594,9332,Rest,HAZIRLANIYOR...,0,580,0,0,407,0,0
0.2596,9333,Rest,HAZIRLANIYOR...,0,557,0,0,246,0,0
0.2596,9334,Rest,HAZIRLANIYOR...,0,511,0,0,64,0,0
0.2596,9335,Rest,HAZIRLANIYOR...,0,444,0,0,0,0,0
0.2596,9336,Rest,HAZIRLANIYOR...,0,364,0,13,0,0,0
0.2596,9337,Rest,HAZIRLANIYOR...,0,278,0,33,0,0,0
0.2596,9338,Rest,HAZIRLANIYOR...,0,186,0,52,0,0,0
0.2596,9339,Rest,HAZIRLANIYOR...,0,90,0,66,0,0,0
0.2596,9340,Rest,HAZIRLANIYOR...,0,0,0,79,0,0,0
0.2596,9341,Rest,HAZIRLANIYOR...,0,0,90,94,0,0,0
0.2596,9342,Rest,HAZIRLANIYOR...,0,0,324,109,0,0,0
0.2596,9343,Rest,HAZIRLANIYOR...,0,0,544,120,0,0,0
0.2596,9344,Rest,HAZIRLANIYOR...,0,0,746,129,0,0,1
0.2596,9345,Rest,HAZIRLANIYOR...,0,0,924,139,0,1,0
0.2596,9346,Rest,HAZIRLANIYOR...,0,0,1072,146,0,9,0
0.2597,9347,Rest,HAZIRLANIYOR...,0,0,1186,144,0,16,0
0.2597,9348,Rest,HAZIRLANIYOR...,0,0,1266,133,0,19,2
0.2597,9349,Rest,HAZIRLANIYOR...,0,0,1317,117,0,14,3
0.2597,9350,Rest,HAZIRLANIYOR...,0,0,1338,94,0,7,4
0.2597,9351,Rest,HAZIRLANIYOR...,0,0,1326,64,0,6,5
0.2597,9352,Rest,HAZIRLANIYOR...,0,0,1275,32,87,9,4
0.2597,9353,Rest,HAZIRLANIYOR...,0,0,1186,4,168,10,2
0.2597,9354,Rest,HAZIRLANIYOR...,0,0,1059,0,247,8,1
0.2597,9355,Rest,HAZIRLANIYOR...,0,0,893,0,325,6,3
0.2597,9356,Rest,HAZIRLANIYOR...,0,0,687,0,404,7,9
0.2597,9357,Rest,HAZIRLANIYOR...,0,0,442,0,493,7,14
0.2597,9358,Rest,HAZIRLANIYOR...,0,60,163,0,588,6,9
0.2597,9359,Rest,HAZIRLANIYOR...,0,152,0,0,671,4,0
0.2597,9360,Rest,HAZIRLANIYOR...,0,241,0,0,729,3,0
0.2598,9361,Rest,HAZIRLANIYOR...,0,325,0,0,754,0,1
0.2598,9362,Rest,HAZIRLANIYOR...,0,402,0,0,740,0,8
0.2598,9363,Rest,HAZIRLANIYOR...,0,466,0,0,697,0,13
0.2598,9364,Rest,HAZIRLANIYOR...,0,512,0,0,648,0,6
0.2598,9365,Rest,HAZIRLANIYOR...,0,539,0,0,606,0,0
0.2598,9366,Rest,HAZIRLANIYOR...,0,550,0,0,556,0,0
0.2621,9367,Rest,HAZIRLANIYOR...,0,546,0,0,476,0,2
0.2622,9368,Rest,HAZIRLANIYOR...,0,526,0,0,356,0,7
0.2622,9369,Rest,HAZIRLANIYOR...,0,487,0,0,202,0,0
0.2622,9370,Rest,HAZIRLANIYOR...,0,431,0,0,31,0,0
0.2624,9371,Rest,HAZIRLANIYOR...,0,361,0,3,0,0,0
0.2782,9372,Rest,HAZIRLANIYOR...,0,281,0,26,0,0,0
0.2783,9373,Rest,HAZIRLANIYOR...,0,191,0,45,0,0,0
0.2784,9374,Rest,HAZIRLANIYOR...,0,94,0,64,0,0,0
0.2784,9375,Rest,HAZIRLANIYOR...,0,0,0,83,0,0,0
0.2785,9376,Rest,HAZIRLANIYOR...,0,0,0,101,0,0,0
0.2786,9377,Rest,HAZIRLANIYOR...,0,0,180,114,0,0,2
0.2786,9378,Rest,HAZIRLANIYOR...,0,0,412,124,0,0,6
0.2786,9379,Rest,HAZIRLANIYOR...,0,0,627,132,0,0,0
0.2786,9380,Rest,HAZIRLANIYOR...,0,0,820,140,0,0,0
0.2786,9381,Rest,HAZIRLANIYOR...,0,0,985,145,0,3,0
0.2788,9382,Rest,HAZIRLANIYOR...,0,0,1120,145,0,7,7
0.2788,9383,Rest,HAZIRLANIYOR...,0,0,1224,138,0,8,3
0.2789,9384,Rest,HAZIRLANIYOR...,0,0,1295,122,0,7,0
0.2789,9385,Rest,HAZIRLANIYOR...,0,0,1333,99,0,9,0
0.2789,9386,Rest,HAZIRLANIYOR...,0,0,1339,73,0,15,0
0.2789,9387,Rest,HAZIRLANIYOR...,0,0,1311,45,41,20,2
0.2790,9388,Rest,HAZIRLANIYOR...,0,0,1244,16,129,15,1
0.2790,9389,Rest,HAZIRLANIYOR...,0,0,1138,0,206,6,0
0.2790,9390,Rest,HAZIRLANIYOR...,0,0,993,0,272,3,0
0.2791,9391,Rest,HAZIRLANIYOR...,0,0,806,0,345,5,0
0.2791,9392,Rest,HAZIRLANIYOR...,0,0,580,0,438,6,3
0.2791,9393,Rest,HAZIRLANIYOR...,0,0,321,0,533,5,3
0.2791,9394,Rest,HAZIRLANIYOR...,0,64,40,0,613,4,2
0.2791,9395,Rest,HAZIRLANIYOR...,0,168,0,0,679,3,1
0.2791,9396,Rest,HAZIRLANIYOR...,0,266,0,0,730,2,2
0.2792,9397,Rest,HAZIRLANIYOR...,0,360,0,0,744,0,3
0.2792,9398,Rest,HAZIRLANIYOR...,0,445,0,0,708,0,5
0.2794,9399,Rest,HAZIRLANIYOR...,0,513,0,0,650,0,6
0.2796,9400,Rest,HAZIRLANIYOR...,0,563,0,0,609,0,2
0.2797,9401,Rest,HAZIRLANIYOR...,0,596,0,0,576,0,0
0.3140,9402,Rest,HAZIRLANIYOR...,0,615,0,0,511,0,0
0.3171,9403,Rest,HAZIRLANIYOR...,0,616,0,0,398,0,0
0.3171,9404,Rest,HAZIRLANIYOR...,0,595,0,0,254,0,0
0.3171,9405,Rest,HAZIRLANIYOR...,0,550,0,0,101,0,0
0.3171,9406,Rest,HAZIRLANIYOR...,0,490,0,0,0,0,0
0.3171,9407,Rest,HAZIRLANIYOR...,0,417,0,12,0,0,0
0.3171,9408,Rest,HAZIRLANIYOR...,0,330,0,44,0,0,0
0.3172,9409,Rest,HAZIRLANIYOR...,0,237,0,67,0,0,0
0.3172,9410,Rest,HAZIRLANIYOR...,0,139,0,77,0,0,0
0.3172,9411,Rest,HAZIRLANIYOR...,0,40,0,85,0,0,0
0.3172,9412,Rest,HAZIRLANIYOR...,0,0,79,102,0,0,0
0.3172,9413,Rest,HAZIRLANIYOR...,0,0,315,121,0,0,0
0.3172,9414,Rest,HAZIRLANIYOR...,0,0,536,133,0,0,0
0.3172,9415,Rest,HAZIRLANIYOR...,0,0,738,139,0,0,0
0.3172,9416,Rest,HAZIRLANIYOR...,0,0,917,143,0,0,1
0.3172,9417,Rest,HAZIRLANIYOR...,0,0,1067,145,0,3,2
0.3172,9418,Rest,HAZIRLANIYOR...,0,0,1184,143,0,6,3
0.3172,9419,Rest,HAZIRLANIYOR...,0,0,1268,134,0,8,5
0.3173,9420,Rest,HAZIRLANIYOR...,0,0,1323,116,0,10,8
0.3173,9421,Rest,HAZIRLANIYOR...,0,0,1346,90,0,13,13
0.3173,9422,Rest,HAZIRLANIYOR...,0,0,1334,60,0,18,15
0.3173,9423,Rest,HAZIRLANIYOR...,0,0,1284,30,78,20,8
0.3173,9424,Rest,HAZIRLANIYOR...,0,0,1196,2,159,13,0
0.3173,9425,Rest,HAZIRLANIYOR...,0,0,1070,0,237,3,0
0.3173,9426,Rest,HAZIRLANIYOR...,0,0,906,0,314,0,0
0.3173,9427,Rest,HAZIRLANIYOR...,0,0,701,0,395,4,2
0.3173,9428,Rest,HAZIRLANIYOR...,0,0,456,0,486,6,0
0.3174,9429,Rest,HAZIRLANIYOR...,0,40,178,0,580,5,0
0.3174,9430,Rest,HAZIRLANIYOR...,0,132,0,0,660,3,0
0.3174,9431,Rest,HAZIRLANIYOR...,0,226,0,0,715,2,0
0.3174,9432,Rest,HAZIRLANIYOR...,0,318,0,0,738,1,0
0.3174,9433,Rest,HAZIRLANIYOR...,0,396,0,0,727,0,0
0.3174,9434,Rest,HAZIRLANIYOR...,0,455,0,0,688,0,0
0.3174,9435,Rest,HAZIRLANIYOR...,0,498,0,0,643,0,1
0.3174,9436,Rest,HAZIRLANIYOR...,0,527,0,0,602,0,2
0.3174,9437,Rest,HAZIRLANIYOR...,0,543,0,0,549,0,1
0.3175,9438,Rest,HAZIRLANIYOR...,0,542,0,0,469,0,0
0.3175,9439,Rest,HAZIRLANIYOR...,0,521,0,0,355,0,1
0.3175,9440,Rest,HAZIRLANIYOR...,0,482,0,0,203,0,5
0.3175,9441,Rest,HAZIRLANIYOR...,0,427,0,0,25,0,1
0.3175,9442,Rest,HAZIRLANIYOR...,0,359,0,0,0,0,0
0.3175,9443,Rest,HAZIRLANIYOR...,0,277,0,20,0,0,0
0.3175,9444,Rest,HAZIRLANIYOR...,0,186,0,42,0,0,0
0.3175,9445,Rest,HAZIRLANIYOR...,0,92,0,59,0,0,0
0.3175,9446,Rest,HAZIRLANIYOR...,0,0,0,74,0,0,0
0.3175,9447,Rest,HAZIRLANIYOR...,0,0,0,87,0,0,1
0.3175,9448,Rest,HAZIRLANIYOR...,0,0,193,100,0,0,4
0.3176,9449,Rest,HAZIRLANIYOR...,0,0,424,114,0,0,0
0.3177,9450,Rest,HAZIRLANIYOR...,0,0,640,127,0,0,0
0.3177,9451,Rest,HAZIRLANIYOR...,0,0,831,136,0,0,0
0.3177,9452,Rest,HAZIRLANIYOR...,0,0,994,140,0,9,0
0.3177,9453,Rest,HAZIRLANIYOR...,0,0,1127,138,0,14,0
0.3177,9454,Rest,HAZIRLANIYOR...,0,0,1230,132,0,8,0
0.3177,9455,Rest,HAZIRLANIYOR...,0,0,1302,118,0,0,0
0.3177,9456,Rest,HAZIRLANIYOR...,0,0,1341,96,0,0,0
0.3177,9457,Rest,HAZIRLANIYOR...,0,0,1345,69,0,7,0
0.3177,9458,Rest,HAZIRLANIYOR...,0,0,1312,41,41,11,1
0.3177,9459,Rest,HAZIRLANIYOR...,0,0,1239,13,126,10,1
0.3178,9460,Rest,HAZIRLANIYOR...,0,0,1130,0,202,8,0
0.3178,9461,Rest,HAZIRLANIYOR...,0,0,983,0,276,8,3
0.3178,9462,Rest,HAZIRLANIYOR...,0,0,797,0,355,8,5
0.3178,9463,Rest,HAZIRLANIYOR...,0,0,572,0,445,7,5
0.3178,9464,Rest,HAZIRLANIYOR...,0,0,311,0,541,7,3
0.3178,9465,Rest,HAZIRLANIYOR...,0,54,26,0,627,7,2
0.3178,9466,Rest,HAZIRLANIYOR...,0,158,0,0,692,6,0
0.3178,9467,Rest,HAZIRLANIYOR...,0,259,0,0,733,5,0
0.3178,9468,Rest,HAZIRLANIYOR...,0,350,0,0,743,4,0
0.3178,9469,Rest,HAZIRLANIYOR...,0,430,0,0,717,1,2
0.3263,9470,Rest,HAZIRLANIYOR...,0,496,0,0,672,0,3
0.3265,9471,Rest,HAZIRLANIYOR...,0,541,0,0,631,0,1
0.3266,9472,Rest,HAZIRLANIYOR...,0,566,0,0,589,0,0
0.3266,9473,Rest,HAZIRLANIYOR...,0,576,0,0,522,0,0
0.3267,9474,Rest,HAZIRLANIYOR...,0,573,0,0,413,0,0
0.3267,9475,Rest,HAZIRLANIYOR...,0,551,0,0,269,0,0
0.3268,9476,Rest,HAZIRLANIYOR...,0,510,0,0,105,0,0
0.3268,9477,Rest,HAZIRLANIYOR...,0,453,0,0,0,0,0
0.3269,9478,Rest,HAZIRLANIYOR...,0,383,0,20,0,0,0
0.3269,9479,Rest,HAZIRLANIYOR...,0,303,0,46,0,0,0
0.3270,9480,Rest,HAZIRLANIYOR...,0,216,0,64,0,0,0
0.3270,9481,Rest,HAZIRLANIYOR...,0,124,0,79,0,0,0
0.3271,9482,Rest,HAZIRLANIYOR...,0,30,0,94,0,0,0
0.3271,9483,Rest,HAZIRLANIYOR...,0,0,83,110,0,0,0
0.3271,9484,Rest,HAZIRLANIYOR...,0,0,320,125,0,0,0
0.3273,9485,Rest,HAZIRLANIYOR...,0,0,543,138,0,0,0
0.3273,9486,Rest,HAZIRLANIYOR...,0,0,746,146,0,0,0
0.3423,9487,Rest,HAZIRLANIYOR...,0,0,922,150,0,3,2
0.3449,9488,Rest,HAZIRLANIYOR...,0,0,1069,149,0,5,4
0.3450,9489,Rest,HAZIRLANIYOR...,0,0,1185,143,0,7,2
0.3450,9490,Rest,HAZIRLANIYOR...,0,0,1270,133,0,10,2
0.3456,9491,Rest,HAZIRLANIYOR...,0,0,1325,116,0,16,2
0.3457,9492,Rest,HAZIRLANIYOR...,0,0,1346,91,0,19,3
0.3457,9493,Rest,HAZIRLANIYOR...,0,0,1330,62,0,12,2
0.3457,9494,Rest,HAZIRLANIYOR...,0,0,1275,32,86,3,3
0.3458,9495,Rest,HAZIRLANIYOR...,0,0,1185,5,166,2,3
0.3458,9496,Rest,HAZIRLANIYOR...,0,0,1059,0,243,6,3
0.3458,9497,Rest,HAZIRLANIYOR...,0,0,892,0,319,7,3
0.3465,9498,Rest,HAZIRLANIYOR...,0,0,682,0,400,6,4
0.3466,9499,Rest,HAZIRLANIYOR...,0,0,432,0,493,5,4
0.3466,9500,Rest,HAZIRLANIYOR...,0,51,156,0,593,5,3
0.3472,9501,Rest,HAZIRLANIYOR...,0,150,0,0,675,5,1
0.3472,9502,Rest,HAZIRLANIYOR...,0,249,0,0,721,3,1
0.3473,9503,Rest,HAZIRLANIYOR...,0,340,0,0,732,0,2
0.3473,9504,Rest,HAZIRLANIYOR...,0,418,0,0,718,0,0
0.3473,9505,Rest,HAZIRLANIYOR...,0,487,0,0,683,0,0
0.3474,9506,Rest,HAZIRLANIYOR...,0,543,0,0,641,0,0
0.3474,9507,Rest,HAZIRLANIYOR...,0,578,0,0,599,0,0
0.3474,9508,Rest,HAZIRLANIYOR...,0,592,0,0,543,0,0
0.3474,9509,Rest,HAZIRLANIYOR...,0,588,0,0,451,0,0
0.3480,9510,Rest,HAZIRLANIYOR...,0,568,0,0,322,0,0
0.3483,9511,Rest,HAZIRLANIYOR...,0,529,0,0,168,0,0
0.3484,9512,Rest,HAZIRLANIYOR...,0,472,0,0,8,0,2
0.3488,9513,Rest,HAZIRLANIYOR...,0,401,0,0,0,0,0
0.3489,9514,Rest,HAZIRLANIYOR...,0,317,0,25,0,0,0
0.3489,9515,Rest,HAZIRLANIYOR...,0,225,0,47,0,0,0
0.3489,9516,Rest,HAZIRLANIYOR...,0,127,0,64,0,0,0
0.3489,9517,Rest,HAZIRLANIYOR...,0,29,0,80,0,0,0
0.3489,9518,Rest,HAZIRLANIYOR...,0,0,0,96,0,0,0
0.3489,9519,Rest,HAZIRLANIYOR...,0,0,209,111,0,0,0
0.3490,9520,Rest,HAZIRLANIYOR...,0,0,436,121,0,0,2
0.3490,9521,Rest,HAZIRLANIYOR...,0,0,646,130,0,0,9
0.3490,9522,Rest,HAZIRLANIYOR...,0,0,835,138,0,0,6
0.3490,9523,Rest,HAZIRLANIYOR...,0,0,995,143,0,3,0
0.3499,9524,Rest,HAZIRLANIYOR...,0,0,1125,141,0,4,0
0.3504,9525,Rest,HAZIRLANIYOR...,0,0,1224,132,0,3,0
0.3504,9526,Rest,HAZIRLANIYOR...,0,0,1293,118,0,4,0
0.3507,9527,Rest,HAZIRLANIYOR...,0,0,1331,100,0,7,0
0.3717,9528,Rest,HAZIRLANIYOR...,0,0,1334,73,0,10,1
0.3718,9529,Rest,HAZIRLANIYOR...,0,0,1298,40,42,9,3
0.3718,9530,Rest,HAZIRLANIYOR...,0,0,1222,10,126,7,4
0.3718,9531,Rest,HAZIRLANIYOR...,0,0,1108,0,203,7,3
0.3718,9532,Rest,HAZIRLANIYOR...,0,0,960,0,278,8,2
0.3737,9533,Rest,HAZIRLANIYOR...,0,0,773,0,356,9,2
0.3738,9534,Rest,HAZIRLANIYOR...,0,0,544,0,443,9,2
0.3738,9535,Rest,HAZIRLANIYOR...,0,0,280,0,539,7,2
0.3739,9536,Rest,HAZIRLANIYOR...,0,89,0,0,628,6,2
0.3739,9537,Rest,HAZIRLANIYOR...,0,192,0,0,695,6,1
0.3739,9538,Rest,HAZIRLANIYOR...,0,292,0,0,731,6,0
0.3768,9539,Rest,HAZIRLANIYOR...,0,382,0,0,732,3,0
0.3768,9540,Rest,HAZIRLANIYOR...,0,456,0,0,703,0,0
0.3768,9541,Rest,HAZIRLANIYOR...,0,512,0,0,659,0,0
0.3768,9542,Rest,HAZIRLANIYOR...,0,552,0,0,619,0,0
0.3768,9543,Rest,HAZIRLANIYOR...,0,574,0,0,573,0,0
0.3769,9544,Rest,HAZIRLANIYOR...,0,577,0,0,502,0,0
0.3769,9545,Rest,HAZIRLANIYOR...,0,559,0,0,392,0,0
0.3769,9546,Rest,HAZIRLANIYOR...,0,523,0,0,246,0,0
0.3769,9547,Rest,HAZIRLANIYOR...,0,471,0,0,83,0,0
0.3769,9548,Rest,HAZIRLANIYOR...,0,404,0,0,0,0,0
0.3769,9549,Rest,HAZIRLANIYOR...,0,324,0,12,0,0,0
0.3769,9550,Rest,HAZIRLANIYOR...,0,232,0,34,0,0,0
0.3769,9551,Rest,HAZIRLANIYOR...,0,134,0,56,0,0,0
0.3769,9552,Rest,HAZIRLANIYOR...,0,34,0,74,0,0,0
0.3769,9553,Rest,HAZIRLANIYOR...,0,0,0,88,0,0,0
0.3769,9554,Rest,HAZIRLANIYOR...,0,0,97,99,0,0,0
0.3770,9555,Rest,HAZIRLANIYOR...,0,0,330,111,0,0,0
0.3770,9556,Rest,HAZIRLANIYOR...,0,0,552,124,0,0,0
0.3770,9557,Rest,HAZIRLANIYOR...,0,0,755,135,0,0,0
0.3770,9558,Rest,HAZIRLANIYOR...,0,0,929,140,0,3,7
0.3771,9559,Rest,HAZIRLANIYOR...,0,0,1072,141,0,10,14
0.3771,9560,Rest,HAZIRLANIYOR...,0,0,1186,139,0,14,10
0.3771,9561,Rest,HAZIRLANIYOR...,0,0,1272,130,0,10,0
0.3771,9562,Rest,HAZIRLANIYOR...,0,0,1327,112,0,3,0
0.3771,9563,Rest,HAZIRLANIYOR...,0,0,1350,86,0,3,0
0.3771,9564,Rest,HAZIRLANIYOR...,0,0,1334,56,1,9,3
0.3771,9565,Rest,HAZIRLANIYOR...,0,0,1278,27,89,14,3
0.3772,9566,Rest,HAZIRLANIYOR...,0,0,1183,1,170,14,1
0.3772,9567,Rest,HAZIRLANIYOR...,0,0,1050,0,246,8,1
0.3772,9568,Rest,HAZIRLANIYOR...,0,0,881,0,323,4,0
0.3772,9569,Rest,HAZIRLANIYOR...,0,0,671,0,411,4,0
0.3772,9570,Rest,HAZIRLANIYOR...,0,0,422,0,521,2,0
0.3772,9571,Rest,HAZIRLANIYOR...,0,24,140,0,636,0,2
0.3772,9572,Rest,HAZIRLANIYOR...,0,132,0,0,728,0,3
0.3772,9573,Rest,HAZIRLANIYOR...,0,234,0,0,785,0,2
0.3772,9574,Rest,HAZIRLANIYOR...,0,325,0,0,805,0,0
0.3773,9575,Rest,HAZIRLANIYOR...,0,415,0,0,795,0,1
0.3900,9576,Rest,HAZIRLANIYOR...,0,499,0,0,773,0,2
0.3901,9577,Rest,HAZIRLANIYOR...,0,562,0,0,752,0,2
0.3901,9578,Rest,HAZIRLANIYOR...,0,599,0,0,697,0,0
0.3902,9579,Rest,HAZIRLANIYOR...,0,616,0,0,570,0,0
0.3903,9580,Rest,HAZIRLANIYOR...,0,613,0,0,391,0,0
0.3903,9581,Rest,HAZIRLANIYOR...,0,592,0,0,202,0,0
0.3904,9582,Rest,HAZIRLANIYOR...,0,551,0,0,21,0,0
0.3906,9583,Rest,HAZIRLANIYOR...,0,491,0,0,0,0,0
0.3906,9584,Rest,HAZIRLANIYOR...,0,415,0,2,0,0,0
0.3907,9585,Rest,HAZIRLANIYOR...,0,327,0,30,0,0,0
0.3907,9586,Rest,HAZIRLANIYOR...,0,235,0,52,0,1,0
0.3907,9587,Rest,HAZIRLANIYOR...,0,141,0,69,0,0,0
0.3907,9588,Rest,HAZIRLANIYOR...,0,47,0,85,0,0,0
0.3907,9589,Rest,HAZIRLANIYOR...,0,0,43,100,0,0,0
0.3907,9590,Rest,HAZIRLANIYOR...,0,0,276,115,0,0,0
0.3907,9591,Rest,HAZIRLANIYOR...,0,0,499,129,0,0,0
0.3908,9592,Rest,HAZIRLANIYOR...,0,0,702,140,0,2,0
0.3908,9593,Rest,HAZIRLANIYOR...,0,0,880,148,0,1,0
0.3908,9594,Rest,HAZIRLANIYOR...,0,0,1033,153,0,1,5
0.3908,9595,Rest,HAZIRLANIYOR...,0,0,1157,153,0,3,8
0.3908,9596,Rest,HAZIRLANIYOR...,0,0,1241,146,0,8,3
0.3908,9597,Rest,HAZIRLANIYOR...,0,0,1289,131,0,10,0
0.3910,9598,Rest,HAZIRLANIYOR...,0,0,1316,106,0,11,0
0.3910,9599,Rest,HAZIRLANIYOR...,0,0,1316,76,0,12,2
0.4061,9600,Rest,HAZIRLANIYOR...,0,0,1279,47,71,14,3
0.4069,9601,Rest,HAZIRLANIYOR...,0,0,1201,18,157,18,2
0.4069,9602,Rest,HAZIRLANIYOR...,0,0,1085,0,236,19,2
0.4069,9603,Rest,HAZIRLANIYOR...,0,0,931,0,305,14,4
0.4070,9604,Rest,HAZIRLANIYOR...,0,0,736,0,375,9,6
0.4070,9605,Rest,HAZIRLANIYOR...,0,0,503,0,467,10,5
0.4070,9606,Rest,HAZIRLANIYOR...,0,42,239,0,571,8,4
0.4070,9607,Rest,HAZIRLANIYOR...,0,141,0,0,654,2,3
0.4070,9608,Rest,HAZIRLANIYOR...,0,239,0,0,706,0,2
0.4070,9609,Rest,HAZIRLANIYOR...,0,334,0,0,737,0,0
0.4082,9610,Rest,HAZIRLANIYOR...,0,420,0,0,744,0,0
0.4082,9611,Rest,HAZIRLANIYOR...,0,491,0,0,719,0,0
0.4082,9612,Rest,HAZIRLANIYOR...,0,545,0,0,675,0,0
0.4083,9613,Rest,HAZIRLANIYOR...,0,581,0,0,629,0,2
0.4083,9614,Rest,HAZIRLANIYOR...,0,601,0,0,581,0,2
0.4083,9615,Rest,HAZIRLANIYOR...,0,606,0,0,510,0,0
0.4088,9616,Rest,HAZIRLANIYOR...,0,590,0,0,401,0,0
0.4089,9617,Rest,HAZIRLANIYOR...,0,554,0,0,258,0,0
0.4089,9618,Rest,HAZIRLANIYOR...,0,500,0,0,99,0,0
0.4089,9619,Rest,HAZIRLANIYOR...,0,431,0,0,0,0,0
0.4089,9620,Rest,HAZIRLANIYOR...,0,346,0,14,0,0,0
0.4089,9621,Rest,HAZIRLANIYOR...,0,252,0,35,0,0,0
0.4089,9622,Rest,HAZIRLANIYOR...,0,157,0,51,0,0,0
0.4089,9623,Rest,HAZIRLANIYOR...,0,59,0,68,0,0,0
0.4096,9624,Rest,HAZIRLANIYOR...,0,0,0,84,0,0,0
0.4096,9625,Rest,HAZIRLANIYOR...,0,0,100,99,0,0,0
0.4103,9626,Rest,HAZIRLANIYOR...,0,0,335,113,0,0,0
0.4104,9627,Rest,HAZIRLANIYOR...,0,0,557,125,0,0,0
0.4105,9628,Rest,HAZIRLANIYOR...,0,0,758,134,0,0,1
0.4105,9629,Rest,HAZIRLANIYOR...,0,0,934,139,0,0,1
0.4105,9630,Rest,HAZIRLANIYOR...,0,0,1079,139,0,0,0
0.4108,9631,Rest,HAZIRLANIYOR...,0,0,1193,134,0,2,0
0.4108,9632,Rest,HAZIRLANIYOR...,0,0,1275,124,0,7,0
0.4109,9633,Rest,HAZIRLANIYOR...,0,0,1327,107,0,15,6
0.4110,9634,Rest,HAZIRLANIYOR...,0,0,1350,82,0,24,14
0.4251,9635,Rest,HAZIRLANIYOR...,0,0,1337,52,18,22,9
0.4252,9636,Rest,HAZIRLANIYOR...,0,0,1284,23,102,7,0
0.4252,9637,Rest,HAZIRLANIYOR...,0,0,1191,0,178,0,0
0.4252,9638,Rest,HAZIRLANIYOR...,0,0,1062,0,250,0,0
0.4252,9639,Rest,HAZIRLANIYOR...,0,0,894,0,318,0,0
0.4252,9640,Rest,HAZIRLANIYOR...,0,0,683,0,395,1,0
0.4252,9641,Rest,HAZIRLANIYOR...,0,0,431,0,489,3,0
0.4254,9642,Rest,HAZIRLANIYOR...,0,0,152,0,584,4,0
0.4254,9643,Rest,HAZIRLANIYOR...,0,59,0,0,656,4,0
0.4254,9644,Rest,HAZIRLANIYOR...,0,159,0,0,699,3,1
0.4254,9645,Rest,HAZIRLANIYOR...,0,253,0,0,714,1,8
0.4283,9646,Rest,HAZIRLANIYOR...,0,339,0,0,700,0,13
0.4283,9647,Rest,HAZIRLANIYOR...,0,413,0,0,659,0,4
0.4283,9648,Rest,HAZIRLANIYOR...,0,472,0,0,613,0,0
0.4283,9649,Rest,HAZIRLANIYOR...,0,512,0,0,571,0,0
0.4283,9650,Rest,HAZIRLANIYOR...,0,532,0,0,515,0,0
0.4283,9651,Rest,HAZIRLANIYOR...,0,536,0,0,422,0,0
0.4283,9652,Rest,HAZIRLANIYOR...,0,524,0,0,289,0,0
0.4283,9653,Rest,HAZIRLANIYOR...,0,496,0,0,131,0,0
0.4338,9654,Rest,HAZIRLANIYOR...,0,447,0,0,0,0,0
0.4338,9655,Rest,HAZIRLANIYOR...,0,380,0,15,0,0,0
0.4339,9656,Rest,HAZIRLANIYOR...,0,303,0,42,0,0,0
0.4339,9657,Rest,HAZIRLANIYOR...,0,222,0,63,0,0,0
0.4339,9658,Rest,HAZIRLANIYOR...,0,136,0,78,0,0,0
0.4339,9659,Rest,HAZIRLANIYOR...,0,47,0,92,0,0,0
0.4380,9660,Rest,HAZIRLANIYOR...,0,0,0,107,0,0,0
0.4381,9661,Rest,HAZIRLANIYOR...,0,0,228,121,0,0,1
0.4381,9662,Rest,HAZIRLANIYOR...,0,0,453,132,0,3,2
0.4381,9663,Rest,HAZIRLANIYOR...,0,0,661,141,0,7,1
0.4381,9664,Rest,HAZIRLANIYOR...,0,0,845,148,0,14,4
0.4381,9665,Rest,HAZIRLANIYOR...,0,0,1003,152,0,13,9
0.4381,9666,Rest,HAZIRLANIYOR...,0,0,1131,151,0,3,7
0.4381,9667,Rest,HAZIRLANIYOR...,0,0,1225,142,0,0,4
0.4381,9668,Rest,HAZIRLANIYOR...,0,0,1288,125,0,5,5
0.4381,9669,Rest,HAZIRLANIYOR...,0,0,1324,99,0,8,4
0.4381,9670,Rest,HAZIRLANIYOR...,0,0,1329,69,0,9,0
0.4382,9671,Rest,HAZIRLANIYOR...,0,0,1292,37,59,12,2
0.4382,9672,Rest,HAZIRLANIYOR...,0,0,1214,7,140,10,9
0.4382,9673,Rest,HAZIRLANIYOR...,0,0,1098,0,216,4,5
0.4382,9674,Rest,HAZIRLANIYOR...,0,0,945,0,290,4,0
0.4382,9675,Rest,HAZIRLANIYOR...,0,0,754,0,368,9,0
0.4382,9676,Rest,HAZIRLANIYOR...,0,0,525,0,455,7,0
0.4382,9677,Rest,HAZIRLANIYOR...,0,69,261,0,550,0,2
0.4382,9678,Rest,HAZIRLANIYOR...,0,167,0,0,636,0,0
0.4382,9679,Rest,HAZIRLANIYOR...,0,263,0,0,698,1,0
0.4383,9680,Rest,HAZIRLANIYOR...,0,353,0,0,729,7,4
0.4383,9681,Rest,HAZIRLANIYOR...,0,438,0,0,726,8,8
0.4383,9682,Rest,HAZIRLANIYOR...,0,513,0,0,692,0,3
0.4383,9683,Rest,HAZIRLANIYOR...,0,570,0,0,644,0,0
0.4543,9684,Rest,HAZIRLANIYOR...,0,604,0,0,600,0,0
0.4544,9685,Rest,HAZIRLANIYOR...,0,620,0,0,553,1,0
0.4544,9686,Rest,HAZIRLANIYOR...,0,624,0,0,480,0,0
0.4544,9687,Rest,HAZIRLANIYOR...,0,613,0,0,367,0,0
0.4544,9688,Rest,HAZIRLANIYOR...,0,584,0,0,219,0,0
0.4544,9689,Rest,HAZIRLANIYOR...,0,533,0,0,55,0,0
0.4544,9690,Rest,HAZIRLANIYOR...,0,463,0,0,0,0,0
0.4547,9691,Rest,HAZIRLANIYOR...,0,379,0,19,0,0,0
0.4548,9692,Rest,HAZIRLANIYOR...,0,284,0,42,0,0,0
0.4548,9693,Rest,HAZIRLANIYOR...,0,181,0,60,0,0,0
0.4548,9694,Rest,HAZIRLANIYOR...,0,72,0,76,0,0,0
0.4548,9695,Rest,HAZIRLANIYOR...,0,0,0,93,0,0,0
0.4548,9696,Rest,HAZIRLANIYOR...,0,0,124,108,0,0,0
0.4548,9697,Rest,HAZIRLANIYOR...,0,0,358,123,0,0,0
0.4548,9698,Rest,HAZIRLANIYOR...,0,0,573,136,0,0,0
0.4548,9699,Rest,HAZIRLANIYOR...,0,0,766,144,0,0,0
0.4548,9700,Rest,HAZIRLANIYOR...,0,0,933,148,0,2,0
0.4548,9701,Rest,HAZIRLANIYOR...,0,0,1074,147,0,3,0
0.4549,9702,Rest,HAZIRLANIYOR...,0,0,1185,142,0,4,4
0.4549,9703,Rest,HAZIRLANIYOR...,0,0,1263,132,0,7,5
0.4549,9704,Rest,HAZIRLANIYOR...,0,0,1307,113,0,10,4
0.4549,9705,Rest,HAZIRLANIYOR...,0,0,1320,86,0,12,3
0.4550,9706,Rest,HAZIRLANIYOR...,0,0,1299,55,21,12,2
0.4550,9707,Rest,HAZIRLANIYOR...,0,0,1241,24,107,9,0
0.4550,9708,Rest,HAZIRLANIYOR...,0,0,1145,0,188,6,0
0.4550,9709,Rest,HAZIRLANIYOR...,0,0,1011,0,271,6,0
0.4550,9710,Rest,HAZIRLANIYOR...,0,0,837,0,355,10,2
0.4552,9711,Rest,HAZIRLANIYOR...,0,0,622,0,441,15,1
0.4553,9712,Rest,HAZIRLANIYOR...,0,0,370,0,543,16,0
0.4553,9713,Rest,HAZIRLANIYOR...,0,39,91,0,653,11,1
0.4716,9714,Rest,HAZIRLANIYOR...,0,150,0,0,741,5,6
0.4734,9715,Rest,HAZIRLANIYOR...,0,256,0,0,786,3,6
0.4734,9716,Rest,HAZIRLANIYOR...,0,355,0,0,786,4,1
0.4734,9717,Rest,HAZIRLANIYOR...,0,443,0,0,755,5,0
0.4734,9718,Rest,HAZIRLANIYOR...,0,513,0,0,719,2,0
0.4735,9719,Rest,HAZIRLANIYOR...,0,561,0,0,692,0,2
0.4735,9720,Rest,HAZIRLANIYOR...,0,588,0,0,653,0,2
0.4735,9721,Rest,HAZIRLANIYOR...,0,596,0,0,564,0,0
0.4744,9722,Rest,HAZIRLANIYOR...,0,590,0,0,416,0,0
0.4744,9723,Rest,HAZIRLANIYOR...,0,563,0,0,234,0,1
0.4744,9724,Rest,HAZIRLANIYOR...,0,514,0,0,49,0,1
0.4745,9725,Rest,HAZIRLANIYOR...,0,445,0,0,0,0,0
0.4745,9726,Rest,HAZIRLANIYOR...,0,361,0,0,0,0,0
0.4745,9727,Rest,HAZIRLANIYOR...,0,266,0,20,0,1,1
0.4753,9728,Rest,HAZIRLANIYOR...,0,162,0,42,0,0,1
0.4754,9729,Rest,HAZIRLANIYOR...,0,58,0,58,0,0,0
0.4754,9730,Rest,HAZIRLANIYOR...,0,0,0,73,0,0,0
0.4754,9731,Rest,HAZIRLANIYOR...,0,0,70,88,0,0,4
0.4754,9732,Rest,HAZIRLANIYOR...,0,0,298,106,0,0,12
0.4754,9733,Rest,HAZIRLANIYOR...,0,0,517,123,0,0,12
0.4754,9734,Rest,HAZIRLANIYOR...,0,0,719,137,0,0,3
0.4754,9735,Rest,HAZIRLANIYOR...,0,0,897,147,0,1,0
0.4810,9736,Rest,HAZIRLANIYOR...,0,0,1044,151,0,2,0
0.4811,9737,Rest,HAZIRLANIYOR...,0,0,1160,151,0,2,0
0.4811,9738,Rest,HAZIRLANIYOR...,0,0,1244,146,0,5,0
0.4811,9739,Rest,HAZIRLANIYOR...,0,0,1298,133,0,10,0
0.4902,9740,Rest,HAZIRLANIYOR...,0,0,1326,111,0,12,0
0.4902,9741,Rest,HAZIRLANIYOR...,0,0,1322,81,0,12,0
0.4926,9742,Rest,HAZIRLANIYOR...,0,0,1277,50,77,11,0
0.4927,9743,Rest,HAZIRLANIYOR...,0,0,1193,21,159,9,2
0.4927,9744,Rest,HAZIRLANIYOR...,0,0,1072,0,236,8,1
0.4927,9745,Rest,HAZIRLANIYOR...,0,0,914,0,310,7,0
0.4928,9746,Rest,HAZIRLANIYOR...,0,0,713,0,388,7,0
0.4928,9747,Rest,HAZIRLANIYOR...,0,0,474,0,478,8,0
0.4928,9748,Rest,HAZIRLANIYOR...,0,34,208,0,576,11,0
0.4928,9749,Rest,HAZIRLANIYOR...,0,139,0,0,663,12,2
0.4928,9750,Rest,HAZIRLANIYOR...,0,242,0,0,726,5,3
0.4967,9751,Rest,HAZIRLANIYOR...,0,339,0,0,760,0,2
0.4967,9752,Rest,HAZIRLANIYOR...,0,428,0,0,759,0,5
0.4985,9753,Rest,HAZIRLANIYOR...,0,506,0,0,723,4,7
0.4985,9754,Rest,HAZIRLANIYOR...,0,564,0,0,673,0,2
0.4986,9755,Rest,HAZIRLANIYOR...,0,601,0,0,630,0,0
0.4986,9756,Rest,HAZIRLANIYOR...,0,622,0,0,586,0,0
0.4986,9757,Rest,HAZIRLANIYOR...,0,632,0,0,512,0,0
0.4986,9758,Rest,HAZIRLANIYOR...,0,627,0,0,392,0,0
0.4986,9759,Rest,HAZIRLANIYOR...,0,599,0,0,237,0,0
0.4987,9760,Rest,HAZIRLANIYOR...,0,548,0,0,72,0,0
0.5004,9761,Rest,HAZIRLANIYOR...,0,482,0,0,0,0,0
0.5004,9762,Rest,HAZIRLANIYOR...,0,403,0,24,0,0,0
0.5004,9763,Rest,HAZIRLANIYOR...,0,312,0,45,0,0,0
0.5004,9764,Rest,HAZIRLANIYOR...,0,215,0,62,0,0,0
0.5004,9765,Rest,HAZIRLANIYOR...,0,114,0,77,0,0,0
0.5004,9766,Rest,HAZIRLANIYOR...,0,11,0,93,0,0,0
0.5004,9767,Rest,HAZIRLANIYOR...,0,0,136,108,0,0,0
0.5004,9768,Rest,HAZIRLANIYOR...,0,0,370,122,0,0,0
0.5004,9769,Rest,HAZIRLANIYOR...,0,0,585,133,0,0,0
0.5004,9770,Rest,HAZIRLANIYOR...,0,0,779,140,0,9,0
0.5005,9771,Rest,HAZIRLANIYOR...,0,0,951,145,0,9,0
0.5005,9772,Rest,HAZIRLANIYOR...,0,0,1096,145,0,5,1
0.5005,9773,Rest,HAZIRLANIYOR...,0,0,1208,140,0,5,0
0.5005,9774,Rest,HAZIRLANIYOR...,0,0,1285,128,0,6,1
0.5005,9775,Rest,HAZIRLANIYOR...,0,0,1330,108,0,8,3
0.5006,9776,Rest,HAZIRLANIYOR...,0,0,1345,81,0,13,2
0.5006,9777,Rest,HAZIRLANIYOR...,0,0,1323,51,19,20,2
0.5006,9778,Rest,HAZIRLANIYOR...,0,0,1261,22,104,19,5
0.5006,9779,Rest,HAZIRLANIYOR...,0,0,1160,0,183,5,9
0.5006,9780,Rest,HAZIRLANIYOR...,0,0,1026,0,262,0,8
0.5006,9781,Rest,HAZIRLANIYOR...,0,0,855,0,341,0,4
0.5006,9782,Rest,HAZIRLANIYOR...,0,0,644,0,419,2,4
0.5006,9783,Rest,HAZIRLANIYOR...,0,0,393,0,504,3,6
0.5006,9784,Rest,HAZIRLANIYOR...,0,4,113,0,594,1,6
0.5007,9785,Rest,HAZIRLANIYOR...,0,106,0,0,669,1,5
0.5007,9786,Rest,HAZIRLANIYOR...,0,206,0,0,716,5,4
0.5007,9787,Rest,HAZIRLANIYOR...,0,300,0,0,731,6,2
0.5007,9788,Rest,HAZIRLANIYOR...,0,384,0,0,710,0,2
0.5007,9789,Rest,HAZIRLANIYOR...,0,455,0,0,666,0,3
0.5007,9790,Rest,HAZIRLANIYOR...,0,509,0,0,622,0,3
0.5007,9791,Rest,HAZIRLANIYOR...,0,540,0,0,583,0,1
0.5007,9792,Rest,HAZIRLANIYOR...,0,555,0,0,525,0,0
0.5007,9793,Rest,HAZIRLANIYOR...,0,558,0,0,425,0,0
0.5008,9794,Rest,HAZIRLANIYOR...,0,547,0,0,284,0,3
0.5171,9795,Rest,HAZIRLANIYOR...,0,516,0,0,123,0,6
0.5172,9796,Rest,HAZIRLANIYOR...,0,464,0,0,0,0,0
0.5172,9797,Rest,HAZIRLANIYOR...,0,396,0,0,0,0,0
0.5172,9798,Rest,HAZIRLANIYOR...,0,319,0,24,0,0,0
0.5173,9799,Rest,HAZIRLANIYOR...,0,237,0,44,0,0,0
0.5173,9800,Rest,HAZIRLANIYOR...,0,147,0,63,0,0,0
0.5173,9801,Rest,HAZIRLANIYOR...,0,49,0,82,0,0,0
0.5173,9802,Rest,HAZIRLANIYOR...,0,0,11,98,0,0,0
0.5173,9803,Rest,HAZIRLANIYOR...,0,0,245,112,0,0,0
0.5173,9804,Rest,HAZIRLANIYOR...,0,0,470,124,0,0,0
0.5174,9805,Rest,HAZIRLANIYOR...,0,0,677,137,0,0,0
0.5174,9806,Rest,HAZIRLANIYOR...,0,0,858,146,0,2,0
0.5174,9807,Rest,HAZIRLANIYOR...,0,0,1010,149,0,5,0
0.5175,9808,Rest,HAZIRLANIYOR...,0,0,1133,146,0,6,0
0.5178,9809,Rest,HAZIRLANIYOR...,0,0,1226,139,0,7,0
0.5178,9810,Rest,HAZIRLANIYOR...,0,0,1290,125,0,11,9
0.5179,9811,Rest,HAZIRLANIYOR...,0,0,1321,104,0,16,13
0.5179,9812,Rest,HAZIRLANIYOR...,0,0,1316,76,0,14,4
0.5179,9813,Rest,HAZIRLANIYOR...,0,0,1273,44,63,10,0
0.5179,9814,Rest,HAZIRLANIYOR...,0,0,1195,15,144,9,0
0.5179,9815,Rest,HAZIRLANIYOR...,0,0,1081,0,222,11,0
0.5181,9816,Rest,HAZIRLANIYOR...,0,0,925,0,299,10,1
0.5181,9817,Rest,HAZIRLANIYOR...,0,0,727,0,381,9,0
0.5182,9818,Rest,HAZIRLANIYOR...,0,0,491,0,473,11,2
0.5182,9819,Rest,HAZIRLANIYOR...,0,26,226,0,569,16,4
0.5182,9820,Rest,HAZIRLANIYOR...,0,124,0,0,652,18,3
0.5182,9821,Rest,HAZIRLANIYOR...,0,219,0,0,713,8,1
0.5182,9822,Rest,HAZIRLANIYOR...,0,306,0,0,750,0,0
0.5184,9823,Rest,HAZIRLANIYOR...,0,383,0,0,753,0,0
0.5184,9824,Rest,HAZIRLANIYOR...,0,446,0,0,720,0,0
0.5184,9825,Rest,HAZIRLANIYOR...,0,494,0,0,671,0,0
0.5345,9826,Rest,HAZIRLANIYOR...,0,525,0,0,621,0,0
0.5345,9827,Rest,HAZIRLANIYOR...,0,539,0,0,558,0,0
0.5346,9828,Rest,HAZIRLANIYOR...,0,538,0,0,470,0,0
0.5346,9829,Rest,HAZIRLANIYOR...,0,524,0,0,354,0,0
0.5352,9830,Rest,HAZIRLANIYOR...,0,494,0,0,209,0,0
0.5353,9831,Rest,HAZIRLANIYOR...,0,445,0,0,45,0,0
0.5353,9832,Rest,HAZIRLANIYOR...,0,379,0,0,0,0,0
0.5353,9833,Rest,HAZIRLANIYOR...,0,303,0,11,0,0,0
0.5354,9834,Rest,HAZIRLANIYOR...,0,220,0,39,0,0,0
0.5354,9835,Rest,HAZIRLANIYOR...,0,130,0,63,0,0,0
0.5355,9836,Rest,HAZIRLANIYOR...,0,37,0,81,0,0,0
0.5355,9837,Rest,HAZIRLANIYOR...,0,0,0,95,0,0,0
0.5355,9838,Rest,HAZIRLANIYOR...,0,0,152,111,0,0,0
0.5355,9839,Rest,HAZIRLANIYOR...,0,0,382,128,0,0,0
0.5355,9840,Rest,HAZIRLANIYOR...,0,0,596,142,0,0,0
0.5362,9841,Rest,HAZIRLANIYOR...,0,0,788,154,0,3,0
0.5363,9842,Rest,HAZIRLANIYOR...,0,0,955,162,0,11,2
0.5363,9843,Rest,HAZIRLANIYOR...,0,0,1094,164,0,12,2
0.5363,9844,Rest,HAZIRLANIYOR...,0,0,1201,159,0,5,3
0.5363,9845,Rest,HAZIRLANIYOR...,0,0,1276,145,0,0,2
0.5364,9846,Rest,HAZIRLANIYOR...,0,0,1319,125,0,3,2
0.5364,9847,Rest,HAZIRLANIYOR...,0,0,1330,97,0,9,4
0.5364,9848,Rest,HAZIRLANIYOR...,0,0,1303,67,30,10,8
0.5371,9849,Rest,HAZIRLANIYOR...,0,0,1237,36,116,7,9
0.5371,9850,Rest,HAZIRLANIYOR...,0,0,1134,7,193,5,6
0.5371,9851,Rest,HAZIRLANIYOR...,0,0,996,0,267,3,1
0.5371,9852,Rest,HAZIRLANIYOR...,0,0,819,0,349,3,0
0.5384,9853,Rest,HAZIRLANIYOR...,0,0,602,0,448,5,2
0.5385,9854,Rest,HAZIRLANIYOR...,0,0,350,0,566,7,5
0.5386,9855,Rest,HAZIRLANIYOR...,0,80,70,0,686,9,6
0.5386,9856,Rest,HAZIRLANIYOR...,0,188,0,0,779,15,5
0.5386,9857,Rest,HAZIRLANIYOR...,0,290,0,0,832,21,5
0.5386,9858,Rest,HAZIRLANIYOR...,0,383,0,0,841,17,3
0.5391,9859,Rest,HAZIRLANIYOR...,0,466,0,0,822,3,0
0.5391,9860,Rest,HAZIRLANIYOR...,0,538,0,0,795,0,0
0.5470,9861,Rest,HAZIRLANIYOR...,0,592,0,0,759,0,0
0.5472,9862,Rest,HAZIRLANIYOR...,0,625,0,0,677,0,0
0.5473,9863,Rest,HAZIRLANIYOR...,0,637,0,0,523,0,0
0.5627,9864,Rest,HAZIRLANIYOR...,0,628,0,0,328,0,0
0.5669,9865,Rest,HAZIRLANIYOR...,0,597,0,0,137,0,0
0.5669,9866,Rest,HAZIRLANIYOR...,0,547,0,0,0,0,0
0.5670,9867,Rest,HAZIRLANIYOR...,0,479,0,0,0,0,0
0.5670,9868,Rest,HAZIRLANIYOR...,0,395,0,0,0,0,0
0.5672,9869,Rest,HAZIRLANIYOR...,0,298,0,13,0,0,0
0.5672,9870,Rest,HAZIRLANIYOR...,0,194,0,38,0,0,0
0.5672,9871,Rest,HAZIRLANIYOR...,0,92,0,59,0,0,0
0.5672,9872,Rest,HAZIRLANIYOR...,0,0,0,78,0,0,0
0.5818,9873,Rest,HAZIRLANIYOR...,0,0,108,97,0,0,0
0.5819,9874,Rest,HAZIRLANIYOR...,0,0,333,115,0,0,0
0.5819,9875,Rest,HAZIRLANIYOR...,0,0,545,134,0,0,6
0.5820,9876,Rest,HAZIRLANIYOR...,0,0,740,151,0,6,13
0.5820,9877,Rest,HAZIRLANIYOR...,0,0,912,164,0,3,11
0.5820,9878,Rest,HAZIRLANIYOR...,0,0,1055,171,0,0,4
0.5820,9879,Rest,HAZIRLANIYOR...,0,0,1163,172,0,0,0
0.5821,9880,Rest,HAZIRLANIYOR...,0,0,1238,165,0,3,0
0.5821,9881,Rest,HAZIRLANIYOR...,0,0,1284,150,0,13,0
0.5821,9882,Rest,HAZIRLANIYOR...,0,0,1304,134,0,17,0
0.5821,9883,Rest,HAZIRLANIYOR...,0,0,1293,109,5,10,6
0.5821,9884,Rest,HAZIRLANIYOR...,0,0,1244,68,95,6,9
0.5821,9885,Rest,HAZIRLANIYOR...,0,0,1155,24,175,9,5
0.5821,9886,Rest,HAZIRLANIYOR...,0,0,1031,0,251,8,0
0.5822,9887,Rest,HAZIRLANIYOR...,0,0,871,0,327,2,0
0.5822,9888,Rest,HAZIRLANIYOR...,0,0,670,0,407,1,0
0.5822,9889,Rest,HAZIRLANIYOR...,0,0,429,0,497,6,0
0.5822,9890,Rest,HAZIRLANIYOR...,0,27,160,0,592,9,0
0.5822,9891,Rest,HAZIRLANIYOR...,0,139,0,0,678,8,0
0.5822,9892,Rest,HAZIRLANIYOR...,0,247,0,0,741,6,0
0.5822,9893,Rest,HAZIRLANIYOR...,0,352,0,0,766,4,0
0.5823,9894,Rest,HAZIRLANIYOR...,0,446,0,0,756,2,0
0.5823,9895,Rest,HAZIRLANIYOR...,0,524,0,0,721,0,0
0.5823,9896,Rest,HAZIRLANIYOR...,0,585,0,0,676,0,0
0.5823,9897,Rest,HAZIRLANIYOR...,0,629,0,0,634,0,0
0.5823,9898,Rest,HAZIRLANIYOR...,0,653,0,0,585,0,0
0.5823,9899,Rest,HAZIRLANIYOR...,0,655,0,0,508,0,0
0.5823,9900,Rest,HAZIRLANIYOR...,0,636,0,0,389,0,0
0.5823,9901,Rest,HAZIRLANIYOR...,0,599,0,0,236,0,0
0.5824,9902,Rest,HAZIRLANIYOR...,0,543,0,0,69,0,0
0.5824,9903,Rest,HAZIRLANIYOR...,0,470,0,0,0,0,0
0.5825,9904,Rest,HAZIRLANIYOR...,0,383,0,1,0,0,0
0.5826,9905,Rest,HAZIRLANIYOR...,0,289,0,26,0,0,0
0.5826,9906,Rest,HAZIRLANIYOR...,0,193,0,47,0,0,1
0.5826,9907,Rest,HAZIRLANIYOR...,0,92,0,66,0,4,1
0.5826,9908,Rest,HAZIRLANIYOR...,0,0,0,83,0,0,0
0.5826,9909,Rest,HAZIRLANIYOR...,0,0,153,100,0,0,0
0.5826,9910,Rest,HAZIRLANIYOR...,0,0,385,119,0,0,0
0.5826,9911,Rest,HAZIRLANIYOR...,0,0,599,136,0,0,0
0.5826,9912,Rest,HAZIRLANIYOR...,0,0,793,150,0,1,0
0.5826,9913,Rest,HAZIRLANIYOR...,0,0,960,157,0,2,0
0.5827,9914,Rest,HAZIRLANIYOR...,0,0,1096,160,0,3,1
0.5827,9915,Rest,HAZIRLANIYOR...,0,0,1200,158,0,5,0
0.5827,9916,Rest,HAZIRLANIYOR...,0,0,1274,148,0,7,0
0.5827,9917,Rest,HAZIRLANIYOR...,0,0,1320,128,0,8,1
0.5827,9918,Rest,HAZIRLANIYOR...,0,0,1333,100,0,7,4
0.5827,9919,Rest,HAZIRLANIYOR...,0,0,1309,68,37,8,7
0.5828,9920,Rest,HAZIRLANIYOR...,0,0,1245,39,120,10,8
0.5828,9921,Rest,HAZIRLANIYOR...,0,0,1142,12,197,12,10
0.5828,9922,Rest,HAZIRLANIYOR...,0,0,1002,0,270,10,10
0.5828,9923,Rest,HAZIRLANIYOR...,0,0,826,0,345,8,3
0.5828,9924,Rest,HAZIRLANIYOR...,0,0,613,0,429,7,0
0.5828,9925,Rest,HAZIRLANIYOR...,0,0,366,0,523,6,0
0.5828,9926,Rest,HAZIRLANIYOR...,0,31,91,0,611,7,4
0.5828,9927,Rest,HAZIRLANIYOR...,0,133,0,0,678,9,4
0.5829,9928,Rest,HAZIRLANIYOR...,0,235,0,0,718,7,0
0.5829,9929,Rest,HAZIRLANIYOR...,0,330,0,0,731,2,0
0.5830,9930,Rest,HAZIRLANIYOR...,0,413,0,0,710,0,8
0.5830,9931,Rest,HAZIRLANIYOR...,0,482,0,0,665,0,16
0.5830,9932,Rest,HAZIRLANIYOR...,0,535,0,0,620,0,14
0.5830,9933,Rest,HAZIRLANIYOR...,0,570,0,0,584,0,0
0.5830,9934,Rest,HAZIRLANIYOR...,0,586,0,0,532,0,0
0.5830,9935,Rest,HAZIRLANIYOR...,0,583,0,0,424,0,0
0.5831,9936,Rest,HAZIRLANIYOR...,0,562,0,0,260,0,1
0.5831,9937,Rest,HAZIRLANIYOR...,0,524,0,0,84,5,4
0.5831,9938,Rest,HAZIRLANIYOR...,0,469,0,0,0,1,0
0.5833,9939,Rest,HAZIRLANIYOR...,0,396,0,0,0,0,0
0.5833,9940,Rest,HAZIRLANIYOR...,0,312,0,30,0,0,0
0.5962,9941,Rest,HAZIRLANIYOR...,0,223,0,55,0,0,0
0.5967,9942,Rest,HAZIRLANIYOR...,0,129,0,74,0,0,0
0.5967,9943,Rest,HAZIRLANIYOR...,0,31,0,90,0,0,0
0.5967,9944,Rest,HAZIRLANIYOR...,0,0,50,107,0,0,0
0.5973,9945,Rest,HAZIRLANIYOR...,0,0,276,125,0,0,0
0.5973,9946,Rest,HAZIRLANIYOR...,0,0,493,142,0,0,0
0.5974,9947,Rest,HAZIRLANIYOR...,0,0,694,155,0,0,0
0.5974,9948,Rest,HAZIRLANIYOR...,0,0,868,162,0,0,0
0.5974,9949,Rest,HAZIRLANIYOR...,0,0,1014,165,0,7,0
0.5974,9950,Rest,HAZIRLANIYOR...,0,0,1130,163,0,14,0
0.5974,9951,Rest,HAZIRLANIYOR...,0,0,1217,154,0,11,0
0.5974,9952,Rest,HAZIRLANIYOR...,0,0,1274,137,0,3,2
0.5974,9953,Rest,HAZIRLANIYOR...,0,0,1301,112,0,1,3
0.5978,9954,Rest,HAZIRLANIYOR...,0,0,1295,81,0,5,3
0.5979,9955,Rest,HAZIRLANIYOR...,0,0,1249,48,76,7,3
0.5979,9956,Rest,HAZIRLANIYOR...,0,0,1162,19,157,5,1
0.5979,9957,Rest,HAZIRLANIYOR...,0,0,1037,0,234,4,0
0.5979,9958,Rest,HAZIRLANIYOR...,0,0,879,0,313,4,0
0.5979,9959,Rest,HAZIRLANIYOR...,0,0,685,0,403,5,0
0.5979,9960,Rest,HAZIRLANIYOR...,0,0,451,0,515,5,4
0.5985,9961,Rest,HAZIRLANIYOR...,0,50,183,0,639,5,6
0.5989,9962,Rest,HAZIRLANIYOR...,0,151,0,0,746,7,4
0.5989,9963,Rest,HAZIRLANIYOR...,0,250,0,0,813,9,0
0.5989,9964,Rest,HAZIRLANIYOR...,0,344,0,0,838,9,0
0.5989,9965,Rest,HAZIRLANIYOR...,0,427,0,0,830,4,0
0.5989,9966,Rest,HAZIRLANIYOR...,0,497,0,0,806,0,2
0.5990,9967,Rest,HAZIRLANIYOR...,0,551,0,0,775,0,4
0.5990,9968,Rest,HAZIRLANIYOR...,0,586,0,0,713,0,2
0.6228,9969,Rest,HAZIRLANIYOR...,0,601,0,0,588,0,0
0.6250,9970,Rest,HAZIRLANIYOR...,0,594,0,0,409,0,0
0.6250,9971,Rest,HAZIRLANIYOR...,0,567,0,0,218,0,0
0.6251,9972,Rest,HAZIRLANIYOR...,0,520,0,0,39,0,1
0.6251,9973,Rest,HAZIRLANIYOR...,0,453,0,0,0,0,1
0.6251,9974,Rest,HAZIRLANIYOR...,0,369,0,0,0,0,0
0.6251,9975,Rest,HAZIRLANIYOR...,0,273,0,5,0,0,0
0.6251,9976,Rest,HAZIRLANIYOR...,0,171,0,27,0,0,0
0.6252,9977,Rest,HAZIRLANIYOR...,0,67,0,48,0,0,0
0.6252,9978,Rest,HAZIRLANIYOR...,0,0,0,72,0,0,0
0.6252,9979,Rest,HAZIRLANIYOR...,0,0,13,97,0,0,0
0.6252,9980,Rest,HAZIRLANIYOR...,0,0,242,118,0,0,0
0.6252,9981,Rest,HAZIRLANIYOR...,0,0,462,135,0,0,0
0.6252,9982,Rest,HAZIRLANIYOR...,0,0,665,151,0,0,0
0.6253,9983,Rest,HAZIRLANIYOR...,0,0,847,166,0,1,0
0.6253,9984,Rest,HAZIRLANIYOR...,0,0,1001,173,0,3,1
0.6253,9985,Rest,HAZIRLANIYOR...,0,0,1123,173,0,5,1
0.6253,9986,Rest,HAZIRLANIYOR...,0,0,1212,168,0,8,0
0.6253,9987,Rest,HAZIRLANIYOR...,0,0,1271,157,0,9,0
0.6253,9988,Rest,HAZIRLANIYOR...,0,0,1302,138,0,11,0
0.6254,9989,Rest,HAZIRLANIYOR...,0,0,1304,112,0,13,2
0.6254,9990,Rest,HAZIRLANIYOR...,0,0,1270,83,69,14,3
0.6254,9991,Rest,HAZIRLANIYOR...,0,0,1196,54,155,13,4
0.6254,9992,Rest,HAZIRLANIYOR...,0,0,1086,27,232,10,3
0.6254,9993,Rest,HAZIRLANIYOR...,0,0,942,0,307,7,0
0.6254,9994,Rest,HAZIRLANIYOR...,0,0,757,0,384,7,0
0.6254,9995,Rest,HAZIRLANIYOR...,0,0,530,0,472,9,1
0.6255,9996,Rest,HAZIRLANIYOR...,0,0,269,0,571,10,3
0.6255,9997,Rest,HAZIRLANIYOR...,0,73,0,0,667,10,5
0.6273,9998,Rest,HAZIRLANIYOR...,0,182,0,0,739,11,9
0.6274,9999,Rest,HAZIRLANIYOR...,0,288,0,0,772,11,10
0.6274,10000,Rest,HAZIRLANIYOR...,0,386,0,0,770,7,2
0.6274,10001,Rest,HAZIRLANIYOR...,0,472,0,0,744,2,0
0.6274,10002,Rest,HAZIRLANIYOR...,0,542,0,0,704,3,0
0.6274,10003,Rest,HAZIRLANIYOR...,0,591,0,0,662,5,0
0.6274,10004,Rest,HAZIRLANIYOR...,0,620,0,0,618,0,0
0.6275,10005,Rest,HAZIRLANIYOR...,0,632,0,0,554,0,0
0.6275,10006,Rest,HAZIRLANIYOR...,0,627,0,0,452,0,0
0.6276,10007,Rest,HAZIRLANIYOR...,0,602,0,0,308,0,0
0.6276,10008,Rest,HAZIRLANIYOR...,0,558,0,0,137,0,0
0.6276,10009,Rest,HAZIRLANIYOR...,0,500,0,0,0,0,0
0.6276,10010,Rest,HAZIRLANIYOR...,0,430,0,0,0,0,0
0.6276,10011,Rest,HAZIRLANIYOR...,0,345,0,9,0,0,0
0.6276,10012,Rest,HAZIRLANIYOR...,0,249,0,34,0,0,1
0.6277,10013,Rest,HAZIRLANIYOR...,0,146,0,56,0,0,0
0.6277,10014,Rest,HAZIRLANIYOR...,0,42,0,76,0,0,0
0.6277,10015,Rest,HAZIRLANIYOR...,0,0,56,94,0,1,3
0.6277,10016,Rest,HAZIRLANIYOR...,0,0,292,111,0,0,7
0.6277,10017,Rest,HAZIRLANIYOR...,0,0,514,126,0,0,5
0.6277,10018,Rest,HAZIRLANIYOR...,0,0,717,141,0,0,0
0.6278,10019,Rest,HAZIRLANIYOR...,0,0,894,154,0,2,0
0.6433,10020,Rest,HAZIRLANIYOR...,0,0,1043,164,0,9,0
0.6435,10021,Rest,HAZIRLANIYOR...,0,0,1163,165,0,7,0
0.6435,10022,Rest,HAZIRLANIYOR...,0,0,1252,156,0,4,0
0.6435,10023,Rest,HAZIRLANIYOR...,0,0,1309,137,0,9,3
0.6436,10024,Rest,HAZIRLANIYOR...,0,0,1332,112,0,16,8
0.6437,10025,Rest,HAZIRLANIYOR...,0,0,1317,86,3,13,2
0.6437,10026,Rest,HAZIRLANIYOR...,0,0,1264,58,90,8,0
0.6437,10027,Rest,HAZIRLANIYOR...,0,0,1176,27,168,9,0
0.6438,10028,Rest,HAZIRLANIYOR...,0,0,1056,0,245,7,0
0.6438,10029,Rest,HAZIRLANIYOR...,0,0,897,0,325,1,6
0.6438,10030,Rest,HAZIRLANIYOR...,0,0,696,0,408,1,6
0.6438,10031,Rest,HAZIRLANIYOR...,0,0,457,0,493,6,3
0.6438,10032,Rest,HAZIRLANIYOR...,0,31,187,0,577,3,0
0.6438,10033,Rest,HAZIRLANIYOR...,0,135,0,0,656,0,0
0.6439,10034,Rest,HAZIRLANIYOR...,0,231,0,0,716,0,0
0.6439,10035,Rest,HAZIRLANIYOR...,0,318,0,0,748,0,0
0.6439,10036,Rest,HAZIRLANIYOR...,0,402,0,0,744,0,0
0.6440,10037,Rest,HAZIRLANIYOR...,0,477,0,0,701,2,0
0.6440,10038,Rest,HAZIRLANIYOR...,0,531,0,0,639,3,0
0.6440,10039,Rest,HAZIRLANIYOR...,0,561,0,0,587,0,0
0.6440,10040,Rest,HAZIRLANIYOR...,0,574,0,0,538,0,2
0.6440,10041,Rest,HAZIRLANIYOR...,0,578,0,0,456,0,2
0.6440,10042,Rest,HAZIRLANIYOR...,0,567,0,0,323,0,0
0.6441,10043,Rest,HAZIRLANIYOR...,0,531,0,0,157,0,0
0.6441,10044,Rest,HAZIRLANIYOR...,0,471,0,0,0,0,3
0.6441,10045,Rest,HAZIRLANIYOR...,0,399,0,0,0,0,5
0.6441,10046,Rest,HAZIRLANIYOR...,0,318,0,4,0,0,0
0.6443,10047,Rest,HAZIRLANIYOR...,0,230,0,31,0,0,0
0.6444,10048,Rest,HAZIRLANIYOR...,0,135,0,54,0,0,0
0.6628,10049,Rest,HAZIRLANIYOR...,0,38,0,74,0,0,0
0.6630,10050,Rest,HAZIRLANIYOR...,0,0,0,92,0,0,9
0.6637,10051,Rest,HAZIRLANIYOR...,0,0,193,110,0,0,16
0.6637,10052,Rest,HAZIRLANIYOR...,0,0,417,129,0,0,9
0.6638,10053,Rest,HAZIRLANIYOR...,0,0,627,148,0,0,0
0.6638,10054,Rest,HAZIRLANIYOR...,0,0,816,163,0,0,0
0.6639,10055,Rest,HAZIRLANIYOR...,0,0,976,172,0,4,0
0.6639,10056,Rest,HAZIRLANIYOR...,0,0,1105,176,0,4,0
0.6647,10057,Rest,HAZIRLANIYOR...,0,0,1202,173,0,4,0
0.6648,10058,Rest,HAZIRLANIYOR...,0,0,1269,160,0,7,0
0.6653,10059,Rest,HAZIRLANIYOR...,0,0,1306,136,0,10,0
0.6656,10060,Rest,HAZIRLANIYOR...,0,0,1309,107,0,12,0
0.6656,10061,Rest,HAZIRLANIYOR...,0,0,1276,77,41,12,3
0.6656,10062,Rest,HAZIRLANIYOR...,0,0,1206,46,127,12,10
0.6656,10063,Rest,HAZIRLANIYOR...,0,0,1102,13,206,10,14
0.6657,10064,Rest,HAZIRLANIYOR...,0,0,963,0,283,9,10
0.6657,10065,Rest,HAZIRLANIYOR...,0,0,782,0,362,8,3
0.6657,10066,Rest,HAZIRLANIYOR...,0,0,551,0,450,8,0
0.6657,10067,Rest,HAZIRLANIYOR...,0,0,284,0,546,8,0
0.6657,10068,Rest,HAZIRLANIYOR...,0,105,5,0,638,7,0
0.6657,10069,Rest,HAZIRLANIYOR...,0,212,0,0,709,7,0
0.6657,10070,Rest,HAZIRLANIYOR...,0,312,0,0,751,5,0
0.6657,10071,Rest,HAZIRLANIYOR...,0,402,0,0,758,4,0
0.6660,10072,Rest,HAZIRLANIYOR...,0,481,0,0,731,7,0
0.6668,10073,Rest,HAZIRLANIYOR...,0,547,0,0,685,9,1
0.6669,10074,Rest,HAZIRLANIYOR...,0,593,0,0,642,2,2
0.6669,10075,Rest,HAZIRLANIYOR...,0,618,0,0,596,0,7
0.6669,10076,Rest,HAZIRLANIYOR...,0,623,0,0,526,0,10
0.6669,10077,Rest,HAZIRLANIYOR...,0,611,0,0,415,0,2
0.6677,10078,Rest,HAZIRLANIYOR...,0,581,0,0,266,0,0
0.6680,10079,Rest,HAZIRLANIYOR...,0,533,0,0,101,0,0
0.6681,10080,Rest,HAZIRLANIYOR...,0,469,0,0,0,0,2
0.6681,10081,Rest,HAZIRLANIYOR...,0,389,0,0,0,0,0
0.6681,10082,Rest,HAZIRLANIYOR...,0,296,0,25,0,0,0
0.6685,10083,Rest,HAZIRLANIYOR...,0,194,0,46,0,0,0
0.6685,10084,Rest,HAZIRLANIYOR...,0,90,0,65,0,0,0
0.6686,10085,Rest,HAZIRLANIYOR...,0,0,0,82,0,0,0
0.6686,10086,Rest,HAZIRLANIYOR...,0,0,76,100,0,0,0
0.6686,10087,Rest,HAZIRLANIYOR...,0,0,308,120,0,0,0
0.6690,10088,Rest,HAZIRLANIYOR...,0,0,530,137,0,2,3
0.6690,10089,Rest,HAZIRLANIYOR...,0,0,733,150,0,0,0
0.6695,10090,Rest,HAZIRLANIYOR...,0,0,908,160,0,0,0
0.6696,10091,Rest,HAZIRLANIYOR...,0,0,1050,166,0,1,0
0.6696,10092,Rest,HAZIRLANIYOR...,0,0,1159,167,0,10,9
0.6696,10093,Rest,HAZIRLANIYOR...,0,0,1242,159,0,13,5
0.7080,10094,Rest,HAZIRLANIYOR...,0,0,1299,144,0,12,0
0.7082,10095,Rest,HAZIRLANIYOR...,0,0,1323,123,0,13,0
0.7083,10096,Rest,HAZIRLANIYOR...,0,0,1308,94,0,15,0
0.7083,10097,Rest,HAZIRLANIYOR...,0,0,1253,62,91,14,3
0.7083,10098,Rest,HAZIRLANIYOR...,0,0,1163,30,174,8,6
0.7084,10099,Rest,HAZIRLANIYOR...,0,0,1038,0,253,4,8
0.7084,10100,Rest,HAZIRLANIYOR...,0,0,873,0,330,4,3
0.7084,10101,Rest,HAZIRLANIYOR...,0,0,668,0,416,6,0
0.7159,10102,Rest,HAZIRLANIYOR...,0,0,425,0,522,8,0
0.7159,10103,Rest,HAZIRLANIYOR...,0,38,154,0,638,7,1
0.7160,10104,Rest,HAZIRLANIYOR...,0,147,0,0,740,5,3
0.7160,10105,Rest,HAZIRLANIYOR...,0,257,0,0,807,3,2
0.7160,10106,Rest,HAZIRLANIYOR...,0,359,0,0,831,3,5
0.7161,10107,Rest,HAZIRLANIYOR...,0,446,0,0,823,4,9
0.7161,10108,Rest,HAZIRLANIYOR...,0,520,0,0,808,4,4
0.7162,10109,Rest,HAZIRLANIYOR...,0,579,0,0,793,3,0
0.7162,10110,Rest,HAZIRLANIYOR...,0,620,0,0,744,0,0
0.7162,10111,Rest,HAZIRLANIYOR...,0,639,0,0,619,0,0
0.7199,10112,Rest,HAZIRLANIYOR...,0,635,0,0,434,0,0
0.7200,10113,Rest,HAZIRLANIYOR...,0,610,0,0,236,0,0
0.7201,10114,Rest,HAZIRLANIYOR...,0,563,0,0,51,0,0
0.7201,10115,Rest,HAZIRLANIYOR...,0,497,0,0,0,0,0
0.7201,10116,Rest,HAZIRLANIYOR...,0,414,0,0,0,0,6
0.7201,10117,Rest,HAZIRLANIYOR...,0,319,0,0,0,0,1
0.7202,10118,Rest,HAZIRLANIYOR...,0,215,0,23,0,0,0
0.7202,10119,Rest,HAZIRLANIYOR...,0,104,0,46,0,0,0
0.7202,10120,Rest,HAZIRLANIYOR...,0,0,0,65,0,0,0
0.7202,10121,Rest,HAZIRLANIYOR...,0,0,23,86,0,0,0
0.7202,10122,Rest,HAZIRLANIYOR...,0,0,252,108,0,0,0
0.7203,10123,Rest,HAZIRLANIYOR...,0,0,471,127,0,2,0
0.7203,10124,Rest,HAZIRLANIYOR...,0,0,673,144,0,7,0
0.7203,10125,Rest,HAZIRLANIYOR...,0,0,852,158,0,5,0
0.7203,10126,Rest,HAZIRLANIYOR...,0,0,1003,170,0,0,0
0.7203,10127,Rest,HAZIRLANIYOR...,0,0,1126,175,0,0,0
0.7203,10128,Rest,HAZIRLANIYOR...,0,0,1224,172,0,4,0
0.7204,10129,Rest,HAZIRLANIYOR...,0,0,1293,162,0,6,1
0.7204,10130,Rest,HAZIRLANIYOR...,0,0,1323,142,0,3,4
0.7204,10131,Rest,HAZIRLANIYOR...,0,0,1317,114,0,1,6
0.7204,10132,Rest,HAZIRLANIYOR...,0,0,1279,83,61,5,11
0.7204,10133,Rest,HAZIRLANIYOR...,0,0,1207,53,147,9,16
0.7204,10134,Rest,HAZIRLANIYOR...,0,0,1095,24,227,9,14
0.7204,10135,Rest,HAZIRLANIYOR...,0,0,942,0,303,6,5
0.7204,10136,Rest,HAZIRLANIYOR...,0,0,749,0,382,5,0
0.7205,10137,Rest,HAZIRLANIYOR...,0,0,519,0,472,6,0
0.7205,10138,Rest,HAZIRLANIYOR...,0,0,258,0,571,7,0
0.7205,10139,Rest,HAZIRLANIYOR...,0,79,0,0,661,6,2
0.7205,10140,Rest,HAZIRLANIYOR...,0,181,0,0,727,6,3
0.7205,10141,Rest,HAZIRLANIYOR...,0,277,0,0,772,8,7
0.7205,10142,Rest,HAZIRLANIYOR...,0,365,0,0,785,8,10
0.7205,10143,Rest,HAZIRLANIYOR...,0,441,0,0,754,0,0
0.7206,10144,Rest,HAZIRLANIYOR...,0,503,0,0,699,0,0
0.7206,10145,Rest,HAZIRLANIYOR...,0,544,0,0,653,0,0
0.7206,10146,Rest,HAZIRLANIYOR...,0,567,0,0,613,0,0
0.7206,10147,Rest,HAZIRLANIYOR...,0,575,0,0,547,0,4
0.7206,10148,Rest,HAZIRLANIYOR...,0,569,0,0,435,0,1
0.7207,10149,Rest,HAZIRLANIYOR...,0,544,0,0,284,0,0
0.7207,10150,Rest,HAZIRLANIYOR...,0,499,0,0,118,0,0
0.7207,10151,Rest,HAZIRLANIYOR...,0,436,0,0,0,0,0
0.7207,10152,Rest,HAZIRLANIYOR...,0,359,0,0,0,0,0
0.7207,10153,Rest,HAZIRLANIYOR...,0,276,0,13,0,0,0
0.7207,10154,Rest,HAZIRLANIYOR...,0,185,0,38,0,0,0
0.7207,10155,Rest,HAZIRLANIYOR...,0,84,0,57,0,0,0
0.7208,10156,Rest,HAZIRLANIYOR...,0,0,0,74,0,0,0
0.7208,10157,Rest,HAZIRLANIYOR...,0,0,82,94,0,0,0
0.7208,10158,Rest,HAZIRLANIYOR...,0,0,317,113,0,0,0
0.7208,10159,Rest,HAZIRLANIYOR...,0,0,537,129,0,0,0
0.7208,10160,Rest,HAZIRLANIYOR...,0,0,735,142,0,0,0
0.7208,10161,Rest,HAZIRLANIYOR...,0,0,907,153,0,0,1
0.7209,10162,Rest,HAZIRLANIYOR...,0,0,1051,160,0,6,5
0.7210,10163,Rest,HAZIRLANIYOR...,0,0,1166,159,0,9,7
0.7210,10164,Rest,HAZIRLANIYOR...,0,0,1251,151,0,10,6
0.7210,10165,Rest,HAZIRLANIYOR...,0,0,1306,135,0,10,3
0.7214,10166,Rest,HAZIRLANIYOR...,0,0,1329,110,0,12,2
0.7214,10167,Rest,HAZIRLANIYOR...,0,0,1316,81,5,13,3
0.7215,10168,Rest,HAZIRLANIYOR...,0,0,1262,51,93,12,4
0.7215,10169,Rest,HAZIRLANIYOR...,0,0,1170,21,172,10,4
0.7215,10170,Rest,HAZIRLANIYOR...,0,0,1041,0,248,9,3
0.7216,10171,Rest,HAZIRLANIYOR...,0,0,875,0,324,8,0
0.7216,10172,Rest,HAZIRLANIYOR...,0,0,671,0,405,8,0
0.7216,10173,Rest,HAZIRLANIYOR...,0,0,432,0,498,10,0
0.7217,10174,Rest,HAZIRLANIYOR...,0,96,164,0,594,14,1
0.7217,10175,Rest,HAZIRLANIYOR...,0,208,0,0,673,16,5
0.7218,10176,Rest,HAZIRLANIYOR...,0,323,0,0,728,8,4
0.7218,10177,Rest,HAZIRLANIYOR...,0,429,0,0,752,0,1
0.7218,10178,Rest,HAZIRLANIYOR...,0,521,0,0,742,0,0
0.7218,10179,Rest,HAZIRLANIYOR...,0,594,0,0,706,0,0
0.7218,10180,Rest,HAZIRLANIYOR...,0,645,0,0,659,0,1
0.7219,10181,Rest,HAZIRLANIYOR...,0,676,0,0,604,0,1
0.7219,10182,Rest,HAZIRLANIYOR...,0,688,0,0,538,0,1
0.7221,10183,Rest,HAZIRLANIYOR...,0,682,0,0,451,0,0
0.7221,10184,Rest,HAZIRLANIYOR...,0,655,0,0,328,0,0
0.7222,10185,Rest,HAZIRLANIYOR...,0,607,0,0,172,0,0
0.7222,10186,Rest,HAZIRLANIYOR...,0,538,0,0,3,0,0
0.7569,10187,Rest,HAZIRLANIYOR...,0,452,0,0,0,0,0
0.7569,10188,Rest,HAZIRLANIYOR...,0,351,0,2,0,0,0
0.7570,10189,Rest,HAZIRLANIYOR...,0,240,0,27,0,0,0
0.7592,10190,Rest,HAZIRLANIYOR...,0,123,0,52,0,0,0
0.7592,10191,Rest,HAZIRLANIYOR...,0,5,0,75,0,0,0
0.7592,10192,Rest,HAZIRLANIYOR...,0,0,0,94,0,0,0
0.7592,10193,Rest,HAZIRLANIYOR...,0,0,219,112,0,0,0
0.7592,10194,Rest,HAZIRLANIYOR...,0,0,443,132,0,0,0
0.7592,10195,Rest,HAZIRLANIYOR...,0,0,651,150,0,0,0
0.7592,10196,Rest,HAZIRLANIYOR...,0,0,836,164,0,0,0
0.7592,10197,Rest,HAZIRLANIYOR...,0,0,993,171,0,3,0
0.7593,10198,Rest,HAZIRLANIYOR...,0,0,1121,174,0,10,0
0.7593,10199,Rest,HAZIRLANIYOR...,0,0,1217,172,0,14,0
0.7593,10200,Rest,HAZIRLANIYOR...,0,0,1281,163,0,10,0
0.7593,10201,Rest,HAZIRLANIYOR...,0,0,1315,143,0,4,0
0.7593,10202,Rest,HAZIRLANIYOR...,0,0,1316,114,0,4,0
0.7593,10203,Rest,HAZIRLANIYOR...,0,0,1280,81,47,9,3
0.7593,10204,Rest,HAZIRLANIYOR...,0,0,1204,50,133,9,10
0.7593,10205,Rest,HAZIRLANIYOR...,0,0,1092,21,213,5,11
0.7594,10206,Rest,HAZIRLANIYOR...,0,0,944,0,293,1,3
0.7594,10207,Rest,HAZIRLANIYOR...,0,0,757,0,373,0,0
0.7594,10208,Rest,HAZIRLANIYOR...,0,0,530,0,460,6,0
0.7594,10209,Rest,HAZIRLANIYOR...,0,0,270,0,555,15,0
0.7594,10210,Rest,HAZIRLANIYOR...,0,76,0,0,647,20,0
0.7594,10211,Rest,HAZIRLANIYOR...,0,177,0,0,715,17,0
0.7594,10212,Rest,HAZIRLANIYOR...,0,275,0,0,751,8,0
0.7594,10213,Rest,HAZIRLANIYOR...,0,364,0,0,753,0,2
0.7594,10214,Rest,HAZIRLANIYOR...,0,440,0,0,724,0,0
0.7594,10215,Rest,HAZIRLANIYOR...,0,500,0,0,678,0,0
0.7594,10216,Rest,HAZIRLANIYOR...,0,543,0,0,634,0,0
0.7595,10217,Rest,HAZIRLANIYOR...,0,570,0,0,588,0,0
0.7595,10218,Rest,HAZIRLANIYOR...,0,581,0,0,519,0,0
0.7595,10219,Rest,HAZIRLANIYOR...,0,572,0,0,405,0,0
0.7595,10220,Rest,HAZIRLANIYOR...,0,545,0,0,250,0,0
0.7595,10221,Rest,HAZIRLANIYOR...,0,502,0,0,81,0,0
0.7595,10222,Rest,HAZIRLANIYOR...,0,443,0,0,0,0,1
0.7595,10223,Rest,HAZIRLANIYOR...,0,368,0,0,0,0,8
0.7595,10224,Rest,HAZIRLANIYOR...,0,281,0,15,0,0,9
0.7595,10225,Rest,HAZIRLANIYOR...,0,188,0,42,0,0,1
0.7595,10226,Rest,HAZIRLANIYOR...,0,92,0,67,0,0,0
0.7595,10227,Rest,HAZIRLANIYOR...,0,0,0,88,0,0,0
0.7596,10228,Rest,HAZIRLANIYOR...,0,0,99,108,0,0,0
0.7596,10229,Rest,HAZIRLANIYOR...,0,0,329,128,0,0,5
0.7596,10230,Rest,HAZIRLANIYOR...,0,0,544,148,0,0,7
0.7596,10231,Rest,HAZIRLANIYOR...,0,0,741,163,0,1,3
0.7596,10232,Rest,HAZIRLANIYOR...,0,0,912,171,0,3,0
0.7596,10233,Rest,HAZIRLANIYOR...,0,0,1053,173,0,5,1
0.7597,10234,Rest,HAZIRLANIYOR...,0,0,1163,172,0,7,0
0.7597,10235,Rest,HAZIRLANIYOR...,0,0,1242,163,0,9,0
0.7597,10236,Rest,HAZIRLANIYOR...,0,0,1290,144,0,9,0
0.7597,10237,Rest,HAZIRLANIYOR...,0,0,1309,117,0,9,0
0.7597,10238,Rest,HAZIRLANIYOR...,0,0,1294,88,14,10,0
0.7597,10239,Rest,HAZIRLANIYOR...,0,0,1240,58,108,12,0
0.7597,10240,Rest,HAZIRLANIYOR...,0,0,1146,26,192,12,1
0.7597,10241,Rest,HAZIRLANIYOR...,0,0,1014,0,264,10,3
0.7597,10242,Rest,HAZIRLANIYOR...,0,0,845,0,334,7,5
0.7598,10243,Rest,HAZIRLANIYOR...,0,0,637,0,418,5,4
0.7598,10244,Rest,HAZIRLANIYOR...,0,0,394,0,516,5,1
0.7598,10245,Rest,HAZIRLANIYOR...,0,78,124,0,612,7,0
0.7598,10246,Rest,HAZIRLANIYOR...,0,182,0,0,690,8,2
0.7598,10247,Rest,HAZIRLANIYOR...,0,281,0,0,743,5,2
0.7598,10248,Rest,HAZIRLANIYOR...,0,373,0,0,767,0,0
0.7598,10249,Rest,HAZIRLANIYOR...,0,456,0,0,764,0,0
0.7598,10250,Rest,HAZIRLANIYOR...,0,524,0,0,754,1,4
0.7598,10251,Rest,HAZIRLANIYOR...,0,575,0,0,755,3,9
0.7598,10252,Rest,HAZIRLANIYOR...,0,608,0,0,741,3,4
0.7598,10253,Rest,HAZIRLANIYOR...,0,621,0,0,664,0,0
0.7680,10254,Rest,HAZIRLANIYOR...,0,615,0,0,507,0,0
0.7681,10255,Rest,HAZIRLANIYOR...,0,590,0,0,306,0,0
0.7681,10256,Rest,HAZIRLANIYOR...,0,548,0,0,109,0,3
0.7682,10257,Rest,HAZIRLANIYOR...,0,487,0,0,0,0,0
0.7682,10258,Rest,HAZIRLANIYOR...,0,409,0,0,0,0,0
0.7682,10259,Rest,HAZIRLANIYOR...,0,317,0,5,0,0,0
0.7682,10260,Rest,HAZIRLANIYOR...,0,218,0,27,0,0,0
0.7682,10261,Rest,HAZIRLANIYOR...,0,115,0,45,0,0,0
0.7682,10262,Rest,HAZIRLANIYOR...,0,9,0,64,0,0,0
0.7682,10263,Rest,HAZIRLANIYOR...,0,0,21,85,0,0,0
0.7682,10264,Rest,HAZIRLANIYOR...,0,0,255,106,0,0,0
0.7682,10265,Rest,HAZIRLANIYOR...,0,0,476,126,0,0,0
0.7682,10266,Rest,HAZIRLANIYOR...,0,0,681,144,0,0,0
0.7682,10267,Rest,HAZIRLANIYOR...,0,0,863,156,0,0,0
0.7683,10268,Rest,HAZIRLANIYOR...,0,0,1017,162,0,1,2
0.7844,10269,Rest,HAZIRLANIYOR...,0,0,1138,164,0,5,4
0.7845,10270,Rest,HAZIRLANIYOR...,0,0,1229,160,0,12,10
0.7846,10271,Rest,HAZIRLANIYOR...,0,0,1290,147,0,17,15
0.7846,10272,Rest,HAZIRLANIYOR...,0,0,1320,126,0,10,8
0.7846,10273,Rest,HAZIRLANIYOR...,0,0,1318,99,0,2,0
0.7846,10274,Rest,HAZIRLANIYOR...,0,0,1281,69,56,3,0
0.7847,10275,Rest,HAZIRLANIYOR...,0,0,1203,40,141,9,0
0.7847,10276,Rest,HAZIRLANIYOR...,0,0,1086,11,220,10,7
0.7847,10277,Rest,HAZIRLANIYOR...,0,0,932,0,298,8,7
0.7847,10278,Rest,HAZIRLANIYOR...,0,0,739,0,378,5,4
0.7851,10279,Rest,HAZIRLANIYOR...,0,0,510,0,468,4,3
0.7852,10280,Rest,HAZIRLANIYOR...,0,7,250,0,565,3,4
0.7855,10281,Rest,HAZIRLANIYOR...,0,108,0,0,657,4,3
0.7856,10282,Rest,HAZIRLANIYOR...,0,210,0,0,730,6,2
0.7856,10283,Rest,HAZIRLANIYOR...,0,305,0,0,777,5,0
0.7856,10284,Rest,HAZIRLANIYOR...,0,389,0,0,782,1,0
0.7856,10285,Rest,HAZIRLANIYOR...,0,461,0,0,742,0,0
0.7857,10286,Rest,HAZIRLANIYOR...,0,518,0,0,682,0,7
0.7857,10287,Rest,HAZIRLANIYOR...,0,556,0,0,635,0,11
0.7863,10288,Rest,HAZIRLANIYOR...,0,575,0,0,596,0,2
0.7863,10289,Rest,HAZIRLANIYOR...,0,577,0,0,528,0,0
0.7864,10290,Rest,HAZIRLANIYOR...,0,563,0,0,412,0,0
0.7868,10291,Rest,HAZIRLANIYOR...,0,527,0,0,255,0,0
0.7868,10292,Rest,HAZIRLANIYOR...,0,470,0,0,86,0,0
0.7869,10293,Rest,HAZIRLANIYOR...,0,397,0,0,0,0,0
0.7869,10294,Rest,HAZIRLANIYOR...,0,315,0,0,0,0,0
0.7876,10295,Rest,HAZIRLANIYOR...,0,224,0,18,0,0,0
0.7876,10296,Rest,HAZIRLANIYOR...,0,125,0,41,0,0,0
0.7876,10297,Rest,HAZIRLANIYOR...,0,18,0,62,0,0,0
0.7876,10298,Rest,HAZIRLANIYOR...,0,0,0,82,0,0,0
0.7876,10299,Rest,HAZIRLANIYOR...,0,0,119,100,0,0,0
0.7877,10300,Rest,HAZIRLANIYOR...,0,0,351,119,0,2,3
0.7877,10301,Rest,HAZIRLANIYOR...,0,0,569,138,0,1,2
0.7877,10302,Rest,HAZIRLANIYOR...,0,0,766,155,0,0,0
0.8180,10303,Rest,HAZIRLANIYOR...,0,0,935,166,0,2,0
0.8181,10304,Rest,HAZIRLANIYOR...,0,0,1075,171,0,0,0
0.8181,10305,Rest,HAZIRLANIYOR...,0,0,1186,169,0,0,1
0.8182,10306,Rest,HAZIRLANIYOR...,0,0,1264,160,0,0,7
0.8182,10307,Rest,HAZIRLANIYOR...,0,0,1311,144,0,6,10
0.8182,10308,Rest,HAZIRLANIYOR...,0,0,1325,121,0,9,2
0.8182,10309,Rest,HAZIRLANIYOR...,0,0,1304,92,19,9,0
0.8182,10310,Rest,HAZIRLANIYOR...,0,0,1246,59,107,8,0
0.8183,10311,Rest,HAZIRLANIYOR...,0,0,1154,29,186,8,1
0.8183,10312,Rest,HAZIRLANIYOR...,0,0,1024,3,261,8,4
0.8183,10313,Rest,HAZIRLANIYOR...,0,0,852,0,338,7,4
0.8183,10314,Rest,HAZIRLANIYOR...,0,0,640,0,421,6,2
0.8184,10315,Rest,HAZIRLANIYOR...,0,0,394,0,514,7,2
0.8184,10316,Rest,HAZIRLANIYOR...,0,78,124,0,607,13,8
0.8185,10317,Rest,HAZIRLANIYOR...,0,184,0,0,688,15,11
0.8186,10318,Rest,HAZIRLANIYOR...,0,287,0,0,745,6,4
0.8186,10319,Rest,HAZIRLANIYOR...,0,384,0,0,766,0,0
0.8186,10320,Rest,HAZIRLANIYOR...,0,471,0,0,744,0,0
0.8186,10321,Rest,HAZIRLANIYOR...,0,542,0,0,696,4,1
0.8186,10322,Rest,HAZIRLANIYOR...,0,592,0,0,650,12,9
0.8186,10323,Rest,HAZIRLANIYOR...,0,622,0,0,609,6,5
0.8186,10324,Rest,HAZIRLANIYOR...,0,634,0,0,549,0,0
0.8187,10325,Rest,HAZIRLANIYOR...,0,628,0,0,448,0,0
0.8187,10326,Rest,HAZIRLANIYOR...,0,605,0,0,308,0,0
0.8187,10327,Rest,HAZIRLANIYOR...,0,562,0,0,146,0,0
0.8187,10328,Rest,HAZIRLANIYOR...,0,500,0,0,0,0,0
0.8187,10329,Rest,HAZIRLANIYOR...,0,425,0,0,0,0,0
0.8187,10330,Rest,HAZIRLANIYOR...,0,340,0,6,0,0,0
0.8187,10331,Rest,HAZIRLANIYOR...,0,245,0,32,0,0,0
0.8187,10332,Rest,HAZIRLANIYOR...,0,143,0,56,0,0,0
0.8187,10333,Rest,HAZIRLANIYOR...,0,42,0,77,0,0,0
0.8187,10334,Rest,HAZIRLANIYOR...,0,0,0,96,0,0,0
0.8188,10335,Rest,HAZIRLANIYOR...,0,0,230,115,0,0,0
0.8188,10336,Rest,HAZIRLANIYOR...,0,0,453,134,0,0,0
0.8189,10337,Rest,HAZIRLANIYOR...,0,0,660,151,0,0,0
0.8189,10338,Rest,HAZIRLANIYOR...,0,0,842,163,0,0,0
0.8189,10339,Rest,HAZIRLANIYOR...,0,0,994,166,0,2,0
0.8189,10340,Rest,HAZIRLANIYOR...,0,0,1116,166,0,4,0
0.8189,10341,Rest,HAZIRLANIYOR...,0,0,1209,164,0,5,0
0.8189,10342,Rest,HAZIRLANIYOR...,0,0,1273,155,0,6,1
0.8189,10343,Rest,HAZIRLANIYOR...,0,0,1306,133,0,8,3
0.8190,10344,Rest,HAZIRLANIYOR...,0,0,1305,102,0,10,2
0.8190,10345,Rest,HAZIRLANIYOR...,0,0,1267,70,59,10,1
0.8190,10346,Rest,HAZIRLANIYOR...,0,0,1189,39,142,8,1
0.8190,10347,Rest,HAZIRLANIYOR...,0,0,1073,11,220,5,2
0.8191,10348,Rest,HAZIRLANIYOR...,0,0,920,0,300,3,3
0.8191,10349,Rest,HAZIRLANIYOR...,0,0,729,0,381,5,1
0.8191,10350,Rest,HAZIRLANIYOR...,0,0,502,0,466,8,0
0.8191,10351,Rest,HAZIRLANIYOR...,0,0,241,0,556,11,2
0.8191,10352,Rest,HAZIRLANIYOR...,0,49,0,0,644,11,11
0.8191,10353,Rest,HAZIRLANIYOR...,0,149,0,0,712,10,17
0.8191,10354,Rest,HAZIRLANIYOR...,0,246,0,0,750,7,14
0.8192,10355,Rest,HAZIRLANIYOR...,0,335,0,0,752,3,6
0.8193,10356,Rest,HAZIRLANIYOR...,0,415,0,0,722,0,0
0.8196,10357,Rest,HAZIRLANIYOR...,0,481,0,0,677,0,0
0.8196,10358,Rest,HAZIRLANIYOR...,0,530,0,0,632,1,0
0.8197,10359,Rest,HAZIRLANIYOR...,0,559,0,0,584,3,0
0.8302,10360,Rest,HAZIRLANIYOR...,0,571,0,0,510,2,0
0.8305,10361,Rest,HAZIRLANIYOR...,0,565,0,0,392,0,0
0.8306,10362,Rest,HAZIRLANIYOR...,0,542,0,0,237,0,0
0.8306,10363,Rest,HAZIRLANIYOR...,0,503,0,0,69,0,5
0.8306,10364,Rest,HAZIRLANIYOR...,0,447,0,0,0,0,6
0.8306,10365,Rest,HAZIRLANIYOR...,0,375,0,0,0,0,0
0.8307,10366,Rest,HAZIRLANIYOR...,0,291,0,18,0,1,0
0.8307,10367,Rest,HAZIRLANIYOR...,0,198,0,40,0,0,0
0.8307,10368,Rest,HAZIRLANIYOR...,0,101,0,62,0,0,0
0.8307,10369,Rest,HAZIRLANIYOR...,0,0,0,84,0,0,0
0.8307,10370,Rest,HAZIRLANIYOR...,0,0,123,106,0,0,0
0.8307,10371,Rest,HAZIRLANIYOR...,0,0,357,126,0,0,0
0.8307,10372,Rest,HAZIRLANIYOR...,0,0,573,143,0,0,0
0.8307,10373,Rest,HAZIRLANIYOR...,0,0,767,154,0,0,0
0.8308,10374,Rest,HAZIRLANIYOR...,0,0,934,162,0,1,0
0.8308,10375,Rest,HAZIRLANIYOR...,0,0,1074,167,0,3,0
0.8308,10376,Rest,HAZIRLANIYOR...,0,0,1184,168,0,5,2
0.8308,10377,Rest,HAZIRLANIYOR...,0,0,1262,160,0,6,4
0.8309,10378,Rest,HAZIRLANIYOR...,0,0,1309,141,0,7,2
0.8310,10379,Rest,HAZIRLANIYOR...,0,0,1323,115,0,10,0
0.8460,10380,Rest,HAZIRLANIYOR...,0,0,1301,85,18,12,0
0.8480,10381,Rest,HAZIRLANIYOR...,0,0,1240,54,107,12,2
0.8481,10382,Rest,HAZIRLANIYOR...,0,0,1142,25,187,10,4
0.8481,10383,Rest,HAZIRLANIYOR...,0,0,1009,0,264,8,4
0.8481,10384,Rest,HAZIRLANIYOR...,0,0,839,0,345,7,4
0.8489,10385,Rest,HAZIRLANIYOR...,0,0,629,0,440,7,5
0.8489,10386,Rest,HAZIRLANIYOR...,0,0,382,0,556,7,5
0.8490,10387,Rest,HAZIRLANIYOR...,0,77,105,0,677,9,5
0.8490,10388,Rest,HAZIRLANIYOR...,0,184,0,0,775,10,9
0.8490,10389,Rest,HAZIRLANIYOR...,0,285,0,0,832,8,13
0.8490,10390,Rest,HAZIRLANIYOR...,0,376,0,0,849,3,6
0.8490,10391,Rest,HAZIRLANIYOR...,0,457,0,0,841,0,0
0.8491,10392,Rest,HAZIRLANIYOR...,0,526,0,0,821,0,0
0.8492,10393,Rest,HAZIRLANIYOR...,0,577,0,0,782,0,0
0.8493,10394,Rest,HAZIRLANIYOR...,0,607,0,0,697,0,0
0.8493,10395,Rest,HAZIRLANIYOR...,0,618,0,0,548,0,0
0.8493,10396,Rest,HAZIRLANIYOR...,0,606,0,0,353,0,0
0.8493,10397,Rest,HAZIRLANIYOR...,0,571,0,0,153,0,0
0.8493,10398,Rest,HAZIRLANIYOR...,0,513,0,0,0,0,0
0.8508,10399,Rest,HAZIRLANIYOR...,0,440,0,0,0,0,0
0.8509,10400,Rest,HAZIRLANIYOR...,0,356,0,0,0,0,0
0.8509,10401,Rest,HAZIRLANIYOR...,0,262,0,4,0,0,0
0.8509,10402,Rest,HAZIRLANIYOR...,0,159,0,28,0,0,0
0.8509,10403,Rest,HAZIRLANIYOR...,0,55,0,51,0,0,0
0.8509,10404,Rest,HAZIRLANIYOR...,0,0,0,73,0,0,0
0.8511,10405,Rest,HAZIRLANIYOR...,0,0,86,94,0,0,3
0.8516,10406,Rest,HAZIRLANIYOR...,0,0,312,113,0,0,8
0.8517,10407,Rest,HAZIRLANIYOR...,0,0,526,133,0,0,2
0.8522,10408,Rest,HAZIRLANIYOR...,0,0,722,151,0,0,0
0.8522,10409,Rest,HAZIRLANIYOR...,0,0,894,165,0,1,0
0.8523,10410,Rest,HAZIRLANIYOR...,0,0,1038,172,0,3,0
0.8523,10411,Rest,HAZIRLANIYOR...,0,0,1151,173,0,6,0
0.8523,10412,Rest,HAZIRLANIYOR...,0,0,1233,169,0,8,0
0.8523,10413,Rest,HAZIRLANIYOR...,0,0,1285,157,0,9,1
0.8523,10414,Rest,HAZIRLANIYOR...,0,0,1308,135,0,10,4
0.8523,10415,Rest,HAZIRLANIYOR...,0,0,1299,106,0,10,6
0.8530,10416,Rest,HAZIRLANIYOR...,0,0,1256,75,86,10,5
0.8537,10417,Rest,HAZIRLANIYOR...,0,0,1173,44,167,9,5
0.8538,10418,Rest,HAZIRLANIYOR...,0,0,1056,14,243,8,5
0.8542,10419,Rest,HAZIRLANIYOR...,0,0,902,0,317,7,3
0.8548,10420,Rest,HAZIRLANIYOR...,0,0,706,0,396,6,4
0.8549,10421,Rest,HAZIRLANIYOR...,0,0,467,0,491,7,11
0.8800,10422,Rest,HAZIRLANIYOR...,0,59,195,0,594,8,16
0.8801,10423,Rest,HAZIRLANIYOR...,0,167,0,0,683,8,9
0.8801,10424,Rest,HAZIRLANIYOR...,0,273,0,0,744,7,0
0.8801,10425,Rest,HAZIRLANIYOR...,0,371,0,0,775,4,0
0.8801,10426,Rest,HAZIRLANIYOR...,0,459,0,0,776,2,0
0.8802,10427,Rest,HAZIRLANIYOR...,0,535,0,0,749,0,0
0.8802,10428,Rest,HAZIRLANIYOR...,0,597,0,0,709,0,0
0.8802,10429,Rest,HAZIRLANIYOR...,0,638,0,0,666,0,0
0.8802,10430,Rest,HAZIRLANIYOR...,0,657,0,0,611,0,0
0.8802,10431,Rest,HAZIRLANIYOR...,0,657,0,0,527,0,0
0.8802,10432,Rest,HAZIRLANIYOR...,0,639,0,0,405,0,0
0.8802,10433,Rest,HAZIRLANIYOR...,0,601,0,0,253,0,0
0.8803,10434,Rest,HAZIRLANIYOR...,0,542,0,0,86,0,0
0.8803,10435,Rest,HAZIRLANIYOR...,0,465,0,0,0,0,0
0.8827,10436,Rest,HAZIRLANIYOR...,0,375,0,0,0,0,0
0.8828,10437,Rest,HAZIRLANIYOR...,0,276,0,17,0,0,0
0.8828,10438,Rest,HAZIRLANIYOR...,0,170,0,43,0,0,0
0.8828,10439,Rest,HAZIRLANIYOR...,0,58,0,66,0,0,0
0.8829,10440,Rest,HAZIRLANIYOR...,0,0,0,85,0,0,0
0.8829,10441,Rest,HAZIRLANIYOR...,0,0,130,102,0,0,0
0.8829,10442,Rest,HAZIRLANIYOR...,0,0,360,118,0,0,0
0.8829,10443,Rest,HAZIRLANIYOR...,0,0,574,134,0,0,0
0.8829,10444,Rest,HAZIRLANIYOR...,0,0,769,148,0,0,4
0.8829,10445,Rest,HAZIRLANIYOR...,0,0,941,158,0,0,7
0.8847,10446,Rest,HAZIRLANIYOR...,0,0,1084,162,0,0,1
0.8847,10447,Rest,HAZIRLANIYOR...,0,0,1190,159,0,3,0
0.8847,10448,Rest,HAZIRLANIYOR...,0,0,1263,151,0,5,0
0.8847,10449,Rest,HAZIRLANIYOR...,0,0,1308,135,0,8,0
0.8847,10450,Rest,HAZIRLANIYOR...,0,0,1324,110,0,11,3
0.8849,10451,Rest,HAZIRLANIYOR...,0,0,1303,81,26,11,4
0.8849,10452,Rest,HAZIRLANIYOR...,0,0,1244,51,110,8,4
0.8849,10453,Rest,HAZIRLANIYOR...,0,0,1149,21,186,6,3
0.8849,10454,Rest,HAZIRLANIYOR...,0,0,1017,0,260,6,1
0.8849,10455,Rest,HAZIRLANIYOR...,0,0,845,0,335,8,1
0.8849,10456,Rest,HAZIRLANIYOR...,0,0,632,0,421,8,0
0.8849,10457,Rest,HAZIRLANIYOR...,0,0,384,0,517,7,0
0.8849,10458,Rest,HAZIRLANIYOR...,0,24,112,0,609,7,4
0.8849,10459,Rest,HAZIRLANIYOR...,0,133,0,0,680,7,6
0.8850,10460,Rest,HAZIRLANIYOR...,0,238,0,0,724,6,4
0.8850,10461,Rest,HAZIRLANIYOR...,0,332,0,0,737,4,0
0.8850,10462,Rest,HAZIRLANIYOR...,0,415,0,0,717,2,0
0.8850,10463,Rest,HAZIRLANIYOR...,0,484,0,0,677,0,0
0.8850,10464,Rest,HAZIRLANIYOR...,0,535,0,0,634,0,0
0.8850,10465,Rest,HAZIRLANIYOR...,0,566,0,0,590,0,0
0.8850,10466,Rest,HAZIRLANIYOR...,0,580,0,0,526,0,0
0.8850,10467,Rest,HAZIRLANIYOR...,0,577,0,0,429,0,1
0.8850,10468,Rest,HAZIRLANIYOR...,0,554,0,0,293,0,3
0.8851,10469,Rest,HAZIRLANIYOR...,0,510,0,0,125,0,2
0.8851,10470,Rest,HAZIRLANIYOR...,0,445,0,0,0,0,0
0.8851,10471,Rest,HAZIRLANIYOR...,0,366,0,0,0,0,0
0.8852,10472,Rest,HAZIRLANIYOR...,0,279,0,14,0,0,0
0.8852,10473,Rest,HAZIRLANIYOR...,0,188,0,39,0,0,0
0.8852,10474,Rest,HAZIRLANIYOR...,0,93,0,62,0,0,0
0.8852,10475,Rest,HAZIRLANIYOR...,0,0,0,85,0,0,7
0.8932,10476,Rest,HAZIRLANIYOR...,0,0,26,108,0,0,10
0.8933,10477,Rest,HAZIRLANIYOR...,0,0,262,129,0,0,1
0.8934,10478,Rest,HAZIRLANIYOR...,0,0,487,144,0,0,0
0.8934,10479,Rest,HAZIRLANIYOR...,0,0,688,156,0,0,0
0.8934,10480,Rest,HAZIRLANIYOR...,0,0,861,167,0,4,0
0.8934,10481,Rest,HAZIRLANIYOR...,0,0,1007,177,0,6,0
0.8935,10482,Rest,HAZIRLANIYOR...,0,0,1124,177,0,7,0
0.8935,10483,Rest,HAZIRLANIYOR...,0,0,1213,168,0,9,0
0.8936,10484,Rest,HAZIRLANIYOR...,0,0,1273,153,0,12,0
0.8936,10485,Rest,HAZIRLANIYOR...,0,0,1302,134,0,13,2
0.8936,10486,Rest,HAZIRLANIYOR...,0,0,1296,110,0,10,4
0.8936,10487,Rest,HAZIRLANIYOR...,0,0,1254,78,70,8,3
0.8936,10488,Rest,HAZIRLANIYOR...,0,0,1175,41,152,9,2
0.8936,10489,Rest,HAZIRLANIYOR...,0,0,1060,4,228,9,2
0.8938,10490,Rest,HAZIRLANIYOR...,0,0,903,0,305,9,3
0.8939,10491,Rest,HAZIRLANIYOR...,0,0,705,0,390,8,2
0.9094,10492,Rest,HAZIRLANIYOR...,0,0,472,0,490,7,2
0.9097,10493,Rest,HAZIRLANIYOR...,0,25,208,0,597,7,1
0.9097,10494,Rest,HAZIRLANIYOR...,0,131,0,0,684,6,1
0.9097,10495,Rest,HAZIRLANIYOR...,0,239,0,0,732,6,1
0.9097,10496,Rest,HAZIRLANIYOR...,0,341,0,0,748,9,1
0.9097,10497,Rest,HAZIRLANIYOR...,0,430,0,0,742,10,5
0.9097,10498,Rest,HAZIRLANIYOR...,0,504,0,0,718,2,8
0.9102,10499,Rest,HAZIRLANIYOR...,0,566,0,0,688,0,3
0.9103,10500,Rest,HAZIRLANIYOR...,0,614,0,0,656,0,0
0.9103,10501,Rest,HAZIRLANIYOR...,0,642,0,0,599,0,0
0.9103,10502,Rest,HAZIRLANIYOR...,0,650,0,0,501,0,0
0.9103,10503,Rest,HAZIRLANIYOR...,0,638,0,0,367,0,0
0.9103,10504,Rest,HAZIRLANIYOR...,0,606,0,0,211,0,0
0.9108,10505,Rest,HAZIRLANIYOR...,0,555,0,0,40,0,0
0.9108,10506,Rest,HAZIRLANIYOR...,0,488,0,0,0,0,0
0.9108,10507,Rest,HAZIRLANIYOR...,0,405,0,0,0,2,0
0.9109,10508,Rest,HAZIRLANIYOR...,0,312,0,21,0,0,0
0.9109,10509,Rest,HAZIRLANIYOR...,0,213,0,44,0,0,0
0.9113,10510,Rest,HAZIRLANIYOR...,0,109,0,64,0,0,0
0.9113,10511,Rest,HAZIRLANIYOR...,0,0,0,83,0,0,0
0.9113,10512,Rest,HAZIRLANIYOR...,0,0,169,103,0,0,0
0.9113,10513,Rest,HAZIRLANIYOR...,0,0,397,125,0,0,0
0.9113,10514,Rest,HAZIRLANIYOR...,0,0,607,144,0,0,1
0.9113,10515,Rest,HAZIRLANIYOR...,0,0,795,158,0,0,0
0.9114,10516,Rest,HAZIRLANIYOR...,0,0,958,166,0,0,0
0.9114,10517,Rest,HAZIRLANIYOR...,0,0,1091,169,0,0,0
0.9114,10518,Rest,HAZIRLANIYOR...,0,0,1192,167,0,2,0
0.9330,10519,Rest,HAZIRLANIYOR...,0,0,1262,159,0,5,0
0.9331,10520,Rest,HAZIRLANIYOR...,0,0,1302,141,0,5,0
0.9332,10521,Rest,HAZIRLANIYOR...,0,0,1311,115,0,7,1
0.9407,10522,Rest,HAZIRLANIYOR...,0,0,1284,84,43,9,4
0.9460,10523,Rest,HAZIRLANIYOR...,0,0,1221,51,131,10,4
0.9461,10524,Rest,HAZIRLANIYOR...,0,0,1119,21,214,8,3
0.9461,10525,Rest,HAZIRLANIYOR...,0,0,977,0,293,6,3
0.9461,10526,Rest,HAZIRLANIYOR...,0,0,793,0,368,6,4
0.9462,10527,Rest,HAZIRLANIYOR...,0,0,572,0,448,6,5
0.9462,10528,Rest,HAZIRLANIYOR...,0,0,321,0,542,7,5
0.9462,10529,Rest,HAZIRLANIYOR...,0,72,47,0,637,6,3
0.9462,10530,Rest,HAZIRLANIYOR...,0,174,0,0,713,6,2
0.9463,10531,Rest,HAZIRLANIYOR...,0,275,0,0,760,5,1
0.9463,10532,Rest,HAZIRLANIYOR...,0,368,0,0,771,4,0
0.9463,10533,Rest,HAZIRLANIYOR...,0,450,0,0,748,5,0
0.9463,10534,Rest,HAZIRLANIYOR...,0,511,0,0,705,4,1
0.9463,10535,Rest,HAZIRLANIYOR...,0,551,0,0,661,0,10
0.9463,10536,Rest,HAZIRLANIYOR...,0,572,0,0,618,0,18
0.9463,10537,Rest,HAZIRLANIYOR...,0,580,0,0,553,0,12
0.9463,10538,Rest,HAZIRLANIYOR...,0,572,0,0,444,0,0
0.9464,10539,Rest,HAZIRLANIYOR...,0,543,0,0,295,0,0
0.9464,10540,Rest,HAZIRLANIYOR...,0,495,0,0,129,0,3
0.9464,10541,Rest,HAZIRLANIYOR...,0,429,0,0,0,0,1
0.9464,10542,Rest,HAZIRLANIYOR...,0,348,0,0,0,0,0
0.9464,10543,Rest,HAZIRLANIYOR...,0,259,0,16,0,0,0
0.9464,10544,Rest,HAZIRLANIYOR...,0,165,0,44,0,0,0
0.9464,10545,Rest,HAZIRLANIYOR...,0,64,0,67,0,0,0
0.9464,10546,Rest,HAZIRLANIYOR...,0,0,0,86,0,0,0
0.9465,10547,Rest,HAZIRLANIYOR...,0,0,43,105,0,0,0
0.9465,10548,Rest,HAZIRLANIYOR...,0,0,278,124,0,0,0
0.9465,10549,Rest,HAZIRLANIYOR...,0,0,503,141,0,1,0
0.9465,10550,Rest,HAZIRLANIYOR...,0,0,709,155,0,10,0
0.9465,10551,Rest,HAZIRLANIYOR...,0,0,887,166,0,9,0
0.9465,10552,Rest,HAZIRLANIYOR...,0,0,1035,174,0,7,0
0.9465,10553,Rest,HAZIRLANIYOR...,0,0,1154,174,0,10,0
0.9465,10554,Rest,HAZIRLANIYOR...,0,0,1244,166,0,7,0
0.9465,10555,Rest,HAZIRLANIYOR...,0,0,1306,151,0,1,0
0.9465,10556,Rest,HAZIRLANIYOR...,0,0,1336,128,0,1,4
0.9465,10557,Rest,HAZIRLANIYOR...,0,0,1328,98,0,8,6
0.9466,10558,Rest,HAZIRLANIYOR...,0,0,1279,65,81,14,4
0.9466,10559,Rest,HAZIRLANIYOR...,0,0,1194,33,163,14,1
0.9466,10560,Rest,HAZIRLANIYOR...,0,0,1073,3,241,8,1
0.9466,10561,Rest,HAZIRLANIYOR...,0,0,915,0,317,4,3
0.9466,10562,Rest,HAZIRLANIYOR...,0,0,721,0,396,6,3
0.9466,10563,Rest,HAZIRLANIYOR...,0,0,489,0,488,11,2
0.9466,10564,Rest,HAZIRLANIYOR...,0,41,225,0,590,12,2
0.9466,10565,Rest,HAZIRLANIYOR...,0,149,0,0,679,9,2
0.9466,10566,Rest,HAZIRLANIYOR...,0,255,0,0,739,6,1
0.9466,10567,Rest,HAZIRLANIYOR...,0,352,0,0,766,4,0
0.9467,10568,Rest,HAZIRLANIYOR...,0,438,0,0,758,3,0
0.9467,10569,Rest,HAZIRLANIYOR...,0,510,0,0,722,0,0
0.9467,10570,Rest,HAZIRLANIYOR...,0,565,0,0,675,0,0
0.9467,10571,Rest,HAZIRLANIYOR...,0,602,0,0,631,0,0
0.9467,10572,Rest,HAZIRLANIYOR...,0,617,0,0,577,0,0
0.9467,10573,Rest,HAZIRLANIYOR...,0,611,0,0,489,0,0
0.9467,10574,Rest,HAZIRLANIYOR...,0,585,0,0,358,0,0
0.9469,10575,Rest,HAZIRLANIYOR...,0,540,0,0,197,0,0
0.9469,10576,Rest,HAZIRLANIYOR...,0,479,0,0,28,0,0
0.9469,10577,Rest,HAZIRLANIYOR...,0,404,0,0,0,0,0
0.9469,10578,Rest,HAZIRLANIYOR...,0,315,0,0,0,0,0
0.9469,10579,Rest,HAZIRLANIYOR...,0,217,0,16,0,0,0
0.9469,10580,Rest,HAZIRLANIYOR...,0,113,0,43,0,0,0
0.9469,10581,Rest,HAZIRLANIYOR...,0,5,0,67,0,0,0
0.9470,10582,Rest,HAZIRLANIYOR...,0,0,0,88,0,0,4
0.9470,10583,Rest,HAZIRLANIYOR...,0,0,152,108,0,0,9
0.9470,10584,Rest,HAZIRLANIYOR...,0,0,379,129,0,0,4
0.9470,10585,Rest,HAZIRLANIYOR...,0,0,592,148,0,0,0
0.9560,10586,Rest,HAZIRLANIYOR...,0,0,785,163,0,0,0
0.9562,10587,Rest,HAZIRLANIYOR...,0,0,950,171,0,0,0
0.9562,10588,Rest,HAZIRLANIYOR...,0,0,1083,176,0,1,6
0.9563,10589,Rest,HAZIRLANIYOR...,0,0,1184,176,0,2,6
0.9563,10590,Rest,HAZIRLANIYOR...,0,0,1257,167,0,4,1
0.9563,10591,Rest,HAZIRLANIYOR...,0,0,1301,147,0,7,0
0.9563,10592,Rest,HAZIRLANIYOR...,0,0,1312,121,0,9,0
0.9563,10593,Rest,HAZIRLANIYOR...,0,0,1284,93,31,10,0
0.9564,10594,Rest,HAZIRLANIYOR...,0,0,1216,65,124,13,1
0.9564,10595,Rest,HAZIRLANIYOR...,0,0,1111,34,207,15,1
0.9564,10596,Rest,HAZIRLANIYOR...,0,0,972,0,279,11,0
0.9564,10597,Rest,HAZIRLANIYOR...,0,0,797,0,351,4,0
0.9566,10598,Rest,HAZIRLANIYOR...,0,0,580,0,440,2,0
0.9567,10599,Rest,HAZIRLANIYOR...,0,12,326,0,546,7,2
0.9567,10600,Rest,HAZIRLANIYOR...,0,123,47,0,650,9,3
0.9567,10601,Rest,HAZIRLANIYOR...,0,233,0,0,735,8,1
0.9569,10602,Rest,HAZIRLANIYOR...,0,335,0,0,792,5,0
0.9570,10603,Rest,HAZIRLANIYOR...,0,430,0,0,816,3,0
0.9779,10604,Rest,HAZIRLANIYOR...,0,515,0,0,812,0,1
0.9780,10605,Rest,HAZIRLANIYOR...,0,584,0,0,801,0,4
0.9780,10606,Rest,HAZIRLANIYOR...,0,630,0,0,786,0,4
0.9780,10607,Rest,HAZIRLANIYOR...,0,655,0,0,727,0,1
0.9906,10608,Rest,HAZIRLANIYOR...,0,662,0,0,585,0,0
0.9906,10609,Rest,HAZIRLANIYOR...,0,648,0,0,385,0,0
0.9906,10610,Rest,HAZIRLANIYOR...,0,611,0,0,180,0,0
0.9906,10611,Rest,HAZIRLANIYOR...,0,552,0,0,0,0,0
0.9906,10612,Rest,HAZIRLANIYOR...,0,474,0,0,0,0,0
0.9907,10613,Rest,HAZIRLANIYOR...,0,382,0,0,0,0,4
0.9907,10614,Rest,HAZIRLANIYOR...,0,283,0,8,0,0,7
0.9907,10615,Rest,HAZIRLANIYOR...,0,182,0,33,0,0,2
0.9907,10616,Rest,HAZIRLANIYOR...,0,81,0,55,0,0,0
0.9908,10617,Rest,HAZIRLANIYOR...,0,0,0,78,0,0,0
0.9908,10618,Rest,HAZIRLANIYOR...,0,0,120,101,0,0,0
0.9908,10619,Rest,HAZIRLANIYOR...,0,0,351,121,0,0,0
0.9908,10620,Rest,HAZIRLANIYOR...,0,0,565,137,0,5,3
0.9908,10621,Rest,HAZIRLANIYOR...,0,0,757,152,0,3,7
0.9908,10622,Rest,HAZIRLANIYOR...,0,0,927,166,0,2,8
0.9908,10623,Rest,HAZIRLANIYOR...,0,0,1072,175,0,3,2
0.9909,10624,Rest,HAZIRLANIYOR...,0,0,1185,176,0,1,0
0.9909,10625,Rest,HAZIRLANIYOR...,0,0,1263,171,0,0,0
0.9909,10626,Rest,HAZIRLANIYOR...,0,0,1309,157,0,0,0
0.9954,10627,Rest,HAZIRLANIYOR...,0,0,1326,133,0,5,0
0.9955,10628,Rest,HAZIRLANIYOR...,0,0,1310,104,3,9,0
0.9956,10629,Rest,HAZIRLANIYOR...,0,0,1257,72,95,11,0
0.9956,10630,Rest,HAZIRLANIYOR...,0,0,1168,40,176,12,2
1.0072,10631,Rest,HAZIRLANIYOR...,0,0,1041,6,254,12,2
1.0072,10632,Rest,HAZIRLANIYOR...,0,0,874,0,332,12,0
1.0126,10633,Rest,HAZIRLANIYOR...,0,0,667,0,416,11,0
1.0126,10634,Rest,HAZIRLANIYOR...,0,0,425,0,511,11,2
1.0126,10635,Rest,HAZIRLANIYOR...,0,67,156,0,609,8,5
1.0127,10636,Rest,HAZIRLANIYOR...,0,167,0,0,694,5,3
1.0127,10637,Rest,HAZIRLANIYOR...,0,265,0,0,753,3,0
1.0127,10638,Rest,HAZIRLANIYOR...,0,359,0,0,780,4,0
1.0127,10639,Rest,HAZIRLANIYOR...,0,446,0,0,770,4,0
1.0127,10640,Rest,HAZIRLANIYOR...,0,516,0,0,732,2,0
1.0127,10641,Rest,HAZIRLANIYOR...,0,564,0,0,688,1,0
1.0127,10642,Rest,HAZIRLANIYOR...,0,595,0,0,650,0,0
1.0127,10643,Rest,HAZIRLANIYOR...,0,612,0,0,599,0,0
1.0128,10644,Rest,HAZIRLANIYOR...,0,615,0,0,512,0,0
1.0128,10645,Rest,HAZIRLANIYOR...,0,599,0,0,380,0,0
1.0128,10646,Rest,HAZIRLANIYOR...,0,560,0,0,217,0,0
1.0128,10647,Rest,HAZIRLANIYOR...,0,500,0,0,49,0,0
1.0128,10648,Rest,HAZIRLANIYOR...,0,427,0,0,0,0,0
1.0128,10649,Rest,HAZIRLANIYOR...,0,345,0,4,0,0,0
1.0128,10650,Rest,HAZIRLANIYOR...,0,251,0,30,0,0,0
1.0128,10651,Rest,HAZIRLANIYOR...,0,147,0,52,0,0,0
1.0129,10652,Rest,HAZIRLANIYOR...,0,36,0,71,0,0,0
1.0129,10653,Rest,HAZIRLANIYOR...,0,0,0,90,0,0,0
1.0129,10654,Rest,HAZIRLANIYOR...,0,0,166,109,0,0,1
1.0129,10655,Rest,HAZIRLANIYOR...,0,0,398,126,0,0,4
1.0129,10656,Rest,HAZIRLANIYOR...,0,0,617,140,0,0,0
1.0129,10657,Rest,HAZIRLANIYOR...,0,0,811,152,0,0,0
1.0129,10658,Rest,HAZIRLANIYOR...,0,0,977,163,0,1,0
1.0129,10659,Rest,HAZIRLANIYOR...,0,0,1110,167,0,5,0
1.0129,10660,Rest,HAZIRLANIYOR...,0,0,1208,163,0,6,0
1.0130,10661,Rest,HAZIRLANIYOR...,0,0,1275,150,0,7,2
1.0130,10662,Rest,HAZIRLANIYOR...,0,0,1315,131,0,9,3
1.0130,10663,Rest,HAZIRLANIYOR...,0,0,1327,105,0,10,3
1.0130,10664,Rest,HAZIRLANIYOR...,0,0,1302,75,42,10,3
1.0130,10665,Rest,HAZIRLANIYOR...,0,0,1235,44,126,9,2
1.0130,10666,Rest,HAZIRLANIYOR...,0,0,1126,13,203,6,1
1.0130,10667,Rest,HAZIRLANIYOR...,0,0,981,0,278,3,1
1.0130,10668,Rest,HAZIRLANIYOR...,0,0,799,0,357,3,3
1.0130,10669,Rest,HAZIRLANIYOR...,0,0,579,0,444,6,5
1.0130,10670,Rest,HAZIRLANIYOR...,0,0,322,0,541,8,4
1.0130,10671,Rest,HAZIRLANIYOR...,0,80,43,0,633,8,4
1.0131,10672,Rest,HAZIRLANIYOR...,0,186,0,0,704,7,9
1.0131,10673,Rest,HAZIRLANIYOR...,0,286,0,0,745,5,12
1.0131,10674,Rest,HAZIRLANIYOR...,0,374,0,0,753,3,7
1.0131,10675,Rest,HAZIRLANIYOR...,0,451,0,0,728,0,0
1.0131,10676,Rest,HAZIRLANIYOR...,0,515,0,0,683,0,0
1.0131,10677,Rest,HAZIRLANIYOR...,0,558,0,0,637,0,0
1.0131,10678,Rest,HAZIRLANIYOR...,0,581,0,0,591,1,0
1.0131,10679,Rest,HAZIRLANIYOR...,0,589,0,0,522,0,0
1.0131,10680,Rest,HAZIRLANIYOR...,0,582,0,0,413,0,0
1.0131,10681,Rest,HAZIRLANIYOR...,0,553,0,0,265,0,0
1.0131,10682,Rest,HAZIRLANIYOR...,0,503,0,0,99,0,0
1.0132,10683,Rest,HAZIRLANIYOR...,0,435,0,0,0,0,1
1.0132,10684,Rest,HAZIRLANIYOR...,0,354,0,0,0,0,0
1.0132,10685,Rest,HAZIRLANIYOR...,0,263,0,15,0,0,0
1.0132,10686,Rest,HAZIRLANIYOR...,0,163,0,40,0,0,2
1.0132,10687,Rest,HAZIRLANIYOR...,0,58,0,63,0,0,6
1.0132,10688,Rest,HAZIRLANIYOR...,0,0,0,85,0,0,0
1.0132,10689,Rest,HAZIRLANIYOR...,0,0,65,105,0,0,0
1.0132,10690,Rest,HAZIRLANIYOR...,0,0,297,125,0,0,0
1.0132,10691,Rest,HAZIRLANIYOR...,0,0,516,142,0,0,4
1.0133,10692,Rest,HAZIRLANIYOR...,0,0,715,156,0,0,10
1.0133,10693,Rest,HAZIRLANIYOR...,0,0,890,166,0,0,5
1.0133,10694,Rest,HAZIRLANIYOR...,0,0,1037,173,0,0,1
1.0133,10695,Rest,HAZIRLANIYOR...,0,0,1154,175,0,6,1
1.0134,10696,Rest,HAZIRLANIYOR...,0,0,1240,169,0,10,0
1.0134,10697,Rest,HAZIRLANIYOR...,0,0,1293,153,0,11,0
1.0134,10698,Rest,HAZIRLANIYOR...,0,0,1314,129,0,12,0
1.0134,10699,Rest,HAZIRLANIYOR...,0,0,1302,101,0,18,0
1.0134,10700,Rest,HAZIRLANIYOR...,0,0,1254,72,80,23,0
1.0134,10701,Rest,HAZIRLANIYOR...,0,0,1168,40,162,17,2
1.0134,10702,Rest,HAZIRLANIYOR...,0,0,1044,9,243,7,2
1.0134,10703,Rest,HAZIRLANIYOR...,0,0,881,0,322,2,0
1.0180,10704,Rest,HAZIRLANIYOR...,0,0,679,0,405,4,0
1.0181,10705,Rest,HAZIRLANIYOR...,0,0,440,0,497,5,0
1.0181,10706,Rest,HAZIRLANIYOR...,0,36,173,0,594,5,2
1.0181,10707,Rest,HAZIRLANIYOR...,0,145,0,0,678,5,2
1.0181,10708,Rest,HAZIRLANIYOR...,0,251,0,0,736,6,2
1.0181,10709,Rest,HAZIRLANIYOR...,0,353,0,0,763,3,1
1.0181,10710,Rest,HAZIRLANIYOR...,0,445,0,0,755,0,1
1.0182,10711,Rest,HAZIRLANIYOR...,0,519,0,0,719,0,0
1.0340,10712,Rest,HAZIRLANIYOR...,0,569,0,0,672,0,0
1.0349,10713,Rest,HAZIRLANIYOR...,0,601,0,0,627,0,0
1.0350,10714,Rest,HAZIRLANIYOR...,0,617,0,0,571,0,0
1.0371,10715,Rest,HAZIRLANIYOR...,0,615,0,0,480,0,0
1.0378,10716,Rest,HAZIRLANIYOR...,0,593,0,0,348,0,0
1.0379,10717,Rest,HAZIRLANIYOR...,0,555,0,0,186,0,0
1.0379,10718,Rest,HAZIRLANIYOR...,0,500,0,0,17,0,0
1.0380,10719,Rest,HAZIRLANIYOR...,0,428,0,0,0,0,0
1.0380,10720,Rest,HAZIRLANIYOR...,0,345,0,0,0,0,0
1.0380,10721,Rest,HAZIRLANIYOR...,0,255,0,26,0,0,0
1.0380,10722,Rest,HAZIRLANIYOR...,0,157,0,53,0,0,0
1.0380,10723,Rest,HAZIRLANIYOR...,0,51,0,77,0,0,1
1.0385,10724,Rest,HAZIRLANIYOR...,0,0,0,97,0,0,0
1.0385,10725,Rest,HAZIRLANIYOR...,0,0,185,116,0,3,0
1.0385,10726,Rest,HAZIRLANIYOR...,0,0,411,135,0,0,0
1.0385,10727,Rest,HAZIRLANIYOR...,0,0,623,153,0,0,0
1.0386,10728,Rest,HAZIRLANIYOR...,0,0,812,169,0,0,0
1.0386,10729,Rest,HAZIRLANIYOR...,0,0,972,179,0,5,8
1.0386,10730,Rest,HAZIRLANIYOR...,0,0,1100,183,0,13,17
1.0386,10731,Rest,HAZIRLANIYOR...,0,0,1197,180,0,15,14
1.0386,10732,Rest,HAZIRLANIYOR...,0,0,1264,169,0,9,0
1.0386,10733,Rest,HAZIRLANIYOR...,0,0,1302,151,0,3,0
1.0386,10734,Rest,HAZIRLANIYOR...,0,0,1309,125,0,5,0
1.0390,10735,Rest,HAZIRLANIYOR...,0,0,1278,93,51,10,1
1.0390,10736,Rest,HAZIRLANIYOR...,0,0,1204,59,137,11,4
1.0394,10737,Rest,HAZIRLANIYOR...,0,0,1093,28,217,7,0
1.0401,10738,Rest,HAZIRLANIYOR...,0,0,950,0,294,5,0
1.0401,10739,Rest,HAZIRLANIYOR...,0,0,771,0,373,5,1
1.0403,10740,Rest,HAZIRLANIYOR...,0,0,550,0,464,7,2
1.0404,10741,Rest,HAZIRLANIYOR...,0,6,293,0,571,7,2
1.0405,10742,Rest,HAZIRLANIYOR...,0,120,14,0,679,8,1
1.0406,10743,Rest,HAZIRLANIYOR...,0,233,0,0,768,12,1
1.0406,10744,Rest,HAZIRLANIYOR...,0,341,0,0,824,15,0
1.0408,10745,Rest,HAZIRLANIYOR...,0,440,0,0,842,7,0
1.0409,10746,Rest,HAZIRLANIYOR...,0,526,0,0,826,0,0
1.0409,10747,Rest,HAZIRLANIYOR...,0,593,0,0,800,0,0
1.0409,10748,Rest,HAZIRLANIYOR...,0,640,0,0,772,0,3
1.0409,10749,Rest,HAZIRLANIYOR...,0,671,0,0,701,0,2
1.0410,10750,Rest,HAZIRLANIYOR...,0,684,0,0,550,0,0
1.0410,10751,Rest,HAZIRLANIYOR...,0,674,0,0,346,0,0
1.0411,10752,Rest,HAZIRLANIYOR...,0,641,0,0,145,0,1
1.0603,10753,Rest,HAZIRLANIYOR...,0,587,0,0,0,0,7
1.0604,10754,Rest,HAZIRLANIYOR...,0,516,0,0,0,0,13
1.0604,10755,Rest,HAZIRLANIYOR...,0,429,0,0,0,0,10
1.0604,10756,Rest,HAZIRLANIYOR...,0,331,0,0,0,0,0
1.0605,10757,Rest,HAZIRLANIYOR...,0,229,0,23,0,0,0
1.0628,10758,Rest,HAZIRLANIYOR...,0,127,0,51,0,0,0
1.0628,10759,Rest,HAZIRLANIYOR...,0,22,0,76,0,0,0
1.0659,10760,Rest,HAZIRLANIYOR...,0,0,139,98,0,0,0
1.0659,10761,Rest,HAZIRLANIYOR...,0,0,362,118,0,0,0
1.0660,10762,Rest,HAZIRLANIYOR...,0,0,576,138,0,0,0
1.0660,10763,Rest,HAZIRLANIYOR...,0,0,771,156,0,2,2
1.0660,10764,Rest,HAZIRLANIYOR...,0,0,940,170,0,10,6
1.0660,10765,Rest,HAZIRLANIYOR...,0,0,1077,177,0,16,0
1.0660,10766,Rest,HAZIRLANIYOR...,0,0,1182,179,0,12,0
1.0660,10767,Rest,HAZIRLANIYOR...,0,0,1256,173,0,4,0
1.0661,10768,Rest,HAZIRLANIYOR...,0,0,1299,156,0,3,1
1.0661,10769,Rest,HAZIRLANIYOR...,0,0,1312,129,0,8,3
1.0661,10770,Rest,HAZIRLANIYOR...,0,0,1292,98,16,10,2
1.0661,10771,Rest,HAZIRLANIYOR...,0,0,1238,69,111,9,0
1.0661,10772,Rest,HAZIRLANIYOR...,0,0,1147,39,193,7,0
1.0662,10773,Rest,HAZIRLANIYOR...,0,0,1017,10,261,6,0
1.0662,10774,Rest,HAZIRLANIYOR...,0,0,848,0,329,6,1
1.0663,10775,Rest,HAZIRLANIYOR...,0,0,639,0,414,6,4
1.0663,10776,Rest,HAZIRLANIYOR...,0,0,394,0,515,6,2
1.0663,10777,Rest,HAZIRLANIYOR...,0,23,124,0,614,5,0
1.0663,10778,Rest,HAZIRLANIYOR...,0,123,0,0,694,4,1
1.0663,10779,Rest,HAZIRLANIYOR...,0,221,0,0,751,4,4
1.0663,10780,Rest,HAZIRLANIYOR...,0,312,0,0,779,3,4
1.0665,10781,Rest,HAZIRLANIYOR...,0,393,0,0,770,2,2
1.0665,10782,Rest,HAZIRLANIYOR...,0,462,0,0,730,0,0
1.0665,10783,Rest,HAZIRLANIYOR...,0,514,0,0,684,0,0
1.0665,10784,Rest,HAZIRLANIYOR...,0,547,0,0,643,0,0
1.0665,10785,Rest,HAZIRLANIYOR...,0,561,0,0,590,0,0
1.0666,10786,Rest,HAZIRLANIYOR...,0,556,0,0,501,0,0
1.0666,10787,Rest,HAZIRLANIYOR...,0,534,0,0,366,0,2
1.0666,10788,Rest,HAZIRLANIYOR...,0,491,0,0,202,0,3
1.0666,10789,Rest,HAZIRLANIYOR...,0,431,0,0,34,0,1
1.0666,10790,Rest,HAZIRLANIYOR...,0,358,0,0,0,0,0
1.0666,10791,Rest,HAZIRLANIYOR...,0,275,0,2,0,0,0
1.0666,10792,Rest,HAZIRLANIYOR...,0,186,0,29,0,0,3
1.0666,10793,Rest,HAZIRLANIYOR...,0,91,0,53,0,0,6
1.0666,10794,Rest,HAZIRLANIYOR...,0,0,0,72,0,0,2
1.0666,10795,Rest,HAZIRLANIYOR...,0,0,0,91,0,0,0
1.0666,10796,Rest,HAZIRLANIYOR...,0,0,192,112,0,0,0
1.0667,10797,Rest,HAZIRLANIYOR...,0,0,418,131,0,0,0
1.0803,10798,Rest,HAZIRLANIYOR...,0,0,629,146,0,0,0
1.0804,10799,Rest,HAZIRLANIYOR...,0,0,817,158,0,0,0
1.0805,10800,Rest,HAZIRLANIYOR...,0,0,978,166,0,0,0
1.0806,10801,Rest,HAZIRLANIYOR...,0,0,1108,167,0,3,0
1.0806,10802,Rest,HAZIRLANIYOR...,0,0,1207,159,0,13,0
1.0806,10803,Rest,HAZIRLANIYOR...,0,0,1275,145,0,18,0
1.0807,10804,Rest,HAZIRLANIYOR...,0,0,1314,126,0,12,2
1.0807,10805,Rest,HAZIRLANIYOR...,0,0,1320,103,0,5,4
1.0807,10806,Rest,HAZIRLANIYOR...,0,0,1289,75,56,5,10
1.0807,10807,Rest,HAZIRLANIYOR...,0,0,1218,45,139,10,17
1.0808,10808,Rest,HAZIRLANIYOR...,0,0,1109,13,215,11,14
1.0808,10809,Rest,HAZIRLANIYOR...,0,0,964,0,289,5,0
1.0808,10810,Rest,HAZIRLANIYOR...,0,0,781,0,364,1,0
1.0809,10811,Rest,HAZIRLANIYOR...,0,0,559,0,449,3,0
1.0809,10812,Rest,HAZIRLANIYOR...,0,0,304,0,542,6,0
1.0809,10813,Rest,HAZIRLANIYOR...,0,102,27,0,633,7,7
1.0809,10814,Rest,HAZIRLANIYOR...,0,206,0,0,705,4,10
1.0810,10815,Rest,HAZIRLANIYOR...,0,306,0,0,746,1,5
1.0810,10816,Rest,HAZIRLANIYOR...,0,396,0,0,751,0,0
1.0810,10817,Rest,HAZIRLANIYOR...,0,471,0,0,721,0,0
1.0811,10818,Rest,HAZIRLANIYOR...,0,528,0,0,673,0,0
1.0811,10819,Rest,HAZIRLANIYOR...,0,566,0,0,628,0,0
1.0812,10820,Rest,HAZIRLANIYOR...,0,589,0,0,583,0,1
1.0812,10821,Rest,HAZIRLANIYOR...,0,596,0,0,512,0,1
1.0813,10822,Rest,HAZIRLANIYOR...,0,585,0,0,397,0,0
1.0813,10823,Rest,HAZIRLANIYOR...,0,554,0,0,243,0,0
1.0960,10824,Rest,HAZIRLANIYOR...,0,506,0,0,75,0,1
1.0962,10825,Rest,HAZIRLANIYOR...,0,443,0,0,0,0,0
1.0963,10826,Rest,HAZIRLANIYOR...,0,365,0,0,0,0,0
1.0963,10827,Rest,HAZIRLANIYOR...,0,276,0,14,0,0,0
1.0963,10828,Rest,HAZIRLANIYOR...,0,183,0,41,0,0,0
1.0963,10829,Rest,HAZIRLANIYOR...,0,89,0,66,0,0,0
1.0968,10830,Rest,HAZIRLANIYOR...,0,0,0,90,0,0,3
1.0968,10831,Rest,HAZIRLANIYOR...,0,0,97,111,0,0,0
1.0975,10832,Rest,HAZIRLANIYOR...,0,0,325,132,0,0,0
1.0975,10833,Rest,HAZIRLANIYOR...,0,0,541,151,0,0,0
1.0975,10834,Rest,HAZIRLANIYOR...,0,0,739,166,0,0,0
1.0975,10835,Rest,HAZIRLANIYOR...,0,0,911,176,0,6,0
1.0975,10836,Rest,HAZIRLANIYOR...,0,0,1051,181,0,8,0
1.0976,10837,Rest,HAZIRLANIYOR...,0,0,1160,180,0,8,0
1.0976,10838,Rest,HAZIRLANIYOR...,0,0,1237,172,0,5,0
1.0976,10839,Rest,HAZIRLANIYOR...,0,0,1285,153,0,5,3
1.0976,10840,Rest,HAZIRLANIYOR...,0,0,1302,126,0,7,10
1.0977,10841,Rest,HAZIRLANIYOR...,0,0,1286,98,1,7,6
1.0977,10842,Rest,HAZIRLANIYOR...,0,0,1231,72,91,6,0
1.0977,10843,Rest,HAZIRLANIYOR...,0,0,1138,43,173,8,0
1.0977,10844,Rest,HAZIRLANIYOR...,0,0,1007,10,256,10,2
1.0977,10845,Rest,HAZIRLANIYOR...,0,0,839,0,337,9,7
1.0977,10846,Rest,HAZIRLANIYOR...,0,0,634,0,417,7,7
1.0977,10847,Rest,HAZIRLANIYOR...,0,0,394,0,506,4,3
1.0977,10848,Rest,HAZIRLANIYOR...,0,16,128,0,602,5,0
1.0982,10849,Rest,HAZIRLANIYOR...,0,120,0,0,687,7,0
1.0983,10850,Rest,HAZIRLANIYOR...,0,226,0,0,742,8,1
1.0983,10851,Rest,HAZIRLANIYOR...,0,329,0,0,761,7,1
1.0983,10852,Rest,HAZIRLANIYOR...,0,418,0,0,748,8,0
1.1001,10853,Rest,HAZIRLANIYOR...,0,491,0,0,707,8,0
1.1011,10854,Rest,HAZIRLANIYOR...,0,548,0,0,658,2,0
1.1011,10855,Rest,HAZIRLANIYOR...,0,589,0,0,613,0,0
1.1011,10856,Rest,HAZIRLANIYOR...,0,610,0,0,560,0,0
1.1017,10857,Rest,HAZIRLANIYOR...,0,612,0,0,475,0,1
1.1023,10858,Rest,HAZIRLANIYOR...,0,595,0,0,350,0,3
1.1023,10859,Rest,HAZIRLANIYOR...,0,558,0,0,188,0,8
1.1023,10860,Rest,HAZIRLANIYOR...,0,503,0,0,8,0,8
1.1217,10861,Rest,HAZIRLANIYOR...,0,432,0,0,0,0,0
1.1218,10862,Rest,HAZIRLANIYOR...,0,346,0,0,0,0,0
1.1220,10863,Rest,HAZIRLANIYOR...,0,249,0,22,0,0,0
1.1221,10864,Rest,HAZIRLANIYOR...,0,145,0,46,0,0,0
1.1221,10865,Rest,HAZIRLANIYOR...,0,37,0,68,0,0,4
1.1221,10866,Rest,HAZIRLANIYOR...,0,0,0,90,0,0,3
1.1221,10867,Rest,HAZIRLANIYOR...,0,0,216,109,0,0,4
1.1221,10868,Rest,HAZIRLANIYOR...,0,0,443,128,0,0,5
1.1222,10869,Rest,HAZIRLANIYOR...,0,0,653,146,0,0,4
1.1222,10870,Rest,HAZIRLANIYOR...,0,0,836,161,0,1,1
1.1222,10871,Rest,HAZIRLANIYOR...,0,0,990,168,0,3,0
1.1222,10872,Rest,HAZIRLANIYOR...,0,0,1115,169,0,3,1
1.1222,10873,Rest,HAZIRLANIYOR...,0,0,1210,166,0,4,2
1.1223,10874,Rest,HAZIRLANIYOR...,0,0,1276,157,0,6,2
1.1223,10875,Rest,HAZIRLANIYOR...,0,0,1314,137,0,7,1
1.1223,10876,Rest,HAZIRLANIYOR...,0,0,1318,110,0,5,0
1.1223,10877,Rest,HAZIRLANIYOR...,0,0,1281,79,57,6,0
1.1223,10878,Rest,HAZIRLANIYOR...,0,0,1204,50,144,9,0
1.1223,10879,Rest,HAZIRLANIYOR...,0,0,1093,22,224,12,3
1.1310,10880,Rest,HAZIRLANIYOR...,0,0,944,0,301,15,2
1.1328,10881,Rest,HAZIRLANIYOR...,0,0,754,0,383,15,2
1.1328,10882,Rest,HAZIRLANIYOR...,0,0,525,0,477,10,7
1.1328,10883,Rest,HAZIRLANIYOR...,0,10,265,0,578,3,13
1.1329,10884,Rest,HAZIRLANIYOR...,0,122,0,0,668,1,10
1.1329,10885,Rest,HAZIRLANIYOR...,0,231,0,0,733,4,2
1.1329,10886,Rest,HAZIRLANIYOR...,0,335,0,0,770,3,0
1.1329,10887,Rest,HAZIRLANIYOR...,0,431,0,0,774,0,0
1.1329,10888,Rest,HAZIRLANIYOR...,0,515,0,0,743,1,0
1.1329,10889,Rest,HAZIRLANIYOR...,0,582,0,0,699,3,0
1.1329,10890,Rest,HAZIRLANIYOR...,0,629,0,0,660,0,0
1.1331,10891,Rest,HAZIRLANIYOR...,0,656,0,0,617,0,0
1.1331,10892,Rest,HAZIRLANIYOR...,0,665,0,0,539,0,0
1.1331,10893,Rest,HAZIRLANIYOR...,0,654,0,0,415,0,0
1.1331,10894,Rest,HAZIRLANIYOR...,0,624,0,0,257,0,0
1.1331,10895,Rest,HAZIRLANIYOR...,0,574,0,0,84,0,0
1.1331,10896,Rest,HAZIRLANIYOR...,0,505,0,0,0,0,0
1.1331,10897,Rest,HAZIRLANIYOR...,0,423,0,0,0,0,0
1.1331,10898,Rest,HAZIRLANIYOR...,0,329,0,19,0,0,0
1.1331,10899,Rest,HAZIRLANIYOR...,0,228,0,46,0,0,0
1.1331,10900,Rest,HAZIRLANIYOR...,0,121,0,67,0,0,0
1.1332,10901,Rest,HAZIRLANIYOR...,0,12,0,86,0,0,0
1.1332,10902,Rest,HAZIRLANIYOR...,0,0,104,107,0,0,0
1.1332,10903,Rest,HAZIRLANIYOR...,0,0,337,127,0,0,0
1.1332,10904,Rest,HAZIRLANIYOR...,0,0,556,142,0,0,0
1.1332,10905,Rest,HAZIRLANIYOR...,0,0,753,154,0,1,2
1.1332,10906,Rest,HAZIRLANIYOR...,0,0,925,163,0,3,2
1.1332,10907,Rest,HAZIRLANIYOR...,0,0,1068,170,0,5,0
1.1332,10908,Rest,HAZIRLANIYOR...,0,0,1180,172,0,9,0
1.1332,10909,Rest,HAZIRLANIYOR...,0,0,1260,167,0,13,0
1.1332,10910,Rest,HAZIRLANIYOR...,0,0,1309,151,0,18,2
1.1332,10911,Rest,HAZIRLANIYOR...,0,0,1327,123,0,22,8
1.1332,10912,Rest,HAZIRLANIYOR...,0,0,1311,90,11,18,11
1.1332,10913,Rest,HAZIRLANIYOR...,0,0,1256,57,102,10,4
1.1332,10914,Rest,HAZIRLANIYOR...,0,0,1161,27,185,5,0
1.1333,10915,Rest,HAZIRLANIYOR...,0,0,1029,0,265,6,0
1.1411,10916,Rest,HAZIRLANIYOR...,0,0,858,0,344,6,3
1.1411,10917,Rest,HAZIRLANIYOR...,0,0,648,0,428,6,4
1.1412,10918,Rest,HAZIRLANIYOR...,0,0,402,0,522,5,2
1.1412,10919,Rest,HAZIRLANIYOR...,0,66,131,0,618,6,1
1.1412,10920,Rest,HAZIRLANIYOR...,0,169,0,0,698,8,2
1.1412,10921,Rest,HAZIRLANIYOR...,0,269,0,0,754,7,2
1.1413,10922,Rest,HAZIRLANIYOR...,0,363,0,0,783,1,0
1.1413,10923,Rest,HAZIRLANIYOR...,0,444,0,0,772,0,0
1.1413,10924,Rest,HAZIRLANIYOR...,0,507,0,0,718,0,0
1.1413,10925,Rest,HAZIRLANIYOR...,0,553,0,0,653,0,0
1.1413,10926,Rest,HAZIRLANIYOR...,0,581,0,0,607,0,0
1.1413,10927,Rest,HAZIRLANIYOR...,0,593,0,0,556,0,0
1.1413,10928,Rest,HAZIRLANIYOR...,0,584,0,0,462,0,2
1.1413,10929,Rest,HAZIRLANIYOR...,0,556,0,0,321,0,0
1.1567,10930,Rest,HAZIRLANIYOR...,0,509,0,0,157,0,0
1.1586,10931,Rest,HAZIRLANIYOR...,0,447,0,0,0,0,0
1.1587,10932,Rest,HAZIRLANIYOR...,0,372,0,0,0,0,0
1.1587,10933,Rest,HAZIRLANIYOR...,0,284,0,3,0,0,0
1.1606,10934,Rest,HAZIRLANIYOR...,0,186,0,30,0,0,0
1.1606,10935,Rest,HAZIRLANIYOR...,0,84,0,55,0,0,0
1.1607,10936,Rest,HAZIRLANIYOR...,0,0,0,79,0,0,0
1.1608,10937,Rest,HAZIRLANIYOR...,0,0,0,99,0,0,0
1.1608,10938,Rest,HAZIRLANIYOR...,0,0,226,118,0,0,0
1.1608,10939,Rest,HAZIRLANIYOR...,0,0,451,136,0,0,0
1.1608,10940,Rest,HAZIRLANIYOR...,0,0,658,153,0,0,1
1.1608,10941,Rest,HAZIRLANIYOR...,0,0,841,167,0,0,4
1.1608,10942,Rest,HAZIRLANIYOR...,0,0,996,178,0,0,4
1.1608,10943,Rest,HAZIRLANIYOR...,0,0,1120,183,0,0,2
1.1608,10944,Rest,HAZIRLANIYOR...,0,0,1213,178,0,2,1
1.1618,10945,Rest,HAZIRLANIYOR...,0,0,1276,161,0,2,0
1.1619,10946,Rest,HAZIRLANIYOR...,0,0,1310,135,0,3,1
1.1620,10947,Rest,HAZIRLANIYOR...,0,0,1309,105,0,6,4
1.1620,10948,Rest,HAZIRLANIYOR...,0,0,1271,76,58,9,11
1.1629,10949,Rest,HAZIRLANIYOR...,0,0,1194,44,146,9,13
1.1630,10950,Rest,HAZIRLANIYOR...,0,0,1081,11,222,8,10
1.1630,10951,Rest,HAZIRLANIYOR...,0,0,930,0,293,9,4
1.1630,10952,Rest,HAZIRLANIYOR...,0,0,738,0,373,10,0
1.1630,10953,Rest,HAZIRLANIYOR...,0,0,511,0,467,8,0
1.1630,10954,Rest,HAZIRLANIYOR...,0,0,252,0,568,5,0
1.1630,10955,Rest,HAZIRLANIYOR...,0,73,0,0,658,4,0
1.1630,10956,Rest,HAZIRLANIYOR...,0,180,0,0,724,4,0
1.1637,10957,Rest,HAZIRLANIYOR...,0,284,0,0,763,3,0
1.1638,10958,Rest,HAZIRLANIYOR...,0,379,0,0,769,2,0
1.1638,10959,Rest,HAZIRLANIYOR...,0,463,0,0,733,0,0
1.1638,10960,Rest,HAZIRLANIYOR...,0,530,0,0,677,0,0
1.1639,10961,Rest,HAZIRLANIYOR...,0,580,0,0,628,0,0
1.1639,10962,Rest,HAZIRLANIYOR...,0,610,0,0,583,0,0
1.1639,10963,Rest,HAZIRLANIYOR...,0,621,0,0,514,0,0
1.1639,10964,Rest,HAZIRLANIYOR...,0,613,0,0,400,0,0
1.1639,10965,Rest,HAZIRLANIYOR...,0,587,0,0,245,0,0
1.1639,10966,Rest,HAZIRLANIYOR...,0,542,0,0,75,0,0
1.1639,10967,Rest,HAZIRLANIYOR...,0,479,0,0,0,0,0
1.1639,10968,Rest,HAZIRLANIYOR...,0,401,0,0,0,0,0
1.1640,10969,Rest,HAZIRLANIYOR...,0,311,0,22,0,0,0
1.1645,10970,Rest,HAZIRLANIYOR...,0,213,0,47,0,0,1
1.1663,10971,Rest,HAZIRLANIYOR...,0,110,0,69,0,0,1
1.1664,10972,Rest,HAZIRLANIYOR...,0,4,0,88,0,0,0
1.1666,10973,Rest,HAZIRLANIYOR...,0,0,121,105,0,0,0
1.1666,10974,Rest,HAZIRLANIYOR...,0,0,350,122,0,4,0
1.1733,10975,Rest,HAZIRLANIYOR...,0,0,566,139,0,6,0
1.1734,10976,Rest,HAZIRLANIYOR...,0,0,762,153,0,4,0
1.1734,10977,Rest,HAZIRLANIYOR...,0,0,933,163,0,0,0
1.1886,10978,Rest,HAZIRLANIYOR...,0,0,1072,167,0,0,3
1.1887,10979,Rest,HAZIRLANIYOR...,0,0,1178,165,0,0,5
1.1887,10980,Rest,HAZIRLANIYOR...,0,0,1253,156,0,0,8
1.1887,10981,Rest,HAZIRLANIYOR...,0,0,1302,138,0,4,9
1.1887,10982,Rest,HAZIRLANIYOR...,0,0,1319,111,0,6,5
1.1929,10983,Rest,HAZIRLANIYOR...,0,0,1299,81,8,9,0
1.2036,10984,Rest,HAZIRLANIYOR...,0,0,1240,52,96,10,0
1.2061,10985,Rest,HAZIRLANIYOR...,0,0,1145,25,176,10,0
1.2062,10986,Rest,HAZIRLANIYOR...,0,0,1014,0,259,9,0
1.2088,10987,Rest,HAZIRLANIYOR...,0,0,841,0,348,8,0
1.2089,10988,Rest,HAZIRLANIYOR...,0,0,628,0,446,9,0
1.2089,10989,Rest,HAZIRLANIYOR...,0,0,379,0,555,10,2
1.2089,10990,Rest,HAZIRLANIYOR...,0,100,100,0,663,10,4
1.2089,10991,Rest,HAZIRLANIYOR...,0,207,0,0,753,10,3
1.2090,10992,Rest,HAZIRLANIYOR...,0,311,0,0,811,8,2
1.2090,10993,Rest,HAZIRLANIYOR...,0,409,0,0,835,5,1
1.2090,10994,Rest,HAZIRLANIYOR...,0,495,0,0,832,3,0
1.2090,10995,Rest,HAZIRLANIYOR...,0,563,0,0,813,5,0
1.2090,10996,Rest,HAZIRLANIYOR...,0,613,0,0,778,7,0
1.2090,10997,Rest,HAZIRLANIYOR...,0,642,0,0,705,0,0
1.2091,10998,Rest,HAZIRLANIYOR...,0,651,0,0,568,0,0
1.2091,10999,Rest,HAZIRLANIYOR...,0,641,0,0,377,0,0
1.2091,11000,Rest,HAZIRLANIYOR...,0,611,0,0,178,0,0
1.2091,11001,Rest,HAZIRLANIYOR...,0,564,0,0,3,0,0
1.2091,11002,Rest,HAZIRLANIYOR...,0,499,0,0,0,0,0
1.2091,11003,Rest,HAZIRLANIYOR...,0,420,0,0,0,0,0
1.2092,11004,Rest,HAZIRLANIYOR...,0,327,0,2,0,0,0
1.2092,11005,Rest,HAZIRLANIYOR...,0,226,0,27,0,0,5
1.2092,11006,Rest,HAZIRLANIYOR...,0,122,0,49,0,0,7
1.2092,11007,Rest,HAZIRLANIYOR...,0,18,0,71,0,0,0
1.2092,11008,Rest,HAZIRLANIYOR...,0,0,77,93,0,0,0
1.2093,11009,Rest,HAZIRLANIYOR...,0,0,305,115,0,0,0
1.2093,11010,Rest,HAZIRLANIYOR...,0,0,522,134,0,0,1
1.2093,11011,Rest,HAZIRLANIYOR...,0,0,724,150,0,0,8
1.2093,11012,Rest,HAZIRLANIYOR...,0,0,901,164,0,0,4
1.2093,11013,Rest,HAZIRLANIYOR...,0,0,1047,173,0,0,2
1.2093,11014,Rest,HAZIRLANIYOR...,0,0,1160,175,0,4,4
1.2094,11015,Rest,HAZIRLANIYOR...,0,0,1242,169,0,7,3
1.2094,11016,Rest,HAZIRLANIYOR...,0,0,1295,156,0,9,0
1.2094,11017,Rest,HAZIRLANIYOR...,0,0,1321,132,0,10,0
1.2094,11018,Rest,HAZIRLANIYOR...,0,0,1315,102,0,11,0
1.2094,11019,Rest,HAZIRLANIYOR...,0,0,1271,71,77,10,0
1.2094,11020,Rest,HAZIRLANIYOR...,0,0,1189,42,160,12,0
1.2095,11021,Rest,HAZIRLANIYOR...,0,0,1070,12,236,14,0
1.2095,11022,Rest,HAZIRLANIYOR...,0,0,914,0,309,9,3
1.2095,11023,Rest,HAZIRLANIYOR...,0,0,716,0,385,1,7
1.2095,11024,Rest,HAZIRLANIYOR...,0,0,480,0,477,1,7
1.2095,11025,Rest,HAZIRLANIYOR...,0,62,212,0,584,11,1
1.2095,11026,Rest,HAZIRLANIYOR...,0,159,0,0,678,17,0
1.2096,11027,Rest,HAZIRLANIYOR...,0,254,0,0,738,9,0
1.2096,11028,Rest,HAZIRLANIYOR...,0,342,0,0,766,0,0
1.2096,11029,Rest,HAZIRLANIYOR...,0,421,0,0,768,0,0
1.2098,11030,Rest,HAZIRLANIYOR...,0,485,0,0,742,0,0
1.2100,11031,Rest,HAZIRLANIYOR...,0,529,0,0,695,0,0
1.2100,11032,Rest,HAZIRLANIYOR...,0,553,0,0,649,0,0
1.2100,11033,Rest,HAZIRLANIYOR...,0,561,0,0,603,0,0
1.2100,11034,Rest,HAZIRLANIYOR...,0,557,0,0,531,0,0
1.2100,11035,Rest,HAZIRLANIYOR...,0,538,0,0,416,0,0
1.2100,11036,Rest,HAZIRLANIYOR...,0,498,0,0,263,0,0
1.2100,11037,Rest,HAZIRLANIYOR...,0,437,0,0,96,0,0
1.2100,11038,Rest,HAZIRLANIYOR...,0,361,0,0,0,0,0
1.2101,11039,Rest,HAZIRLANIYOR...,0,274,0,0,0,0,1
1.2101,11040,Rest,HAZIRLANIYOR...,0,177,0,23,0,0,4
1.2102,11041,Rest,HAZIRLANIYOR...,0,73,0,49,0,0,6
1.2102,11042,Rest,HAZIRLANIYOR...,0,0,0,70,0,0,0
1.2103,11043,Rest,HAZIRLANIYOR...,0,0,0,89,0,0,0
1.2105,11044,Rest,HAZIRLANIYOR...,0,0,118,108,0,0,0
1.2105,11045,Rest,HAZIRLANIYOR...,0,0,350,129,0,0,0
1.2107,11046,Rest,HAZIRLANIYOR...,0,0,567,148,0,0,7
1.2108,11047,Rest,HAZIRLANIYOR...,0,0,763,162,0,0,8
1.2108,11048,Rest,HAZIRLANIYOR...,0,0,933,169,0,2,2
1.2111,11049,Rest,HAZIRLANIYOR...,0,0,1073,172,0,7,0
1.2111,11050,Rest,HAZIRLANIYOR...,0,0,1181,170,0,8,5
1.2112,11051,Rest,HAZIRLANIYOR...,0,0,1255,162,0,9,4
1.2112,11052,Rest,HAZIRLANIYOR...,0,0,1300,144,0,8,0
1.2114,11053,Rest,HAZIRLANIYOR...,0,0,1315,118,0,8,0
1.2191,11054,Rest,HAZIRLANIYOR...,0,0,1296,86,23,12,6
1.2208,11055,Rest,HAZIRLANIYOR...,0,0,1240,52,108,18,6
1.2209,11056,Rest,HAZIRLANIYOR...,0,0,1145,21,184,21,0
1.2227,11057,Rest,HAZIRLANIYOR...,0,0,1010,0,255,13,0
1.2228,11058,Rest,HAZIRLANIYOR...,0,0,836,0,328,2,1
1.2228,11059,Rest,HAZIRLANIYOR...,0,0,624,0,411,2,7
1.2245,11060,Rest,HAZIRLANIYOR...,0,0,380,0,505,9,3
1.2246,11061,Rest,HAZIRLANIYOR...,0,0,111,0,595,12,0
1.2267,11062,Rest,HAZIRLANIYOR...,0,51,0,0,664,10,0
1.2267,11063,Rest,HAZIRLANIYOR...,0,161,0,0,708,9,0
1.2268,11064,Rest,HAZIRLANIYOR...,0,265,0,0,726,5,0
1.2273,11065,Rest,HAZIRLANIYOR...,0,357,0,0,712,0,0
1.2274,11066,Rest,HAZIRLANIYOR...,0,434,0,0,671,0,0
1.2282,11067,Rest,HAZIRLANIYOR...,0,496,0,0,626,0,0
1.2295,11068,Rest,HAZIRLANIYOR...,0,540,0,0,585,1,0
1.2296,11069,Rest,HAZIRLANIYOR...,0,568,0,0,527,3,0
1.2296,11070,Rest,HAZIRLANIYOR...,0,577,0,0,429,0,0
1.2296,11071,Rest,HAZIRLANIYOR...,0,567,0,0,289,0,0
1.2305,11072,Rest,HAZIRLANIYOR...,0,536,0,0,127,0,0
1.2305,11073,Rest,HAZIRLANIYOR...,0,488,0,0,0,0,0
1.2306,11074,Rest,HAZIRLANIYOR...,0,428,0,0,0,0,0
1.2306,11075,Rest,HAZIRLANIYOR...,0,355,0,11,0,0,0
1.2316,11076,Rest,HAZIRLANIYOR...,0,270,0,36,0,0,0
1.2316,11077,Rest,HAZIRLANIYOR...,0,179,0,56,0,0,2
1.2317,11078,Rest,HAZIRLANIYOR...,0,87,0,74,0,0,5
1.2317,11079,Rest,HAZIRLANIYOR...,0,0,26,92,0,0,1
1.2317,11080,Rest,HAZIRLANIYOR...,0,0,258,110,0,0,0
1.2317,11081,Rest,HAZIRLANIYOR...,0,0,479,127,0,0,0
1.2317,11082,Rest,HAZIRLANIYOR...,0,0,682,140,0,0,5
1.2318,11083,Rest,HAZIRLANIYOR...,0,0,863,150,0,5,4
1.2318,11084,Rest,HAZIRLANIYOR...,0,0,1016,157,0,8,0
1.2320,11085,Rest,HAZIRLANIYOR...,0,0,1136,159,0,4,0
1.2320,11086,Rest,HAZIRLANIYOR...,0,0,1224,153,0,1,0
1.2525,11087,Rest,HAZIRLANIYOR...,0,0,1284,138,0,4,1
1.2701,11088,Rest,HAZIRLANIYOR...,0,0,1315,116,0,11,0
1.2702,11089,Rest,HAZIRLANIYOR...,0,0,1311,90,0,13,1
1.2702,11090,Rest,HAZIRLANIYOR...,0,0,1267,61,63,7,3
1.2737,11091,Rest,HAZIRLANIYOR...,0,0,1184,29,145,1,3
1.2738,11092,Rest,HAZIRLANIYOR...,0,0,1063,0,223,2,4
1.2738,11093,Rest,HAZIRLANIYOR...,0,0,904,0,303,7,8
1.2738,11094,Rest,HAZIRLANIYOR...,0,0,707,0,389,10,11
1.2738,11095,Rest,HAZIRLANIYOR...,0,22,475,0,482,10,5
1.2738,11096,Rest,HAZIRLANIYOR...,0,120,209,0,571,13,0
1.2738,11097,Rest,HAZIRLANIYOR...,0,215,0,0,648,16,0
1.2738,11098,Rest,HAZIRLANIYOR...,0,307,0,0,707,14,0
1.2739,11099,Rest,HAZIRLANIYOR...,0,397,0,0,742,8,1
1.2739,11100,Rest,HAZIRLANIYOR...,0,482,0,0,741,1,0
1.2739,11101,Rest,HAZIRLANIYOR...,0,556,0,0,705,0,0
1.2739,11102,Rest,HAZIRLANIYOR...,0,614,0,0,657,0,0
1.2739,11103,Rest,HAZIRLANIYOR...,0,653,0,0,614,0,0
1.2739,11104,Rest,HAZIRLANIYOR...,0,672,0,0,567,0,0
1.2739,11105,Rest,HAZIRLANIYOR...,0,672,0,0,490,0,0
1.2739,11106,Rest,HAZIRLANIYOR...,0,652,0,0,368,0,0
1.2739,11107,Rest,HAZIRLANIYOR...,0,612,0,0,213,0,0
1.2740,11108,Rest,HAZIRLANIYOR...,0,553,0,0,48,0,1
1.2740,11109,Rest,HAZIRLANIYOR...,0,476,0,0,0,0,7
1.2740,11110,Rest,HAZIRLANIYOR...,0,385,0,4,0,0,4
1.2740,11111,Rest,HAZIRLANIYOR...,0,283,0,33,0,0,0
1.2740,11112,Rest,HAZIRLANIYOR...,0,175,0,58,0,0,0
1.2740,11113,Rest,HAZIRLANIYOR...,0,65,0,78,0,0,0
1.2740,11114,Rest,HAZIRLANIYOR...,0,0,0,95,0,0,0
1.2740,11115,Rest,HAZIRLANIYOR...,0,0,148,111,0,0,0
1.2740,11116,Rest,HAZIRLANIYOR...,0,0,378,130,0,0,0
1.2740,11117,Rest,HAZIRLANIYOR...,0,0,591,147,0,0,0
1.2741,11118,Rest,HAZIRLANIYOR...,0,0,782,160,0,0,0
1.2741,11119,Rest,HAZIRLANIYOR...,0,0,946,169,0,1,0
1.2741,11120,Rest,HAZIRLANIYOR...,0,0,1084,173,0,4,0
1.2741,11121,Rest,HAZIRLANIYOR...,0,0,1192,171,0,6,0
1.2741,11122,Rest,HAZIRLANIYOR...,0,0,1267,161,0,7,2
1.2741,11123,Rest,HAZIRLANIYOR...,0,0,1309,144,0,9,3
1.2741,11124,Rest,HAZIRLANIYOR...,0,0,1319,119,0,11,6
1.2741,11125,Rest,HAZIRLANIYOR...,0,0,1293,89,31,10,8
1.2741,11126,Rest,HAZIRLANIYOR...,0,0,1227,56,119,7,4
1.2742,11127,Rest,HAZIRLANIYOR...,0,0,1125,26,199,5,0
1.2742,11128,Rest,HAZIRLANIYOR...,0,0,990,1,278,5,0
1.2742,11129,Rest,HAZIRLANIYOR...,0,0,817,0,359,5,0
1.2742,11130,Rest,HAZIRLANIYOR...,0,0,603,0,454,6,4
1.2742,11131,Rest,HAZIRLANIYOR...,0,0,351,0,566,8,4
1.2742,11132,Rest,HAZIRLANIYOR...,0,0,71,0,675,12,2
1.2742,11133,Rest,HAZIRLANIYOR...,0,93,0,0,755,15,2
1.2742,11134,Rest,HAZIRLANIYOR...,0,192,0,0,792,13,2
1.2742,11135,Rest,HAZIRLANIYOR...,0,287,0,0,790,4,2
1.2743,11136,Rest,HAZIRLANIYOR...,0,371,0,0,761,0,0
1.2743,11137,Rest,HAZIRLANIYOR...,0,440,0,0,729,0,0
1.2743,11138,Rest,HAZIRLANIYOR...,0,492,0,0,707,0,0
1.2743,11139,Rest,HAZIRLANIYOR...,0,526,0,0,670,0,1
1.2743,11140,Rest,HAZIRLANIYOR...,0,540,0,0,578,0,6
1.2743,11141,Rest,HAZIRLANIYOR...,0,534,0,0,424,0,7
1.2743,11142,Rest,HAZIRLANIYOR...,0,512,0,0,234,0,0
1.2744,11143,Rest,HAZIRLANIYOR...,0,472,0,0,42,0,0
1.2744,11144,Rest,HAZIRLANIYOR...,0,414,0,0,0,0,0
1.2744,11145,Rest,HAZIRLANIYOR...,0,337,0,0,0,0,0
1.2744,11146,Rest,HAZIRLANIYOR...,0,247,0,3,0,0,0
1.2744,11147,Rest,HAZIRLANIYOR...,0,149,0,27,0,0,0
1.2744,11148,Rest,HAZIRLANIYOR...,0,50,0,49,0,0,0
1.2744,11149,Rest,HAZIRLANIYOR...,0,0,0,68,0,0,1
1.2745,11150,Rest,HAZIRLANIYOR...,0,0,81,87,0,0,6
1.2745,11151,Rest,HAZIRLANIYOR...,0,0,312,105,0,0,1
1.2745,11152,Rest,HAZIRLANIYOR...,0,0,530,122,0,0,0
1.2745,11153,Rest,HAZIRLANIYOR...,0,0,730,138,0,7,3
1.2745,11154,Rest,HAZIRLANIYOR...,0,0,907,151,0,15,9
1.2745,11155,Rest,HAZIRLANIYOR...,0,0,1053,158,0,11,10
1.2746,11156,Rest,HAZIRLANIYOR...,0,0,1166,160,0,2,5
1.2746,11157,Rest,HAZIRLANIYOR...,0,0,1248,156,0,2,0
1.2746,11158,Rest,HAZIRLANIYOR...,0,0,1301,143,0,9,0
1.2747,11159,Rest,HAZIRLANIYOR...,0,0,1323,120,0,14,0
1.2747,11160,Rest,HAZIRLANIYOR...,0,0,1312,92,0,16,0
1.2748,11161,Rest,HAZIRLANIYOR...,0,0,1264,64,83,18,0
1.2748,11162,Rest,HAZIRLANIYOR...,0,0,1179,37,165,14,2
1.2748,11163,Rest,HAZIRLANIYOR...,0,0,1058,10,243,6,1
1.2748,11164,Rest,HAZIRLANIYOR...,0,0,897,0,321,3,0
1.2749,11165,Rest,HAZIRLANIYOR...,0,0,695,0,403,4,0
1.2750,11166,Rest,HAZIRLANIYOR...,0,0,456,0,495,6,0
1.2843,11167,Rest,HAZIRLANIYOR...,0,36,189,0,592,7,0
1.2845,11168,Rest,HAZIRLANIYOR...,0,142,0,0,678,11,0
1.2845,11169,Rest,HAZIRLANIYOR...,0,246,0,0,739,12,0
1.2845,11170,Rest,HAZIRLANIYOR...,0,345,0,0,769,5,0
1.2845,11171,Rest,HAZIRLANIYOR...,0,436,0,0,769,0,0
1.2845,11172,Rest,HAZIRLANIYOR...,0,515,0,0,739,0,0
1.2846,11173,Rest,HAZIRLANIYOR...,0,574,0,0,687,0,0
1.2846,11174,Rest,HAZIRLANIYOR...,0,613,0,0,635,0,0
1.2850,11175,Rest,HAZIRLANIYOR...,0,636,0,0,586,0,3
1.2857,11176,Rest,HAZIRLANIYOR...,0,641,0,0,514,0,4
1.2857,11177,Rest,HAZIRLANIYOR...,0,627,0,0,388,0,0
1.2857,11178,Rest,HAZIRLANIYOR...,0,590,0,0,222,0,0
1.2858,11179,Rest,HAZIRLANIYOR...,0,532,0,0,53,0,0
1.2858,11180,Rest,HAZIRLANIYOR...,0,458,0,0,0,0,0
1.2858,11181,Rest,HAZIRLANIYOR...,0,372,0,0,0,0,0
1.2871,11182,Rest,HAZIRLANIYOR...,0,277,0,18,0,0,0
1.2872,11183,Rest,HAZIRLANIYOR...,0,175,0,44,0,0,0
1.2872,11184,Rest,HAZIRLANIYOR...,0,70,0,71,0,0,0
1.2872,11185,Rest,HAZIRLANIYOR...,0,0,0,91,0,0,0
1.2873,11186,Rest,HAZIRLANIYOR...,0,0,152,107,0,0,3
1.2873,11187,Rest,HAZIRLANIYOR...,0,0,383,124,0,0,2
1.2882,11188,Rest,HAZIRLANIYOR...,0,0,601,140,0,0,0
1.2883,11189,Rest,HAZIRLANIYOR...,0,0,798,153,0,0,1
1.2884,11190,Rest,HAZIRLANIYOR...,0,0,965,161,0,0,3
1.3156,11191,Rest,HAZIRLANIYOR...,0,0,1098,165,0,1,3
1.3157,11192,Rest,HAZIRLANIYOR...,0,0,1199,163,0,2,2
1.3217,11193,Rest,HAZIRLANIYOR...,0,0,1271,154,0,4,0
1.3218,11194,Rest,HAZIRLANIYOR...,0,0,1315,135,0,7,0
1.3218,11195,Rest,HAZIRLANIYOR...,0,0,1328,109,0,9,2
1.3219,11196,Rest,HAZIRLANIYOR...,0,0,1302,78,29,10,4
1.3219,11197,Rest,HAZIRLANIYOR...,0,0,1232,46,119,12,5
1.3219,11198,Rest,HAZIRLANIYOR...,0,0,1128,15,204,12,5
1.3219,11199,Rest,HAZIRLANIYOR...,0,0,992,0,279,8,5
1.3219,11200,Rest,HAZIRLANIYOR...,0,0,815,0,345,5,5
1.3219,11201,Rest,HAZIRLANIYOR...,0,0,592,0,421,5,5
1.3220,11202,Rest,HAZIRLANIYOR...,0,0,333,0,518,6,5
1.3220,11203,Rest,HAZIRLANIYOR...,0,80,56,0,617,6,5
1.3220,11204,Rest,HAZIRLANIYOR...,0,187,0,0,692,6,4
1.3220,11205,Rest,HAZIRLANIYOR...,0,290,0,0,734,5,2
1.3220,11206,Rest,HAZIRLANIYOR...,0,384,0,0,741,1,1
1.3220,11207,Rest,HAZIRLANIYOR...,0,465,0,0,717,0,3
1.3220,11208,Rest,HAZIRLANIYOR...,0,530,0,0,674,0,7
1.3221,11209,Rest,HAZIRLANIYOR...,0,575,0,0,633,0,8
1.3221,11210,Rest,HAZIRLANIYOR...,0,602,0,0,597,0,4
1.3221,11211,Rest,HAZIRLANIYOR...,0,614,0,0,539,0,3
1.3221,11212,Rest,HAZIRLANIYOR...,0,610,0,0,429,0,5
1.3221,11213,Rest,HAZIRLANIYOR...,0,586,0,0,279,0,0
1.3221,11214,Rest,HAZIRLANIYOR...,0,544,0,0,119,0,0
1.3221,11215,Rest,HAZIRLANIYOR...,0,483,0,0,0,0,0
1.3221,11216,Rest,HAZIRLANIYOR...,0,407,0,0,0,0,0
1.3221,11217,Rest,HAZIRLANIYOR...,0,318,0,9,0,0,0
1.3221,11218,Rest,HAZIRLANIYOR...,0,222,0,35,0,0,0
1.3221,11219,Rest,HAZIRLANIYOR...,0,125,0,58,0,0,0
1.3222,11220,Rest,HAZIRLANIYOR...,0,26,0,78,0,0,0
1.3222,11221,Rest,HAZIRLANIYOR...,0,0,53,98,0,0,0
1.3222,11222,Rest,HAZIRLANIYOR...,0,0,288,118,0,0,0
1.3222,11223,Rest,HAZIRLANIYOR...,0,0,511,135,0,0,0
1.3223,11224,Rest,HAZIRLANIYOR...,0,0,712,148,0,0,0
1.3223,11225,Rest,HAZIRLANIYOR...,0,0,889,159,0,2,0
1.3223,11226,Rest,HAZIRLANIYOR...,0,0,1037,167,0,4,0
1.3223,11227,Rest,HAZIRLANIYOR...,0,0,1158,167,0,6,0
1.3223,11228,Rest,HAZIRLANIYOR...,0,0,1247,158,0,8,1
1.3224,11229,Rest,HAZIRLANIYOR...,0,0,1304,144,0,9,0
1.3224,11230,Rest,HAZIRLANIYOR...,0,0,1328,123,0,11,0
1.3224,11231,Rest,HAZIRLANIYOR...,0,0,1318,97,0,14,1
1.3224,11232,Rest,HAZIRLANIYOR...,0,0,1269,66,63,15,4
1.3224,11233,Rest,HAZIRLANIYOR...,0,0,1180,32,147,13,5
1.3224,11234,Rest,HAZIRLANIYOR...,0,0,1055,0,225,8,4
1.3224,11235,Rest,HAZIRLANIYOR...,0,0,896,0,303,7,4
1.3224,11236,Rest,HAZIRLANIYOR...,0,0,699,0,390,7,1
1.3224,11237,Rest,HAZIRLANIYOR...,0,0,461,0,497,8,0
1.3224,11238,Rest,HAZIRLANIYOR...,0,9,190,0,612,8,0
1.3225,11239,Rest,HAZIRLANIYOR...,0,115,0,0,702,7,0
1.3225,11240,Rest,HAZIRLANIYOR...,0,220,0,0,753,5,4
1.3225,11241,Rest,HAZIRLANIYOR...,0,317,0,0,773,1,4
1.3225,11242,Rest,HAZIRLANIYOR...,0,403,0,0,767,0,0
1.3225,11243,Rest,HAZIRLANIYOR...,0,480,0,0,735,0,0
1.3225,11244,Rest,HAZIRLANIYOR...,0,542,0,0,698,0,0
1.3225,11245,Rest,HAZIRLANIYOR...,0,586,0,0,665,0,0
1.3226,11246,Rest,HAZIRLANIYOR...,0,609,0,0,605,0,0
1.3226,11247,Rest,HAZIRLANIYOR...,0,609,0,0,495,0,0
1.3227,11248,Rest,HAZIRLANIYOR...,0,586,0,0,341,0,0
1.3227,11249,Rest,HAZIRLANIYOR...,0,544,0,0,164,0,0
1.3227,11250,Rest,HAZIRLANIYOR...,0,482,0,0,0,0,0
1.3228,11251,Rest,HAZIRLANIYOR...,0,403,0,0,0,0,0
1.3302,11252,Rest,HAZIRLANIYOR...,0,312,0,0,0,0,3
1.3303,11253,Rest,HAZIRLANIYOR...,0,211,0,25,0,0,11
1.3303,11254,Rest,HAZIRLANIYOR...,0,104,0,49,0,0,9
1.3303,11255,Rest,HAZIRLANIYOR...,0,0,0,70,0,0,0
1.3303,11256,Rest,HAZIRLANIYOR...,0,0,0,89,0,0,0
1.3303,11257,Rest,HAZIRLANIYOR...,0,0,200,108,0,0,0
1.3304,11258,Rest,HAZIRLANIYOR...,0,0,426,127,0,0,1
1.3304,11259,Rest,HAZIRLANIYOR...,0,0,635,145,0,2,4
1.3304,11260,Rest,HAZIRLANIYOR...,0,0,820,159,0,11,4
1.3305,11261,Rest,HAZIRLANIYOR...,0,0,978,169,0,10,3
1.3305,11262,Rest,HAZIRLANIYOR...,0,0,1108,172,0,1,0
1.3305,11263,Rest,HAZIRLANIYOR...,0,0,1206,167,0,0,0
1.3305,11264,Rest,HAZIRLANIYOR...,0,0,1272,154,0,6,0
1.3308,11265,Rest,HAZIRLANIYOR...,0,0,1308,134,0,16,2
1.3454,11266,Rest,HAZIRLANIYOR...,0,0,1314,107,0,12,1
1.3454,11267,Rest,HAZIRLANIYOR...,0,0,1286,74,44,2,0
1.3454,11268,Rest,HAZIRLANIYOR...,0,0,1219,41,131,4,2
1.3455,11269,Rest,HAZIRLANIYOR...,0,0,1113,9,210,11,11
1.3455,11270,Rest,HAZIRLANIYOR...,0,0,969,0,284,7,15
1.3455,11271,Rest,HAZIRLANIYOR...,0,0,786,0,360,0,7
1.3466,11272,Rest,HAZIRLANIYOR...,0,0,563,0,445,0,0
1.3466,11273,Rest,HAZIRLANIYOR...,0,22,306,0,539,2,0
1.3467,11274,Rest,HAZIRLANIYOR...,0,131,25,0,629,7,3
1.3467,11275,Rest,HAZIRLANIYOR...,0,239,0,0,700,5,8
1.3467,11276,Rest,HAZIRLANIYOR...,0,340,0,0,748,0,8
1.3468,11277,Rest,HAZIRLANIYOR...,0,434,0,0,765,0,0
1.3468,11278,Rest,HAZIRLANIYOR...,0,519,0,0,743,0,0
1.3468,11279,Rest,HAZIRLANIYOR...,0,591,0,0,696,1,0
1.3477,11280,Rest,HAZIRLANIYOR...,0,639,0,0,651,7,0
1.3477,11281,Rest,HAZIRLANIYOR...,0,664,0,0,610,1,1
1.3478,11282,Rest,HAZIRLANIYOR...,0,674,0,0,548,0,0
1.3492,11283,Rest,HAZIRLANIYOR...,0,671,0,0,443,0,0
1.3493,11284,Rest,HAZIRLANIYOR...,0,647,0,0,299,0,0
1.3493,11285,Rest,HAZIRLANIYOR...,0,601,0,0,137,0,0
1.3493,11286,Rest,HAZIRLANIYOR...,0,536,0,0,0,0,0
1.3493,11287,Rest,HAZIRLANIYOR...,0,458,0,0,0,0,0
1.3502,11288,Rest,HAZIRLANIYOR...,0,369,0,14,0,0,0
1.3502,11289,Rest,HAZIRLANIYOR...,0,269,0,39,0,0,0
1.3502,11290,Rest,HAZIRLANIYOR...,0,163,0,60,0,0,0
1.3502,11291,Rest,HAZIRLANIYOR...,0,55,0,78,0,2,4
1.3515,11292,Rest,HAZIRLANIYOR...,0,0,51,95,0,0,0
1.3523,11293,Rest,HAZIRLANIYOR...,0,0,288,111,0,0,0
1.3523,11294,Rest,HAZIRLANIYOR...,0,0,510,128,0,0,0
1.3524,11295,Rest,HAZIRLANIYOR...,0,0,713,143,0,0,0
1.3524,11296,Rest,HAZIRLANIYOR...,0,0,893,154,0,4,3
1.3524,11297,Rest,HAZIRLANIYOR...,0,0,1045,161,0,10,9
1.3534,11298,Rest,HAZIRLANIYOR...,0,0,1164,160,0,13,10
1.3534,11299,Rest,HAZIRLANIYOR...,0,0,1251,153,0,9,3
1.3534,11300,Rest,HAZIRLANIYOR...,0,0,1305,138,0,2,0
1.3541,11301,Rest,HAZIRLANIYOR...,0,0,1329,114,0,2,0
1.3541,11302,Rest,HAZIRLANIYOR...,0,0,1321,84,0,8,2
1.3541,11303,Rest,HAZIRLANIYOR...,0,0,1278,53,78,10,3
1.3541,11304,Rest,HAZIRLANIYOR...,0,0,1196,23,159,8,1
1.3542,11305,Rest,HAZIRLANIYOR...,0,0,1073,0,236,6,0
1.3542,11306,Rest,HAZIRLANIYOR...,0,0,910,0,312,6,0
1.3872,11307,Rest,HAZIRLANIYOR...,0,0,707,0,398,6,1
1.3872,11308,Rest,HAZIRLANIYOR...,0,0,463,0,506,6,1
1.3872,11309,Rest,HAZIRLANIYOR...,0,0,187,0,625,7,1
1.3872,11310,Rest,HAZIRLANIYOR...,0,60,0,0,726,6,1
1.3873,11311,Rest,HAZIRLANIYOR...,0,157,0,0,788,5,1
1.3873,11312,Rest,HAZIRLANIYOR...,0,247,0,0,807,4,1
1.3873,11313,Rest,HAZIRLANIYOR...,0,330,0,0,792,2,1
1.3895,11314,Rest,HAZIRLANIYOR...,0,403,0,0,770,0,0
1.3895,11315,Rest,HAZIRLANIYOR...,0,461,0,0,752,1,0
1.3895,11316,Rest,HAZIRLANIYOR...,0,501,0,0,703,1,0
1.3895,11317,Rest,HAZIRLANIYOR...,0,521,0,0,581,0,3
1.3895,11318,Rest,HAZIRLANIYOR...,0,522,0,0,400,0,7
1.3895,11319,Rest,HAZIRLANIYOR...,0,504,0,0,209,0,0
1.3895,11320,Rest,HAZIRLANIYOR...,0,465,0,0,33,0,0
1.3915,11321,Rest,HAZIRLANIYOR...,0,409,0,0,0,0,0
1.3916,11322,Rest,HAZIRLANIYOR...,0,339,0,0,0,0,0
1.3916,11323,Rest,HAZIRLANIYOR...,0,257,0,7,0,0,0
1.3918,11324,Rest,HAZIRLANIYOR...,0,165,0,32,0,0,0
1.3918,11325,Rest,HAZIRLANIYOR...,0,70,0,53,0,0,0
1.3918,11326,Rest,HAZIRLANIYOR...,0,0,0,71,0,0,0
1.3918,11327,Rest,HAZIRLANIYOR...,0,0,13,90,0,0,0
1.3918,11328,Rest,HAZIRLANIYOR...,0,0,248,109,0,0,0
1.3918,11329,Rest,HAZIRLANIYOR...,0,0,477,126,0,0,0
1.3919,11330,Rest,HAZIRLANIYOR...,0,0,683,139,0,0,0
1.3919,11331,Rest,HAZIRLANIYOR...,0,0,860,150,0,1,4
1.3919,11332,Rest,HAZIRLANIYOR...,0,0,1012,160,0,3,10
1.3919,11333,Rest,HAZIRLANIYOR...,0,0,1137,164,0,5,12
1.3919,11334,Rest,HAZIRLANIYOR...,0,0,1228,161,0,8,6
1.3919,11335,Rest,HAZIRLANIYOR...,0,0,1288,150,0,11,0
1.3919,11336,Rest,HAZIRLANIYOR...,0,0,1320,132,0,10,0
1.3919,11337,Rest,HAZIRLANIYOR...,0,0,1323,105,0,8,3
1.3919,11338,Rest,HAZIRLANIYOR...,0,0,1292,73,55,7,6
1.3920,11339,Rest,HAZIRLANIYOR...,0,0,1224,40,141,13,6
1.3920,11340,Rest,HAZIRLANIYOR...,0,0,1118,10,223,21,5
1.3920,11341,Rest,HAZIRLANIYOR...,0,0,974,0,299,20,3
1.3920,11342,Rest,HAZIRLANIYOR...,0,0,786,0,369,6,0
1.3920,11343,Rest,HAZIRLANIYOR...,0,0,549,0,446,0,0
1.3920,11344,Rest,HAZIRLANIYOR...,0,42,275,0,542,0,0
1.3920,11345,Rest,HAZIRLANIYOR...,0,139,0,0,639,2,1
1.3920,11346,Rest,HAZIRLANIYOR...,0,239,0,0,715,5,2
1.3920,11347,Rest,HAZIRLANIYOR...,0,334,0,0,756,3,1
1.3920,11348,Rest,HAZIRLANIYOR...,0,423,0,0,756,1,0
1.3921,11349,Rest,HAZIRLANIYOR...,0,503,0,0,723,2,0
1.3921,11350,Rest,HAZIRLANIYOR...,0,567,0,0,680,3,0
1.3921,11351,Rest,HAZIRLANIYOR...,0,613,0,0,642,1,5
1.3921,11352,Rest,HAZIRLANIYOR...,0,640,0,0,603,0,11
1.3921,11353,Rest,HAZIRLANIYOR...,0,650,0,0,542,0,4
1.3921,11354,Rest,HAZIRLANIYOR...,0,642,0,0,439,0,0
1.3921,11355,Rest,HAZIRLANIYOR...,0,614,0,0,290,0,0
1.3921,11356,Rest,HAZIRLANIYOR...,0,564,0,0,120,0,0
1.3921,11357,Rest,HAZIRLANIYOR...,0,498,0,0,0,0,2
1.3922,11358,Rest,HAZIRLANIYOR...,0,422,0,1,0,0,5
1.3922,11359,Rest,HAZIRLANIYOR...,0,336,0,25,0,0,0
1.3922,11360,Rest,HAZIRLANIYOR...,0,241,0,47,0,0,0
1.3922,11361,Rest,HAZIRLANIYOR...,0,143,0,67,0,0,0
1.3922,11362,Rest,HAZIRLANIYOR...,0,43,0,84,0,0,0
1.3922,11363,Rest,HAZIRLANIYOR...,0,0,63,98,0,3,0
1.3922,11364,Rest,HAZIRLANIYOR...,0,0,298,111,0,0,0
1.3922,11365,Rest,HAZIRLANIYOR...,0,0,518,123,0,0,0
1.3923,11366,Rest,HAZIRLANIYOR...,0,0,722,136,0,0,2
1.3923,11367,Rest,HAZIRLANIYOR...,0,0,908,145,0,0,5
1.3923,11368,Rest,HAZIRLANIYOR...,0,0,1063,150,0,2,4
1.3923,11369,Rest,HAZIRLANIYOR...,0,0,1178,148,0,2,0
1.3923,11370,Rest,HAZIRLANIYOR...,0,0,1256,139,0,4,0
1.3924,11371,Rest,HAZIRLANIYOR...,0,0,1309,122,0,6,0
1.3924,11372,Rest,HAZIRLANIYOR...,0,0,1337,99,0,9,1
1.3924,11373,Rest,HAZIRLANIYOR...,0,0,1329,72,2,9,2
1.3925,11374,Rest,HAZIRLANIYOR...,0,0,1281,42,87,8,3
1.3925,11375,Rest,HAZIRLANIYOR...,0,0,1197,13,166,7,3
1.4079,11376,Rest,HAZIRLANIYOR...,0,0,1075,0,241,6,3
1.4080,11377,Rest,HAZIRLANIYOR...,0,0,913,0,316,5,2
1.4080,11378,Rest,HAZIRLANIYOR...,0,0,708,0,393,4,1
1.4087,11379,Rest,HAZIRLANIYOR...,0,0,464,0,481,5,1
1.4087,11380,Rest,HAZIRLANIYOR...,0,1,194,0,573,6,1
1.4087,11381,Rest,HAZIRLANIYOR...,0,100,0,0,653,5,1
1.4087,11382,Rest,HAZIRLANIYOR...,0,197,0,0,711,3,0
1.4087,11383,Rest,HAZIRLANIYOR...,0,287,0,0,740,2,0
1.4087,11384,Rest,HAZIRLANIYOR...,0,369,0,0,730,0,0
1.4088,11385,Rest,HAZIRLANIYOR...,0,437,0,0,683,0,0
1.4088,11386,Rest,HAZIRLANIYOR...,0,486,0,0,627,0,1
1.4095,11387,Rest,HAZIRLANIYOR...,0,514,0,0,583,0,0
1.4095,11388,Rest,HAZIRLANIYOR...,0,525,0,0,538,0,0
1.4095,11389,Rest,HAZIRLANIYOR...,0,519,0,0,464,0,0
1.4095,11390,Rest,HAZIRLANIYOR...,0,492,0,0,350,0,0
1.4095,11391,Rest,HAZIRLANIYOR...,0,446,0,0,197,0,0
1.4096,11392,Rest,HAZIRLANIYOR...,0,391,0,0,18,0,0
1.4096,11393,Rest,HAZIRLANIYOR...,0,326,0,0,0,0,0
1.4096,11394,Rest,HAZIRLANIYOR...,0,243,0,17,0,0,0
1.4096,11395,Rest,HAZIRLANIYOR...,0,145,0,40,0,0,2
1.4096,11396,Rest,HAZIRLANIYOR...,0,45,0,57,0,0,0
1.4102,11397,Rest,HAZIRLANIYOR...,0,0,0,75,0,0,0
1.4102,11398,Rest,HAZIRLANIYOR...,0,0,0,93,0,0,0
1.4102,11399,Rest,HAZIRLANIYOR...,0,0,202,108,0,0,0
1.4102,11400,Rest,HAZIRLANIYOR...,0,0,426,122,0,0,0
1.4108,11401,Rest,HAZIRLANIYOR...,0,0,636,136,0,0,0
1.4109,11402,Rest,HAZIRLANIYOR...,0,0,827,148,0,0,0
1.4124,11403,Rest,HAZIRLANIYOR...,0,0,990,154,0,10,1
1.4125,11404,Rest,HAZIRLANIYOR...,0,0,1118,154,0,8,3
1.4125,11405,Rest,HAZIRLANIYOR...,0,0,1212,148,0,0,4
1.4125,11406,Rest,HAZIRLANIYOR...,0,0,1277,136,0,0,4
1.4126,11407,Rest,HAZIRLANIYOR...,0,0,1314,117,0,5,4
1.4126,11408,Rest,HAZIRLANIYOR...,0,0,1320,90,0,9,3
1.4131,11409,Rest,HAZIRLANIYOR...,0,0,1287,59,35,8,2
1.4132,11410,Rest,HAZIRLANIYOR...,0,0,1213,30,126,6,0
1.4133,11411,Rest,HAZIRLANIYOR...,0,0,1102,4,209,5,0
1.4356,11412,Rest,HAZIRLANIYOR...,0,0,955,0,280,5,0
1.4357,11413,Rest,HAZIRLANIYOR...,0,0,769,0,353,8,0
1.4357,11414,Rest,HAZIRLANIYOR...,0,0,542,0,451,10,3
1.4357,11415,Rest,HAZIRLANIYOR...,0,21,278,0,576,10,5
1.4357,11416,Rest,HAZIRLANIYOR...,0,126,0,0,696,9,4
1.4358,11417,Rest,HAZIRLANIYOR...,0,229,0,0,782,7,2
1.4358,11418,Rest,HAZIRLANIYOR...,0,330,0,0,825,5,1
1.4358,11419,Rest,HAZIRLANIYOR...,0,421,0,0,827,3,1
1.4358,11420,Rest,HAZIRLANIYOR...,0,498,0,0,804,1,1
1.4358,11421,Rest,HAZIRLANIYOR...,0,560,0,0,776,0,1
1.4358,11422,Rest,HAZIRLANIYOR...,0,605,0,0,733,0,0
1.4359,11423,Rest,HAZIRLANIYOR...,0,630,0,0,634,0,0
1.4359,11424,Rest,HAZIRLANIYOR...,0,635,0,0,470,0,2
1.4437,11425,Rest,HAZIRLANIYOR...,0,621,0,0,282,0,5
1.4437,11426,Rest,HAZIRLANIYOR...,0,592,0,0,104,0,0
1.4437,11427,Rest,HAZIRLANIYOR...,0,544,0,0,0,0,0
1.4437,11428,Rest,HAZIRLANIYOR...,0,477,0,0,0,0,0
1.4438,11429,Rest,HAZIRLANIYOR...,0,396,0,0,0,0,0
1.4438,11430,Rest,HAZIRLANIYOR...,0,313,0,12,0,0,0
1.4438,11431,Rest,HAZIRLANIYOR...,0,227,0,36,0,0,0
1.4438,11432,Rest,HAZIRLANIYOR...,0,136,0,56,0,0,0
1.4438,11433,Rest,HAZIRLANIYOR...,0,39,0,75,0,0,0
1.4438,11434,Rest,HAZIRLANIYOR...,0,0,173,93,0,0,0
1.4439,11435,Rest,HAZIRLANIYOR...,0,0,397,111,0,0,0
1.4439,11436,Rest,HAZIRLANIYOR...,0,0,607,130,0,0,0
1.4439,11437,Rest,HAZIRLANIYOR...,0,0,796,146,0,0,1
1.4439,11438,Rest,HAZIRLANIYOR...,0,0,962,158,0,3,1
1.4439,11439,Rest,HAZIRLANIYOR...,0,0,1098,163,0,6,1
1.4439,11440,Rest,HAZIRLANIYOR...,0,0,1199,163,0,5,0
1.4439,11441,Rest,HAZIRLANIYOR...,0,0,1267,157,0,6,0
1.4440,11442,Rest,HAZIRLANIYOR...,0,0,1307,143,0,9,0
1.4440,11443,Rest,HAZIRLANIYOR...,0,0,1317,119,0,12,7
1.4440,11444,Rest,HAZIRLANIYOR...,0,0,1294,90,26,14,14
1.4440,11445,Rest,HAZIRLANIYOR...,0,0,1235,62,115,14,15
1.4440,11446,Rest,HAZIRLANIYOR...,0,0,1140,35,199,11,11
1.4440,11447,Rest,HAZIRLANIYOR...,0,0,1005,9,278,8,9
1.4442,11448,Rest,HAZIRLANIYOR...,0,0,829,0,352,10,7
1.4442,11449,Rest,HAZIRLANIYOR...,0,0,614,0,433,14,1
1.4442,11450,Rest,HAZIRLANIYOR...,0,0,364,0,541,12,0
1.4442,11451,Rest,HAZIRLANIYOR...,0,74,84,0,666,4,0
1.4442,11452,Rest,HAZIRLANIYOR...,0,175,0,0,775,1,0
1.4443,11453,Rest,HAZIRLANIYOR...,0,274,0,0,843,3,0
1.4443,11454,Rest,HAZIRLANIYOR...,0,365,0,0,864,4,2
1.4443,11455,Rest,HAZIRLANIYOR...,0,444,0,0,852,2,6
1.4443,11456,Rest,HAZIRLANIYOR...,0,508,0,0,828,1,1
1.4443,11457,Rest,HAZIRLANIYOR...,0,554,0,0,796,1,0
1.4443,11458,Rest,HAZIRLANIYOR...,0,580,0,0,729,0,0
1.4444,11459,Rest,HAZIRLANIYOR...,0,587,0,0,596,0,0
1.4444,11460,Rest,HAZIRLANIYOR...,0,574,0,0,414,0,0
1.4444,11461,Rest,HAZIRLANIYOR...,0,538,0,0,225,0,3
1.4445,11462,Rest,HAZIRLANIYOR...,0,483,0,0,50,0,8
1.4445,11463,Rest,HAZIRLANIYOR...,0,413,0,0,0,0,0
1.4445,11464,Rest,HAZIRLANIYOR...,0,335,0,0,0,0,0
1.4445,11465,Rest,HAZIRLANIYOR...,0,248,0,0,0,0,0
1.4445,11466,Rest,HAZIRLANIYOR...,0,151,0,11,0,0,0
1.4447,11467,Rest,HAZIRLANIYOR...,0,49,0,33,0,0,0
1.4558,11468,Rest,HAZIRLANIYOR...,0,0,0,56,0,0,0
1.4559,11469,Rest,HAZIRLANIYOR...,0,0,48,78,0,0,0
1.4560,11470,Rest,HAZIRLANIYOR...,0,0,277,100,0,0,0
1.4560,11471,Rest,HAZIRLANIYOR...,0,0,498,121,0,1,0
1.4560,11472,Rest,HAZIRLANIYOR...,0,0,700,138,0,12,2
1.4560,11473,Rest,HAZIRLANIYOR...,0,0,877,151,0,12,8
1.4560,11474,Rest,HAZIRLANIYOR...,0,0,1026,161,0,3,11
1.4561,11475,Rest,HAZIRLANIYOR...,0,0,1147,164,0,0,4
1.4561,11476,Rest,HAZIRLANIYOR...,0,0,1236,161,0,5,0
1.4561,11477,Rest,HAZIRLANIYOR...,0,0,1294,151,0,5,0
1.4561,11478,Rest,HAZIRLANIYOR...,0,0,1324,134,0,0,2
1.4561,11479,Rest,HAZIRLANIYOR...,0,0,1320,109,0,0,3
1.4561,11480,Rest,HAZIRLANIYOR...,0,0,1279,78,70,0,0
1.4562,11481,Rest,HAZIRLANIYOR...,0,0,1201,47,151,3,0
1.4562,11482,Rest,HAZIRLANIYOR...,0,0,1090,19,226,10,6
1.4562,11483,Rest,HAZIRLANIYOR...,0,0,943,0,302,17,11
1.4562,11484,Rest,HAZIRLANIYOR...,0,0,755,0,389,17,4
1.4562,11485,Rest,HAZIRLANIYOR...,0,0,528,0,498,11,0
1.4563,11486,Rest,HAZIRLANIYOR...,0,0,264,0,611,5,0
1.4563,11487,Rest,HAZIRLANIYOR...,0,88,0,0,702,5,0
1.4567,11488,Rest,HAZIRLANIYOR...,0,196,0,0,767,10,0
1.4569,11489,Rest,HAZIRLANIYOR...,0,304,0,0,808,8,0
1.4728,11490,Rest,HAZIRLANIYOR...,0,403,0,0,820,3,0
1.4739,11491,Rest,HAZIRLANIYOR...,0,486,0,0,803,1,0
1.4740,11492,Rest,HAZIRLANIYOR...,0,550,0,0,775,0,0
1.4740,11493,Rest,HAZIRLANIYOR...,0,594,0,0,739,0,0
1.4741,11494,Rest,HAZIRLANIYOR...,0,620,0,0,659,0,1
1.4749,11495,Rest,HAZIRLANIYOR...,0,628,0,0,506,0,1
1.4749,11496,Rest,HAZIRLANIYOR...,0,615,0,0,305,0,0
1.4749,11497,Rest,HAZIRLANIYOR...,0,580,0,0,107,0,0
1.4749,11498,Rest,HAZIRLANIYOR...,0,523,0,0,0,0,0
1.4750,11499,Rest,HAZIRLANIYOR...,0,451,0,0,0,0,0
1.4750,11500,Rest,HAZIRLANIYOR...,0,369,0,0,0,0,0
1.4750,11501,Rest,HAZIRLANIYOR...,0,280,0,0,0,0,2
1.4750,11502,Rest,HAZIRLANIYOR...,0,189,0,25,0,0,5
1.4750,11503,Rest,HAZIRLANIYOR...,0,95,0,50,0,0,4
1.4751,11504,Rest,HAZIRLANIYOR...,0,0,0,74,0,0,2
1.4751,11505,Rest,HAZIRLANIYOR...,0,0,160,98,0,0,3
1.4751,11506,Rest,HAZIRLANIYOR...,0,0,384,119,0,0,0
1.4751,11507,Rest,HAZIRLANIYOR...,0,0,594,138,0,0,0
1.4751,11508,Rest,HAZIRLANIYOR...,0,0,784,156,0,0,0
1.4752,11509,Rest,HAZIRLANIYOR...,0,0,947,170,0,8,0
1.4752,11510,Rest,HAZIRLANIYOR...,0,0,1078,177,0,17,0
1.4752,11511,Rest,HAZIRLANIYOR...,0,0,1176,174,0,13,0
1.4752,11512,Rest,HAZIRLANIYOR...,0,0,1246,164,0,6,0
1.4752,11513,Rest,HAZIRLANIYOR...,0,0,1288,147,0,6,0
1.4752,11514,Rest,HAZIRLANIYOR...,0,0,1300,121,0,12,2
1.4753,11515,Rest,HAZIRLANIYOR...,0,0,1278,89,32,14,2
1.4763,11516,Rest,HAZIRLANIYOR...,0,0,1219,59,116,12,2
1.4775,11517,Rest,HAZIRLANIYOR...,0,0,1125,32,191,9,0
1.4776,11518,Rest,HAZIRLANIYOR...,0,0,996,5,263,8,0
1.4776,11519,Rest,HAZIRLANIYOR...,0,0,828,0,339,6,0
1.4776,11520,Rest,HAZIRLANIYOR...,0,0,620,0,425,6,1
1.4776,11521,Rest,HAZIRLANIYOR...,0,0,376,0,527,8,4
1.4777,11522,Rest,HAZIRLANIYOR...,0,14,105,0,632,10,3
1.4790,11523,Rest,HAZIRLANIYOR...,0,106,0,0,721,10,2
1.4792,11524,Rest,HAZIRLANIYOR...,0,199,0,0,781,9,5
1.4793,11525,Rest,HAZIRLANIYOR...,0,288,0,0,798,7,8
1.4793,11526,Rest,HAZIRLANIYOR...,0,370,0,0,776,4,4
1.4798,11527,Rest,HAZIRLANIYOR...,0,440,0,0,746,2,0
1.4799,11528,Rest,HAZIRLANIYOR...,0,493,0,0,731,3,0
1.4799,11529,Rest,HAZIRLANIYOR...,0,530,0,0,700,8,0
1.5021,11530,Rest,HAZIRLANIYOR...,0,551,0,0,605,7,0
1.5022,11531,Rest,HAZIRLANIYOR...,0,551,0,0,440,0,0
1.5022,11532,Rest,HAZIRLANIYOR...,0,527,0,0,245,0,1
1.5022,11533,Rest,HAZIRLANIYOR...,0,483,0,0,59,0,2
1.5022,11534,Rest,HAZIRLANIYOR...,0,423,0,0,0,0,0
1.5022,11535,Rest,HAZIRLANIYOR...,0,348,0,0,0,0,0
1.5022,11536,Rest,HAZIRLANIYOR...,0,260,0,1,0,0,0
1.5022,11537,Rest,HAZIRLANIYOR...,0,162,0,28,0,0,0
1.5023,11538,Rest,HAZIRLANIYOR...,0,63,0,53,0,0,0
1.5023,11539,Rest,HAZIRLANIYOR...,0,0,0,75,0,0,0
1.5023,11540,Rest,HAZIRLANIYOR...,0,0,31,97,0,0,0
1.5023,11541,Rest,HAZIRLANIYOR...,0,0,259,118,0,0,0
1.5023,11542,Rest,HAZIRLANIYOR...,0,0,476,138,0,0,0
1.5023,11543,Rest,HAZIRLANIYOR...,0,0,675,156,0,0,0
1.5054,11544,Rest,HAZIRLANIYOR...,0,0,850,169,0,3,0
1.5056,11545,Rest,HAZIRLANIYOR...,0,0,997,176,0,9,0
1.5056,11546,Rest,HAZIRLANIYOR...,0,0,1114,175,0,13,3
1.5056,11547,Rest,HAZIRLANIYOR...,0,0,1200,167,0,19,9
1.5057,11548,Rest,HAZIRLANIYOR...,0,0,1258,155,0,21,13
1.5057,11549,Rest,HAZIRLANIYOR...,0,0,1288,136,0,12,6
1.5057,11550,Rest,HAZIRLANIYOR...,0,0,1284,112,0,3,0
1.5057,11551,Rest,HAZIRLANIYOR...,0,0,1243,81,87,3,0
1.5057,11552,Rest,HAZIRLANIYOR...,0,0,1167,48,166,8,3
1.5098,11553,Rest,HAZIRLANIYOR...,0,0,1055,18,240,8,7
1.5098,11554,Rest,HAZIRLANIYOR...,0,0,904,0,311,5,7
1.5099,11555,Rest,HAZIRLANIYOR...,0,0,713,0,385,3,1
1.5122,11556,Rest,HAZIRLANIYOR...,0,0,488,0,470,5,0
1.5122,11557,Rest,HAZIRLANIYOR...,0,36,233,0,564,9,0
1.5123,11558,Rest,HAZIRLANIYOR...,0,140,0,0,651,11,0
1.5123,11559,Rest,HAZIRLANIYOR...,0,243,0,0,713,4,0
1.5123,11560,Rest,HAZIRLANIYOR...,0,338,0,0,739,0,1
1.5142,11561,Rest,HAZIRLANIYOR...,0,423,0,0,733,0,0
1.5142,11562,Rest,HAZIRLANIYOR...,0,497,0,0,703,2,0
1.5143,11563,Rest,HAZIRLANIYOR...,0,558,0,0,660,6,0
1.5143,11564,Rest,HAZIRLANIYOR...,0,603,0,0,615,0,4
1.5143,11565,Rest,HAZIRLANIYOR...,0,629,0,0,568,0,11
1.5143,11566,Rest,HAZIRLANIYOR...,0,637,0,0,500,0,5
1.5143,11567,Rest,HAZIRLANIYOR...,0,630,0,0,390,0,0
1.5143,11568,Rest,HAZIRLANIYOR...,0,604,0,0,240,0,0
1.5143,11569,Rest,HAZIRLANIYOR...,0,557,0,0,73,0,0
1.5144,11570,Rest,HAZIRLANIYOR...,0,490,0,0,0,0,6
1.5144,11571,Rest,HAZIRLANIYOR...,0,410,0,0,0,0,2
1.5144,11572,Rest,HAZIRLANIYOR...,0,322,0,12,0,0,0
1.5144,11573,Rest,HAZIRLANIYOR...,0,230,0,39,0,0,0
1.5144,11574,Rest,HAZIRLANIYOR...,0,130,0,63,0,0,0
1.5144,11575,Rest,HAZIRLANIYOR...,0,24,0,85,0,0,0
1.5144,11576,Rest,HAZIRLANIYOR...,0,0,113,107,0,0,0
1.5145,11577,Rest,HAZIRLANIYOR...,0,0,339,128,0,0,2
1.5145,11578,Rest,HAZIRLANIYOR...,0,0,551,146,0,0,6
1.5145,11579,Rest,HAZIRLANIYOR...,0,0,744,158,0,0,2
1.5145,11580,Rest,HAZIRLANIYOR...,0,0,912,166,0,0,0
1.5145,11581,Rest,HAZIRLANIYOR...,0,0,1050,171,0,1,0
1.5145,11582,Rest,HAZIRLANIYOR...,0,0,1158,171,0,7,0
1.5145,11583,Rest,HAZIRLANIYOR...,0,0,1233,163,0,10,0
1.5145,11584,Rest,HAZIRLANIYOR...,0,0,1279,145,0,10,0
1.5145,11585,Rest,HAZIRLANIYOR...,0,0,1298,120,0,11,0
1.5145,11586,Rest,HAZIRLANIYOR...,0,0,1284,92,34,12,4
1.5145,11587,Rest,HAZIRLANIYOR...,0,0,1230,64,120,12,7
1.5145,11588,Rest,HAZIRLANIYOR...,0,0,1136,34,197,12,6
1.5145,11589,Rest,HAZIRLANIYOR...,0,0,1006,1,272,11,5
1.5145,11590,Rest,HAZIRLANIYOR...,0,0,838,0,349,9,6
1.5146,11591,Rest,HAZIRLANIYOR...,0,0,632,0,434,8,4
1.5188,11592,Rest,HAZIRLANIYOR...,0,0,391,0,527,7,1
1.5189,11593,Rest,HAZIRLANIYOR...,0,52,123,0,614,7,1
1.5189,11594,Rest,HAZIRLANIYOR...,0,148,0,0,683,6,2
1.5189,11595,Rest,HAZIRLANIYOR...,0,245,0,0,728,4,3
1.5189,11596,Rest,HAZIRLANIYOR...,0,335,0,0,744,3,1
1.5190,11597,Rest,HAZIRLANIYOR...,0,412,0,0,725,0,0
1.5190,11598,Rest,HAZIRLANIYOR...,0,472,0,0,681,0,0
1.5190,11599,Rest,HAZIRLANIYOR...,0,515,0,0,632,0,0
1.5352,11600,Rest,HAZIRLANIYOR...,0,539,0,0,588,0,0
1.5365,11601,Rest,HAZIRLANIYOR...,0,545,0,0,531,1,2
1.5365,11602,Rest,HAZIRLANIYOR...,0,532,0,0,436,1,0
1.5366,11603,Rest,HAZIRLANIYOR...,0,501,0,0,298,0,0
1.5366,11604,Rest,HAZIRLANIYOR...,0,453,0,0,135,0,0
1.5366,11605,Rest,HAZIRLANIYOR...,0,388,0,0,0,0,0
1.5366,11606,Rest,HAZIRLANIYOR...,0,311,0,0,0,0,0
1.5366,11607,Rest,HAZIRLANIYOR...,0,224,0,0,0,0,0
1.5366,11608,Rest,HAZIRLANIYOR...,0,129,0,28,0,0,0
1.5377,11609,Rest,HAZIRLANIYOR...,0,28,0,55,0,0,0
1.5378,11610,Rest,HAZIRLANIYOR...,0,0,0,80,0,0,0
1.5392,11611,Rest,HAZIRLANIYOR...,0,0,1,102,0,0,0
1.5392,11612,Rest,HAZIRLANIYOR...,0,0,228,120,0,0,4
1.5393,11613,Rest,HAZIRLANIYOR...,0,0,449,138,0,0,8
1.5394,11614,Rest,HAZIRLANIYOR...,0,0,655,155,0,4,2
1.5395,11615,Rest,HAZIRLANIYOR...,0,0,837,170,0,4,0
1.5395,11616,Rest,HAZIRLANIYOR...,0,0,990,179,0,0,0
1.5395,11617,Rest,HAZIRLANIYOR...,0,0,1111,180,0,0,10
1.5395,11618,Rest,HAZIRLANIYOR...,0,0,1202,173,0,2,7
1.5395,11619,Rest,HAZIRLANIYOR...,0,0,1265,161,0,4,0
1.5395,11620,Rest,HAZIRLANIYOR...,0,0,1297,140,0,4,0
1.5395,11621,Rest,HAZIRLANIYOR...,0,0,1297,112,0,6,0
1.5395,11622,Rest,HAZIRLANIYOR...,0,0,1258,81,72,10,1
1.5395,11623,Rest,HAZIRLANIYOR...,0,0,1179,51,158,11,3
1.5396,11624,Rest,HAZIRLANIYOR...,0,0,1062,20,237,10,8
1.5396,11625,Rest,HAZIRLANIYOR...,0,0,909,0,315,6,11
1.5396,11626,Rest,HAZIRLANIYOR...,0,0,719,0,396,4,5
1.5396,11627,Rest,HAZIRLANIYOR...,0,0,495,0,488,4,0
1.5399,11628,Rest,HAZIRLANIYOR...,0,40,241,0,591,6,0
1.5399,11629,Rest,HAZIRLANIYOR...,0,145,0,0,682,7,0
1.5400,11630,Rest,HAZIRLANIYOR...,0,251,0,0,740,5,8
1.5406,11631,Rest,HAZIRLANIYOR...,0,351,0,0,765,2,9
1.5406,11632,Rest,HAZIRLANIYOR...,0,438,0,0,763,0,0
1.5406,11633,Rest,HAZIRLANIYOR...,0,511,0,0,732,0,0
1.5407,11634,Rest,HAZIRLANIYOR...,0,566,0,0,683,0,0
1.5407,11635,Rest,HAZIRLANIYOR...,0,599,0,0,634,0,0
1.5412,11636,Rest,HAZIRLANIYOR...,0,616,0,0,583,0,0
1.5414,11637,Rest,HAZIRLANIYOR...,0,618,0,0,508,0,3
1.5416,11638,Rest,HAZIRLANIYOR...,0,601,0,0,390,0,4
1.5419,11639,Rest,HAZIRLANIYOR...,0,563,0,0,235,0,0
1.5763,11640,Rest,HAZIRLANIYOR...,0,506,0,0,63,0,0
1.5764,11641,Rest,HAZIRLANIYOR...,0,433,0,0,0,0,0
1.5764,11642,Rest,HAZIRLANIYOR...,0,349,0,0,0,0,0
1.5764,11643,Rest,HAZIRLANIYOR...,0,259,0,14,0,0,0
1.5765,11644,Rest,HAZIRLANIYOR...,0,164,0,41,0,0,0
1.5765,11645,Rest,HAZIRLANIYOR...,0,67,0,65,0,0,0
1.5765,11646,Rest,HAZIRLANIYOR...,0,0,0,87,0,0,0
1.5765,11647,Rest,HAZIRLANIYOR...,0,0,124,107,0,0,6
1.5766,11648,Rest,HAZIRLANIYOR...,0,0,355,128,0,0,2
1.5766,11649,Rest,HAZIRLANIYOR...,0,0,570,149,0,0,0
1.5822,11650,Rest,HAZIRLANIYOR...,0,0,763,166,0,0,0
1.5823,11651,Rest,HAZIRLANIYOR...,0,0,929,175,0,0,0
1.5823,11652,Rest,HAZIRLANIYOR...,0,0,1066,179,0,0,0
1.5823,11653,Rest,HAZIRLANIYOR...,0,0,1172,179,0,6,0
1.5823,11654,Rest,HAZIRLANIYOR...,0,0,1247,172,0,10,0
1.5823,11655,Rest,HAZIRLANIYOR...,0,0,1293,154,0,11,2
1.5823,11656,Rest,HAZIRLANIYOR...,0,0,1309,129,0,12,3
1.5823,11657,Rest,HAZIRLANIYOR...,0,0,1289,100,21,12,1
1.5823,11658,Rest,HAZIRLANIYOR...,0,0,1229,70,112,11,1
1.5823,11659,Rest,HAZIRLANIYOR...,0,0,1132,38,196,10,2
1.5823,11660,Rest,HAZIRLANIYOR...,0,0,998,4,276,9,2
1.5824,11661,Rest,HAZIRLANIYOR...,0,0,826,0,356,9,1
1.5824,11662,Rest,HAZIRLANIYOR...,0,0,616,0,443,9,2
1.5849,11663,Rest,HAZIRLANIYOR...,0,0,378,0,540,10,3
1.5849,11664,Rest,HAZIRLANIYOR...,0,64,118,0,637,9,3
1.5849,11665,Rest,HAZIRLANIYOR...,0,163,0,0,716,4,2
1.5849,11666,Rest,HAZIRLANIYOR...,0,261,0,0,765,2,2
1.5850,11667,Rest,HAZIRLANIYOR...,0,351,0,0,780,7,3
1.5850,11668,Rest,HAZIRLANIYOR...,0,428,0,0,757,11,5
1.5850,11669,Rest,HAZIRLANIYOR...,0,490,0,0,712,3,5
1.5850,11670,Rest,HAZIRLANIYOR...,0,536,0,0,666,0,5
1.5850,11671,Rest,HAZIRLANIYOR...,0,564,0,0,625,0,2
1.5850,11672,Rest,HAZIRLANIYOR...,0,575,0,0,563,0,0
1.5850,11673,Rest,HAZIRLANIYOR...,0,567,0,0,462,0,0
1.5874,11674,Rest,HAZIRLANIYOR...,0,541,0,0,326,0,0
1.5875,11675,Rest,HAZIRLANIYOR...,0,496,0,0,164,0,0
1.5875,11676,Rest,HAZIRLANIYOR...,0,434,0,0,0,0,0
1.5875,11677,Rest,HAZIRLANIYOR...,0,359,0,0,0,0,0
1.5875,11678,Rest,HAZIRLANIYOR...,0,276,0,0,0,0,2
1.5875,11679,Rest,HAZIRLANIYOR...,0,185,0,23,0,0,3
1.5876,11680,Rest,HAZIRLANIYOR...,0,87,0,46,0,0,1
1.5876,11681,Rest,HAZIRLANIYOR...,0,0,0,68,0,0,0
1.5876,11682,Rest,HAZIRLANIYOR...,0,0,1,90,0,0,0
1.5876,11683,Rest,HAZIRLANIYOR...,0,0,234,111,0,0,0
1.5876,11684,Rest,HAZIRLANIYOR...,0,0,457,130,0,0,0
1.5877,11685,Rest,HAZIRLANIYOR...,0,0,662,148,0,0,0
1.5877,11686,Rest,HAZIRLANIYOR...,0,0,841,163,0,0,0
1.5877,11687,Rest,HAZIRLANIYOR...,0,0,994,173,0,0,0
1.5877,11688,Rest,HAZIRLANIYOR...,0,0,1118,175,0,2,2
1.5877,11689,Rest,HAZIRLANIYOR...,0,0,1212,169,0,6,4
1.5877,11690,Rest,HAZIRLANIYOR...,0,0,1276,157,0,10,4
1.5878,11691,Rest,HAZIRLANIYOR...,0,0,1309,136,0,11,2
1.5878,11692,Rest,HAZIRLANIYOR...,0,0,1309,110,0,10,0
1.5878,11693,Rest,HAZIRLANIYOR...,0,0,1271,81,58,8,3
1.5878,11694,Rest,HAZIRLANIYOR...,0,0,1193,52,146,10,5
1.5878,11695,Rest,HAZIRLANIYOR...,0,0,1078,22,224,16,4
1.5880,11696,Rest,HAZIRLANIYOR...,0,0,925,0,297,19,1
1.5880,11697,Rest,HAZIRLANIYOR...,0,0,736,0,377,12,1
1.5880,11698,Rest,HAZIRLANIYOR...,0,0,512,0,475,2,3
1.5880,11699,Rest,HAZIRLANIYOR...,0,15,255,0,581,1,4
1.5881,11700,Rest,HAZIRLANIYOR...,0,118,0,0,673,5,3
1.5881,11701,Rest,HAZIRLANIYOR...,0,219,0,0,738,7,1
1.5881,11702,Rest,HAZIRLANIYOR...,0,318,0,0,770,9,1
1.5881,11703,Rest,HAZIRLANIYOR...,0,409,0,0,766,9,0
1.5881,11704,Rest,HAZIRLANIYOR...,0,487,0,0,732,2,0
1.5881,11705,Rest,HAZIRLANIYOR...,0,550,0,0,689,0,0
1.5882,11706,Rest,HAZIRLANIYOR...,0,596,0,0,655,0,0
1.5882,11707,Rest,HAZIRLANIYOR...,0,622,0,0,618,0,0
1.5882,11708,Rest,HAZIRLANIYOR...,0,629,0,0,539,0,0
1.5882,11709,Rest,HAZIRLANIYOR...,0,618,0,0,400,0,4
1.5883,11710,Rest,HAZIRLANIYOR...,0,589,0,0,230,0,7
1.5884,11711,Rest,HAZIRLANIYOR...,0,541,0,0,63,0,1
1.5884,11712,Rest,HAZIRLANIYOR...,0,474,0,0,0,0,0
1.5885,11713,Rest,HAZIRLANIYOR...,0,390,0,0,0,0,0
1.5885,11714,Rest,HAZIRLANIYOR...,0,297,0,18,0,0,0
1.5885,11715,Rest,HAZIRLANIYOR...,0,199,0,46,0,0,0
1.5885,11716,Rest,HAZIRLANIYOR...,0,98,0,68,0,0,0
1.5886,11717,Rest,HAZIRLANIYOR...,0,0,0,87,0,0,0
1.5886,11718,Rest,HAZIRLANIYOR...,0,0,133,106,0,0,0
1.5886,11719,Rest,HAZIRLANIYOR...,0,0,364,126,0,0,0
1.5886,11720,Rest,HAZIRLANIYOR...,0,0,577,143,0,0,0
1.5886,11721,Rest,HAZIRLANIYOR...,0,0,770,157,0,0,0
1.5887,11722,Rest,HAZIRLANIYOR...,0,0,939,166,0,0,0
1.5997,11723,Rest,HAZIRLANIYOR...,0,0,1078,170,0,2,0
1.5999,11724,Rest,HAZIRLANIYOR...,0,0,1183,168,0,5,1
1.5999,11725,Rest,HAZIRLANIYOR...,0,0,1255,157,0,7,1
1.6000,11726,Rest,HAZIRLANIYOR...,0,0,1298,139,0,9,0
1.6002,11727,Rest,HAZIRLANIYOR...,0,0,1312,114,0,10,0
1.6003,11728,Rest,HAZIRLANIYOR...,0,0,1295,83,5,10,0
1.6003,11729,Rest,HAZIRLANIYOR...,0,0,1238,51,95,11,0
1.6003,11730,Rest,HAZIRLANIYOR...,0,0,1139,21,177,16,2
1.6003,11731,Rest,HAZIRLANIYOR...,0,0,1001,0,257,21,2
1.6003,11732,Rest,HAZIRLANIYOR...,0,0,824,0,338,17,2
1.6003,11733,Rest,HAZIRLANIYOR...,0,0,609,0,427,4,3
1.6003,11734,Rest,HAZIRLANIYOR...,0,0,362,0,527,0,6
1.6003,11735,Rest,HAZIRLANIYOR...,0,70,90,0,623,2,5
1.6003,11736,Rest,HAZIRLANIYOR...,0,177,0,0,699,8,0
1.6003,11737,Rest,HAZIRLANIYOR...,0,282,0,0,748,7,0
1.6003,11738,Rest,HAZIRLANIYOR...,0,379,0,0,764,2,10
1.6013,11739,Rest,HAZIRLANIYOR...,0,465,0,0,745,1,25
1.6013,11740,Rest,HAZIRLANIYOR...,0,536,0,0,705,3,22
1.6013,11741,Rest,HAZIRLANIYOR...,0,585,0,0,664,0,0
1.6016,11742,Rest,HAZIRLANIYOR...,0,613,0,0,625,0,0
1.6016,11743,Rest,HAZIRLANIYOR...,0,625,0,0,567,0,0
1.6016,11744,Rest,HAZIRLANIYOR...,0,622,0,0,467,0,0
1.6016,11745,Rest,HAZIRLANIYOR...,0,598,0,0,325,0,0
1.6016,11746,Rest,HAZIRLANIYOR...,0,552,0,0,164,0,0
1.6255,11747,Rest,HAZIRLANIYOR...,0,485,0,0,1,0,0
1.6256,11748,Rest,HAZIRLANIYOR...,0,405,0,0,0,0,0
1.6256,11749,Rest,HAZIRLANIYOR...,0,314,0,9,0,0,2
1.6256,11750,Rest,HAZIRLANIYOR...,0,213,0,37,0,0,5
1.6256,11751,Rest,HAZIRLANIYOR...,0,106,0,61,0,0,0
1.6308,11752,Rest,HAZIRLANIYOR...,0,1,0,79,0,0,0
1.6309,11753,Rest,HAZIRLANIYOR...,0,0,4,97,0,0,0
1.6309,11754,Rest,HAZIRLANIYOR...,0,0,238,117,0,0,0
1.6310,11755,Rest,HAZIRLANIYOR...,0,0,464,137,0,0,0
1.6310,11756,Rest,HAZIRLANIYOR...,0,0,669,152,0,0,4
1.6310,11757,Rest,HAZIRLANIYOR...,0,0,847,163,0,0,0
1.6310,11758,Rest,HAZIRLANIYOR...,0,0,997,171,0,8,0
1.6310,11759,Rest,HAZIRLANIYOR...,0,0,1121,175,0,20,0
1.6335,11760,Rest,HAZIRLANIYOR...,0,0,1216,170,0,22,0
1.6335,11761,Rest,HAZIRLANIYOR...,0,0,1279,153,0,11,1
1.6335,11762,Rest,HAZIRLANIYOR...,0,0,1310,130,0,4,4
1.6335,11763,Rest,HAZIRLANIYOR...,0,0,1307,102,0,9,5
1.6335,11764,Rest,HAZIRLANIYOR...,0,0,1264,72,59,17,3
1.6355,11765,Rest,HAZIRLANIYOR...,0,0,1183,41,146,12,3
1.6355,11766,Rest,HAZIRLANIYOR...,0,0,1069,12,222,2,4
1.6355,11767,Rest,HAZIRLANIYOR...,0,0,921,0,295,0,6
1.6356,11768,Rest,HAZIRLANIYOR...,0,0,729,0,379,2,6
1.6356,11769,Rest,HAZIRLANIYOR...,0,0,497,0,478,3,2
1.6356,11770,Rest,HAZIRLANIYOR...,0,0,237,0,574,1,0
1.6356,11771,Rest,HAZIRLANIYOR...,0,103,0,0,649,2,0
1.6356,11772,Rest,HAZIRLANIYOR...,0,208,0,0,708,4,0
1.6356,11773,Rest,HAZIRLANIYOR...,0,307,0,0,748,5,0
1.6356,11774,Rest,HAZIRLANIYOR...,0,394,0,0,755,2,0
1.6356,11775,Rest,HAZIRLANIYOR...,0,467,0,0,723,0,0
1.6356,11776,Rest,HAZIRLANIYOR...,0,522,0,0,673,4,0
1.6356,11777,Rest,HAZIRLANIYOR...,0,556,0,0,630,8,3
1.6356,11778,Rest,HAZIRLANIYOR...,0,573,0,0,585,4,3
1.6356,11779,Rest,HAZIRLANIYOR...,0,576,0,0,510,0,2
1.6357,11780,Rest,HAZIRLANIYOR...,0,561,0,0,389,0,1
1.6357,11781,Rest,HAZIRLANIYOR...,0,526,0,0,234,0,0
1.6357,11782,Rest,HAZIRLANIYOR...,0,473,0,0,67,0,0
1.6357,11783,Rest,HAZIRLANIYOR...,0,404,0,0,0,0,0
1.6358,11784,Rest,HAZIRLANIYOR...,0,321,0,0,0,0,0
1.6358,11785,Rest,HAZIRLANIYOR...,0,230,0,22,0,0,0
1.6358,11786,Rest,HAZIRLANIYOR...,0,137,0,47,0,0,0
1.6358,11787,Rest,HAZIRLANIYOR...,0,42,0,71,0,0,0
1.6358,11788,Rest,HAZIRLANIYOR...,0,0,0,92,0,0,0
1.6358,11789,Rest,HAZIRLANIYOR...,0,0,136,111,0,0,0
1.6358,11790,Rest,HAZIRLANIYOR...,0,0,360,128,0,0,0
1.6358,11791,Rest,HAZIRLANIYOR...,0,0,570,144,0,0,0
1.6358,11792,Rest,HAZIRLANIYOR...,0,0,762,159,0,0,0
1.6358,11793,Rest,HAZIRLANIYOR...,0,0,929,169,0,3,1
1.6359,11794,Rest,HAZIRLANIYOR...,0,0,1065,173,0,10,2
1.6359,11795,Rest,HAZIRLANIYOR...,0,0,1169,173,0,16,2
1.6359,11796,Rest,HAZIRLANIYOR...,0,0,1244,166,0,12,3
1.6359,11797,Rest,HAZIRLANIYOR...,0,0,1294,151,0,4,5
1.6359,11798,Rest,HAZIRLANIYOR...,0,0,1310,127,0,2,8
1.6359,11799,Rest,HAZIRLANIYOR...,0,0,1284,95,20,6,15
1.6359,11800,Rest,HAZIRLANIYOR...,0,0,1216,61,107,6,22
1.6359,11801,Rest,HAZIRLANIYOR...,0,0,1116,31,187,3,18
1.6359,11802,Rest,HAZIRLANIYOR...,0,0,987,2,266,3,5
1.6359,11803,Rest,HAZIRLANIYOR...,0,0,815,0,346,6,0
1.6359,11804,Rest,HAZIRLANIYOR...,0,0,600,0,432,8,0
1.6359,11805,Rest,HAZIRLANIYOR...,0,0,352,0,527,7,0
1.6359,11806,Rest,HAZIRLANIYOR...,0,49,81,0,620,6,4
1.6468,11807,Rest,HAZIRLANIYOR...,0,155,0,0,694,5,13
1.6468,11808,Rest,HAZIRLANIYOR...,0,256,0,0,740,3,9
1.6469,11809,Rest,HAZIRLANIYOR...,0,350,0,0,753,0,0
1.6469,11810,Rest,HAZIRLANIYOR...,0,434,0,0,733,0,0
1.6469,11811,Rest,HAZIRLANIYOR...,0,504,0,0,693,0,0
1.6470,11812,Rest,HAZIRLANIYOR...,0,556,0,0,653,1,0
1.6470,11813,Rest,HAZIRLANIYOR...,0,590,0,0,618,0,0
1.6470,11814,Rest,HAZIRLANIYOR...,0,607,0,0,560,0,0
1.6470,11815,Rest,HAZIRLANIYOR...,0,608,0,0,452,0,0
1.6471,11816,Rest,HAZIRLANIYOR...,0,590,0,0,301,0,0
1.6471,11817,Rest,HAZIRLANIYOR...,0,548,0,0,138,0,0
1.6472,11818,Rest,HAZIRLANIYOR...,0,484,0,0,0,0,0
1.6472,11819,Rest,HAZIRLANIYOR...,0,406,0,0,0,0,0
1.6472,11820,Rest,HAZIRLANIYOR...,0,319,0,0,0,0,0
1.6472,11821,Rest,HAZIRLANIYOR...,0,223,0,26,0,0,0
1.6472,11822,Rest,HAZIRLANIYOR...,0,121,0,53,0,0,0
1.6472,11823,Rest,HAZIRLANIYOR...,0,15,0,77,0,0,0
1.6472,11824,Rest,HAZIRLANIYOR...,0,0,22,97,0,0,0
1.6472,11825,Rest,HAZIRLANIYOR...,0,0,257,115,0,0,0
1.6474,11826,Rest,HAZIRLANIYOR...,0,0,477,130,0,0,0
1.6475,11827,Rest,HAZIRLANIYOR...,0,0,676,146,0,0,0
1.6761,11828,Rest,HAZIRLANIYOR...,0,0,855,162,0,1,1
1.6798,11829,Rest,HAZIRLANIYOR...,0,0,1009,171,0,3,0
1.6798,11830,Rest,HAZIRLANIYOR...,0,0,1132,172,0,6,0
1.6798,11831,Rest,HAZIRLANIYOR...,0,0,1221,166,0,8,0
1.6799,11832,Rest,HAZIRLANIYOR...,0,0,1279,154,0,9,5
1.6799,11833,Rest,HAZIRLANIYOR...,0,0,1310,135,0,11,10
1.6799,11834,Rest,HAZIRLANIYOR...,0,0,1308,109,0,12,7
1.6800,11835,Rest,HAZIRLANIYOR...,0,0,1265,81,65,10,3
1.6800,11836,Rest,HAZIRLANIYOR...,0,0,1183,50,148,9,2
1.6800,11837,Rest,HAZIRLANIYOR...,0,0,1066,17,227,9,4
1.6818,11838,Rest,HAZIRLANIYOR...,0,0,912,0,305,13,4
1.6818,11839,Rest,HAZIRLANIYOR...,0,0,716,0,387,14,3
1.6819,11840,Rest,HAZIRLANIYOR...,0,0,482,0,481,10,2
1.6819,11841,Rest,HAZIRLANIYOR...,0,93,221,0,580,4,1
1.6819,11842,Rest,HAZIRLANIYOR...,0,197,0,0,668,4,0
1.6819,11843,Rest,HAZIRLANIYOR...,0,297,0,0,731,4,2
1.6819,11844,Rest,HAZIRLANIYOR...,0,391,0,0,762,0,4
1.6819,11845,Rest,HAZIRLANIYOR...,0,473,0,0,761,0,4
1.6819,11846,Rest,HAZIRLANIYOR...,0,541,0,0,729,0,2
1.6819,11847,Rest,HAZIRLANIYOR...,0,590,0,0,676,0,1
1.6820,11848,Rest,HAZIRLANIYOR...,0,621,0,0,623,0,0
1.6820,11849,Rest,HAZIRLANIYOR...,0,635,0,0,573,0,1
1.6820,11850,Rest,HAZIRLANIYOR...,0,633,0,0,503,0,1
1.6820,11851,Rest,HAZIRLANIYOR...,0,611,0,0,386,0,0
1.6820,11852,Rest,HAZIRLANIYOR...,0,566,0,0,220,0,0
1.6820,11853,Rest,HAZIRLANIYOR...,0,501,0,0,39,0,0
1.6820,11854,Rest,HAZIRLANIYOR...,0,422,0,0,0,0,1
1.6821,11855,Rest,HAZIRLANIYOR...,0,332,0,0,0,0,7
1.6821,11856,Rest,HAZIRLANIYOR...,0,232,0,17,0,0,3
1.6821,11857,Rest,HAZIRLANIYOR...,0,125,0,40,0,0,0
1.6821,11858,Rest,HAZIRLANIYOR...,0,16,0,64,0,0,0
1.6821,11859,Rest,HAZIRLANIYOR...,0,0,0,88,0,0,0
1.6822,11860,Rest,HAZIRLANIYOR...,0,0,149,108,0,0,0
1.6822,11861,Rest,HAZIRLANIYOR...,0,0,373,128,0,0,0
1.6822,11862,Rest,HAZIRLANIYOR...,0,0,582,147,0,0,0
1.6822,11863,Rest,HAZIRLANIYOR...,0,0,771,162,0,0,0
1.6822,11864,Rest,HAZIRLANIYOR...,0,0,934,172,0,6,0
1.6822,11865,Rest,HAZIRLANIYOR...,0,0,1065,176,0,14,0
1.6839,11866,Rest,HAZIRLANIYOR...,0,0,1166,174,0,12,0
1.6839,11867,Rest,HAZIRLANIYOR...,0,0,1242,163,0,10,2
1.6839,11868,Rest,HAZIRLANIYOR...,0,0,1289,143,0,14,3
1.6839,11869,Rest,HAZIRLANIYOR...,0,0,1299,118,0,13,3
1.6839,11870,Rest,HAZIRLANIYOR...,0,0,1270,91,30,5,2
1.6839,11871,Rest,HAZIRLANIYOR...,0,0,1204,60,118,2,0
1.6839,11872,Rest,HAZIRLANIYOR...,0,0,1103,27,198,4,0
1.6840,11873,Rest,HAZIRLANIYOR...,0,0,966,0,276,7,1
1.6840,11874,Rest,HAZIRLANIYOR...,0,0,789,0,356,6,4
1.6841,11875,Rest,HAZIRLANIYOR...,0,0,573,0,445,5,5
1.6841,11876,Rest,HAZIRLANIYOR...,0,0,325,0,543,5,4
1.6841,11877,Rest,HAZIRLANIYOR...,0,58,57,0,638,5,2
1.6841,11878,Rest,HAZIRLANIYOR...,0,156,0,0,714,4,0
1.6841,11879,Rest,HAZIRLANIYOR...,0,254,0,0,761,2,0
1.6841,11880,Rest,HAZIRLANIYOR...,0,363,0,0,769,0,0
1.6842,11881,Rest,HAZIRLANIYOR...,0,467,0,0,737,0,0
1.6842,11882,Rest,HAZIRLANIYOR...,0,537,0,0,684,0,5
1.6842,11883,Rest,HAZIRLANIYOR...,0,575,0,0,639,1,4
1.6842,11884,Rest,HAZIRLANIYOR...,0,601,0,0,605,2,2
1.6842,11885,Rest,HAZIRLANIYOR...,0,619,0,0,548,0,6
1.6842,11886,Rest,HAZIRLANIYOR...,0,617,0,0,441,0,9
1.6842,11887,Rest,HAZIRLANIYOR...,0,589,0,0,290,0,2
1.6842,11888,Rest,HAZIRLANIYOR...,0,541,0,0,123,0,0
1.6842,11889,Rest,HAZIRLANIYOR...,0,481,0,0,0,0,0
1.6842,11890,Rest,HAZIRLANIYOR...,0,410,0,0,0,0,0
1.6842,11891,Rest,HAZIRLANIYOR...,0,325,0,8,0,0,0
1.6843,11892,Rest,HAZIRLANIYOR...,0,231,0,34,0,0,0
1.6941,11893,Rest,HAZIRLANIYOR...,0,134,0,57,0,0,0
1.6943,11894,Rest,HAZIRLANIYOR...,0,34,0,78,0,0,0
1.6943,11895,Rest,HAZIRLANIYOR...,0,0,47,99,0,0,0
1.6944,11896,Rest,HAZIRLANIYOR...,0,0,275,121,0,0,0
1.6944,11897,Rest,HAZIRLANIYOR...,0,0,491,140,0,0,0
1.6947,11898,Rest,HAZIRLANIYOR...,0,0,690,155,0,0,0
1.6947,11899,Rest,HAZIRLANIYOR...,0,0,867,168,0,0,0
1.6947,11900,Rest,HAZIRLANIYOR...,0,0,1015,176,0,3,0
1.6948,11901,Rest,HAZIRLANIYOR...,0,0,1130,178,0,5,0
1.6948,11902,Rest,HAZIRLANIYOR...,0,0,1215,170,0,7,0
1.6948,11903,Rest,HAZIRLANIYOR...,0,0,1270,149,0,9,1
1.6948,11904,Rest,HAZIRLANIYOR...,0,0,1295,123,0,16,1
1.6949,11905,Rest,HAZIRLANIYOR...,0,0,1288,101,0,20,2
1.6949,11906,Rest,HAZIRLANIYOR...,0,0,1244,78,75,14,3
1.6949,11907,Rest,HAZIRLANIYOR...,0,0,1162,48,159,5,3
1.6949,11908,Rest,HAZIRLANIYOR...,0,0,1040,15,241,2,2
1.6950,11909,Rest,HAZIRLANIYOR...,0,0,879,0,320,6,1
1.6951,11910,Rest,HAZIRLANIYOR...,0,0,682,0,402,8,2
1.6951,11911,Rest,HAZIRLANIYOR...,0,0,452,0,498,7,3
1.7101,11912,Rest,HAZIRLANIYOR...,0,0,192,0,597,6,2
1.7102,11913,Rest,HAZIRLANIYOR...,0,51,0,0,677,5,2
1.7103,11914,Rest,HAZIRLANIYOR...,0,144,0,0,728,5,1
1.7103,11915,Rest,HAZIRLANIYOR...,0,232,0,0,754,3,0
1.7103,11916,Rest,HAZIRLANIYOR...,0,311,0,0,749,0,0
1.7105,11917,Rest,HAZIRLANIYOR...,0,376,0,0,713,0,0
1.7105,11918,Rest,HAZIRLANIYOR...,0,426,0,0,666,0,3
1.7108,11919,Rest,HAZIRLANIYOR...,0,462,0,0,623,0,8
1.7109,11920,Rest,HAZIRLANIYOR...,0,481,0,0,572,0,3
1.7109,11921,Rest,HAZIRLANIYOR...,0,481,0,0,491,0,0
1.7109,11922,Rest,HAZIRLANIYOR...,0,465,0,0,364,0,0
1.7110,11923,Rest,HAZIRLANIYOR...,0,435,0,0,202,0,0
1.7110,11924,Rest,HAZIRLANIYOR...,0,390,0,0,32,0,0
1.7110,11925,Rest,HAZIRLANIYOR...,0,331,0,0,0,0,0
1.7110,11926,Rest,HAZIRLANIYOR...,0,260,0,0,0,0,0
1.7111,11927,Rest,HAZIRLANIYOR...,0,184,0,26,0,0,0
1.7111,11928,Rest,HAZIRLANIYOR...,0,103,0,52,0,0,0
1.7111,11929,Rest,HAZIRLANIYOR...,0,17,0,75,0,0,0
1.7112,11930,Rest,HAZIRLANIYOR...,0,0,0,96,0,0,0
1.7112,11931,Rest,HAZIRLANIYOR...,0,0,168,115,0,0,0
1.7112,11932,Rest,HAZIRLANIYOR...,0,0,394,132,0,0,1
1.7112,11933,Rest,HAZIRLANIYOR...,0,0,604,149,0,0,1
1.7112,11934,Rest,HAZIRLANIYOR...,0,0,795,163,0,0,0
1.7112,11935,Rest,HAZIRLANIYOR...,0,0,959,173,0,1,0
1.7113,11936,Rest,HAZIRLANIYOR...,0,0,1094,174,0,6,1
1.7113,11937,Rest,HAZIRLANIYOR...,0,0,1197,169,0,8,2
1.7116,11938,Rest,HAZIRLANIYOR...,0,0,1269,157,0,9,8
1.7116,11939,Rest,HAZIRLANIYOR...,0,0,1311,139,0,11,13
1.7116,11940,Rest,HAZIRLANIYOR...,0,0,1319,117,0,12,8
1.7117,11941,Rest,HAZIRLANIYOR...,0,0,1289,90,34,12,0
1.7251,11942,Rest,HAZIRLANIYOR...,0,0,1220,58,123,13,0
1.7253,11943,Rest,HAZIRLANIYOR...,0,0,1114,23,203,17,0
1.7253,11944,Rest,HAZIRLANIYOR...,0,0,972,0,280,19,2
1.7253,11945,Rest,HAZIRLANIYOR...,0,0,794,0,361,13,2
1.7253,11946,Rest,HAZIRLANIYOR...,0,0,579,0,453,4,3
1.7254,11947,Rest,HAZIRLANIYOR...,0,54,330,0,552,2,4
1.7254,11948,Rest,HAZIRLANIYOR...,0,160,55,0,641,4,5
1.7264,11949,Rest,HAZIRLANIYOR...,0,269,0,0,708,3,8
1.7264,11950,Rest,HAZIRLANIYOR...,0,373,0,0,753,3,10
1.7264,11951,Rest,HAZIRLANIYOR...,0,465,0,0,773,3,4
1.7264,11952,Rest,HAZIRLANIYOR...,0,544,0,0,772,2,0
1.7264,11953,Rest,HAZIRLANIYOR...,0,610,0,0,771,0,0
1.7265,11954,Rest,HAZIRLANIYOR...,0,661,0,0,771,0,0
1.7265,11955,Rest,HAZIRLANIYOR...,0,693,0,0,734,0,0
1.7265,11956,Rest,HAZIRLANIYOR...,0,703,0,0,620,0,0
1.7265,11957,Rest,HAZIRLANIYOR...,0,691,0,0,435,0,0
1.7265,11958,Rest,HAZIRLANIYOR...,0,660,0,0,226,0,0
1.7410,11959,Rest,HAZIRLANIYOR...,0,608,0,0,30,0,0
1.7444,11960,Rest,HAZIRLANIYOR...,0,536,0,0,0,0,0
1.7444,11961,Rest,HAZIRLANIYOR...,0,448,0,0,0,0,0
1.7444,11962,Rest,HAZIRLANIYOR...,0,351,0,5,0,0,0
1.7471,11963,Rest,HAZIRLANIYOR...,0,249,0,29,0,0,0
1.7471,11964,Rest,HAZIRLANIYOR...,0,143,0,51,0,0,0
1.7542,11965,Rest,HAZIRLANIYOR...,0,27,0,75,0,0,3
1.7542,11966,Rest,HAZIRLANIYOR...,0,0,84,101,0,0,5
1.7542,11967,Rest,HAZIRLANIYOR...,0,0,315,125,0,0,0
1.7542,11968,Rest,HAZIRLANIYOR...,0,0,532,144,0,3,0
1.7543,11969,Rest,HAZIRLANIYOR...,0,0,728,161,0,0,0
1.7543,11970,Rest,HAZIRLANIYOR...,0,0,901,176,0,0,0
1.7543,11971,Rest,HAZIRLANIYOR...,0,0,1046,185,0,0,4
1.7543,11972,Rest,HAZIRLANIYOR...,0,0,1160,185,0,1,7
1.7543,11973,Rest,HAZIRLANIYOR...,0,0,1241,176,0,3,3
1.7543,11974,Rest,HAZIRLANIYOR...,0,0,1292,160,0,4,0
1.7543,11975,Rest,HAZIRLANIYOR...,0,0,1313,138,0,6,0
1.7543,11976,Rest,HAZIRLANIYOR...,0,0,1297,110,0,9,1
1.7544,11977,Rest,HAZIRLANIYOR...,0,0,1245,79,83,10,2
1.7544,11978,Rest,HAZIRLANIYOR...,0,0,1159,48,166,8,1
1.7544,11979,Rest,HAZIRLANIYOR...,0,0,1037,16,247,7,0
1.7544,11980,Rest,HAZIRLANIYOR...,0,0,876,0,327,8,0
1.7544,11981,Rest,HAZIRLANIYOR...,0,0,674,0,410,12,1
1.7544,11982,Rest,HAZIRLANIYOR...,0,0,437,0,504,16,1
1.7544,11983,Rest,HAZIRLANIYOR...,0,0,169,0,601,11,1
1.7544,11984,Rest,HAZIRLANIYOR...,0,54,0,0,685,3,4
1.7545,11985,Rest,HAZIRLANIYOR...,0,167,0,0,743,0,9
1.7545,11986,Rest,HAZIRLANIYOR...,0,276,0,0,770,0,5
1.7545,11987,Rest,HAZIRLANIYOR...,0,375,0,0,766,0,0
1.7545,11988,Rest,HAZIRLANIYOR...,0,460,0,0,733,0,0
1.7545,11989,Rest,HAZIRLANIYOR...,0,525,0,0,683,0,0
1.7545,11990,Rest,HAZIRLANIYOR...,0,571,0,0,631,0,0
1.7545,11991,Rest,HAZIRLANIYOR...,0,601,0,0,577,0,0
1.7545,11992,Rest,HAZIRLANIYOR...,0,614,0,0,497,0,1
1.7545,11993,Rest,HAZIRLANIYOR...,0,608,0,0,373,0,2
1.7545,11994,Rest,HAZIRLANIYOR...,0,581,0,0,214,0,0
1.7546,11995,Rest,HAZIRLANIYOR...,0,534,0,0,51,0,0
1.7546,11996,Rest,HAZIRLANIYOR...,0,471,0,0,0,0,0
1.7546,11997,Rest,HAZIRLANIYOR...,0,395,0,0,0,0,0
1.7546,11998,Rest,HAZIRLANIYOR...,0,309,0,29,0,0,0
1.7546,11999,Rest,HAZIRLANIYOR...,0,215,0,56,0,0,0
1.7546,12000,Rest,HAZIRLANIYOR...,0,116,0,77,0,0,0
1.7546,12001,Rest,HAZIRLANIYOR...,0,10,0,95,0,0,0
1.7546,12002,Rest,HAZIRLANIYOR...,0,0,160,113,0,0,1
1.7546,12003,Rest,HAZIRLANIYOR...,0,0,386,130,0,9,4
1.7546,12004,Rest,HAZIRLANIYOR...,0,0,598,145,0,7,0
1.7546,12005,Rest,HAZIRLANIYOR...,0,0,788,156,0,0,0
1.7547,12006,Rest,HAZIRLANIYOR...,0,0,952,168,0,0,0
1.7547,12007,Rest,HAZIRLANIYOR...,0,0,1084,177,0,3,1
1.7547,12008,Rest,HAZIRLANIYOR...,0,0,1185,176,0,16,7
1.7547,12009,Rest,HAZIRLANIYOR...,0,0,1256,165,0,16,8
1.7547,12010,Rest,HAZIRLANIYOR...,0,0,1298,145,0,7,3
1.7548,12011,Rest,HAZIRLANIYOR...,0,0,1308,118,0,1,0
1.7548,12012,Rest,HAZIRLANIYOR...,0,0,1281,85,42,0,0
1.7548,12013,Rest,HAZIRLANIYOR...,0,0,1215,51,128,0,1
1.7548,12014,Rest,HAZIRLANIYOR...,0,0,1109,22,207,0,2
1.7548,12015,Rest,HAZIRLANIYOR...,0,0,967,0,284,3,1
1.7548,12016,Rest,HAZIRLANIYOR...,0,0,788,0,363,5,0
1.7548,12017,Rest,HAZIRLANIYOR...,0,0,574,0,452,10,0
1.7568,12018,Rest,HAZIRLANIYOR...,0,0,327,0,553,14,0
1.7569,12019,Rest,HAZIRLANIYOR...,0,19,53,0,647,10,2
1.7570,12020,Rest,HAZIRLANIYOR...,0,123,0,0,709,2,2
1.7571,12021,Rest,HAZIRLANIYOR...,0,225,0,0,740,0,2
1.7731,12022,Rest,HAZIRLANIYOR...,0,320,0,0,746,0,0
1.7732,12023,Rest,HAZIRLANIYOR...,0,399,0,0,726,0,0
1.7732,12024,Rest,HAZIRLANIYOR...,0,460,0,0,686,0,2
1.7732,12025,Rest,HAZIRLANIYOR...,0,504,0,0,640,0,4
1.7732,12026,Rest,HAZIRLANIYOR...,0,531,0,0,590,0,2
1.7732,12027,Rest,HAZIRLANIYOR...,0,540,0,0,519,0,0
1.7733,12028,Rest,HAZIRLANIYOR...,0,528,0,0,409,0,0
1.7733,12029,Rest,HAZIRLANIYOR...,0,498,0,0,262,0,4
1.7733,12030,Rest,HAZIRLANIYOR...,0,453,0,0,98,0,9
1.7733,12031,Rest,HAZIRLANIYOR...,0,394,0,0,0,0,2
1.7735,12032,Rest,HAZIRLANIYOR...,0,321,0,0,0,0,0
1.7735,12033,Rest,HAZIRLANIYOR...,0,236,0,8,0,0,0
1.7735,12034,Rest,HAZIRLANIYOR...,0,143,0,34,0,0,0
1.7735,12035,Rest,HAZIRLANIYOR...,0,46,0,59,0,0,0
1.7736,12036,Rest,HAZIRLANIYOR...,0,0,0,81,0,0,0
1.7736,12037,Rest,HAZIRLANIYOR...,0,0,69,99,0,0,0
1.7736,12038,Rest,HAZIRLANIYOR...,0,0,295,118,0,0,0
1.7736,12039,Rest,HAZIRLANIYOR...,0,0,512,137,0,0,2
1.7737,12040,Rest,HAZIRLANIYOR...,0,0,712,154,0,0,2
1.7737,12041,Rest,HAZIRLANIYOR...,0,0,888,163,0,3,0
1.7737,12042,Rest,HAZIRLANIYOR...,0,0,1032,167,0,5,0
1.7737,12043,Rest,HAZIRLANIYOR...,0,0,1144,172,0,6,1
1.7737,12044,Rest,HAZIRLANIYOR...,0,0,1226,172,0,9,3
1.7737,12045,Rest,HAZIRLANIYOR...,0,0,1280,157,0,13,3
1.7737,12046,Rest,HAZIRLANIYOR...,0,0,1300,128,0,14,4
1.7737,12047,Rest,HAZIRLANIYOR...,0,0,1284,96,0,12,4
1.7737,12048,Rest,HAZIRLANIYOR...,0,0,1233,66,80,11,4
1.7737,12049,Rest,HAZIRLANIYOR...,0,0,1147,38,164,13,4
1.7738,12050,Rest,HAZIRLANIYOR...,0,0,1024,12,244,17,4
1.7738,12051,Rest,HAZIRLANIYOR...,0,0,862,0,323,19,3
1.7892,12052,Rest,HAZIRLANIYOR...,0,0,661,0,405,12,2
1.7953,12053,Rest,HAZIRLANIYOR...,0,0,427,0,500,3,2
1.7953,12054,Rest,HAZIRLANIYOR...,0,107,165,0,599,2,3
1.7953,12055,Rest,HAZIRLANIYOR...,0,228,0,0,681,6,3
1.7953,12056,Rest,HAZIRLANIYOR...,0,346,0,0,735,7,2
1.7953,12057,Rest,HAZIRLANIYOR...,0,456,0,0,757,4,2
1.7953,12058,Rest,HAZIRLANIYOR...,0,552,0,0,746,0,5
1.7954,12059,Rest,HAZIRLANIYOR...,0,629,0,0,708,0,6
1.7954,12060,Rest,HAZIRLANIYOR...,0,684,0,0,661,0,0
1.7954,12061,Rest,HAZIRLANIYOR...,0,718,0,0,619,0,0
1.7954,12062,Rest,HAZIRLANIYOR...,0,734,0,0,569,0,0
1.7954,12063,Rest,HAZIRLANIYOR...,0,731,0,0,490,0,0
1.7954,12064,Rest,HAZIRLANIYOR...,0,707,0,0,363,0,0
1.8088,12065,Rest,HAZIRLANIYOR...,0,660,0,0,193,0,1
1.8089,12066,Rest,HAZIRLANIYOR...,0,590,0,0,13,0,3
1.8090,12067,Rest,HAZIRLANIYOR...,0,503,0,0,0,0,0
1.8090,12068,Rest,HAZIRLANIYOR...,0,405,0,0,0,0,0
1.8090,12069,Rest,HAZIRLANIYOR...,0,302,0,23,0,0,0
1.8090,12070,Rest,HAZIRLANIYOR...,0,194,0,46,0,0,0
1.8113,12071,Rest,HAZIRLANIYOR...,0,84,0,69,0,0,0
1.8113,12072,Rest,HAZIRLANIYOR...,0,0,0,90,0,0,0
1.8113,12073,Rest,HAZIRLANIYOR...,0,0,191,109,0,0,0
1.8113,12074,Rest,HAZIRLANIYOR...,0,0,415,124,0,0,0
1.8113,12075,Rest,HAZIRLANIYOR...,0,0,624,141,0,0,0
1.8113,12076,Rest,HAZIRLANIYOR...,0,0,809,157,0,2,0
1.8113,12077,Rest,HAZIRLANIYOR...,0,0,968,169,0,4,6
1.8114,12078,Rest,HAZIRLANIYOR...,0,0,1098,174,0,5,8
1.8171,12079,Rest,HAZIRLANIYOR...,0,0,1196,171,0,7,2
1.8172,12080,Rest,HAZIRLANIYOR...,0,0,1262,161,0,8,0
1.8172,12081,Rest,HAZIRLANIYOR...,0,0,1298,141,0,9,0
1.8172,12082,Rest,HAZIRLANIYOR...,0,0,1302,114,0,9,0
1.8172,12083,Rest,HAZIRLANIYOR...,0,0,1269,84,41,10,3
1.8173,12084,Rest,HAZIRLANIYOR...,0,0,1197,54,129,11,2
1.8173,12085,Rest,HAZIRLANIYOR...,0,0,1088,24,210,10,1
1.8173,12086,Rest,HAZIRLANIYOR...,0,0,941,0,289,8,1
1.8173,12087,Rest,HAZIRLANIYOR...,0,0,757,0,373,6,2
1.8173,12088,Rest,HAZIRLANIYOR...,0,0,540,0,474,6,2
1.8173,12089,Rest,HAZIRLANIYOR...,0,0,291,0,594,6,1
1.8173,12090,Rest,HAZIRLANIYOR...,0,10,13,0,710,7,0
1.8174,12091,Rest,HAZIRLANIYOR...,0,110,0,0,797,8,0
1.8174,12092,Rest,HAZIRLANIYOR...,0,213,0,0,843,7,1
1.8174,12093,Rest,HAZIRLANIYOR...,0,310,0,0,849,3,1
1.8174,12094,Rest,HAZIRLANIYOR...,0,395,0,0,828,0,0
1.8174,12095,Rest,HAZIRLANIYOR...,0,464,0,0,799,0,0
1.8174,12096,Rest,HAZIRLANIYOR...,0,512,0,0,755,0,0
1.8174,12097,Rest,HAZIRLANIYOR...,0,544,0,0,657,0,0
1.8175,12098,Rest,HAZIRLANIYOR...,0,560,0,0,494,0,0
1.8175,12099,Rest,HAZIRLANIYOR...,0,559,0,0,301,0,0
1.8175,12100,Rest,HAZIRLANIYOR...,0,535,0,0,113,0,0
1.8175,12101,Rest,HAZIRLANIYOR...,0,487,0,0,0,0,0
1.8175,12102,Rest,HAZIRLANIYOR...,0,421,0,0,0,0,0
1.8175,12103,Rest,HAZIRLANIYOR...,0,342,0,0,0,0,0
1.8175,12104,Rest,HAZIRLANIYOR...,0,252,0,6,0,0,0
1.8175,12105,Rest,HAZIRLANIYOR...,0,152,0,32,0,0,0
1.8176,12106,Rest,HAZIRLANIYOR...,0,45,0,56,0,0,0
1.8191,12107,Rest,HAZIRLANIYOR...,0,0,0,77,0,0,2
1.8191,12108,Rest,HAZIRLANIYOR...,0,0,153,98,0,0,3
1.8191,12109,Rest,HAZIRLANIYOR...,0,0,377,118,0,0,0
1.8191,12110,Rest,HAZIRLANIYOR...,0,0,588,138,0,0,0
1.8191,12111,Rest,HAZIRLANIYOR...,0,0,779,155,0,0,0
1.8191,12112,Rest,HAZIRLANIYOR...,0,0,944,168,0,2,0
1.8192,12113,Rest,HAZIRLANIYOR...,0,0,1078,175,0,2,4
1.8192,12114,Rest,HAZIRLANIYOR...,0,0,1180,176,0,4,11
1.8192,12115,Rest,HAZIRLANIYOR...,0,0,1253,169,0,11,16
1.8192,12116,Rest,HAZIRLANIYOR...,0,0,1297,153,0,19,12
1.8192,12117,Rest,HAZIRLANIYOR...,0,0,1312,128,0,18,0
1.8192,12118,Rest,HAZIRLANIYOR...,0,0,1291,99,20,11,0
1.8192,12119,Rest,HAZIRLANIYOR...,0,0,1233,68,109,2,0
1.8192,12120,Rest,HAZIRLANIYOR...,0,0,1138,38,190,0,2
1.8192,12121,Rest,HAZIRLANIYOR...,0,0,1009,8,271,0,5
1.8193,12122,Rest,HAZIRLANIYOR...,0,0,843,0,355,3,1
1.8193,12123,Rest,HAZIRLANIYOR...,0,0,636,0,439,4,0
1.8193,12124,Rest,HAZIRLANIYOR...,0,0,392,0,522,4,1
1.8194,12125,Rest,HAZIRLANIYOR...,0,29,118,0,605,4,2
1.8194,12126,Rest,HAZIRLANIYOR...,0,130,0,0,685,4,1
1.8194,12127,Rest,HAZIRLANIYOR...,0,225,0,0,745,4,0
1.8194,12128,Rest,HAZIRLANIYOR...,0,314,0,0,769,2,0
1.8194,12129,Rest,HAZIRLANIYOR...,0,395,0,0,755,0,0
1.8194,12130,Rest,HAZIRLANIYOR...,0,464,0,0,717,0,0
1.8195,12131,Rest,HAZIRLANIYOR...,0,516,0,0,676,0,0
1.8195,12132,Rest,HAZIRLANIYOR...,0,550,0,0,639,0,0
1.8208,12133,Rest,HAZIRLANIYOR...,0,566,0,0,592,0,0
1.8209,12134,Rest,HAZIRLANIYOR...,0,567,0,0,507,0,0
1.8373,12135,Rest,HAZIRLANIYOR...,0,551,0,0,370,0,0
1.8374,12136,Rest,HAZIRLANIYOR...,0,518,0,0,201,0,0
1.8374,12137,Rest,HAZIRLANIYOR...,0,469,0,0,37,0,0
1.8374,12138,Rest,HAZIRLANIYOR...,0,404,0,0,0,0,0
1.8374,12139,Rest,HAZIRLANIYOR...,0,324,0,4,0,0,0
1.8374,12140,Rest,HAZIRLANIYOR...,0,235,0,31,0,0,0
1.8374,12141,Rest,HAZIRLANIYOR...,0,140,0,53,0,0,0
1.8374,12142,Rest,HAZIRLANIYOR...,0,44,0,72,0,0,0
1.8375,12143,Rest,HAZIRLANIYOR...,0,0,0,90,0,0,0
1.8375,12144,Rest,HAZIRLANIYOR...,0,0,192,108,0,0,0
1.8375,12145,Rest,HAZIRLANIYOR...,0,0,419,126,0,9,0
1.8375,12146,Rest,HAZIRLANIYOR...,0,0,630,142,0,8,0
1.8376,12147,Rest,HAZIRLANIYOR...,0,0,818,155,0,0,1
1.8376,12148,Rest,HAZIRLANIYOR...,0,0,977,162,0,0,0
1.8376,12149,Rest,HAZIRLANIYOR...,0,0,1103,163,0,0,0
1.8377,12150,Rest,HAZIRLANIYOR...,0,0,1200,158,0,3,0
1.8377,12151,Rest,HAZIRLANIYOR...,0,0,1269,147,0,7,2
1.8377,12152,Rest,HAZIRLANIYOR...,0,0,1308,129,0,6,3
1.8377,12153,Rest,HAZIRLANIYOR...,0,0,1316,103,0,7,4
1.8377,12154,Rest,HAZIRLANIYOR...,0,0,1286,71,46,9,5
1.8378,12155,Rest,HAZIRLANIYOR...,0,0,1217,38,128,9,5
1.8379,12156,Rest,HAZIRLANIYOR...,0,0,1111,7,205,8,5
1.8379,12157,Rest,HAZIRLANIYOR...,0,0,970,0,284,7,3
1.8379,12158,Rest,HAZIRLANIYOR...,0,0,787,0,368,7,2
1.8380,12159,Rest,HAZIRLANIYOR...,0,0,562,0,455,7,2
1.8380,12160,Rest,HAZIRLANIYOR...,0,73,303,0,540,9,6
1.8380,12161,Rest,HAZIRLANIYOR...,0,178,27,0,619,10,8
1.8380,12162,Rest,HAZIRLANIYOR...,0,282,0,0,687,9,4
1.8381,12163,Rest,HAZIRLANIYOR...,0,379,0,0,733,7,0
1.8382,12164,Rest,HAZIRLANIYOR...,0,465,0,0,736,3,0
1.8382,12165,Rest,HAZIRLANIYOR...,0,541,0,0,691,0,0
1.8716,12166,Rest,HAZIRLANIYOR...,0,601,0,0,634,0,0
1.8717,12167,Rest,HAZIRLANIYOR...,0,639,0,0,593,0,0
1.8717,12168,Rest,HAZIRLANIYOR...,0,658,0,0,557,0,0
1.8717,12169,Rest,HAZIRLANIYOR...,0,658,0,0,492,0,0
1.8718,12170,Rest,HAZIRLANIYOR...,0,640,0,0,383,0,0
1.8718,12171,Rest,HAZIRLANIYOR...,0,601,0,0,235,0,0
1.8743,12172,Rest,HAZIRLANIYOR...,0,546,0,0,72,0,0
1.8743,12173,Rest,HAZIRLANIYOR...,0,475,0,0,0,0,0
1.8743,12174,Rest,HAZIRLANIYOR...,0,388,0,0,0,0,0
1.8792,12175,Rest,HAZIRLANIYOR...,0,290,0,17,0,0,0
1.8793,12176,Rest,HAZIRLANIYOR...,0,187,0,39,0,0,0
1.8793,12177,Rest,HAZIRLANIYOR...,0,82,0,58,0,0,0
1.8793,12178,Rest,HAZIRLANIYOR...,0,0,0,79,0,0,0
1.8793,12179,Rest,HAZIRLANIYOR...,0,0,104,101,0,0,0
1.8793,12180,Rest,HAZIRLANIYOR...,0,0,334,120,0,0,0
1.8793,12181,Rest,HAZIRLANIYOR...,0,0,547,135,0,0,0
1.8793,12182,Rest,HAZIRLANIYOR...,0,0,742,149,0,0,0
1.8793,12183,Rest,HAZIRLANIYOR...,0,0,916,161,0,11,0
1.8794,12184,Rest,HAZIRLANIYOR...,0,0,1061,168,0,16,0
1.8817,12185,Rest,HAZIRLANIYOR...,0,0,1172,168,0,11,0
1.8817,12186,Rest,HAZIRLANIYOR...,0,0,1249,159,0,4,1
1.8817,12187,Rest,HAZIRLANIYOR...,0,0,1297,144,0,5,3
1.8817,12188,Rest,HAZIRLANIYOR...,0,0,1318,122,0,9,4
1.8817,12189,Rest,HAZIRLANIYOR...,0,0,1305,95,0,11,3
1.8817,12190,Rest,HAZIRLANIYOR...,0,0,1251,65,88,9,2
1.8818,12191,Rest,HAZIRLANIYOR...,0,0,1156,35,169,7,3
1.8818,12192,Rest,HAZIRLANIYOR...,0,0,1025,6,246,6,6
1.8818,12193,Rest,HAZIRLANIYOR...,0,0,860,0,322,6,9
1.8818,12194,Rest,HAZIRLANIYOR...,0,0,655,0,404,6,5
1.8838,12195,Rest,HAZIRLANIYOR...,0,0,407,0,498,5,0
1.8838,12196,Rest,HAZIRLANIYOR...,0,0,132,0,598,4,0
1.8838,12197,Rest,HAZIRLANIYOR...,0,85,0,0,680,4,1
1.8839,12198,Rest,HAZIRLANIYOR...,0,183,0,0,725,5,1
1.8839,12199,Rest,HAZIRLANIYOR...,0,273,0,0,734,1,0
1.8839,12200,Rest,HAZIRLANIYOR...,0,355,0,0,719,0,2
1.8839,12201,Rest,HAZIRLANIYOR...,0,426,0,0,689,0,6
1.8839,12202,Rest,HAZIRLANIYOR...,0,479,0,0,651,0,2
1.8839,12203,Rest,HAZIRLANIYOR...,0,513,0,0,605,0,0
1.8839,12204,Rest,HAZIRLANIYOR...,0,529,0,0,540,0,0
1.8839,12205,Rest,HAZIRLANIYOR...,0,530,0,0,450,0,3
1.8839,12206,Rest,HAZIRLANIYOR...,0,514,0,0,325,0,0
1.8839,12207,Rest,HAZIRLANIYOR...,0,480,0,0,170,0,0
1.8840,12208,Rest,HAZIRLANIYOR...,0,429,0,0,4,0,0
1.8840,12209,Rest,HAZIRLANIYOR...,0,363,0,0,0,0,0
1.8840,12210,Rest,HAZIRLANIYOR...,0,283,0,6,0,0,0
1.8840,12211,Rest,HAZIRLANIYOR...,0,196,0,25,0,0,0
1.8841,12212,Rest,HAZIRLANIYOR...,0,103,0,42,0,0,0
1.8842,12213,Rest,HAZIRLANIYOR...,0,8,0,63,0,0,0
1.8842,12214,Rest,HAZIRLANIYOR...,0,0,0,84,0,0,0
1.8842,12215,Rest,HAZIRLANIYOR...,0,0,209,100,0,0,1
1.8842,12216,Rest,HAZIRLANIYOR...,0,0,432,111,0,0,7
1.8842,12217,Rest,HAZIRLANIYOR...,0,0,640,121,0,0,9
1.8842,12218,Rest,HAZIRLANIYOR...,0,0,827,133,0,2,0
1.8842,12219,Rest,HAZIRLANIYOR...,0,0,985,144,0,6,0
1.8842,12220,Rest,HAZIRLANIYOR...,0,0,1109,149,0,6,0
1.8842,12221,Rest,HAZIRLANIYOR...,0,0,1202,144,0,5,1
1.8843,12222,Rest,HAZIRLANIYOR...,0,0,1273,130,0,6,5
1.8843,12223,Rest,HAZIRLANIYOR...,0,0,1314,110,0,8,6
1.8843,12224,Rest,HAZIRLANIYOR...,0,0,1314,84,0,8,9
1.8843,12225,Rest,HAZIRLANIYOR...,0,0,1274,56,56,8,10
1.8843,12226,Rest,HAZIRLANIYOR...,0,0,1199,28,143,7,1
1.8843,12227,Rest,HAZIRLANIYOR...,0,0,1090,3,227,7,0
1.8843,12228,Rest,HAZIRLANIYOR...,0,0,944,0,306,9,0
1.8843,12229,Rest,HAZIRLANIYOR...,0,0,754,0,381,11,0
1.8843,12230,Rest,HAZIRLANIYOR...,0,0,523,0,474,9,5
1.8843,12231,Rest,HAZIRLANIYOR...,0,9,256,0,592,5,7
1.8844,12232,Rest,HAZIRLANIYOR...,0,109,0,0,707,3,5
1.8844,12233,Rest,HAZIRLANIYOR...,0,211,0,0,785,2,4
1.8844,12234,Rest,HAZIRLANIYOR...,0,313,0,0,817,0,3
1.8844,12235,Rest,HAZIRLANIYOR...,0,407,0,0,813,0,1
1.8844,12236,Rest,HAZIRLANIYOR...,0,488,0,0,794,0,0
1.8844,12237,Rest,HAZIRLANIYOR...,0,554,0,0,775,1,0
1.8844,12238,Rest,HAZIRLANIYOR...,0,603,0,0,738,0,0
1.8844,12239,Rest,HAZIRLANIYOR...,0,633,0,0,640,0,0
1.8844,12240,Rest,HAZIRLANIYOR...,0,637,0,0,474,0,0
1.8844,12241,Rest,HAZIRLANIYOR...,0,620,0,0,283,0,1
1.8844,12242,Rest,HAZIRLANIYOR...,0,584,0,0,105,0,4
1.8844,12243,Rest,HAZIRLANIYOR...,0,530,0,0,0,0,5
1.8844,12244,Rest,HAZIRLANIYOR...,0,458,0,0,0,0,0
1.8844,12245,Rest,HAZIRLANIYOR...,0,374,0,0,0,0,0
1.8844,12246,Rest,HAZIRLANIYOR...,0,280,0,19,0,0,0
1.8845,12247,Rest,HAZIRLANIYOR...,0,177,0,42,0,0,0
1.8989,12248,Rest,HAZIRLANIYOR...,0,71,0,64,0,0,1
1.8990,12249,Rest,HAZIRLANIYOR...,0,0,0,85,0,0,5
1.8990,12250,Rest,HAZIRLANIYOR...,0,0,181,103,0,0,13
1.8990,12251,Rest,HAZIRLANIYOR...,0,0,406,120,0,1,12
1.8991,12252,Rest,HAZIRLANIYOR...,0,0,617,135,0,0,0
1.8991,12253,Rest,HAZIRLANIYOR...,0,0,806,147,0,0,0
1.8993,12254,Rest,HAZIRLANIYOR...,0,0,969,156,0,0,0
1.8993,12255,Rest,HAZIRLANIYOR...,0,0,1099,160,0,7,0
1.8993,12256,Rest,HAZIRLANIYOR...,0,0,1197,159,0,7,0
1.8994,12257,Rest,HAZIRLANIYOR...,0,0,1264,152,0,6,0
1.8995,12258,Rest,HAZIRLANIYOR...,0,0,1303,136,0,7,0
1.8995,12259,Rest,HAZIRLANIYOR...,0,0,1313,112,0,8,0
1.8995,12260,Rest,HAZIRLANIYOR...,0,0,1289,81,25,6,2
1.8995,12261,Rest,HAZIRLANIYOR...,0,0,1225,50,113,5,3
1.8995,12262,Rest,HAZIRLANIYOR...,0,0,1125,22,194,4,6
1.8995,12263,Rest,HAZIRLANIYOR...,0,0,989,0,272,4,6
1.8995,12264,Rest,HAZIRLANIYOR...,0,0,816,0,352,6,2
1.8995,12265,Rest,HAZIRLANIYOR...,0,0,604,0,435,9,5
1.8995,12266,Rest,HAZIRLANIYOR...,0,0,357,0,522,11,16
1.8995,12267,Rest,HAZIRLANIYOR...,0,61,82,0,607,10,19
1.8999,12268,Rest,HAZIRLANIYOR...,0,160,0,0,684,9,7
1.9000,12269,Rest,HAZIRLANIYOR...,0,254,0,0,739,12,0
1.9000,12270,Rest,HAZIRLANIYOR...,0,341,0,0,760,15,0
1.9000,12271,Rest,HAZIRLANIYOR...,0,421,0,0,743,8,0
1.9000,12272,Rest,HAZIRLANIYOR...,0,490,0,0,704,0,0
1.9002,12273,Rest,HAZIRLANIYOR...,0,542,0,0,663,0,0
1.9002,12274,Rest,HAZIRLANIYOR...,0,576,0,0,626,0,0
1.9003,12275,Rest,HAZIRLANIYOR...,0,590,0,0,571,0,0
1.9315,12276,Rest,HAZIRLANIYOR...,0,587,0,0,479,0,0
1.9317,12277,Rest,HAZIRLANIYOR...,0,569,0,0,347,0,0
1.9317,12278,Rest,HAZIRLANIYOR...,0,535,0,0,190,0,0
1.9318,12279,Rest,HAZIRLANIYOR...,0,481,0,0,27,0,0
1.9318,12280,Rest,HAZIRLANIYOR...,0,409,0,0,0,0,0
1.9318,12281,Rest,HAZIRLANIYOR...,0,324,0,10,0,0,0
1.9318,12282,Rest,HAZIRLANIYOR...,0,230,0,32,0,0,0
1.9318,12283,Rest,HAZIRLANIYOR...,0,132,0,53,0,0,0
1.9319,12284,Rest,HAZIRLANIYOR...,0,29,0,70,0,0,0
1.9319,12285,Rest,HAZIRLANIYOR...,0,0,0,85,0,0,0
1.9319,12286,Rest,HAZIRLANIYOR...,0,0,236,98,0,0,0
1.9319,12287,Rest,HAZIRLANIYOR...,0,0,461,112,0,0,0
1.9319,12288,Rest,HAZIRLANIYOR...,0,0,670,126,0,0,3
1.9320,12289,Rest,HAZIRLANIYOR...,0,0,856,138,0,4,3
1.9320,12290,Rest,HAZIRLANIYOR...,0,0,1012,144,0,11,1
1.9320,12291,Rest,HAZIRLANIYOR...,0,0,1135,143,0,14,0
1.9320,12292,Rest,HAZIRLANIYOR...,0,0,1226,137,0,10,2
1.9320,12293,Rest,HAZIRLANIYOR...,0,0,1290,127,0,2,5
1.9321,12294,Rest,HAZIRLANIYOR...,0,0,1325,107,0,0,5
1.9321,12295,Rest,HAZIRLANIYOR...,0,0,1327,77,0,0,4
1.9321,12296,Rest,HAZIRLANIYOR...,0,0,1290,47,53,6,5
1.9321,12297,Rest,HAZIRLANIYOR...,0,0,1213,21,135,8,14
1.9321,12298,Rest,HAZIRLANIYOR...,0,0,1099,0,211,4,26
1.9321,12299,Rest,HAZIRLANIYOR...,0,0,949,0,284,1,27
1.9322,12300,Rest,HAZIRLANIYOR...,0,0,758,0,359,0,10
1.9322,12301,Rest,HAZIRLANIYOR...,0,0,526,0,445,1,0
1.9322,12302,Rest,HAZIRLANIYOR...,0,0,262,0,539,3,0
1.9322,12303,Rest,HAZIRLANIYOR...,0,65,0,0,625,5,0
1.9322,12304,Rest,HAZIRLANIYOR...,0,162,0,0,688,6,0
1.9323,12305,Rest,HAZIRLANIYOR...,0,258,0,0,719,4,0
1.9323,12306,Rest,HAZIRLANIYOR...,0,349,0,0,716,2,0
1.9323,12307,Rest,HAZIRLANIYOR...,0,428,0,0,684,0,0
1.9368,12308,Rest,HAZIRLANIYOR...,0,487,0,0,638,0,0
1.9368,12309,Rest,HAZIRLANIYOR...,0,524,0,0,595,0,0
1.9369,12310,Rest,HAZIRLANIYOR...,0,545,0,0,548,0,0
1.9369,12311,Rest,HAZIRLANIYOR...,0,552,0,0,474,0,0
1.9369,12312,Rest,HAZIRLANIYOR...,0,542,0,0,361,0,0
1.9370,12313,Rest,HAZIRLANIYOR...,0,511,0,0,214,0,0
1.9405,12314,Rest,HAZIRLANIYOR...,0,463,0,0,53,0,0
1.9405,12315,Rest,HAZIRLANIYOR...,0,399,0,0,0,1,0
1.9405,12316,Rest,HAZIRLANIYOR...,0,323,0,18,0,0,0
1.9407,12317,Rest,HAZIRLANIYOR...,0,238,0,41,0,0,0
1.9407,12318,Rest,HAZIRLANIYOR...,0,147,0,60,0,0,0
1.9408,12319,Rest,HAZIRLANIYOR...,0,51,0,77,0,0,0
1.9408,12320,Rest,HAZIRLANIYOR...,0,0,0,94,0,5,0
1.9408,12321,Rest,HAZIRLANIYOR...,0,0,126,110,0,2,0
1.9408,12322,Rest,HAZIRLANIYOR...,0,0,356,123,0,0,2
1.9408,12323,Rest,HAZIRLANIYOR...,0,0,575,134,0,0,5
1.9408,12324,Rest,HAZIRLANIYOR...,0,0,774,144,0,0,5
1.9408,12325,Rest,HAZIRLANIYOR...,0,0,948,149,0,0,6
1.9408,12326,Rest,HAZIRLANIYOR...,0,0,1090,150,0,1,4
1.9408,12327,Rest,HAZIRLANIYOR...,0,0,1196,147,0,2,2
1.9408,12328,Rest,HAZIRLANIYOR...,0,0,1268,135,0,5,2
1.9409,12329,Rest,HAZIRLANIYOR...,0,0,1315,115,0,8,4
1.9409,12330,Rest,HAZIRLANIYOR...,0,0,1335,90,0,9,6
1.9410,12331,Rest,HAZIRLANIYOR...,0,0,1321,62,12,8,6
1.9410,12332,Rest,HAZIRLANIYOR...,0,0,1264,34,98,7,4
1.9410,12333,Rest,HAZIRLANIYOR...,0,0,1166,5,177,7,2
1.9410,12334,Rest,HAZIRLANIYOR...,0,0,1031,0,253,8,3
1.9410,12335,Rest,HAZIRLANIYOR...,0,0,857,0,329,7,4
1.9410,12336,Rest,HAZIRLANIYOR...,0,0,643,0,410,6,2
1.9410,12337,Rest,HAZIRLANIYOR...,0,9,390,0,501,3,3
1.9410,12338,Rest,HAZIRLANIYOR...,0,114,111,0,592,0,5
1.9410,12339,Rest,HAZIRLANIYOR...,0,219,0,0,668,2,5
1.9410,12340,Rest,HAZIRLANIYOR...,0,318,0,0,716,6,4
1.9410,12341,Rest,HAZIRLANIYOR...,0,409,0,0,728,6,4
1.9410,12342,Rest,HAZIRLANIYOR...,0,492,0,0,707,0,8
1.9411,12343,Rest,HAZIRLANIYOR...,0,558,0,0,669,0,9
1.9411,12344,Rest,HAZIRLANIYOR...,0,601,0,0,633,0,1
1.9411,12345,Rest,HAZIRLANIYOR...,0,622,0,0,595,0,0
1.9411,12346,Rest,HAZIRLANIYOR...,0,627,0,0,528,0,0
1.9411,12347,Rest,HAZIRLANIYOR...,0,613,0,0,424,0,0
1.9458,12348,Rest,HAZIRLANIYOR...,0,580,0,0,292,0,0
1.9459,12349,Rest,HAZIRLANIYOR...,0,530,0,0,141,0,0
1.9459,12350,Rest,HAZIRLANIYOR...,0,467,0,0,0,0,0
1.9460,12351,Rest,HAZIRLANIYOR...,0,390,0,2,0,0,0
1.9461,12352,Rest,HAZIRLANIYOR...,0,298,0,27,0,0,0
1.9461,12353,Rest,HAZIRLANIYOR...,0,198,0,47,0,0,0
1.9461,12354,Rest,HAZIRLANIYOR...,0,99,0,64,0,0,0
1.9462,12355,Rest,HAZIRLANIYOR...,0,2,0,80,0,0,0
1.9464,12356,Rest,HAZIRLANIYOR...,0,0,0,95,0,0,0
1.9464,12357,Rest,HAZIRLANIYOR...,0,0,233,107,0,0,0
1.9621,12358,Rest,HAZIRLANIYOR...,0,0,459,119,0,0,0
1.9623,12359,Rest,HAZIRLANIYOR...,0,0,667,132,0,0,0
1.9623,12360,Rest,HAZIRLANIYOR...,0,0,851,140,0,1,0
1.9624,12361,Rest,HAZIRLANIYOR...,0,0,1007,141,0,3,0
1.9624,12362,Rest,HAZIRLANIYOR...,0,0,1131,137,0,4,0
1.9625,12363,Rest,HAZIRLANIYOR...,0,0,1225,132,0,5,1
1.9625,12364,Rest,HAZIRLANIYOR...,0,0,1292,119,0,7,4
1.9626,12365,Rest,HAZIRLANIYOR...,0,0,1329,97,0,7,6
1.9626,12366,Rest,HAZIRLANIYOR...,0,0,1328,69,0,7,10
1.9626,12367,Rest,HAZIRLANIYOR...,0,0,1287,41,58,10,11
1.9627,12368,Rest,HAZIRLANIYOR...,0,0,1209,14,141,12,5
1.9627,12369,Rest,HAZIRLANIYOR...,0,0,1093,0,219,12,0
1.9627,12370,Rest,HAZIRLANIYOR...,0,0,938,0,295,10,0
1.9628,12371,Rest,HAZIRLANIYOR...,0,0,741,0,377,9,0
1.9628,12372,Rest,HAZIRLANIYOR...,0,0,507,0,477,9,0
1.9629,12373,Rest,HAZIRLANIYOR...,0,0,244,0,589,10,0
1.9629,12374,Rest,HAZIRLANIYOR...,0,91,0,0,686,11,0
1.9629,12375,Rest,HAZIRLANIYOR...,0,199,0,0,755,10,0
1.9630,12376,Rest,HAZIRLANIYOR...,0,302,0,0,796,7,0
1.9630,12377,Rest,HAZIRLANIYOR...,0,397,0,0,806,4,0
1.9631,12378,Rest,HAZIRLANIYOR...,0,479,0,0,786,1,0
1.9631,12379,Rest,HAZIRLANIYOR...,0,542,0,0,760,0,5
1.9631,12380,Rest,HAZIRLANIYOR...,0,587,0,0,726,4,10
1.9631,12381,Rest,HAZIRLANIYOR...,0,613,0,0,638,9,2
1.9632,12382,Rest,HAZIRLANIYOR...,0,618,0,0,478,5,0
1.9632,12383,Rest,HAZIRLANIYOR...,0,600,0,0,283,0,0
1.9632,12384,Rest,HAZIRLANIYOR...,0,561,0,0,97,0,0
1.9633,12385,Rest,HAZIRLANIYOR...,0,503,0,0,0,0,0
1.9633,12386,Rest,HAZIRLANIYOR...,0,428,0,0,0,0,0
1.9633,12387,Rest,HAZIRLANIYOR...,0,340,0,0,0,0,0
2.0069,12388,Rest,HAZIRLANIYOR...,0,245,0,23,0,0,0
2.0098,12389,Rest,HAZIRLANIYOR...,0,143,0,43,0,0,0
2.0098,12390,Rest,HAZIRLANIYOR...,0,35,0,61,0,0,0
2.0099,12391,Rest,HAZIRLANIYOR...,0,0,0,79,0,0,0
2.0099,12392,Rest,HAZIRLANIYOR...,0,0,197,97,0,0,0
2.0099,12393,Rest,HAZIRLANIYOR...,0,0,427,114,0,0,0
2.0099,12394,Rest,HAZIRLANIYOR...,0,0,640,129,0,0,0
2.0100,12395,Rest,HAZIRLANIYOR...,0,0,828,139,0,0,0
2.0180,12396,Rest,HAZIRLANIYOR...,0,0,989,145,0,0,0
2.0181,12397,Rest,HAZIRLANIYOR...,0,0,1120,147,0,0,0
2.0181,12398,Rest,HAZIRLANIYOR...,0,0,1220,146,0,4,1
2.0181,12399,Rest,HAZIRLANIYOR...,0,0,1288,138,0,8,5
2.0181,12400,Rest,HAZIRLANIYOR...,0,0,1328,118,0,9,5
2.0181,12401,Rest,HAZIRLANIYOR...,0,0,1338,89,0,9,3
2.0181,12402,Rest,HAZIRLANIYOR...,0,0,1312,60,27,9,2
2.0182,12403,Rest,HAZIRLANIYOR...,0,0,1245,34,114,10,4
2.0182,12404,Rest,HAZIRLANIYOR...,0,0,1144,9,191,14,9
2.0206,12405,Rest,HAZIRLANIYOR...,0,0,1008,0,266,17,12
2.0206,12406,Rest,HAZIRLANIYOR...,0,0,831,0,343,13,7
2.0207,12407,Rest,HAZIRLANIYOR...,0,0,611,0,428,4,2
2.0207,12408,Rest,HAZIRLANIYOR...,0,0,353,0,522,0,5
2.0207,12409,Rest,HAZIRLANIYOR...,0,63,69,0,613,2,9
2.0207,12410,Rest,HAZIRLANIYOR...,0,162,0,0,687,3,3
2.0207,12411,Rest,HAZIRLANIYOR...,0,259,0,0,738,2,0
2.0207,12412,Rest,HAZIRLANIYOR...,0,350,0,0,756,1,0
2.0207,12413,Rest,HAZIRLANIYOR...,0,431,0,0,732,0,0
2.0207,12414,Rest,HAZIRLANIYOR...,0,494,0,0,683,0,0
2.0207,12415,Rest,HAZIRLANIYOR...,0,539,0,0,640,0,0
2.0207,12416,Rest,HAZIRLANIYOR...,0,570,0,0,605,0,0
2.0208,12417,Rest,HAZIRLANIYOR...,0,587,0,0,549,1,0
2.0208,12418,Rest,HAZIRLANIYOR...,0,585,0,0,451,0,0
2.0208,12419,Rest,HAZIRLANIYOR...,0,566,0,0,316,0,2
2.0208,12420,Rest,HAZIRLANIYOR...,0,530,0,0,162,0,4
2.0208,12421,Rest,HAZIRLANIYOR...,0,477,0,0,6,0,0
2.0208,12422,Rest,HAZIRLANIYOR...,0,409,0,10,0,0,0
2.0208,12423,Rest,HAZIRLANIYOR...,0,328,0,34,0,0,0
2.0208,12424,Rest,HAZIRLANIYOR...,0,240,0,54,0,0,0
2.0208,12425,Rest,HAZIRLANIYOR...,0,147,0,69,0,0,0
2.0208,12426,Rest,HAZIRLANIYOR...,0,49,0,82,0,0,0
2.0208,12427,Rest,HAZIRLANIYOR...,0,0,3,95,0,0,0
2.0209,12428,Rest,HAZIRLANIYOR...,0,0,241,108,0,2,0
2.0209,12429,Rest,HAZIRLANIYOR...,0,0,470,120,0,5,1
2.0209,12430,Rest,HAZIRLANIYOR...,0,0,680,128,0,0,1
2.0209,12431,Rest,HAZIRLANIYOR...,0,0,865,132,0,0,5
2.0209,12432,Rest,HAZIRLANIYOR...,0,0,1022,136,0,0,14
2.0209,12433,Rest,HAZIRLANIYOR...,0,0,1147,138,0,2,14
2.0209,12434,Rest,HAZIRLANIYOR...,0,0,1242,133,0,5,0
2.0209,12435,Rest,HAZIRLANIYOR...,0,0,1307,114,0,7,0
2.0209,12436,Rest,HAZIRLANIYOR...,0,0,1340,87,0,11,0
2.0209,12437,Rest,HAZIRLANIYOR...,0,0,1339,58,0,13,2
2.0209,12438,Rest,HAZIRLANIYOR...,0,0,1300,31,66,12,4
2.0211,12439,Rest,HAZIRLANIYOR...,0,0,1223,4,145,10,0
2.0211,12440,Rest,HAZIRLANIYOR...,0,0,1108,0,220,8,0
2.0211,12441,Rest,HAZIRLANIYOR...,0,0,953,0,293,6,0
2.0211,12442,Rest,HAZIRLANIYOR...,0,0,758,0,368,6,0
2.0211,12443,Rest,HAZIRLANIYOR...,0,0,525,0,453,6,0
2.0211,12444,Rest,HAZIRLANIYOR...,0,73,262,0,545,7,2
2.0211,12445,Rest,HAZIRLANIYOR...,0,173,0,0,629,6,2
2.0211,12446,Rest,HAZIRLANIYOR...,0,273,0,0,692,5,0
2.0211,12447,Rest,HAZIRLANIYOR...,0,370,0,0,721,4,0
2.0212,12448,Rest,HAZIRLANIYOR...,0,456,0,0,709,2,0
2.0212,12449,Rest,HAZIRLANIYOR...,0,524,0,0,668,0,0
2.0212,12450,Rest,HAZIRLANIYOR...,0,572,0,0,624,0,0
2.0212,12451,Rest,HAZIRLANIYOR...,0,600,0,0,587,0,0
2.0212,12452,Rest,HAZIRLANIYOR...,0,612,0,0,541,0,0
2.0212,12453,Rest,HAZIRLANIYOR...,0,609,0,0,464,0,0
2.0212,12454,Rest,HAZIRLANIYOR...,0,589,0,0,346,0,0
2.0212,12455,Rest,HAZIRLANIYOR...,0,548,0,0,197,0,0
2.0212,12456,Rest,HAZIRLANIYOR...,0,488,0,0,36,0,0
2.0212,12457,Rest,HAZIRLANIYOR...,0,414,0,0,0,0,0
2.0213,12458,Rest,HAZIRLANIYOR...,0,329,0,23,0,0,0
2.0213,12459,Rest,HAZIRLANIYOR...,0,235,0,44,0,0,0
2.0213,12460,Rest,HAZIRLANIYOR...,0,136,0,65,0,0,2
2.0213,12461,Rest,HAZIRLANIYOR...,0,32,0,83,0,0,1
2.0213,12462,Rest,HAZIRLANIYOR...,0,0,0,95,0,0,0
2.0213,12463,Rest,HAZIRLANIYOR...,0,0,148,104,0,0,0
2.0213,12464,Rest,HAZIRLANIYOR...,0,0,379,114,0,0,1
2.0213,12465,Rest,HAZIRLANIYOR...,0,0,594,127,0,0,0
2.0213,12466,Rest,HAZIRLANIYOR...,0,0,788,135,0,1,0
2.0214,12467,Rest,HAZIRLANIYOR...,0,0,956,139,0,11,1
2.0214,12468,Rest,HAZIRLANIYOR...,0,0,1092,138,0,15,4
2.0214,12469,Rest,HAZIRLANIYOR...,0,0,1199,133,0,9,5
2.0214,12470,Rest,HAZIRLANIYOR...,0,0,1279,121,0,1,7
2.0214,12471,Rest,HAZIRLANIYOR...,0,0,1326,102,0,4,11
2.0216,12472,Rest,HAZIRLANIYOR...,0,0,1338,79,0,14,11
2.0216,12473,Rest,HAZIRLANIYOR...,0,0,1311,51,13,21,3
2.0217,12474,Rest,HAZIRLANIYOR...,0,0,1245,19,99,16,0
2.0217,12475,Rest,HAZIRLANIYOR...,0,0,1142,0,178,5,0
2.0217,12476,Rest,HAZIRLANIYOR...,0,0,1002,0,253,0,5
2.0217,12477,Rest,HAZIRLANIYOR...,0,0,826,0,330,0,14
2.0217,12478,Rest,HAZIRLANIYOR...,0,0,612,0,414,0,10
2.0217,12479,Rest,HAZIRLANIYOR...,0,0,360,0,505,0,0
2.0217,12480,Rest,HAZIRLANIYOR...,0,0,78,0,595,0,0
2.0217,12481,Rest,HAZIRLANIYOR...,0,103,0,0,671,0,1
2.0218,12482,Rest,HAZIRLANIYOR...,0,207,0,0,720,0,5
2.0218,12483,Rest,HAZIRLANIYOR...,0,306,0,0,726,3,4
2.0218,12484,Rest,HAZIRLANIYOR...,0,390,0,0,696,3,2
2.0218,12485,Rest,HAZIRLANIYOR...,0,456,0,0,653,0,3
2.0219,12486,Rest,HAZIRLANIYOR...,0,505,0,0,617,0,5
2.0219,12487,Rest,HAZIRLANIYOR...,0,542,0,0,579,0,0
2.0219,12488,Rest,HAZIRLANIYOR...,0,562,0,0,517,0,0
2.0219,12489,Rest,HAZIRLANIYOR...,0,561,0,0,415,0,0
2.0220,12490,Rest,HAZIRLANIYOR...,0,539,0,0,278,0,4
2.0220,12491,Rest,HAZIRLANIYOR...,0,501,0,0,123,0,8
2.0249,12492,Rest,HAZIRLANIYOR...,0,450,0,0,0,0,5
2.0251,12493,Rest,HAZIRLANIYOR...,0,383,0,13,0,0,0
2.0253,12494,Rest,HAZIRLANIYOR...,0,304,0,35,0,0,0
2.0253,12495,Rest,HAZIRLANIYOR...,0,214,0,58,0,0,0
2.0253,12496,Rest,HAZIRLANIYOR...,0,119,0,79,0,0,0
2.0258,12497,Rest,HAZIRLANIYOR...,0,16,0,96,0,0,0
2.0259,12498,Rest,HAZIRLANIYOR...,0,0,34,110,0,0,0
2.0540,12499,Rest,HAZIRLANIYOR...,0,0,272,124,0,0,0
2.0541,12500,Rest,HAZIRLANIYOR...,0,0,497,137,0,0,0
2.0541,12501,Rest,HAZIRLANIYOR...,0,0,707,150,0,0,0
2.0541,12502,Rest,HAZIRLANIYOR...,0,0,892,158,0,0,0
2.0541,12503,Rest,HAZIRLANIYOR...,0,0,1045,159,0,0,0
2.0542,12504,Rest,HAZIRLANIYOR...,0,0,1165,155,0,1,0
2.0542,12505,Rest,HAZIRLANIYOR...,0,0,1252,143,0,6,0
2.0542,12506,Rest,HAZIRLANIYOR...,0,0,1310,125,0,10,0
2.0542,12507,Rest,HAZIRLANIYOR...,0,0,1339,103,0,12,2
2.0542,12508,Rest,HAZIRLANIYOR...,0,0,1333,76,0,12,3
2.0543,12509,Rest,HAZIRLANIYOR...,0,0,1289,45,76,11,3
2.0543,12510,Rest,HAZIRLANIYOR...,0,0,1206,15,156,10,3
2.0543,12511,Rest,HAZIRLANIYOR...,0,0,1084,0,232,9,3
2.0543,12512,Rest,HAZIRLANIYOR...,0,0,925,0,308,7,2
2.0544,12513,Rest,HAZIRLANIYOR...,0,0,730,0,392,7,1
2.0544,12514,Rest,HAZIRLANIYOR...,0,0,495,0,492,9,2
2.0544,12515,Rest,HAZIRLANIYOR...,0,23,221,0,599,10,3
2.0544,12516,Rest,HAZIRLANIYOR...,0,129,0,0,687,9,5
2.0544,12517,Rest,HAZIRLANIYOR...,0,235,0,0,740,6,10
2.0545,12518,Rest,HAZIRLANIYOR...,0,338,0,0,758,1,12
2.0578,12519,Rest,HAZIRLANIYOR...,0,435,0,0,744,0,4
2.0578,12520,Rest,HAZIRLANIYOR...,0,515,0,0,709,0,0
2.0578,12521,Rest,HAZIRLANIYOR...,0,576,0,0,674,0,0
2.0578,12522,Rest,HAZIRLANIYOR...,0,621,0,0,644,1,0
2.0578,12523,Rest,HAZIRLANIYOR...,0,650,0,0,590,0,1
2.0579,12524,Rest,HAZIRLANIYOR...,0,657,0,0,487,0,3
2.0579,12525,Rest,HAZIRLANIYOR...,0,641,0,0,333,0,1
2.0579,12526,Rest,HAZIRLANIYOR...,0,608,0,0,149,0,0
2.0579,12527,Rest,HAZIRLANIYOR...,0,555,0,0,0,0,0
2.0579,12528,Rest,HAZIRLANIYOR...,0,484,0,0,0,0,0
2.0579,12529,Rest,HAZIRLANIYOR...,0,401,0,12,0,0,0
2.0672,12530,Rest,HAZIRLANIYOR...,0,312,0,34,0,0,0
2.0673,12531,Rest,HAZIRLANIYOR...,0,216,0,55,0,0,0
2.0673,12532,Rest,HAZIRLANIYOR...,0,113,0,73,0,0,0
2.0673,12533,Rest,HAZIRLANIYOR...,0,6,0,89,0,0,0
2.0714,12534,Rest,HAZIRLANIYOR...,0,0,199,103,0,0,4
2.0715,12535,Rest,HAZIRLANIYOR...,0,0,431,116,0,2,10
2.0715,12536,Rest,HAZIRLANIYOR...,0,0,645,129,0,3,7
2.0716,12537,Rest,HAZIRLANIYOR...,0,0,837,139,0,1,0
2.0716,12538,Rest,HAZIRLANIYOR...,0,0,1001,143,0,0,0
2.0716,12539,Rest,HAZIRLANIYOR...,0,0,1134,143,0,0,0
2.0716,12540,Rest,HAZIRLANIYOR...,0,0,1235,138,0,2,2
2.0716,12541,Rest,HAZIRLANIYOR...,0,0,1305,126,0,7,1
2.0716,12542,Rest,HAZIRLANIYOR...,0,0,1343,106,0,12,0
2.0717,12543,Rest,HAZIRLANIYOR...,0,0,1349,81,0,13,0
2.0717,12544,Rest,HAZIRLANIYOR...,0,0,1319,54,34,8,1
2.0717,12545,Rest,HAZIRLANIYOR...,0,0,1251,25,118,6,3
2.0717,12546,Rest,HAZIRLANIYOR...,0,0,1148,0,194,8,7
2.0717,12547,Rest,HAZIRLANIYOR...,0,0,1009,0,269,5,8
2.0718,12548,Rest,HAZIRLANIYOR...,0,0,830,0,346,0,3
2.0718,12549,Rest,HAZIRLANIYOR...,0,0,603,0,431,0,0
2.0718,12550,Rest,HAZIRLANIYOR...,0,0,336,0,524,2,1
2.0718,12551,Rest,HAZIRLANIYOR...,0,2,48,0,611,5,5
2.0718,12552,Rest,HAZIRLANIYOR...,0,100,0,0,681,3,4
2.0718,12553,Rest,HAZIRLANIYOR...,0,196,0,0,723,1,0
2.0718,12554,Rest,HAZIRLANIYOR...,0,285,0,0,733,0,0
2.0719,12555,Rest,HAZIRLANIYOR...,0,364,0,0,710,0,0
2.0719,12556,Rest,HAZIRLANIYOR...,0,429,0,0,668,0,1
2.0719,12557,Rest,HAZIRLANIYOR...,0,480,0,0,627,0,2
2.0719,12558,Rest,HAZIRLANIYOR...,0,514,0,0,590,0,0
2.0719,12559,Rest,HAZIRLANIYOR...,0,532,0,0,536,0,0
2.0719,12560,Rest,HAZIRLANIYOR...,0,533,0,0,440,0,0
2.0719,12561,Rest,HAZIRLANIYOR...,0,516,0,0,303,0,0
2.0720,12562,Rest,HAZIRLANIYOR...,0,483,0,0,142,0,0
2.0720,12563,Rest,HAZIRLANIYOR...,0,432,0,0,0,0,0
2.0720,12564,Rest,HAZIRLANIYOR...,0,366,0,14,0,0,0
2.0720,12565,Rest,HAZIRLANIYOR...,0,285,0,37,0,0,0
2.0720,12566,Rest,HAZIRLANIYOR...,0,197,0,57,0,0,0
2.0720,12567,Rest,HAZIRLANIYOR...,0,109,0,75,0,0,0
2.0720,12568,Rest,HAZIRLANIYOR...,0,20,0,91,0,0,0
2.0720,12569,Rest,HAZIRLANIYOR...,0,0,30,104,0,0,0
2.0720,12570,Rest,HAZIRLANIYOR...,0,0,269,116,0,0,0
2.0721,12571,Rest,HAZIRLANIYOR...,0,0,499,127,0,0,0
2.0722,12572,Rest,HAZIRLANIYOR...,0,0,708,135,0,0,0
2.0723,12573,Rest,HAZIRLANIYOR...,0,0,889,140,0,0,0
2.0723,12574,Rest,HAZIRLANIYOR...,0,0,1041,140,0,2,0
2.0723,12575,Rest,HAZIRLANIYOR...,0,0,1164,137,0,5,0
2.0723,12576,Rest,HAZIRLANIYOR...,0,0,1256,128,0,7,2
2.0723,12577,Rest,HAZIRLANIYOR...,0,0,1318,114,0,10,9
2.0723,12578,Rest,HAZIRLANIYOR...,0,0,1347,92,0,11,13
2.0724,12579,Rest,HAZIRLANIYOR...,0,0,1341,64,0,9,8
2.0724,12580,Rest,HAZIRLANIYOR...,0,0,1295,34,71,6,0
2.0890,12581,Rest,HAZIRLANIYOR...,0,0,1210,6,151,6,0
2.0892,12582,Rest,HAZIRLANIYOR...,0,0,1087,0,227,8,0
2.0892,12583,Rest,HAZIRLANIYOR...,0,0,927,0,301,10,0
2.0892,12584,Rest,HAZIRLANIYOR...,0,0,726,0,383,9,0
2.0892,12585,Rest,HAZIRLANIYOR...,0,0,486,0,477,8,0
2.0892,12586,Rest,HAZIRLANIYOR...,0,73,217,0,569,8,0
2.0892,12587,Rest,HAZIRLANIYOR...,0,170,0,0,639,10,1
2.0892,12588,Rest,HAZIRLANIYOR...,0,264,0,0,685,14,2
2.0893,12589,Rest,HAZIRLANIYOR...,0,352,0,0,712,17,1
2.0893,12590,Rest,HAZIRLANIYOR...,0,426,0,0,708,13,0
2.0893,12591,Rest,HAZIRLANIYOR...,0,487,0,0,672,3,0
2.0893,12592,Rest,HAZIRLANIYOR...,0,533,0,0,625,0,0
2.0893,12593,Rest,HAZIRLANIYOR...,0,563,0,0,585,0,0
2.0894,12594,Rest,HAZIRLANIYOR...,0,576,0,0,538,0,0
2.0894,12595,Rest,HAZIRLANIYOR...,0,573,0,0,459,0,0
2.0894,12596,Rest,HAZIRLANIYOR...,0,554,0,0,337,0,0
2.0894,12597,Rest,HAZIRLANIYOR...,0,518,0,0,186,0,0
2.0897,12598,Rest,HAZIRLANIYOR...,0,464,0,0,29,0,0
2.0897,12599,Rest,HAZIRLANIYOR...,0,395,0,0,0,0,0
2.0898,12600,Rest,HAZIRLANIYOR...,0,312,0,18,0,0,0
2.0898,12601,Rest,HAZIRLANIYOR...,0,221,0,41,0,0,0
2.0898,12602,Rest,HAZIRLANIYOR...,0,122,0,62,0,0,0
2.0898,12603,Rest,HAZIRLANIYOR...,0,19,0,80,0,0,0
2.0898,12604,Rest,HAZIRLANIYOR...,0,0,0,95,0,0,0
2.0898,12605,Rest,HAZIRLANIYOR...,0,0,174,108,0,0,1
2.0898,12606,Rest,HAZIRLANIYOR...,0,0,403,119,0,0,0
2.0899,12607,Rest,HAZIRLANIYOR...,0,0,615,131,0,0,0
2.0899,12608,Rest,HAZIRLANIYOR...,0,0,805,143,0,1,0
2.0899,12609,Rest,HAZIRLANIYOR...,0,0,969,148,0,5,0
2.0900,12610,Rest,HAZIRLANIYOR...,0,0,1104,146,0,5,0
2.0900,12611,Rest,HAZIRLANIYOR...,0,0,1206,139,0,3,0
2.1204,12612,Rest,HAZIRLANIYOR...,0,0,1276,129,0,4,0
2.1205,12613,Rest,HAZIRLANIYOR...,0,0,1316,113,0,7,0
2.1205,12614,Rest,HAZIRLANIYOR...,0,0,1326,88,0,8,0
2.1205,12615,Rest,HAZIRLANIYOR...,0,0,1298,54,27,8,5
2.1205,12616,Rest,HAZIRLANIYOR...,0,0,1231,21,114,7,8
2.1205,12617,Rest,HAZIRLANIYOR...,0,0,1126,0,202,6,8
2.1205,12618,Rest,HAZIRLANIYOR...,0,0,985,0,285,6,5
2.1205,12619,Rest,HAZIRLANIYOR...,0,0,804,0,354,5,3
2.1228,12620,Rest,HAZIRLANIYOR...,0,0,581,0,420,6,3
2.1228,12621,Rest,HAZIRLANIYOR...,0,0,324,0,506,12,3
2.1229,12622,Rest,HAZIRLANIYOR...,0,54,42,0,606,15,2
2.1229,12623,Rest,HAZIRLANIYOR...,0,165,0,0,693,8,3
2.1229,12624,Rest,HAZIRLANIYOR...,0,272,0,0,752,0,4
2.1229,12625,Rest,HAZIRLANIYOR...,0,371,0,0,778,0,4
2.1275,12626,Rest,HAZIRLANIYOR...,0,458,0,0,780,0,4
2.1276,12627,Rest,HAZIRLANIYOR...,0,532,0,0,772,1,8
2.1298,12628,Rest,HAZIRLANIYOR...,0,588,0,0,749,1,11
2.1298,12629,Rest,HAZIRLANIYOR...,0,626,0,0,683,0,11
2.1298,12630,Rest,HAZIRLANIYOR...,0,644,0,0,550,0,10
2.1299,12631,Rest,HAZIRLANIYOR...,0,640,0,0,365,0,4
2.1299,12632,Rest,HAZIRLANIYOR...,0,612,0,0,172,0,0
2.1299,12633,Rest,HAZIRLANIYOR...,0,561,0,0,0,0,0
2.1299,12634,Rest,HAZIRLANIYOR...,0,495,0,0,0,0,0
2.1299,12635,Rest,HAZIRLANIYOR...,0,417,0,5,0,0,0
2.1317,12636,Rest,HAZIRLANIYOR...,0,329,0,30,0,0,0
2.1317,12637,Rest,HAZIRLANIYOR...,0,229,0,50,0,0,0
2.1317,12638,Rest,HAZIRLANIYOR...,0,124,0,68,0,0,0
2.1317,12639,Rest,HAZIRLANIYOR...,0,18,0,84,0,0,0
2.1320,12640,Rest,HAZIRLANIYOR...,0,0,102,101,0,0,4
2.1320,12641,Rest,HAZIRLANIYOR...,0,0,336,116,0,0,5
2.1320,12642,Rest,HAZIRLANIYOR...,0,0,556,129,0,0,0
2.1320,12643,Rest,HAZIRLANIYOR...,0,0,756,140,0,0,0
2.1320,12644,Rest,HAZIRLANIYOR...,0,0,931,148,0,0,0
2.1320,12645,Rest,HAZIRLANIYOR...,0,0,1076,151,0,5,0
2.1320,12646,Rest,HAZIRLANIYOR...,0,0,1190,148,0,13,0
2.1321,12647,Rest,HAZIRLANIYOR...,0,0,1271,138,0,22,0
2.1321,12648,Rest,HAZIRLANIYOR...,0,0,1320,120,0,20,1
2.1321,12649,Rest,HAZIRLANIYOR...,0,0,1340,98,0,4,2
2.1321,12650,Rest,HAZIRLANIYOR...,0,0,1330,71,0,0,0
2.1321,12651,Rest,HAZIRLANIYOR...,0,0,1280,41,88,0,0
2.1321,12652,Rest,HAZIRLANIYOR...,0,0,1189,11,167,6,0
2.1321,12653,Rest,HAZIRLANIYOR...,0,0,1062,0,242,6,3
2.1321,12654,Rest,HAZIRLANIYOR...,0,0,898,0,318,3,7
2.1321,12655,Rest,HAZIRLANIYOR...,0,0,691,0,400,2,8
2.1321,12656,Rest,HAZIRLANIYOR...,0,0,445,0,491,5,2
2.1321,12657,Rest,HAZIRLANIYOR...,0,3,170,0,583,6,0
2.1322,12658,Rest,HAZIRLANIYOR...,0,104,0,0,662,5,0
2.1322,12659,Rest,HAZIRLANIYOR...,0,206,0,0,718,4,0
2.1322,12660,Rest,HAZIRLANIYOR...,0,303,0,0,750,3,0
2.1322,12661,Rest,HAZIRLANIYOR...,0,388,0,0,744,0,0
2.1322,12662,Rest,HAZIRLANIYOR...,0,459,0,0,700,0,0
2.1322,12663,Rest,HAZIRLANIYOR...,0,515,0,0,646,0,0
2.1322,12664,Rest,HAZIRLANIYOR...,0,555,0,0,605,0,0
2.1322,12665,Rest,HAZIRLANIYOR...,0,578,0,0,564,0,0
2.1324,12666,Rest,HAZIRLANIYOR...,0,582,0,0,493,0,0
2.1324,12667,Rest,HAZIRLANIYOR...,0,568,0,0,380,0,0
2.1324,12668,Rest,HAZIRLANIYOR...,0,534,0,0,223,0,0
2.1324,12669,Rest,HAZIRLANIYOR...,0,483,0,0,45,0,0
2.1324,12670,Rest,HAZIRLANIYOR...,0,420,0,0,0,0,3
2.1324,12671,Rest,HAZIRLANIYOR...,0,346,0,24,0,0,9
2.1324,12672,Rest,HAZIRLANIYOR...,0,255,0,44,0,0,3
2.1324,12673,Rest,HAZIRLANIYOR...,0,155,0,64,0,0,0
2.1325,12674,Rest,HAZIRLANIYOR...,0,56,0,83,0,0,0
2.1325,12675,Rest,HAZIRLANIYOR...,0,0,0,100,0,0,0
2.1325,12676,Rest,HAZIRLANIYOR...,0,0,178,114,0,0,0
2.1325,12677,Rest,HAZIRLANIYOR...,0,0,410,125,0,0,1
2.1325,12678,Rest,HAZIRLANIYOR...,0,0,627,135,0,0,2
2.1325,12679,Rest,HAZIRLANIYOR...,0,0,820,145,0,1,7
2.1325,12680,Rest,HAZIRLANIYOR...,0,0,983,151,0,5,9
2.1325,12681,Rest,HAZIRLANIYOR...,0,0,1116,149,0,13,2
2.1325,12682,Rest,HAZIRLANIYOR...,0,0,1222,141,0,18,0
2.1325,12683,Rest,HAZIRLANIYOR...,0,0,1299,126,0,13,0
2.1325,12684,Rest,HAZIRLANIYOR...,0,0,1342,106,0,4,1
2.1326,12685,Rest,HAZIRLANIYOR...,0,0,1349,80,0,2,5
2.1326,12686,Rest,HAZIRLANIYOR...,0,0,1318,50,46,5,3
2.1327,12687,Rest,HAZIRLANIYOR...,0,0,1250,20,127,10,0
2.1359,12688,Rest,HAZIRLANIYOR...,0,0,1146,0,202,15,0
2.1360,12689,Rest,HAZIRLANIYOR...,0,0,1003,0,274,15,0
2.1362,12690,Rest,HAZIRLANIYOR...,0,0,819,0,348,6,0
2.1363,12691,Rest,HAZIRLANIYOR...,0,0,594,0,436,0,3
2.1363,12692,Rest,HAZIRLANIYOR...,0,0,335,0,531,4,6
2.1369,12693,Rest,HAZIRLANIYOR...,0,72,55,0,612,10,5
2.1370,12694,Rest,HAZIRLANIYOR...,0,176,0,0,668,7,1
2.1370,12695,Rest,HAZIRLANIYOR...,0,278,0,0,704,0,2
2.1520,12696,Rest,HAZIRLANIYOR...,0,373,0,0,717,0,3
2.1521,12697,Rest,HAZIRLANIYOR...,0,457,0,0,693,0,4
2.1521,12698,Rest,HAZIRLANIYOR...,0,525,0,0,643,0,3
2.1522,12699,Rest,HAZIRLANIYOR...,0,575,0,0,594,0,3
2.1523,12700,Rest,HAZIRLANIYOR...,0,605,0,0,552,0,1
2.1523,12701,Rest,HAZIRLANIYOR...,0,617,0,0,490,0,0
2.1524,12702,Rest,HAZIRLANIYOR...,0,611,0,0,384,0,0
2.1524,12703,Rest,HAZIRLANIYOR...,0,586,0,0,237,0,0
2.1524,12704,Rest,HAZIRLANIYOR...,0,540,0,0,78,0,0
2.1524,12705,Rest,HAZIRLANIYOR...,0,475,0,0,0,0,0
2.1524,12706,Rest,HAZIRLANIYOR...,0,397,0,13,0,0,0
2.1524,12707,Rest,HAZIRLANIYOR...,0,310,0,36,0,0,0
2.1525,12708,Rest,HAZIRLANIYOR...,0,218,0,57,0,0,0
2.1525,12709,Rest,HAZIRLANIYOR...,0,123,0,75,0,0,0
2.1525,12710,Rest,HAZIRLANIYOR...,0,26,0,92,0,0,0
2.1525,12711,Rest,HAZIRLANIYOR...,0,0,71,108,0,0,0
2.1525,12712,Rest,HAZIRLANIYOR...,0,0,307,120,0,0,0
2.1526,12713,Rest,HAZIRLANIYOR...,0,0,528,130,0,4,0
2.1526,12714,Rest,HAZIRLANIYOR...,0,0,729,140,0,13,0
2.1526,12715,Rest,HAZIRLANIYOR...,0,0,906,148,0,11,0
2.1526,12716,Rest,HAZIRLANIYOR...,0,0,1056,151,0,0,2
2.1526,12717,Rest,HAZIRLANIYOR...,0,0,1173,148,0,0,3
2.1527,12718,Rest,HAZIRLANIYOR...,0,0,1258,139,0,0,2
2.1527,12719,Rest,HAZIRLANIYOR...,0,0,1312,122,0,8,3
2.1527,12720,Rest,HAZIRLANIYOR...,0,0,1334,96,0,10,9
2.1527,12721,Rest,HAZIRLANIYOR...,0,0,1319,63,0,2,13
2.1529,12722,Rest,HAZIRLANIYOR...,0,0,1268,32,77,0,7
2.1529,12723,Rest,HAZIRLANIYOR...,0,0,1182,6,157,0,0
2.1840,12724,Rest,HAZIRLANIYOR...,0,0,1058,0,236,0,0
2.1840,12725,Rest,HAZIRLANIYOR...,0,0,892,0,313,0,1
2.1840,12726,Rest,HAZIRLANIYOR...,0,0,686,0,392,4,2
2.1883,12727,Rest,HAZIRLANIYOR...,0,0,444,0,480,12,2
2.1883,12728,Rest,HAZIRLANIYOR...,0,0,172,0,571,16,5
2.1883,12729,Rest,HAZIRLANIYOR...,0,96,0,0,650,10,9
2.1883,12730,Rest,HAZIRLANIYOR...,0,193,0,0,704,1,4
2.1883,12731,Rest,HAZIRLANIYOR...,0,285,0,0,727,0,0
2.1884,12732,Rest,HAZIRLANIYOR...,0,368,0,0,719,2,0
2.1884,12733,Rest,HAZIRLANIYOR...,0,436,0,0,706,3,0
2.1884,12734,Rest,HAZIRLANIYOR...,0,489,0,0,715,1,0
2.1911,12735,Rest,HAZIRLANIYOR...,0,528,0,0,724,1,0
2.1911,12736,Rest,HAZIRLANIYOR...,0,551,0,0,665,0,0
2.1911,12737,Rest,HAZIRLANIYOR...,0,556,0,0,508,0,0
2.1912,12738,Rest,HAZIRLANIYOR...,0,542,0,0,302,0,0
2.1912,12739,Rest,HAZIRLANIYOR...,0,508,0,0,106,0,0
2.1912,12740,Rest,HAZIRLANIYOR...,0,453,0,0,0,0,0
2.1912,12741,Rest,HAZIRLANIYOR...,0,383,0,0,0,0,0
2.1912,12742,Rest,HAZIRLANIYOR...,0,301,0,17,0,0,1
2.1912,12743,Rest,HAZIRLANIYOR...,0,215,0,39,0,0,3
2.1936,12744,Rest,HAZIRLANIYOR...,0,125,0,58,0,0,0
2.1936,12745,Rest,HAZIRLANIYOR...,0,33,0,75,0,0,0
2.1936,12746,Rest,HAZIRLANIYOR...,0,0,0,93,0,0,0
2.1936,12747,Rest,HAZIRLANIYOR...,0,0,226,107,0,0,0
2.1936,12748,Rest,HAZIRLANIYOR...,0,0,456,118,0,0,0
2.1937,12749,Rest,HAZIRLANIYOR...,0,0,667,127,0,0,0
2.1937,12750,Rest,HAZIRLANIYOR...,0,0,856,135,0,4,0
2.1937,12751,Rest,HAZIRLANIYOR...,0,0,1016,139,0,10,4
2.1937,12752,Rest,HAZIRLANIYOR...,0,0,1144,139,0,6,11
2.1937,12753,Rest,HAZIRLANIYOR...,0,0,1240,134,0,1,11
2.1937,12754,Rest,HAZIRLANIYOR...,0,0,1305,122,0,4,4
2.1937,12755,Rest,HAZIRLANIYOR...,0,0,1341,102,0,11,0
2.1937,12756,Rest,HAZIRLANIYOR...,0,0,1342,76,0,12,0
2.1938,12757,Rest,HAZIRLANIYOR...,0,0,1306,48,50,10,0
2.1938,12758,Rest,HAZIRLANIYOR...,0,0,1232,21,136,9,0
2.1938,12759,Rest,HAZIRLANIYOR...,0,0,1123,0,214,9,2
2.1938,12760,Rest,HAZIRLANIYOR...,0,0,978,0,289,8,2
2.1938,12761,Rest,HAZIRLANIYOR...,0,0,791,0,365,7,1
2.1938,12762,Rest,HAZIRLANIYOR...,0,0,560,0,450,7,3
2.1938,12763,Rest,HAZIRLANIYOR...,0,6,293,0,543,7,9
2.1938,12764,Rest,HAZIRLANIYOR...,0,104,3,0,628,5,12
2.1938,12765,Rest,HAZIRLANIYOR...,0,204,0,0,694,4,5
2.1939,12766,Rest,HAZIRLANIYOR...,0,302,0,0,736,3,0
2.1939,12767,Rest,HAZIRLANIYOR...,0,393,0,0,746,2,0
2.1939,12768,Rest,HAZIRLANIYOR...,0,471,0,0,718,0,0
2.1939,12769,Rest,HAZIRLANIYOR...,0,531,0,0,668,0,0
2.1939,12770,Rest,HAZIRLANIYOR...,0,572,0,0,625,0,0
2.1939,12771,Rest,HAZIRLANIYOR...,0,596,0,0,586,0,0
2.1939,12772,Rest,HAZIRLANIYOR...,0,604,0,0,523,0,0
2.1939,12773,Rest,HAZIRLANIYOR...,0,595,0,0,420,0,0
2.1941,12774,Rest,HAZIRLANIYOR...,0,568,0,0,276,0,0
2.1941,12775,Rest,HAZIRLANIYOR...,0,524,0,0,108,0,0
2.1941,12776,Rest,HAZIRLANIYOR...,0,463,0,0,0,0,0
2.1941,12777,Rest,HAZIRLANIYOR...,0,386,0,14,0,0,0
2.1941,12778,Rest,HAZIRLANIYOR...,0,299,0,40,0,0,0
2.1941,12779,Rest,HAZIRLANIYOR...,0,204,0,66,0,0,0
2.1941,12780,Rest,HAZIRLANIYOR...,0,107,0,84,0,0,2
2.1941,12781,Rest,HAZIRLANIYOR...,0,8,0,97,0,0,5
2.1941,12782,Rest,HAZIRLANIYOR...,0,0,82,110,0,0,0
2.1941,12783,Rest,HAZIRLANIYOR...,0,0,317,122,0,0,0
2.1942,12784,Rest,HAZIRLANIYOR...,0,0,540,132,0,0,0
2.1942,12785,Rest,HAZIRLANIYOR...,0,0,745,139,0,0,0
2.1942,12786,Rest,HAZIRLANIYOR...,0,0,924,143,0,8,0
2.1942,12787,Rest,HAZIRLANIYOR...,0,0,1070,145,0,12,0
2.1942,12788,Rest,HAZIRLANIYOR...,0,0,1183,142,0,6,1
2.1942,12789,Rest,HAZIRLANIYOR...,0,0,1265,131,0,0,6
2.1942,12790,Rest,HAZIRLANIYOR...,0,0,1321,113,0,0,7
2.1942,12791,Rest,HAZIRLANIYOR...,0,0,1343,87,0,3,1
2.1942,12792,Rest,HAZIRLANIYOR...,0,0,1327,57,0,8,0
2.1942,12793,Rest,HAZIRLANIYOR...,0,0,1273,27,87,9,0
2.1942,12794,Rest,HAZIRLANIYOR...,0,0,1184,0,168,9,0
2.1943,12795,Rest,HAZIRLANIYOR...,0,0,1056,0,246,8,0
2.1943,12796,Rest,HAZIRLANIYOR...,0,0,885,0,322,8,2
2.1989,12797,Rest,HAZIRLANIYOR...,0,0,673,0,400,8,6
2.1991,12798,Rest,HAZIRLANIYOR...,0,0,430,0,490,7,3
2.1991,12799,Rest,HAZIRLANIYOR...,0,0,162,0,582,7,0
2.1992,12800,Rest,HAZIRLANIYOR...,0,102,0,0,659,6,0
2.1992,12801,Rest,HAZIRLANIYOR...,0,201,0,0,710,4,5
2.1992,12802,Rest,HAZIRLANIYOR...,0,295,0,0,729,2,5
2.1992,12803,Rest,HAZIRLANIYOR...,0,381,0,0,713,0,0
2.1992,12804,Rest,HAZIRLANIYOR...,0,450,0,0,673,0,0
2.1993,12805,Rest,HAZIRLANIYOR...,0,501,0,0,629,0,0
2.2151,12806,Rest,HAZIRLANIYOR...,0,534,0,0,590,0,1
2.2153,12807,Rest,HAZIRLANIYOR...,0,550,0,0,542,0,1
2.2154,12808,Rest,HAZIRLANIYOR...,0,547,0,0,457,0,0
2.2154,12809,Rest,HAZIRLANIYOR...,0,527,0,0,323,0,0
2.2154,12810,Rest,HAZIRLANIYOR...,0,489,0,0,158,0,0
2.2155,12811,Rest,HAZIRLANIYOR...,0,432,0,0,0,0,0
2.2155,12812,Rest,HAZIRLANIYOR...,0,358,0,0,0,0,0
2.2155,12813,Rest,HAZIRLANIYOR...,0,275,0,23,0,0,0
2.2155,12814,Rest,HAZIRLANIYOR...,0,186,0,49,0,0,0
2.2155,12815,Rest,HAZIRLANIYOR...,0,97,0,69,0,0,0
2.2156,12816,Rest,HAZIRLANIYOR...,0,4,0,84,0,0,0
2.2156,12817,Rest,HAZIRLANIYOR...,0,0,0,97,0,0,0
2.2157,12818,Rest,HAZIRLANIYOR...,0,0,215,110,0,0,0
2.2157,12819,Rest,HAZIRLANIYOR...,0,0,440,124,0,0,0
2.2157,12820,Rest,HAZIRLANIYOR...,0,0,649,136,0,0,0
2.2157,12821,Rest,HAZIRLANIYOR...,0,0,837,145,0,3,2
2.2157,12822,Rest,HAZIRLANIYOR...,0,0,999,150,0,3,2
2.2157,12823,Rest,HAZIRLANIYOR...,0,0,1129,151,0,4,4
2.2157,12824,Rest,HAZIRLANIYOR...,0,0,1224,145,0,7,7
2.2158,12825,Rest,HAZIRLANIYOR...,0,0,1286,131,0,14,9
2.2158,12826,Rest,HAZIRLANIYOR...,0,0,1320,109,0,19,3
2.2158,12827,Rest,HAZIRLANIYOR...,0,0,1324,83,0,14,0
2.2158,12828,Rest,HAZIRLANIYOR...,0,0,1290,55,40,6,0
2.2158,12829,Rest,HAZIRLANIYOR...,0,0,1216,27,125,3,0
2.2158,12830,Rest,HAZIRLANIYOR...,0,0,1102,0,203,6,0
2.2158,12831,Rest,HAZIRLANIYOR...,0,0,951,0,278,7,0
2.2158,12832,Rest,HAZIRLANIYOR...,0,0,761,0,355,7,4
2.2159,12833,Rest,HAZIRLANIYOR...,0,0,534,0,443,11,9
2.2159,12834,Rest,HAZIRLANIYOR...,0,34,275,0,540,15,8
2.2159,12835,Rest,HAZIRLANIYOR...,0,135,0,0,631,9,1
2.2360,12836,Rest,HAZIRLANIYOR...,0,233,0,0,697,0,0
2.2360,12837,Rest,HAZIRLANIYOR...,0,328,0,0,734,0,0
2.2360,12838,Rest,HAZIRLANIYOR...,0,415,0,0,737,0,0
2.2361,12839,Rest,HAZIRLANIYOR...,0,485,0,0,708,0,0
2.2361,12840,Rest,HAZIRLANIYOR...,0,537,0,0,666,0,0
2.2361,12841,Rest,HAZIRLANIYOR...,0,571,0,0,625,0,1
2.2362,12842,Rest,HAZIRLANIYOR...,0,586,0,0,584,0,5
2.2362,12843,Rest,HAZIRLANIYOR...,0,579,0,0,520,0,5
2.2362,12844,Rest,HAZIRLANIYOR...,0,555,0,0,411,0,0
2.2362,12845,Rest,HAZIRLANIYOR...,0,514,0,0,257,0,0
2.2362,12846,Rest,HAZIRLANIYOR...,0,456,0,0,85,0,0
2.2362,12847,Rest,HAZIRLANIYOR...,0,381,0,0,0,0,0
2.2362,12848,Rest,HAZIRLANIYOR...,0,296,0,7,0,0,0
2.2362,12849,Rest,HAZIRLANIYOR...,0,205,0,27,0,0,0
2.2363,12850,Rest,HAZIRLANIYOR...,0,112,0,45,0,0,0
2.2363,12851,Rest,HAZIRLANIYOR...,0,19,0,63,0,0,0
2.2453,12852,Rest,HAZIRLANIYOR...,0,0,0,81,0,2,0
2.2453,12853,Rest,HAZIRLANIYOR...,0,0,102,96,0,0,0
2.2453,12854,Rest,HAZIRLANIYOR...,0,0,338,108,0,0,0
2.2453,12855,Rest,HAZIRLANIYOR...,0,0,559,120,0,0,0
2.2453,12856,Rest,HAZIRLANIYOR...,0,0,758,130,0,0,0
2.2476,12857,Rest,HAZIRLANIYOR...,0,0,931,137,0,0,0
2.2476,12858,Rest,HAZIRLANIYOR...,0,0,1074,141,0,4,1
2.2521,12859,Rest,HAZIRLANIYOR...,0,0,1184,141,0,11,2
2.2522,12860,Rest,HAZIRLANIYOR...,0,0,1262,134,0,9,3
2.2543,12861,Rest,HAZIRLANIYOR...,0,0,1314,118,0,2,2
2.2543,12862,Rest,HAZIRLANIYOR...,0,0,1336,95,0,0,1
2.2543,12863,Rest,HAZIRLANIYOR...,0,0,1320,67,0,3,2
2.2543,12864,Rest,HAZIRLANIYOR...,0,0,1263,39,83,5,4
2.2543,12865,Rest,HAZIRLANIYOR...,0,0,1169,11,165,3,5
2.2543,12866,Rest,HAZIRLANIYOR...,0,0,1040,0,243,2,3
2.2543,12867,Rest,HAZIRLANIYOR...,0,0,872,0,322,2,0
2.2560,12868,Rest,HAZIRLANIYOR...,0,0,663,0,414,3,0
2.2560,12869,Rest,HAZIRLANIYOR...,0,0,416,0,526,3,2
2.2560,12870,Rest,HAZIRLANIYOR...,0,98,136,0,641,5,4
2.2562,12871,Rest,HAZIRLANIYOR...,0,214,0,0,730,8,3
2.2562,12872,Rest,HAZIRLANIYOR...,0,330,0,0,777,9,1
2.2562,12873,Rest,HAZIRLANIYOR...,0,442,0,0,784,6,1
2.2562,12874,Rest,HAZIRLANIYOR...,0,540,0,0,762,1,1
2.2562,12875,Rest,HAZIRLANIYOR...,0,620,0,0,728,0,0
2.2562,12876,Rest,HAZIRLANIYOR...,0,679,0,0,702,0,0
2.2562,12877,Rest,HAZIRLANIYOR...,0,717,0,0,671,0,0
2.2563,12878,Rest,HAZIRLANIYOR...,0,735,0,0,594,0,0
2.2563,12879,Rest,HAZIRLANIYOR...,0,733,0,0,449,0,0
2.2563,12880,Rest,HAZIRLANIYOR...,0,712,0,0,255,0,0
2.2563,12881,Rest,HAZIRLANIYOR...,0,666,0,0,59,0,0
2.2563,12882,Rest,HAZIRLANIYOR...,0,598,0,0,0,0,0
2.2563,12883,Rest,HAZIRLANIYOR...,0,513,0,0,0,0,2
2.2563,12884,Rest,HAZIRLANIYOR...,0,414,0,14,0,0,7
2.2563,12885,Rest,HAZIRLANIYOR...,0,306,0,38,0,0,0
2.2563,12886,Rest,HAZIRLANIYOR...,0,192,0,60,0,0,0
2.2563,12887,Rest,HAZIRLANIYOR...,0,77,0,79,0,0,0
2.2563,12888,Rest,HAZIRLANIYOR...,0,0,30,95,0,0,0
2.2563,12889,Rest,HAZIRLANIYOR...,0,0,263,110,0,0,0
2.2563,12890,Rest,HAZIRLANIYOR...,0,0,486,127,0,0,0
2.2563,12891,Rest,HAZIRLANIYOR...,0,0,692,142,0,0,0
2.2563,12892,Rest,HAZIRLANIYOR...,0,0,876,152,0,1,0
2.2564,12893,Rest,HAZIRLANIYOR...,0,0,1031,155,0,2,0
2.2564,12894,Rest,HAZIRLANIYOR...,0,0,1152,155,0,3,0
2.2564,12895,Rest,HAZIRLANIYOR...,0,0,1244,151,0,6,3
2.2564,12896,Rest,HAZIRLANIYOR...,0,0,1306,138,0,9,5
2.2564,12897,Rest,HAZIRLANIYOR...,0,0,1337,117,0,11,5
2.2564,12898,Rest,HAZIRLANIYOR...,0,0,1334,91,0,12,4
2.2564,12899,Rest,HAZIRLANIYOR...,0,0,1295,62,58,11,3
2.2564,12900,Rest,HAZIRLANIYOR...,0,0,1221,31,142,10,2
2.2564,12901,Rest,HAZIRLANIYOR...,0,0,1108,3,219,9,1
2.2564,12902,Rest,HAZIRLANIYOR...,0,0,955,0,293,9,1
2.2564,12903,Rest,HAZIRLANIYOR...,0,0,762,0,371,12,0
2.2564,12904,Rest,HAZIRLANIYOR...,0,0,527,0,459,16,0
2.2564,12905,Rest,HAZIRLANIYOR...,0,0,259,0,556,13,0
2.2564,12906,Rest,HAZIRLANIYOR...,0,0,0,0,648,4,2
2.2629,12907,Rest,HAZIRLANIYOR...,0,70,0,0,714,0,3
2.2630,12908,Rest,HAZIRLANIYOR...,0,164,0,0,745,1,2
2.2630,12909,Rest,HAZIRLANIYOR...,0,250,0,0,742,0,0
2.2630,12910,Rest,HAZIRLANIYOR...,0,328,0,0,713,0,0
2.2630,12911,Rest,HAZIRLANIYOR...,0,393,0,0,671,0,0
2.2630,12912,Rest,HAZIRLANIYOR...,0,441,0,0,632,0,0
2.2630,12913,Rest,HAZIRLANIYOR...,0,472,0,0,595,0,0
2.2630,12914,Rest,HAZIRLANIYOR...,0,491,0,0,531,2,0
2.2630,12915,Rest,HAZIRLANIYOR...,0,497,0,0,417,9,0
2.2631,12916,Rest,HAZIRLANIYOR...,0,484,0,0,264,9,0
2.2631,12917,Rest,HAZIRLANIYOR...,0,450,0,0,104,0,0
2.2631,12918,Rest,HAZIRLANIYOR...,0,398,0,0,0,0,0
2.2789,12919,Rest,HAZIRLANIYOR...,0,334,0,8,0,0,4
2.2790,12920,Rest,HAZIRLANIYOR...,0,259,0,32,0,0,7
2.2790,12921,Rest,HAZIRLANIYOR...,0,176,0,51,0,0,0
2.2790,12922,Rest,HAZIRLANIYOR...,0,88,0,69,0,0,0
2.2791,12923,Rest,HAZIRLANIYOR...,0,0,0,85,0,0,0
2.2791,12924,Rest,HAZIRLANIYOR...,0,0,89,100,0,0,0
2.2791,12925,Rest,HAZIRLANIYOR...,0,0,322,114,0,0,0
2.2791,12926,Rest,HAZIRLANIYOR...,0,0,541,128,0,0,7
2.2791,12927,Rest,HAZIRLANIYOR...,0,0,741,140,0,0,8
2.2791,12928,Rest,HAZIRLANIYOR...,0,0,917,148,0,0,1
2.2792,12929,Rest,HAZIRLANIYOR...,0,0,1061,151,0,4,0
2.2792,12930,Rest,HAZIRLANIYOR...,0,0,1173,146,0,10,0
2.2792,12931,Rest,HAZIRLANIYOR...,0,0,1255,134,0,12,2
2.2792,12932,Rest,HAZIRLANIYOR...,0,0,1308,116,0,7,0
2.2792,12933,Rest,HAZIRLANIYOR...,0,0,1330,90,0,2,0
2.2793,12934,Rest,HAZIRLANIYOR...,0,0,1317,59,6,3,0
2.2793,12935,Rest,HAZIRLANIYOR...,0,0,1264,29,91,7,2
2.2793,12936,Rest,HAZIRLANIYOR...,0,0,1171,2,169,8,4
2.2793,12937,Rest,HAZIRLANIYOR...,0,0,1039,0,245,5,4
2.2793,12938,Rest,HAZIRLANIYOR...,0,0,872,0,320,2,5
2.2793,12939,Rest,HAZIRLANIYOR...,0,0,665,0,400,1,4
2.2793,12940,Rest,HAZIRLANIYOR...,0,0,423,0,489,3,1
2.2793,12941,Rest,HAZIRLANIYOR...,0,88,153,0,578,5,0
2.2794,12942,Rest,HAZIRLANIYOR...,0,188,0,0,651,4,0
2.2794,12943,Rest,HAZIRLANIYOR...,0,288,0,0,700,3,0
2.2794,12944,Rest,HAZIRLANIYOR...,0,380,0,0,721,3,0
2.2794,12945,Rest,HAZIRLANIYOR...,0,457,0,0,710,2,3
2.2794,12946,Rest,HAZIRLANIYOR...,0,518,0,0,674,1,3
2.2795,12947,Rest,HAZIRLANIYOR...,0,563,0,0,630,0,0
2.3147,12948,Rest,HAZIRLANIYOR...,0,591,0,0,581,0,0
2.3148,12949,Rest,HAZIRLANIYOR...,0,605,0,0,519,0,0
2.3164,12950,Rest,HAZIRLANIYOR...,0,604,0,0,429,4,0
2.3164,12951,Rest,HAZIRLANIYOR...,0,585,0,0,304,5,4
2.3164,12952,Rest,HAZIRLANIYOR...,0,544,0,0,149,0,5
2.3164,12953,Rest,HAZIRLANIYOR...,0,483,0,0,0,0,0
2.3164,12954,Rest,HAZIRLANIYOR...,0,410,0,0,0,0,0
2.3164,12955,Rest,HAZIRLANIYOR...,0,326,0,24,0,0,0
2.3164,12956,Rest,HAZIRLANIYOR...,0,233,0,45,0,0,0
2.3165,12957,Rest,HAZIRLANIYOR...,0,133,0,62,0,0,0
2.3165,12958,Rest,HAZIRLANIYOR...,0,31,0,79,0,0,0
2.3165,12959,Rest,HAZIRLANIYOR...,0,0,0,97,0,0,0
2.3165,12960,Rest,HAZIRLANIYOR...,0,0,229,112,0,0,0
2.3165,12961,Rest,HAZIRLANIYOR...,0,0,453,125,0,0,0
2.3165,12962,Rest,HAZIRLANIYOR...,0,0,662,137,0,0,1
2.3165,12963,Rest,HAZIRLANIYOR...,0,0,846,147,0,1,6
2.3165,12964,Rest,HAZIRLANIYOR...,0,0,1001,154,0,4,9
2.3165,12965,Rest,HAZIRLANIYOR...,0,0,1126,156,0,5,4
2.3165,12966,Rest,HAZIRLANIYOR...,0,0,1220,149,0,8,0
2.3166,12967,Rest,HAZIRLANIYOR...,0,0,1282,134,0,11,0
2.3166,12968,Rest,HAZIRLANIYOR...,0,0,1312,113,0,12,3
2.3166,12969,Rest,HAZIRLANIYOR...,0,0,1309,90,0,11,10
2.3166,12970,Rest,HAZIRLANIYOR...,0,0,1274,64,52,10,12
2.3166,12971,Rest,HAZIRLANIYOR...,0,0,1201,32,134,8,10
2.3166,12972,Rest,HAZIRLANIYOR...,0,0,1088,0,210,5,6
2.3166,12973,Rest,HAZIRLANIYOR...,0,0,936,0,286,3,0
2.3166,12974,Rest,HAZIRLANIYOR...,0,0,742,0,369,4,0
2.3166,12975,Rest,HAZIRLANIYOR...,0,0,510,0,472,8,0
2.3166,12976,Rest,HAZIRLANIYOR...,0,0,244,0,589,11,0
2.3166,12977,Rest,HAZIRLANIYOR...,0,87,0,0,693,12,1
2.3167,12978,Rest,HAZIRLANIYOR...,0,192,0,0,765,9,0
2.3167,12979,Rest,HAZIRLANIYOR...,0,289,0,0,800,8,0
2.3167,12980,Rest,HAZIRLANIYOR...,0,375,0,0,800,8,2
2.3167,12981,Rest,HAZIRLANIYOR...,0,451,0,0,783,8,5
2.3167,12982,Rest,HAZIRLANIYOR...,0,511,0,0,763,1,3
2.3167,12983,Rest,HAZIRLANIYOR...,0,550,0,0,724,0,0
2.3167,12984,Rest,HAZIRLANIYOR...,0,568,0,0,624,0,0
2.3167,12985,Rest,HAZIRLANIYOR...,0,570,0,0,460,0,0
2.3167,12986,Rest,HAZIRLANIYOR...,0,554,0,0,269,0,0
2.3167,12987,Rest,HAZIRLANIYOR...,0,518,0,0,90,0,0
2.3167,12988,Rest,HAZIRLANIYOR...,0,463,0,0,0,0,0
2.3168,12989,Rest,HAZIRLANIYOR...,0,392,0,0,0,0,0
2.3168,12990,Rest,HAZIRLANIYOR...,0,307,0,7,0,0,0
2.3168,12991,Rest,HAZIRLANIYOR...,0,216,0,31,0,0,0
2.3168,12992,Rest,HAZIRLANIYOR...,0,124,0,53,0,0,0
2.3168,12993,Rest,HAZIRLANIYOR...,0,29,0,71,0,0,0
2.3168,12994,Rest,HAZIRLANIYOR...,0,0,0,88,0,0,0
2.3168,12995,Rest,HAZIRLANIYOR...,0,0,183,105,0,0,0
2.3168,12996,Rest,HAZIRLANIYOR...,0,0,408,123,0,0,6
2.3168,12997,Rest,HAZIRLANIYOR...,0,0,621,140,0,0,10
2.3168,12998,Rest,HAZIRLANIYOR...,0,0,810,154,0,0,5
2.3168,12999,Rest,HAZIRLANIYOR...,0,0,971,163,0,2,2
2.3169,13000,Rest,HAZIRLANIYOR...,0,0,1102,164,0,4,4
2.3169,13001,Rest,HAZIRLANIYOR...,0,0,1202,159,0,6,1
2.3169,13002,Rest,HAZIRLANIYOR...,0,0,1270,148,0,10,0
2.3169,13003,Rest,HAZIRLANIYOR...,0,0,1308,131,0,12,0
2.3169,13004,Rest,HAZIRLANIYOR...,0,0,1318,106,0,12,0
2.3169,13005,Rest,HAZIRLANIYOR...,0,0,1293,74,36,11,0
2.3169,13006,Rest,HAZIRLANIYOR...,0,0,1231,41,122,11,1
2.3169,13007,Rest,HAZIRLANIYOR...,0,0,1131,11,200,10,0
2.3170,13008,Rest,HAZIRLANIYOR...,0,0,993,0,275,9,0
2.3171,13009,Rest,HAZIRLANIYOR...,0,0,816,0,351,11,2
2.3171,13010,Rest,HAZIRLANIYOR...,0,0,599,0,432,14,5
2.3171,13011,Rest,HAZIRLANIYOR...,0,0,348,0,521,9,5
2.3171,13012,Rest,HAZIRLANIYOR...,0,97,71,0,611,1,3
2.3171,13013,Rest,HAZIRLANIYOR...,0,202,0,0,689,0,2
2.3171,13014,Rest,HAZIRLANIYOR...,0,301,0,0,743,1,2
2.3262,13015,Rest,HAZIRLANIYOR...,0,389,0,0,764,1,2
2.3263,13016,Rest,HAZIRLANIYOR...,0,468,0,0,744,0,2
2.3263,13017,Rest,HAZIRLANIYOR...,0,533,0,0,696,0,1
2.3263,13018,Rest,HAZIRLANIYOR...,0,581,0,0,645,0,1
2.3264,13019,Rest,HAZIRLANIYOR...,0,608,0,0,599,0,1
2.3265,13020,Rest,HAZIRLANIYOR...,0,617,0,0,543,0,0
2.3265,13021,Rest,HAZIRLANIYOR...,0,611,0,0,453,0,0
2.3265,13022,Rest,HAZIRLANIYOR...,0,587,0,0,322,0,0
2.3266,13023,Rest,HAZIRLANIYOR...,0,545,0,0,165,0,0
2.3266,13024,Rest,HAZIRLANIYOR...,0,483,0,0,9,0,0
2.3266,13025,Rest,HAZIRLANIYOR...,0,405,0,0,0,0,0
2.3267,13026,Rest,HAZIRLANIYOR...,0,317,0,22,0,0,0
2.3267,13027,Rest,HAZIRLANIYOR...,0,225,0,48,0,0,0
2.3267,13028,Rest,HAZIRLANIYOR...,0,131,0,67,0,0,0
2.3268,13029,Rest,HAZIRLANIYOR...,0,31,0,82,0,0,0
2.3268,13030,Rest,HAZIRLANIYOR...,0,0,5,99,0,0,0
2.3269,13031,Rest,HAZIRLANIYOR...,0,0,246,117,0,0,0
2.3271,13032,Rest,HAZIRLANIYOR...,0,0,474,133,0,0,0
2.3413,13033,Rest,HAZIRLANIYOR...,0,0,683,144,0,0,1
2.3415,13034,Rest,HAZIRLANIYOR...,0,0,869,152,0,0,0
2.3415,13035,Rest,HAZIRLANIYOR...,0,0,1029,156,0,4,1
2.3417,13036,Rest,HAZIRLANIYOR...,0,0,1155,151,0,11,1
2.3418,13037,Rest,HAZIRLANIYOR...,0,0,1247,139,0,15,0
2.3418,13038,Rest,HAZIRLANIYOR...,0,0,1309,123,0,11,1
2.3419,13039,Rest,HAZIRLANIYOR...,0,0,1343,103,0,3,3
2.3420,13040,Rest,HAZIRLANIYOR...,0,0,1346,75,0,3,5
2.3420,13041,Rest,HAZIRLANIYOR...,0,0,1310,43,67,8,4
2.3420,13042,Rest,HAZIRLANIYOR...,0,0,1232,11,146,10,0
2.3421,13043,Rest,HAZIRLANIYOR...,0,0,1116,0,220,8,0
2.3425,13044,Rest,HAZIRLANIYOR...,0,0,963,0,293,6,0
2.3426,13045,Rest,HAZIRLANIYOR...,0,0,769,0,374,6,4
2.3426,13046,Rest,HAZIRLANIYOR...,0,0,534,0,464,10,9
2.3426,13047,Rest,HAZIRLANIYOR...,0,7,270,0,550,12,9
2.3426,13048,Rest,HAZIRLANIYOR...,0,108,0,0,622,6,6
2.3426,13049,Rest,HAZIRLANIYOR...,0,212,0,0,678,0,3
2.3426,13050,Rest,HAZIRLANIYOR...,0,311,0,0,711,0,2
2.3427,13051,Rest,HAZIRLANIYOR...,0,398,0,0,708,1,3
2.3427,13052,Rest,HAZIRLANIYOR...,0,472,0,0,675,0,2
2.3427,13053,Rest,HAZIRLANIYOR...,0,535,0,0,629,0,0
2.3433,13054,Rest,HAZIRLANIYOR...,0,582,0,0,587,0,0
2.3434,13055,Rest,HAZIRLANIYOR...,0,606,0,0,539,0,0
2.3434,13056,Rest,HAZIRLANIYOR...,0,607,0,0,464,0,0
2.3434,13057,Rest,HAZIRLANIYOR...,0,589,0,0,350,0,0
2.3455,13058,Rest,HAZIRLANIYOR...,0,555,0,0,202,0,0
2.3456,13059,Rest,HAZIRLANIYOR...,0,503,0,0,40,0,0
2.3456,13060,Rest,HAZIRLANIYOR...,0,433,0,0,0,0,0
2.3469,13061,Rest,HAZIRLANIYOR...,0,351,0,21,0,0,0
2.3469,13062,Rest,HAZIRLANIYOR...,0,264,0,45,0,0,0
2.3469,13063,Rest,HAZIRLANIYOR...,0,173,0,65,0,0,0
2.3476,13064,Rest,HAZIRLANIYOR...,0,74,0,83,0,0,3
2.3477,13065,Rest,HAZIRLANIYOR...,0,0,0,98,0,0,10
2.3477,13066,Rest,HAZIRLANIYOR...,0,0,127,112,0,0,10
2.3477,13067,Rest,HAZIRLANIYOR...,0,0,360,124,0,0,2
2.3478,13068,Rest,HAZIRLANIYOR...,0,0,578,136,0,0,0
2.3746,13069,Rest,HAZIRLANIYOR...,0,0,772,148,0,0,0
2.3747,13070,Rest,HAZIRLANIYOR...,0,0,937,155,0,1,0
2.3747,13071,Rest,HAZIRLANIYOR...,0,0,1077,155,0,4,0
2.3748,13072,Rest,HAZIRLANIYOR...,0,0,1189,149,0,6,0
2.3748,13073,Rest,HAZIRLANIYOR...,0,0,1269,137,0,12,0
2.3748,13074,Rest,HAZIRLANIYOR...,0,0,1316,120,0,16,0
2.3748,13075,Rest,HAZIRLANIYOR...,0,0,1330,95,0,12,0
2.3748,13076,Rest,HAZIRLANIYOR...,0,0,1309,65,11,5,0
2.3764,13077,Rest,HAZIRLANIYOR...,0,0,1248,33,97,3,0
2.3764,13078,Rest,HAZIRLANIYOR...,0,0,1150,6,177,7,0
2.3765,13079,Rest,HAZIRLANIYOR...,0,0,1014,0,254,9,0
2.3765,13080,Rest,HAZIRLANIYOR...,0,0,840,0,330,6,0
2.3765,13081,Rest,HAZIRLANIYOR...,0,0,626,0,413,5,0
2.3765,13082,Rest,HAZIRLANIYOR...,0,0,375,0,506,5,0
2.3766,13083,Rest,HAZIRLANIYOR...,0,0,96,0,597,6,1
2.3766,13084,Rest,HAZIRLANIYOR...,0,102,0,0,670,6,3
2.3766,13085,Rest,HAZIRLANIYOR...,0,200,0,0,716,5,3
2.3766,13086,Rest,HAZIRLANIYOR...,0,294,0,0,730,3,1
2.3766,13087,Rest,HAZIRLANIYOR...,0,384,0,0,712,0,0
2.3767,13088,Rest,HAZIRLANIYOR...,0,463,0,0,671,0,0
2.3767,13089,Rest,HAZIRLANIYOR...,0,521,0,0,628,0,0
2.3782,13090,Rest,HAZIRLANIYOR...,0,556,0,0,587,0,1
2.3783,13091,Rest,HAZIRLANIYOR...,0,573,0,0,527,0,3
2.3783,13092,Rest,HAZIRLANIYOR...,0,572,0,0,430,0,4
2.3783,13093,Rest,HAZIRLANIYOR...,0,549,0,0,297,0,0
2.3783,13094,Rest,HAZIRLANIYOR...,0,508,0,0,148,0,0
2.3783,13095,Rest,HAZIRLANIYOR...,0,451,0,0,0,0,0
2.3783,13096,Rest,HAZIRLANIYOR...,0,385,0,1,0,0,0
2.3783,13097,Rest,HAZIRLANIYOR...,0,306,0,24,0,0,0
2.3783,13098,Rest,HAZIRLANIYOR...,0,214,0,44,0,0,2
2.3783,13099,Rest,HAZIRLANIYOR...,0,113,0,61,0,0,4
2.3783,13100,Rest,HAZIRLANIYOR...,0,10,0,76,0,0,0
2.3783,13101,Rest,HAZIRLANIYOR...,0,0,18,91,0,0,0
2.3783,13102,Rest,HAZIRLANIYOR...,0,0,256,106,0,0,0
2.3784,13103,Rest,HAZIRLANIYOR...,0,0,481,120,0,0,0
2.3784,13104,Rest,HAZIRLANIYOR...,0,0,686,130,0,0,0
2.3784,13105,Rest,HAZIRLANIYOR...,0,0,869,137,0,0,0
2.3785,13106,Rest,HAZIRLANIYOR...,0,0,1022,142,0,3,0
2.3786,13107,Rest,HAZIRLANIYOR...,0,0,1142,142,0,6,0
2.3786,13108,Rest,HAZIRLANIYOR...,0,0,1232,137,0,6,0
2.3786,13109,Rest,HAZIRLANIYOR...,0,0,1297,123,0,5,4
2.3786,13110,Rest,HAZIRLANIYOR...,0,0,1331,99,0,8,3
2.3786,13111,Rest,HAZIRLANIYOR...,0,0,1325,69,0,12,1
2.3786,13112,Rest,HAZIRLANIYOR...,0,0,1277,38,69,13,4
2.3786,13113,Rest,HAZIRLANIYOR...,0,0,1194,10,151,10,7
2.3786,13114,Rest,HAZIRLANIYOR...,0,0,1075,0,227,7,5
2.3786,13115,Rest,HAZIRLANIYOR...,0,0,918,0,306,6,1
2.3786,13116,Rest,HAZIRLANIYOR...,0,0,721,0,397,8,3
2.3786,13117,Rest,HAZIRLANIYOR...,0,0,487,0,510,9,6
2.3786,13118,Rest,HAZIRLANIYOR...,0,89,221,0,627,9,5
2.3786,13119,Rest,HAZIRLANIYOR...,0,199,0,0,718,9,2
2.3786,13120,Rest,HAZIRLANIYOR...,0,309,0,0,775,9,1
2.3787,13121,Rest,HAZIRLANIYOR...,0,413,0,0,807,7,1
2.3787,13122,Rest,HAZIRLANIYOR...,0,502,0,0,815,3,1
2.3787,13123,Rest,HAZIRLANIYOR...,0,572,0,0,802,0,0
2.3894,13124,Rest,HAZIRLANIYOR...,0,622,0,0,777,0,1
2.3896,13125,Rest,HAZIRLANIYOR...,0,652,0,0,727,1,2
2.3896,13126,Rest,HAZIRLANIYOR...,0,665,0,0,612,0,1
2.3896,13127,Rest,HAZIRLANIYOR...,0,659,0,0,435,0,0
2.3896,13128,Rest,HAZIRLANIYOR...,0,629,0,0,243,0,0
2.3897,13129,Rest,HAZIRLANIYOR...,0,575,0,0,66,0,0
2.3899,13130,Rest,HAZIRLANIYOR...,0,504,0,0,0,0,0
2.3899,13131,Rest,HAZIRLANIYOR...,0,419,0,0,0,0,0
2.3900,13132,Rest,HAZIRLANIYOR...,0,320,0,5,0,0,0
2.3900,13133,Rest,HAZIRLANIYOR...,0,211,0,31,0,0,0
2.3901,13134,Rest,HAZIRLANIYOR...,0,97,0,54,0,0,0
2.3901,13135,Rest,HAZIRLANIYOR...,0,0,0,71,0,0,0
2.3901,13136,Rest,HAZIRLANIYOR...,0,0,0,85,0,0,0
2.3901,13137,Rest,HAZIRLANIYOR...,0,0,228,102,0,0,4
2.3902,13138,Rest,HAZIRLANIYOR...,0,0,454,122,0,0,6
2.3902,13139,Rest,HAZIRLANIYOR...,0,0,662,137,0,0,5
2.3902,13140,Rest,HAZIRLANIYOR...,0,0,844,147,0,0,2
2.3902,13141,Rest,HAZIRLANIYOR...,0,0,999,153,0,0,0
2.3903,13142,Rest,HAZIRLANIYOR...,0,0,1127,160,0,3,0
2.3905,13143,Rest,HAZIRLANIYOR...,0,0,1222,161,0,9,0
2.3905,13144,Rest,HAZIRLANIYOR...,0,0,1284,149,0,10,3
2.4045,13145,Rest,HAZIRLANIYOR...,0,0,1316,128,0,14,5
2.4045,13146,Rest,HAZIRLANIYOR...,0,0,1323,100,0,18,11
2.4045,13147,Rest,HAZIRLANIYOR...,0,0,1297,69,41,13,15
2.4046,13148,Rest,HAZIRLANIYOR...,0,0,1230,42,126,4,10
2.4046,13149,Rest,HAZIRLANIYOR...,0,0,1125,18,204,1,0
2.4046,13150,Rest,HAZIRLANIYOR...,0,0,983,0,280,4,0
2.4046,13151,Rest,HAZIRLANIYOR...,0,0,800,0,355,6,0
2.4046,13152,Rest,HAZIRLANIYOR...,0,0,573,0,437,5,0
2.4046,13153,Rest,HAZIRLANIYOR...,0,0,315,0,532,2,3
2.4046,13154,Rest,HAZIRLANIYOR...,0,87,39,0,627,1,7
2.4046,13155,Rest,HAZIRLANIYOR...,0,192,0,0,701,2,3
2.4046,13156,Rest,HAZIRLANIYOR...,0,289,0,0,745,4,0
2.4048,13157,Rest,HAZIRLANIYOR...,0,379,0,0,759,3,0
2.4049,13158,Rest,HAZIRLANIYOR...,0,461,0,0,740,0,0
2.4050,13159,Rest,HAZIRLANIYOR...,0,528,0,0,697,0,0
2.4051,13160,Rest,HAZIRLANIYOR...,0,578,0,0,653,3,0
2.4051,13161,Rest,HAZIRLANIYOR...,0,609,0,0,611,6,2
2.4052,13162,Rest,HAZIRLANIYOR...,0,624,0,0,550,0,4
2.4052,13163,Rest,HAZIRLANIYOR...,0,623,0,0,450,0,0
2.4053,13164,Rest,HAZIRLANIYOR...,0,606,0,0,314,0,0
2.4054,13165,Rest,HAZIRLANIYOR...,0,569,0,0,161,0,0
2.4054,13166,Rest,HAZIRLANIYOR...,0,514,0,0,7,0,0
2.4055,13167,Rest,HAZIRLANIYOR...,0,444,0,2,0,0,0
2.4055,13168,Rest,HAZIRLANIYOR...,0,361,0,27,0,0,0
2.4059,13169,Rest,HAZIRLANIYOR...,0,270,0,48,0,0,0
2.4060,13170,Rest,HAZIRLANIYOR...,0,172,0,64,0,0,0
2.4060,13171,Rest,HAZIRLANIYOR...,0,72,0,78,0,0,0
2.4063,13172,Rest,HAZIRLANIYOR...,0,0,19,93,0,0,0
2.4376,13173,Rest,HAZIRLANIYOR...,0,0,256,109,0,0,0
2.4415,13174,Rest,HAZIRLANIYOR...,0,0,483,122,0,0,4
2.4415,13175,Rest,HAZIRLANIYOR...,0,0,692,132,0,0,1
2.4416,13176,Rest,HAZIRLANIYOR...,0,0,877,137,0,0,0
2.4416,13177,Rest,HAZIRLANIYOR...,0,0,1031,138,0,0,0
2.4416,13178,Rest,HAZIRLANIYOR...,0,0,1152,136,0,3,0
2.4416,13179,Rest,HAZIRLANIYOR...,0,0,1243,128,0,5,0
2.4416,13180,Rest,HAZIRLANIYOR...,0,0,1307,114,0,10,0
2.4416,13181,Rest,HAZIRLANIYOR...,0,0,1340,95,0,18,0
2.4416,13182,Rest,HAZIRLANIYOR...,0,0,1336,68,0,22,1
2.4416,13183,Rest,HAZIRLANIYOR...,0,0,1290,38,67,15,7
2.4417,13184,Rest,HAZIRLANIYOR...,0,0,1208,12,145,5,11
2.4417,13185,Rest,HAZIRLANIYOR...,0,0,1090,0,220,2,8
2.4417,13186,Rest,HAZIRLANIYOR...,0,0,935,0,293,5,0
2.4417,13187,Rest,HAZIRLANIYOR...,0,0,741,0,371,6,0
2.4417,13188,Rest,HAZIRLANIYOR...,0,0,508,0,460,5,0
2.4417,13189,Rest,HAZIRLANIYOR...,0,0,242,0,553,4,0
2.4417,13190,Rest,HAZIRLANIYOR...,0,83,0,0,634,4,0
2.4418,13191,Rest,HAZIRLANIYOR...,0,188,0,0,690,3,0
2.4418,13192,Rest,HAZIRLANIYOR...,0,284,0,0,715,0,0
2.4418,13193,Rest,HAZIRLANIYOR...,0,365,0,0,710,0,0
2.4434,13194,Rest,HAZIRLANIYOR...,0,434,0,0,675,0,0
2.4435,13195,Rest,HAZIRLANIYOR...,0,490,0,0,630,0,0
2.4435,13196,Rest,HAZIRLANIYOR...,0,532,0,0,591,0,0
2.4435,13197,Rest,HAZIRLANIYOR...,0,556,0,0,546,0,2
2.4435,13198,Rest,HAZIRLANIYOR...,0,562,0,0,465,0,0
2.4435,13199,Rest,HAZIRLANIYOR...,0,551,0,0,338,0,0
2.4435,13200,Rest,HAZIRLANIYOR...,0,519,0,0,183,0,0
2.4436,13201,Rest,HAZIRLANIYOR...,0,469,0,0,21,0,0
2.4436,13202,Rest,HAZIRLANIYOR...,0,408,0,0,0,0,1
2.4436,13203,Rest,HAZIRLANIYOR...,0,335,0,16,0,0,0
2.4436,13204,Rest,HAZIRLANIYOR...,0,249,0,36,0,0,0
2.4450,13205,Rest,HAZIRLANIYOR...,0,152,0,55,0,0,0
2.4450,13206,Rest,HAZIRLANIYOR...,0,51,0,75,0,0,0
2.4451,13207,Rest,HAZIRLANIYOR...,0,0,0,92,0,0,0
2.4451,13208,Rest,HAZIRLANIYOR...,0,0,152,106,0,0,0
2.4451,13209,Rest,HAZIRLANIYOR...,0,0,386,120,0,0,0
2.4451,13210,Rest,HAZIRLANIYOR...,0,0,601,135,0,0,0
2.4451,13211,Rest,HAZIRLANIYOR...,0,0,791,147,0,0,0
2.4451,13212,Rest,HAZIRLANIYOR...,0,0,957,154,0,3,0
2.4451,13213,Rest,HAZIRLANIYOR...,0,0,1093,155,0,5,7
2.4452,13214,Rest,HAZIRLANIYOR...,0,0,1196,150,0,6,8
2.4452,13215,Rest,HAZIRLANIYOR...,0,0,1267,139,0,5,6
2.4452,13216,Rest,HAZIRLANIYOR...,0,0,1310,119,0,4,6
2.4452,13217,Rest,HAZIRLANIYOR...,0,0,1323,91,0,5,7
2.4452,13218,Rest,HAZIRLANIYOR...,0,0,1299,59,20,7,8
2.4452,13219,Rest,HAZIRLANIYOR...,0,0,1236,32,105,8,6
2.4452,13220,Rest,HAZIRLANIYOR...,0,0,1136,7,183,10,4
2.4452,13221,Rest,HAZIRLANIYOR...,0,0,998,0,258,11,2
2.4452,13222,Rest,HAZIRLANIYOR...,0,0,822,0,336,11,3
2.4453,13223,Rest,HAZIRLANIYOR...,0,0,606,0,425,10,7
2.4454,13224,Rest,HAZIRLANIYOR...,0,0,352,0,520,10,14
2.4454,13225,Rest,HAZIRLANIYOR...,0,77,71,0,606,9,18
2.4454,13226,Rest,HAZIRLANIYOR...,0,177,0,0,670,8,11
2.4454,13227,Rest,HAZIRLANIYOR...,0,272,0,0,711,6,0
2.4454,13228,Rest,HAZIRLANIYOR...,0,359,0,0,728,4,0
2.4454,13229,Rest,HAZIRLANIYOR...,0,434,0,0,711,1,0
2.4454,13230,Rest,HAZIRLANIYOR...,0,493,0,0,667,0,0
2.4454,13231,Rest,HAZIRLANIYOR...,0,538,0,0,622,0,0
2.4454,13232,Rest,HAZIRLANIYOR...,0,564,0,0,587,0,0
2.4455,13233,Rest,HAZIRLANIYOR...,0,571,0,0,537,0,0
2.4455,13234,Rest,HAZIRLANIYOR...,0,562,0,0,443,2,1
2.4455,13235,Rest,HAZIRLANIYOR...,0,539,0,0,304,3,0
2.4455,13236,Rest,HAZIRLANIYOR...,0,500,0,0,137,0,0
2.4455,13237,Rest,HAZIRLANIYOR...,0,444,0,0,0,0,0
2.4455,13238,Rest,HAZIRLANIYOR...,0,372,0,2,0,0,0
2.4455,13239,Rest,HAZIRLANIYOR...,0,287,0,26,0,0,3
2.4455,13240,Rest,HAZIRLANIYOR...,0,195,0,46,0,0,7
2.4455,13241,Rest,HAZIRLANIYOR...,0,101,0,64,0,0,0
2.4456,13242,Rest,HAZIRLANIYOR...,0,5,0,80,0,0,0
2.4523,13243,Rest,HAZIRLANIYOR...,0,0,38,98,0,0,0
2.4524,13244,Rest,HAZIRLANIYOR...,0,0,273,116,0,0,0
2.4524,13245,Rest,HAZIRLANIYOR...,0,0,495,131,0,0,6
2.4524,13246,Rest,HAZIRLANIYOR...,0,0,699,139,0,0,8
2.4525,13247,Rest,HAZIRLANIYOR...,0,0,879,144,0,0,3
2.4525,13248,Rest,HAZIRLANIYOR...,0,0,1032,148,0,3,0
2.4525,13249,Rest,HAZIRLANIYOR...,0,0,1153,149,0,3,0
2.4525,13250,Rest,HAZIRLANIYOR...,0,0,1243,140,0,4,0
2.4525,13251,Rest,HAZIRLANIYOR...,0,0,1302,124,0,7,0
2.4525,13252,Rest,HAZIRLANIYOR...,0,0,1329,103,0,10,0
2.4525,13253,Rest,HAZIRLANIYOR...,0,0,1321,78,0,10,0
2.4525,13254,Rest,HAZIRLANIYOR...,0,0,1275,49,77,9,5
2.4686,13255,Rest,HAZIRLANIYOR...,0,0,1193,21,158,8,8
2.4688,13256,Rest,HAZIRLANIYOR...,0,0,1073,0,234,7,4
2.4688,13257,Rest,HAZIRLANIYOR...,0,0,911,0,310,7,0
2.4688,13258,Rest,HAZIRLANIYOR...,0,0,709,0,391,6,0
2.4688,13259,Rest,HAZIRLANIYOR...,0,0,474,0,483,5,0
2.4689,13260,Rest,HAZIRLANIYOR...,0,0,211,0,577,5,0
2.4690,13261,Rest,HAZIRLANIYOR...,0,69,0,0,657,7,0
2.4690,13262,Rest,HAZIRLANIYOR...,0,159,0,0,712,8,0
2.4690,13263,Rest,HAZIRLANIYOR...,0,248,0,0,738,3,0
2.4690,13264,Rest,HAZIRLANIYOR...,0,331,0,0,730,0,0
2.4690,13265,Rest,HAZIRLANIYOR...,0,402,0,0,694,0,0
2.4691,13266,Rest,HAZIRLANIYOR...,0,458,0,0,648,0,0
2.4691,13267,Rest,HAZIRLANIYOR...,0,497,0,0,607,0,0
2.4691,13268,Rest,HAZIRLANIYOR...,0,520,0,0,558,0,0
2.4691,13269,Rest,HAZIRLANIYOR...,0,525,0,0,478,0,0
2.4692,13270,Rest,HAZIRLANIYOR...,0,513,0,0,355,0,0
2.4692,13271,Rest,HAZIRLANIYOR...,0,484,0,0,199,6,0
2.4692,13272,Rest,HAZIRLANIYOR...,0,440,0,0,37,8,0
2.4692,13273,Rest,HAZIRLANIYOR...,0,381,0,0,0,0,0
2.4693,13274,Rest,HAZIRLANIYOR...,0,307,0,14,0,0,0
2.4693,13275,Rest,HAZIRLANIYOR...,0,223,0,40,0,0,0
2.4693,13276,Rest,HAZIRLANIYOR...,0,135,0,59,0,0,0
2.4693,13277,Rest,HAZIRLANIYOR...,0,47,0,74,0,0,0
2.4694,13278,Rest,HAZIRLANIYOR...,0,0,0,87,0,0,0
2.4694,13279,Rest,HAZIRLANIYOR...,0,0,175,102,0,0,0
2.4694,13280,Rest,HAZIRLANIYOR...,0,0,405,116,0,0,0
2.4694,13281,Rest,HAZIRLANIYOR...,0,0,620,129,0,0,0
2.4694,13282,Rest,HAZIRLANIYOR...,0,0,812,140,0,0,0
2.4696,13283,Rest,HAZIRLANIYOR...,0,0,976,148,0,0,2
2.4696,13284,Rest,HAZIRLANIYOR...,0,0,1110,149,0,2,6
2.4844,13285,Rest,HAZIRLANIYOR...,0,0,1212,144,0,4,6
2.4845,13286,Rest,HAZIRLANIYOR...,0,0,1286,135,0,7,5
2.4846,13287,Rest,HAZIRLANIYOR...,0,0,1328,116,0,9,5
2.4846,13288,Rest,HAZIRLANIYOR...,0,0,1335,87,0,10,4
2.4846,13289,Rest,HAZIRLANIYOR...,0,0,1307,54,32,10,4
2.4846,13290,Rest,HAZIRLANIYOR...,0,0,1240,24,119,10,3
2.4846,13291,Rest,HAZIRLANIYOR...,0,0,1135,0,202,10,3
2.4846,13292,Rest,HAZIRLANIYOR...,0,0,993,0,281,8,2
2.4846,13293,Rest,HAZIRLANIYOR...,0,0,814,0,352,8,0
2.4846,13294,Rest,HAZIRLANIYOR...,0,0,595,0,430,8,0
2.4847,13295,Rest,HAZIRLANIYOR...,0,40,338,0,523,9,0
2.4847,13296,Rest,HAZIRLANIYOR...,0,138,58,0,615,7,11
2.4847,13297,Rest,HAZIRLANIYOR...,0,238,0,0,686,3,17
2.4847,13298,Rest,HAZIRLANIYOR...,0,333,0,0,726,1,7
2.4847,13299,Rest,HAZIRLANIYOR...,0,424,0,0,732,2,0
2.4847,13300,Rest,HAZIRLANIYOR...,0,504,0,0,705,7,0
2.4847,13301,Rest,HAZIRLANIYOR...,0,568,0,0,664,9,0
2.4847,13302,Rest,HAZIRLANIYOR...,0,613,0,0,625,2,0
2.4848,13303,Rest,HAZIRLANIYOR...,0,643,0,0,584,0,0
2.4848,13304,Rest,HAZIRLANIYOR...,0,658,0,0,520,0,0
2.4848,13305,Rest,HAZIRLANIYOR...,0,652,0,0,415,0,0
2.4848,13306,Rest,HAZIRLANIYOR...,0,625,0,0,273,0,0
2.4848,13307,Rest,HAZIRLANIYOR...,0,580,0,0,111,0,0
2.4848,13308,Rest,HAZIRLANIYOR...,0,519,0,0,0,0,2
2.4848,13309,Rest,HAZIRLANIYOR...,0,442,0,0,0,0,10
2.4848,13310,Rest,HAZIRLANIYOR...,0,350,0,22,0,0,10
2.4849,13311,Rest,HAZIRLANIYOR...,0,251,0,42,0,0,0
2.5005,13312,Rest,HAZIRLANIYOR...,0,150,0,61,0,0,0
2.5005,13313,Rest,HAZIRLANIYOR...,0,46,0,79,0,0,0
2.5005,13314,Rest,HAZIRLANIYOR...,0,0,45,97,0,0,0
2.5006,13315,Rest,HAZIRLANIYOR...,0,0,278,113,0,0,0
2.5006,13316,Rest,HAZIRLANIYOR...,0,0,499,128,0,0,0
2.5006,13317,Rest,HAZIRLANIYOR...,0,0,704,141,0,6,0
2.5006,13318,Rest,HAZIRLANIYOR...,0,0,884,151,0,13,0
2.5006,13319,Rest,HAZIRLANIYOR...,0,0,1033,157,0,8,0
2.5006,13320,Rest,HAZIRLANIYOR...,0,0,1148,159,0,0,0
2.5006,13321,Rest,HAZIRLANIYOR...,0,0,1232,153,0,0,0
2.5007,13322,Rest,HAZIRLANIYOR...,0,0,1289,138,0,6,0
2.5007,13323,Rest,HAZIRLANIYOR...,0,0,1316,115,0,11,2
2.5007,13324,Rest,HAZIRLANIYOR...,0,0,1307,87,0,15,2
2.5007,13325,Rest,HAZIRLANIYOR...,0,0,1260,58,69,15,0
2.5007,13326,Rest,HAZIRLANIYOR...,0,0,1171,28,152,6,0
2.5007,13327,Rest,HAZIRLANIYOR...,0,0,1046,0,237,0,0
2.5007,13328,Rest,HAZIRLANIYOR...,0,0,890,0,319,6,2
2.5008,13329,Rest,HAZIRLANIYOR...,0,0,696,0,396,16,2
2.5008,13330,Rest,HAZIRLANIYOR...,0,0,460,0,481,13,2
2.5008,13331,Rest,HAZIRLANIYOR...,0,0,191,0,576,3,3
2.5008,13332,Rest,HAZIRLANIYOR...,0,60,0,0,657,0,4
2.5008,13333,Rest,HAZIRLANIYOR...,0,165,0,0,710,2,2
2.5008,13334,Rest,HAZIRLANIYOR...,0,265,0,0,737,4,0
2.5009,13335,Rest,HAZIRLANIYOR...,0,359,0,0,738,1,0
2.5009,13336,Rest,HAZIRLANIYOR...,0,442,0,0,708,0,2
2.5009,13337,Rest,HAZIRLANIYOR...,0,509,0,0,657,0,1
2.5009,13338,Rest,HAZIRLANIYOR...,0,557,0,0,606,0,0
2.5009,13339,Rest,HAZIRLANIYOR...,0,582,0,0,554,0,0
2.5010,13340,Rest,HAZIRLANIYOR...,0,585,0,0,475,0,0
2.5159,13341,Rest,HAZIRLANIYOR...,0,570,0,0,355,0,0
2.5160,13342,Rest,HAZIRLANIYOR...,0,541,0,0,203,0,1
2.5160,13343,Rest,HAZIRLANIYOR...,0,493,0,0,39,0,0
2.5160,13344,Rest,HAZIRLANIYOR...,0,427,0,0,0,0,0
2.5160,13345,Rest,HAZIRLANIYOR...,0,347,0,14,0,0,0
2.5161,13346,Rest,HAZIRLANIYOR...,0,259,0,41,0,0,0
2.5161,13347,Rest,HAZIRLANIYOR...,0,165,0,63,0,0,0
2.5161,13348,Rest,HAZIRLANIYOR...,0,66,0,80,0,0,3
2.5161,13349,Rest,HAZIRLANIYOR...,0,0,0,93,0,0,5
2.5161,13350,Rest,HAZIRLANIYOR...,0,0,182,107,0,0,1
2.5161,13351,Rest,HAZIRLANIYOR...,0,0,410,122,0,0,0
2.5161,13352,Rest,HAZIRLANIYOR...,0,0,623,138,0,0,0
2.5161,13353,Rest,HAZIRLANIYOR...,0,0,814,150,0,0,0
2.5161,13354,Rest,HAZIRLANIYOR...,0,0,977,156,0,2,2
2.5162,13355,Rest,HAZIRLANIYOR...,0,0,1109,157,0,5,2
2.5162,13356,Rest,HAZIRLANIYOR...,0,0,1208,153,0,4,0
2.5162,13357,Rest,HAZIRLANIYOR...,0,0,1276,142,0,4,0
2.5162,13358,Rest,HAZIRLANIYOR...,0,0,1315,123,0,7,0
2.5162,13359,Rest,HAZIRLANIYOR...,0,0,1324,96,0,12,1
2.5162,13360,Rest,HAZIRLANIYOR...,0,0,1298,67,27,17,4
2.5162,13361,Rest,HAZIRLANIYOR...,0,0,1230,38,110,17,3
2.5162,13362,Rest,HAZIRLANIYOR...,0,0,1122,11,190,12,3
2.5162,13363,Rest,HAZIRLANIYOR...,0,0,978,0,269,5,8
2.5162,13364,Rest,HAZIRLANIYOR...,0,0,799,0,349,4,13
2.5162,13365,Rest,HAZIRLANIYOR...,0,0,581,0,436,6,7
2.5163,13366,Rest,HAZIRLANIYOR...,0,0,325,0,532,8,0
2.5163,13367,Rest,HAZIRLANIYOR...,0,0,46,0,623,8,0
2.5311,13368,Rest,HAZIRLANIYOR...,0,63,0,0,690,8,1
2.5312,13369,Rest,HAZIRLANIYOR...,0,158,0,0,728,6,5
2.5312,13370,Rest,HAZIRLANIYOR...,0,249,0,0,739,1,5
2.5312,13371,Rest,HAZIRLANIYOR...,0,328,0,0,728,0,0
2.5312,13372,Rest,HAZIRLANIYOR...,0,391,0,0,718,0,0
2.5313,13373,Rest,HAZIRLANIYOR...,0,440,0,0,721,0,0
2.5313,13374,Rest,HAZIRLANIYOR...,0,478,0,0,705,3,0
2.5313,13375,Rest,HAZIRLANIYOR...,0,503,0,0,619,3,0
2.5313,13376,Rest,HAZIRLANIYOR...,0,511,0,0,451,0,0
2.5313,13377,Rest,HAZIRLANIYOR...,0,500,0,0,245,0,0
2.5313,13378,Rest,HAZIRLANIYOR...,0,467,0,0,50,0,0
2.5314,13379,Rest,HAZIRLANIYOR...,0,414,0,0,0,0,0
2.5314,13380,Rest,HAZIRLANIYOR...,0,344,0,0,0,0,0
2.5314,13381,Rest,HAZIRLANIYOR...,0,262,0,14,0,0,0
2.5314,13382,Rest,HAZIRLANIYOR...,0,172,0,39,0,0,0
2.5314,13383,Rest,HAZIRLANIYOR...,0,74,0,62,0,0,0
2.5314,13384,Rest,HAZIRLANIYOR...,0,0,0,82,0,0,0
2.5314,13385,Rest,HAZIRLANIYOR...,0,0,83,98,0,0,0
2.5315,13386,Rest,HAZIRLANIYOR...,0,0,316,113,0,0,2
2.5315,13387,Rest,HAZIRLANIYOR...,0,0,537,129,0,0,8
2.5315,13388,Rest,HAZIRLANIYOR...,0,0,739,145,0,0,6
2.5315,13389,Rest,HAZIRLANIYOR...,0,0,915,156,0,0,0
2.5315,13390,Rest,HAZIRLANIYOR...,0,0,1058,160,0,2,0
2.5315,13391,Rest,HAZIRLANIYOR...,0,0,1169,160,0,5,0
2.5315,13392,Rest,HAZIRLANIYOR...,0,0,1252,153,0,7,0
2.5315,13393,Rest,HAZIRLANIYOR...,0,0,1310,139,0,10,0
2.5316,13394,Rest,HAZIRLANIYOR...,0,0,1336,115,0,17,0
2.5466,13395,Rest,HAZIRLANIYOR...,0,0,1325,86,0,21,2
2.5467,13396,Rest,HAZIRLANIYOR...,0,0,1275,56,83,13,4
2.5467,13397,Rest,HAZIRLANIYOR...,0,0,1187,26,163,2,4
2.5467,13398,Rest,HAZIRLANIYOR...,0,0,1062,0,240,1,3
2.5467,13399,Rest,HAZIRLANIYOR...,0,0,898,0,315,7,3
2.5468,13400,Rest,HAZIRLANIYOR...,0,0,694,0,394,9,3
2.5468,13401,Rest,HAZIRLANIYOR...,0,12,449,0,486,6,3
2.5468,13402,Rest,HAZIRLANIYOR...,0,122,175,0,582,4,3
2.5468,13403,Rest,HAZIRLANIYOR...,0,230,0,0,664,5,3
2.5468,13404,Rest,HAZIRLANIYOR...,0,333,0,0,726,5,2
2.5468,13405,Rest,HAZIRLANIYOR...,0,431,0,0,755,4,2
2.5468,13406,Rest,HAZIRLANIYOR...,0,520,0,0,740,2,1
2.5468,13407,Rest,HAZIRLANIYOR...,0,595,0,0,691,1,0
2.5469,13408,Rest,HAZIRLANIYOR...,0,650,0,0,644,0,0
2.5469,13409,Rest,HAZIRLANIYOR...,0,685,0,0,614,0,0
2.5469,13410,Rest,HAZIRLANIYOR...,0,703,0,0,570,0,0
2.5469,13411,Rest,HAZIRLANIYOR...,0,708,0,0,479,0,0
2.5469,13412,Rest,HAZIRLANIYOR...,0,695,0,0,344,0,0
2.5469,13413,Rest,HAZIRLANIYOR...,0,657,0,0,194,0,0
2.5470,13414,Rest,HAZIRLANIYOR...,0,600,0,0,42,0,0
2.5470,13415,Rest,HAZIRLANIYOR...,0,531,0,0,0,0,0
2.5471,13416,Rest,HAZIRLANIYOR...,0,452,0,4,0,0,0
2.5471,13417,Rest,HAZIRLANIYOR...,0,359,0,25,0,0,0
2.5471,13418,Rest,HAZIRLANIYOR...,0,257,0,46,0,0,0
2.5471,13419,Rest,HAZIRLANIYOR...,0,149,0,66,0,0,0
2.5471,13420,Rest,HAZIRLANIYOR...,0,40,0,85,0,0,1
2.5472,13421,Rest,HAZIRLANIYOR...,0,0,172,104,0,0,1
2.5473,13422,Rest,HAZIRLANIYOR...,0,0,401,121,0,0,0
2.5617,13423,Rest,HAZIRLANIYOR...,0,0,616,136,0,0,0
2.5618,13424,Rest,HAZIRLANIYOR...,0,0,806,145,0,2,0
2.5618,13425,Rest,HAZIRLANIYOR...,0,0,967,149,0,3,0
2.5619,13426,Rest,HAZIRLANIYOR...,0,0,1099,151,0,5,1
2.5619,13427,Rest,HAZIRLANIYOR...,0,0,1200,151,0,9,3
2.5619,13428,Rest,HAZIRLANIYOR...,0,0,1271,142,0,11,2
2.5619,13429,Rest,HAZIRLANIYOR...,0,0,1311,122,0,11,1
2.5619,13430,Rest,HAZIRLANIYOR...,0,0,1322,94,0,9,2
2.5620,13431,Rest,HAZIRLANIYOR...,0,0,1297,64,42,8,1
2.5620,13432,Rest,HAZIRLANIYOR...,0,0,1230,33,131,9,0
2.5620,13433,Rest,HAZIRLANIYOR...,0,0,1122,5,211,9,2
2.5620,13434,Rest,HAZIRLANIYOR...,0,0,978,0,278,8,3
2.5620,13435,Rest,HAZIRLANIYOR...,0,0,797,0,345,6,3
2.5620,13436,Rest,HAZIRLANIYOR...,0,0,576,0,431,6,3
2.5621,13437,Rest,HAZIRLANIYOR...,0,0,318,0,531,6,3
2.5621,13438,Rest,HAZIRLANIYOR...,0,68,38,0,625,6,2
2.5621,13439,Rest,HAZIRLANIYOR...,0,168,0,0,694,4,1
2.5621,13440,Rest,HAZIRLANIYOR...,0,263,0,0,727,2,0
2.5621,13441,Rest,HAZIRLANIYOR...,0,348,0,0,724,0,2
2.5621,13442,Rest,HAZIRLANIYOR...,0,421,0,0,696,0,7
2.5622,13443,Rest,HAZIRLANIYOR...,0,480,0,0,656,0,9
2.5622,13444,Rest,HAZIRLANIYOR...,0,524,0,0,617,0,3
2.5622,13445,Rest,HAZIRLANIYOR...,0,550,0,0,575,0,0
2.5622,13446,Rest,HAZIRLANIYOR...,0,557,0,0,508,0,0
2.5622,13447,Rest,HAZIRLANIYOR...,0,545,0,0,402,0,0
2.5623,13448,Rest,HAZIRLANIYOR...,0,515,0,0,260,0,0
2.5623,13449,Rest,HAZIRLANIYOR...,0,469,0,0,99,0,0
2.5770,13450,Rest,HAZIRLANIYOR...,0,407,0,0,0,0,0
2.5770,13451,Rest,HAZIRLANIYOR...,0,333,0,0,0,0,0
2.5771,13452,Rest,HAZIRLANIYOR...,0,250,0,22,0,0,0
2.5771,13453,Rest,HAZIRLANIYOR...,0,160,0,45,0,0,0
2.5771,13454,Rest,HAZIRLANIYOR...,0,64,0,66,0,0,0
2.5771,13455,Rest,HAZIRLANIYOR...,0,0,0,85,0,0,0
2.5771,13456,Rest,HAZIRLANIYOR...,0,0,81,104,0,0,0
2.5771,13457,Rest,HAZIRLANIYOR...,0,0,309,121,0,0,0
2.5771,13458,Rest,HAZIRLANIYOR...,0,0,525,139,0,0,0
2.5772,13459,Rest,HAZIRLANIYOR...,0,0,720,154,0,5,0
2.5772,13460,Rest,HAZIRLANIYOR...,0,0,891,166,0,11,4
2.5772,13461,Rest,HAZIRLANIYOR...,0,0,1035,172,0,7,8
2.5772,13462,Rest,HAZIRLANIYOR...,0,0,1150,172,0,0,3
2.5772,13463,Rest,HAZIRLANIYOR...,0,0,1233,164,0,0,0
2.5772,13464,Rest,HAZIRLANIYOR...,0,0,1284,148,0,5,0
2.5772,13465,Rest,HAZIRLANIYOR...,0,0,1303,123,0,9,6
2.5772,13466,Rest,HAZIRLANIYOR...,0,0,1286,91,0,8,11
2.5772,13467,Rest,HAZIRLANIYOR...,0,0,1231,61,83,7,4
2.5773,13468,Rest,HAZIRLANIYOR...,0,0,1138,33,164,6,0
2.5773,13469,Rest,HAZIRLANIYOR...,0,0,1011,5,241,6,0
2.5773,13470,Rest,HAZIRLANIYOR...,0,0,847,0,319,6,0
2.5773,13471,Rest,HAZIRLANIYOR...,0,0,646,0,401,5,0
2.5773,13472,Rest,HAZIRLANIYOR...,0,0,409,0,495,4,0
2.5773,13473,Rest,HAZIRLANIYOR...,0,22,147,0,591,5,0
2.5773,13474,Rest,HAZIRLANIYOR...,0,127,0,0,672,4,0
2.5774,13475,Rest,HAZIRLANIYOR...,0,228,0,0,728,3,1
2.5925,13476,Rest,HAZIRLANIYOR...,0,322,0,0,754,1,0
2.5926,13477,Rest,HAZIRLANIYOR...,0,407,0,0,742,0,0
2.5926,13478,Rest,HAZIRLANIYOR...,0,477,0,0,700,0,0
2.5926,13479,Rest,HAZIRLANIYOR...,0,528,0,0,652,0,0
2.5927,13480,Rest,HAZIRLANIYOR...,0,558,0,0,612,0,0
2.5927,13481,Rest,HAZIRLANIYOR...,0,572,0,0,564,0,0
2.5927,13482,Rest,HAZIRLANIYOR...,0,573,0,0,482,0,0
2.5927,13483,Rest,HAZIRLANIYOR...,0,558,0,0,359,0,1
2.5927,13484,Rest,HAZIRLANIYOR...,0,526,0,0,204,0,0
2.5927,13485,Rest,HAZIRLANIYOR...,0,477,0,0,30,0,0
2.5927,13486,Rest,HAZIRLANIYOR...,0,412,0,0,0,0,0
2.5927,13487,Rest,HAZIRLANIYOR...,0,330,0,0,0,0,0
2.5928,13488,Rest,HAZIRLANIYOR...,0,235,0,23,0,0,7
2.5928,13489,Rest,HAZIRLANIYOR...,0,136,0,48,0,0,16
2.5928,13490,Rest,HAZIRLANIYOR...,0,35,0,73,0,0,17
2.5928,13491,Rest,HAZIRLANIYOR...,0,0,0,95,0,0,6
2.5928,13492,Rest,HAZIRLANIYOR...,0,0,192,112,0,0,0
2.5928,13493,Rest,HAZIRLANIYOR...,0,0,413,128,0,0,0
2.5928,13494,Rest,HAZIRLANIYOR...,0,0,619,145,0,0,0
2.5929,13495,Rest,HAZIRLANIYOR...,0,0,803,160,0,0,0
2.5929,13496,Rest,HAZIRLANIYOR...,0,0,961,171,0,3,0
2.5929,13497,Rest,HAZIRLANIYOR...,0,0,1091,174,0,5,0
2.5929,13498,Rest,HAZIRLANIYOR...,0,0,1187,168,0,8,0
2.5929,13499,Rest,HAZIRLANIYOR...,0,0,1250,157,0,10,0
2.5929,13500,Rest,HAZIRLANIYOR...,0,0,1287,138,0,10,0
2.5929,13501,Rest,HAZIRLANIYOR...,0,0,1295,112,0,9,0
2.5929,13502,Rest,HAZIRLANIYOR...,0,0,1266,83,44,8,2
2.5930,13503,Rest,HAZIRLANIYOR...,0,0,1191,56,130,6,2
2.6077,13504,Rest,HAZIRLANIYOR...,0,0,1078,29,210,5,3
2.6078,13505,Rest,HAZIRLANIYOR...,0,0,935,0,288,7,6
2.6079,13506,Rest,HAZIRLANIYOR...,0,0,756,0,370,10,7
2.6079,13507,Rest,HAZIRLANIYOR...,0,0,535,0,469,12,2
2.6079,13508,Rest,HAZIRLANIYOR...,0,0,280,0,576,14,0
2.6079,13509,Rest,HAZIRLANIYOR...,0,84,4,0,668,15,0
2.6079,13510,Rest,HAZIRLANIYOR...,0,191,0,0,725,9,1
2.6080,13511,Rest,HAZIRLANIYOR...,0,295,0,0,752,4,0
2.6080,13512,Rest,HAZIRLANIYOR...,0,388,0,0,751,3,0
2.6080,13513,Rest,HAZIRLANIYOR...,0,464,0,0,723,0,2
2.6080,13514,Rest,HAZIRLANIYOR...,0,521,0,0,684,0,10
2.6080,13515,Rest,HAZIRLANIYOR...,0,559,0,0,652,0,13
2.6080,13516,Rest,HAZIRLANIYOR...,0,578,0,0,614,0,5
2.6080,13517,Rest,HAZIRLANIYOR...,0,576,0,0,541,0,0
2.6080,13518,Rest,HAZIRLANIYOR...,0,557,0,0,417,0,0
2.6080,13519,Rest,HAZIRLANIYOR...,0,528,0,0,251,0,0
2.6081,13520,Rest,HAZIRLANIYOR...,0,486,0,0,67,0,0
2.6081,13521,Rest,HAZIRLANIYOR...,0,421,0,0,0,0,0
2.6081,13522,Rest,HAZIRLANIYOR...,0,338,0,0,0,0,0
2.6081,13523,Rest,HAZIRLANIYOR...,0,247,0,12,0,0,0
2.6081,13524,Rest,HAZIRLANIYOR...,0,153,0,39,0,0,0
2.6081,13525,Rest,HAZIRLANIYOR...,0,57,0,60,0,0,1
2.6081,13526,Rest,HAZIRLANIYOR...,0,0,0,77,0,0,4
2.6081,13527,Rest,HAZIRLANIYOR...,0,0,108,95,0,0,0
2.6082,13528,Rest,HAZIRLANIYOR...,0,0,336,115,0,0,0
2.6082,13529,Rest,HAZIRLANIYOR...,0,0,551,133,0,0,0
2.6082,13530,Rest,HAZIRLANIYOR...,0,0,745,146,0,1,0
2.6231,13531,Rest,HAZIRLANIYOR...,0,0,915,156,0,3,1
2.6232,13532,Rest,HAZIRLANIYOR...,0,0,1057,162,0,4,1
2.6232,13533,Rest,HAZIRLANIYOR...,0,0,1167,163,0,5,0
2.6232,13534,Rest,HAZIRLANIYOR...,0,0,1244,158,0,7,0
2.6232,13535,Rest,HAZIRLANIYOR...,0,0,1290,145,0,9,1
2.6233,13536,Rest,HAZIRLANIYOR...,0,0,1306,122,0,10,3
2.6233,13537,Rest,HAZIRLANIYOR...,0,0,1289,91,12,10,3
2.6233,13538,Rest,HAZIRLANIYOR...,0,0,1236,60,99,9,1
2.6233,13539,Rest,HAZIRLANIYOR...,0,0,1145,32,179,8,2
2.6233,13540,Rest,HAZIRLANIYOR...,0,0,1016,5,260,8,4
2.6234,13541,Rest,HAZIRLANIYOR...,0,0,847,0,345,7,5
2.6234,13542,Rest,HAZIRLANIYOR...,0,0,640,0,433,7,4
2.6234,13543,Rest,HAZIRLANIYOR...,0,0,400,0,519,7,3
2.6234,13544,Rest,HAZIRLANIYOR...,0,91,134,0,603,7,3
2.6234,13545,Rest,HAZIRLANIYOR...,0,207,0,0,681,7,3
2.6235,13546,Rest,HAZIRLANIYOR...,0,324,0,0,741,6,3
2.6235,13547,Rest,HAZIRLANIYOR...,0,434,0,0,765,4,2
2.6235,13548,Rest,HAZIRLANIYOR...,0,531,0,0,749,0,4
2.6235,13549,Rest,HAZIRLANIYOR...,0,610,0,0,706,0,9
2.6235,13550,Rest,HAZIRLANIYOR...,0,669,0,0,657,0,12
2.6235,13551,Rest,HAZIRLANIYOR...,0,709,0,0,614,0,6
2.6236,13552,Rest,HAZIRLANIYOR...,0,726,0,0,560,0,0
2.6236,13553,Rest,HAZIRLANIYOR...,0,721,0,0,473,0,0
2.6236,13554,Rest,HAZIRLANIYOR...,0,695,0,0,341,0,0
2.6236,13555,Rest,HAZIRLANIYOR...,0,648,0,0,178,0,0
2.6236,13556,Rest,HAZIRLANIYOR...,0,581,0,0,13,0,0
2.6237,13557,Rest,HAZIRLANIYOR...,0,497,0,0,0,0,0
2.6238,13558,Rest,HAZIRLANIYOR...,0,401,0,4,0,0,0
2.6390,13559,Rest,HAZIRLANIYOR...,0,296,0,34,0,0,0
2.6391,13560,Rest,HAZIRLANIYOR...,0,185,0,61,0,0,0
2.6391,13561,Rest,HAZIRLANIYOR...,0,69,0,83,0,0,0
2.6391,13562,Rest,HAZIRLANIYOR...,0,0,0,101,0,0,0
2.6391,13563,Rest,HAZIRLANIYOR...,0,0,200,119,0,0,0
2.6391,13564,Rest,HAZIRLANIYOR...,0,0,426,138,0,0,0
2.6391,13565,Rest,HAZIRLANIYOR...,0,0,635,155,0,0,0
2.6391,13566,Rest,HAZIRLANIYOR...,0,0,822,165,0,0,0
2.6391,13567,Rest,HAZIRLANIYOR...,0,0,979,170,0,4,0
2.6392,13568,Rest,HAZIRLANIYOR...,0,0,1105,173,0,6,2
2.6392,13569,Rest,HAZIRLANIYOR...,0,0,1202,170,0,7,3
2.6392,13570,Rest,HAZIRLANIYOR...,0,0,1273,156,0,9,2
2.6392,13571,Rest,HAZIRLANIYOR...,0,0,1315,130,0,10,1
2.6392,13572,Rest,HAZIRLANIYOR...,0,0,1322,100,0,10,2
2.6393,13573,Rest,HAZIRLANIYOR...,0,0,1291,69,47,9,2
2.6393,13574,Rest,HAZIRLANIYOR...,0,0,1221,40,140,7,0
2.6393,13575,Rest,HAZIRLANIYOR...,0,0,1114,11,224,6,0
2.6393,13576,Rest,HAZIRLANIYOR...,0,0,970,0,296,6,0
2.6393,13577,Rest,HAZIRLANIYOR...,0,0,786,0,364,5,2
2.6393,13578,Rest,HAZIRLANIYOR...,0,0,561,0,448,2,2
2.6393,13579,Rest,HAZIRLANIYOR...,0,0,300,0,548,1,0
2.6393,13580,Rest,HAZIRLANIYOR...,0,56,15,0,638,3,1
2.6393,13581,Rest,HAZIRLANIYOR...,0,158,0,0,701,6,3
2.6393,13582,Rest,HAZIRLANIYOR...,0,254,0,0,733,5,0
2.6394,13583,Rest,HAZIRLANIYOR...,0,342,0,0,732,1,0
2.6394,13584,Rest,HAZIRLANIYOR...,0,418,0,0,701,0,0
2.6394,13585,Rest,HAZIRLANIYOR...,0,474,0,0,655,0,2
2.6394,13586,Rest,HAZIRLANIYOR...,0,508,0,0,615,0,4
2.6551,13587,Rest,HAZIRLANIYOR...,0,526,0,0,576,0,1
2.6551,13588,Rest,HAZIRLANIYOR...,0,531,0,0,513,0,0
2.6552,13589,Rest,HAZIRLANIYOR...,0,520,0,0,408,0,0
2.6552,13590,Rest,HAZIRLANIYOR...,0,484,0,0,255,0,0
2.6552,13591,Rest,HAZIRLANIYOR...,0,423,0,0,81,0,0
2.6552,13592,Rest,HAZIRLANIYOR...,0,347,0,0,0,0,4
2.6552,13593,Rest,HAZIRLANIYOR...,0,269,0,2,0,0,8
2.6552,13594,Rest,HAZIRLANIYOR...,0,188,0,28,0,0,2
2.6552,13595,Rest,HAZIRLANIYOR...,0,96,0,50,0,0,0
2.6552,13596,Rest,HAZIRLANIYOR...,0,0,0,68,0,0,0
2.6552,13597,Rest,HAZIRLANIYOR...,0,0,0,85,0,0,0
2.6552,13598,Rest,HAZIRLANIYOR...,0,0,91,103,0,0,0
2.6552,13599,Rest,HAZIRLANIYOR...,0,0,323,122,0,3,0
2.6552,13600,Rest,HAZIRLANIYOR...,0,0,541,138,0,5,0
2.6552,13601,Rest,HAZIRLANIYOR...,0,0,740,150,0,3,1
2.6553,13602,Rest,HAZIRLANIYOR...,0,0,914,158,0,0,1
2.6553,13603,Rest,HAZIRLANIYOR...,0,0,1058,161,0,0,0
2.6553,13604,Rest,HAZIRLANIYOR...,0,0,1171,156,0,0,0
2.6553,13605,Rest,HAZIRLANIYOR...,0,0,1252,144,0,4,1
2.6553,13606,Rest,HAZIRLANIYOR...,0,0,1304,125,0,7,3
2.6553,13607,Rest,HAZIRLANIYOR...,0,0,1326,101,0,8,5
2.6553,13608,Rest,HAZIRLANIYOR...,0,0,1313,70,15,8,5
2.6553,13609,Rest,HAZIRLANIYOR...,0,0,1261,34,105,8,5
2.6553,13610,Rest,HAZIRLANIYOR...,0,0,1172,0,189,7,4
2.6553,13611,Rest,HAZIRLANIYOR...,0,0,1049,0,270,6,3
2.6554,13612,Rest,HAZIRLANIYOR...,0,0,883,0,346,5,2
2.6554,13613,Rest,HAZIRLANIYOR...,0,0,674,0,428,5,3
2.6554,13614,Rest,HAZIRLANIYOR...,0,27,427,0,521,4,3
2.6704,13615,Rest,HAZIRLANIYOR...,0,134,152,0,609,4,3
2.6704,13616,Rest,HAZIRLANIYOR...,0,238,0,0,678,4,2
2.6704,13617,Rest,HAZIRLANIYOR...,0,339,0,0,725,3,0
2.6705,13618,Rest,HAZIRLANIYOR...,0,431,0,0,739,3,0
2.6705,13619,Rest,HAZIRLANIYOR...,0,511,0,0,718,2,0
2.6705,13620,Rest,HAZIRLANIYOR...,0,573,0,0,675,0,0
2.6705,13621,Rest,HAZIRLANIYOR...,0,619,0,0,632,0,0
2.6705,13622,Rest,HAZIRLANIYOR...,0,648,0,0,592,0,0
2.6705,13623,Rest,HAZIRLANIYOR...,0,659,0,0,534,0,0
2.6705,13624,Rest,HAZIRLANIYOR...,0,648,0,0,439,0,0
2.6705,13625,Rest,HAZIRLANIYOR...,0,617,0,0,313,0,4
2.6705,13626,Rest,HAZIRLANIYOR...,0,570,0,0,167,1,0
2.6706,13627,Rest,HAZIRLANIYOR...,0,509,0,0,6,0,0
2.6706,13628,Rest,HAZIRLANIYOR...,0,434,0,0,0,0,0
2.6706,13629,Rest,HAZIRLANIYOR...,0,344,0,29,0,0,0
2.6706,13630,Rest,HAZIRLANIYOR...,0,243,0,57,0,0,0
2.6706,13631,Rest,HAZIRLANIYOR...,0,137,0,80,0,0,1
2.6706,13632,Rest,HAZIRLANIYOR...,0,30,0,99,0,0,2
2.6707,13633,Rest,HAZIRLANIYOR...,0,0,0,117,0,0,2
2.6707,13634,Rest,HAZIRLANIYOR...,0,0,209,134,0,0,0
2.6707,13635,Rest,HAZIRLANIYOR...,0,0,437,150,0,0,0
2.6707,13636,Rest,HAZIRLANIYOR...,0,0,648,162,0,0,0
2.6707,13637,Rest,HAZIRLANIYOR...,0,0,836,171,0,0,0
2.6707,13638,Rest,HAZIRLANIYOR...,0,0,996,175,0,1,0
2.6707,13639,Rest,HAZIRLANIYOR...,0,0,1126,175,0,5,0
2.6707,13640,Rest,HAZIRLANIYOR...,0,0,1222,167,0,8,0
2.6708,13641,Rest,HAZIRLANIYOR...,0,0,1287,152,0,9,5
2.6855,13642,Rest,HAZIRLANIYOR...,0,0,1324,131,0,8,11
2.6856,13643,Rest,HAZIRLANIYOR...,0,0,1329,102,0,6,13
2.6856,13644,Rest,HAZIRLANIYOR...,0,0,1295,66,52,5,6
2.6857,13645,Rest,HAZIRLANIYOR...,0,0,1220,30,137,6,0
2.6857,13646,Rest,HAZIRLANIYOR...,0,0,1107,0,218,8,2
2.6857,13647,Rest,HAZIRLANIYOR...,0,0,957,0,297,9,8
2.6857,13648,Rest,HAZIRLANIYOR...,0,0,768,0,376,9,2
2.6857,13649,Rest,HAZIRLANIYOR...,0,0,542,0,465,8,0
2.6857,13650,Rest,HAZIRLANIYOR...,0,0,282,0,562,9,0
2.6857,13651,Rest,HAZIRLANIYOR...,0,97,0,0,648,8,0
2.6858,13652,Rest,HAZIRLANIYOR...,0,205,0,0,710,6,4
2.6858,13653,Rest,HAZIRLANIYOR...,0,309,0,0,742,4,3
2.6858,13654,Rest,HAZIRLANIYOR...,0,402,0,0,742,2,1
2.6858,13655,Rest,HAZIRLANIYOR...,0,478,0,0,710,0,0
2.6858,13656,Rest,HAZIRLANIYOR...,0,537,0,0,664,0,0
2.6858,13657,Rest,HAZIRLANIYOR...,0,580,0,0,623,0,0
2.6858,13658,Rest,HAZIRLANIYOR...,0,607,0,0,579,0,0
2.6858,13659,Rest,HAZIRLANIYOR...,0,615,0,0,506,0,0
2.6859,13660,Rest,HAZIRLANIYOR...,0,604,0,0,390,0,0
2.6859,13661,Rest,HAZIRLANIYOR...,0,571,0,0,239,0,0
2.6859,13662,Rest,HAZIRLANIYOR...,0,518,0,0,71,0,0
2.6859,13663,Rest,HAZIRLANIYOR...,0,448,0,0,0,0,0
2.6859,13664,Rest,HAZIRLANIYOR...,0,365,0,10,0,0,0
2.6859,13665,Rest,HAZIRLANIYOR...,0,273,0,35,0,0,3
2.6859,13666,Rest,HAZIRLANIYOR...,0,173,0,59,0,0,6
2.6859,13667,Rest,HAZIRLANIYOR...,0,68,0,78,0,0,6
2.6860,13668,Rest,HAZIRLANIYOR...,0,0,0,94,0,0,0
2.7016,13669,Rest,HAZIRLANIYOR...,0,0,98,110,0,0,0
2.7017,13670,Rest,HAZIRLANIYOR...,0,0,329,123,0,0,0
2.7017,13671,Rest,HAZIRLANIYOR...,0,0,547,136,0,0,6
2.7017,13672,Rest,HAZIRLANIYOR...,0,0,746,146,0,3,10
2.7017,13673,Rest,HAZIRLANIYOR...,0,0,920,152,0,12,0
2.7017,13674,Rest,HAZIRLANIYOR...,0,0,1064,153,0,22,0
2.7017,13675,Rest,HAZIRLANIYOR...,0,0,1175,149,0,21,0
2.7017,13676,Rest,HAZIRLANIYOR...,0,0,1254,139,0,7,0
2.7017,13677,Rest,HAZIRLANIYOR...,0,0,1304,120,0,0,2
2.7018,13678,Rest,HAZIRLANIYOR...,0,0,1324,95,0,4,0
2.7018,13679,Rest,HAZIRLANIYOR...,0,0,1310,64,12,15,1
2.7018,13680,Rest,HAZIRLANIYOR...,0,0,1257,34,100,18,5
2.7018,13681,Rest,HAZIRLANIYOR...,0,0,1165,6,182,9,10
2.7018,13682,Rest,HAZIRLANIYOR...,0,0,1036,0,260,0,11
2.7018,13683,Rest,HAZIRLANIYOR...,0,0,868,0,334,0,5
2.7018,13684,Rest,HAZIRLANIYOR...,0,0,659,0,414,4,0
2.7018,13685,Rest,HAZIRLANIYOR...,0,0,413,0,505,4,0
2.7019,13686,Rest,HAZIRLANIYOR...,0,49,135,0,600,1,3
2.7019,13687,Rest,HAZIRLANIYOR...,0,151,0,0,680,0,3
2.7019,13688,Rest,HAZIRLANIYOR...,0,247,0,0,730,1,0
2.7019,13689,Rest,HAZIRLANIYOR...,0,335,0,0,743,0,0
2.7019,13690,Rest,HAZIRLANIYOR...,0,413,0,0,722,0,0
2.7019,13691,Rest,HAZIRLANIYOR...,0,476,0,0,681,0,0
2.7019,13692,Rest,HAZIRLANIYOR...,0,522,0,0,636,0,0
2.7019,13693,Rest,HAZIRLANIYOR...,0,551,0,0,595,0,0
2.7019,13694,Rest,HAZIRLANIYOR...,0,563,0,0,540,0,0
2.7019,13695,Rest,HAZIRLANIYOR...,0,560,0,0,448,0,0
2.7021,13696,Rest,HAZIRLANIYOR...,0,541,0,0,313,0,4
2.7021,13697,Rest,HAZIRLANIYOR...,0,506,0,0,152,0,7
2.7177,13698,Rest,HAZIRLANIYOR...,0,456,0,0,0,0,0
2.7178,13699,Rest,HAZIRLANIYOR...,0,393,0,0,0,0,0
2.7179,13700,Rest,HAZIRLANIYOR...,0,318,0,20,0,0,0
2.7179,13701,Rest,HAZIRLANIYOR...,0,234,0,45,0,0,0
2.7179,13702,Rest,HAZIRLANIYOR...,0,146,0,65,0,0,0
2.7179,13703,Rest,HAZIRLANIYOR...,0,59,0,81,0,0,0
2.7179,13704,Rest,HAZIRLANIYOR...,0,0,0,95,0,0,0
2.7179,13705,Rest,HAZIRLANIYOR...,0,0,236,110,0,0,0
2.7179,13706,Rest,HAZIRLANIYOR...,0,0,463,124,0,0,0
2.7180,13707,Rest,HAZIRLANIYOR...,0,0,672,136,0,0,8
2.7180,13708,Rest,HAZIRLANIYOR...,0,0,857,147,0,1,16
2.7180,13709,Rest,HAZIRLANIYOR...,0,0,1014,152,0,6,8
2.7180,13710,Rest,HAZIRLANIYOR...,0,0,1142,150,0,8,0
2.7180,13711,Rest,HAZIRLANIYOR...,0,0,1238,141,0,14,0
2.7180,13712,Rest,HAZIRLANIYOR...,0,0,1303,125,0,19,0
2.7180,13713,Rest,HAZIRLANIYOR...,0,0,1336,103,0,17,2
2.7180,13714,Rest,HAZIRLANIYOR...,0,0,1336,73,0,13,2
2.7181,13715,Rest,HAZIRLANIYOR...,0,0,1297,43,53,8,5
2.7181,13716,Rest,HAZIRLANIYOR...,0,0,1221,15,135,5,7
2.7181,13717,Rest,HAZIRLANIYOR...,0,0,1108,0,214,4,3
2.7181,13718,Rest,HAZIRLANIYOR...,0,0,957,0,291,4,0
2.7181,13719,Rest,HAZIRLANIYOR...,0,0,763,0,371,4,0
2.7181,13720,Rest,HAZIRLANIYOR...,0,0,530,0,461,7,0
2.7181,13721,Rest,HAZIRLANIYOR...,0,30,265,0,556,9,0
2.7181,13722,Rest,HAZIRLANIYOR...,0,132,0,0,641,7,0
2.7181,13723,Rest,HAZIRLANIYOR...,0,234,0,0,702,4,0
2.7182,13724,Rest,HAZIRLANIYOR...,0,331,0,0,731,3,0
2.7183,13725,Rest,HAZIRLANIYOR...,0,420,0,0,727,5,0
2.7339,13726,Rest,HAZIRLANIYOR...,0,495,0,0,697,5,0
2.7340,13727,Rest,HAZIRLANIYOR...,0,552,0,0,656,0,0
2.7340,13728,Rest,HAZIRLANIYOR...,0,588,0,0,617,0,0
2.7341,13729,Rest,HAZIRLANIYOR...,0,606,0,0,569,0,1
2.7341,13730,Rest,HAZIRLANIYOR...,0,606,0,0,496,0,0
2.7341,13731,Rest,HAZIRLANIYOR...,0,587,0,0,388,0,0
2.7341,13732,Rest,HAZIRLANIYOR...,0,550,0,0,242,0,0
2.7342,13733,Rest,HAZIRLANIYOR...,0,496,0,0,68,0,0
2.7342,13734,Rest,HAZIRLANIYOR...,0,427,0,0,0,0,0
2.7342,13735,Rest,HAZIRLANIYOR...,0,344,0,10,0,0,0
2.7342,13736,Rest,HAZIRLANIYOR...,0,251,0,35,0,0,0
2.7342,13737,Rest,HAZIRLANIYOR...,0,152,0,56,0,0,0
2.7343,13738,Rest,HAZIRLANIYOR...,0,51,0,76,0,0,0
2.7343,13739,Rest,HAZIRLANIYOR...,0,0,0,93,0,0,0
2.7343,13740,Rest,HAZIRLANIYOR...,0,0,117,108,0,0,0
2.7343,13741,Rest,HAZIRLANIYOR...,0,0,350,121,0,0,1
2.7343,13742,Rest,HAZIRLANIYOR...,0,0,571,133,0,0,3
2.7344,13743,Rest,HAZIRLANIYOR...,0,0,771,145,0,0,2
2.7344,13744,Rest,HAZIRLANIYOR...,0,0,942,153,0,0,0
2.7344,13745,Rest,HAZIRLANIYOR...,0,0,1081,155,0,0,0
2.7345,13746,Rest,HAZIRLANIYOR...,0,0,1189,151,0,3,0
2.7345,13747,Rest,HAZIRLANIYOR...,0,0,1268,141,0,6,5
2.7345,13748,Rest,HAZIRLANIYOR...,0,0,1317,123,0,6,12
2.7345,13749,Rest,HAZIRLANIYOR...,0,0,1334,97,0,7,13
2.7345,13750,Rest,HAZIRLANIYOR...,0,0,1315,69,10,10,7
2.7346,13751,Rest,HAZIRLANIYOR...,0,0,1256,39,97,12,0
2.7346,13752,Rest,HAZIRLANIYOR...,0,0,1158,10,180,11,0
2.7347,13753,Rest,HAZIRLANIYOR...,0,0,1023,0,262,9,0
2.7347,13754,Rest,HAZIRLANIYOR...,0,0,852,0,343,8,0
2.7498,13755,Rest,HAZIRLANIYOR...,0,0,641,0,425,8,0
2.7499,13756,Rest,HAZIRLANIYOR...,0,0,389,0,521,7,0
2.7499,13757,Rest,HAZIRLANIYOR...,0,0,108,0,627,6,5
2.7499,13758,Rest,HAZIRLANIYOR...,0,71,0,0,720,8,11
2.7499,13759,Rest,HAZIRLANIYOR...,0,183,0,0,777,8,6
2.7500,13760,Rest,HAZIRLANIYOR...,0,291,0,0,795,8,0
2.7500,13761,Rest,HAZIRLANIYOR...,0,393,0,0,787,8,0
2.7500,13762,Rest,HAZIRLANIYOR...,0,480,0,0,771,8,0
2.7500,13763,Rest,HAZIRLANIYOR...,0,547,0,0,755,5,0
2.7500,13764,Rest,HAZIRLANIYOR...,0,596,0,0,701,3,1
2.7500,13765,Rest,HAZIRLANIYOR...,0,631,0,0,568,1,5
2.7501,13766,Rest,HAZIRLANIYOR...,0,646,0,0,377,0,3
2.7501,13767,Rest,HAZIRLANIYOR...,0,634,0,0,184,0,0
2.7501,13768,Rest,HAZIRLANIYOR...,0,596,0,0,11,0,0
2.7501,13769,Rest,HAZIRLANIYOR...,0,534,0,0,0,0,0
2.7501,13770,Rest,HAZIRLANIYOR...,0,455,0,0,0,0,1
2.7502,13771,Rest,HAZIRLANIYOR...,0,365,0,21,0,0,3
2.7502,13772,Rest,HAZIRLANIYOR...,0,268,0,41,0,0,0
2.7502,13773,Rest,HAZIRLANIYOR...,0,168,0,63,0,0,0
2.7502,13774,Rest,HAZIRLANIYOR...,0,62,0,84,0,0,0
2.7502,13775,Rest,HAZIRLANIYOR...,0,0,70,102,0,0,0
2.7502,13776,Rest,HAZIRLANIYOR...,0,0,305,117,0,0,0
2.7503,13777,Rest,HAZIRLANIYOR...,0,0,525,129,0,0,0
2.7503,13778,Rest,HAZIRLANIYOR...,0,0,725,141,0,0,0
2.7503,13779,Rest,HAZIRLANIYOR...,0,0,903,152,0,6,4
2.7503,13780,Rest,HAZIRLANIYOR...,0,0,1054,158,0,11,8
2.7503,13781,Rest,HAZIRLANIYOR...,0,0,1172,158,0,9,2
2.7504,13782,Rest,HAZIRLANIYOR...,0,0,1259,150,0,2,0
2.7650,13783,Rest,HAZIRLANIYOR...,0,0,1317,135,0,2,0
2.7651,13784,Rest,HAZIRLANIYOR...,0,0,1342,113,0,6,0
2.7651,13785,Rest,HAZIRLANIYOR...,0,0,1333,84,0,8,2
2.7651,13786,Rest,HAZIRLANIYOR...,0,0,1287,53,77,8,2
2.7652,13787,Rest,HAZIRLANIYOR...,0,0,1204,23,157,10,0
2.7652,13788,Rest,HAZIRLANIYOR...,0,0,1083,0,234,12,0
2.7652,13789,Rest,HAZIRLANIYOR...,0,0,925,0,310,8,3
2.7652,13790,Rest,HAZIRLANIYOR...,0,0,727,0,389,0,7
2.7653,13791,Rest,HAZIRLANIYOR...,0,0,487,0,477,0,9
2.7653,13792,Rest,HAZIRLANIYOR...,0,18,215,0,570,1,9
2.7653,13793,Rest,HAZIRLANIYOR...,0,124,0,0,653,1,3
2.7653,13794,Rest,HAZIRLANIYOR...,0,229,0,0,713,0,0
2.7653,13795,Rest,HAZIRLANIYOR...,0,326,0,0,745,0,0
2.7654,13796,Rest,HAZIRLANIYOR...,0,411,0,0,744,0,2
2.7654,13797,Rest,HAZIRLANIYOR...,0,481,0,0,711,0,1
2.7654,13798,Rest,HAZIRLANIYOR...,0,533,0,0,667,0,0
2.7654,13799,Rest,HAZIRLANIYOR...,0,565,0,0,625,0,0
2.7654,13800,Rest,HAZIRLANIYOR...,0,580,0,0,578,0,3
2.7654,13801,Rest,HAZIRLANIYOR...,0,577,0,0,503,1,6
2.7655,13802,Rest,HAZIRLANIYOR...,0,558,0,0,388,1,7
2.7655,13803,Rest,HAZIRLANIYOR...,0,520,0,0,238,0,6
2.7655,13804,Rest,HAZIRLANIYOR...,0,464,0,0,75,0,0
2.7655,13805,Rest,HAZIRLANIYOR...,0,392,0,0,0,0,0
2.7655,13806,Rest,HAZIRLANIYOR...,0,309,0,10,0,0,0
2.7655,13807,Rest,HAZIRLANIYOR...,0,217,0,37,0,0,0
2.7656,13808,Rest,HAZIRLANIYOR...,0,122,0,61,0,0,0
2.7656,13809,Rest,HAZIRLANIYOR...,0,26,0,81,0,0,0
2.7801,13810,Rest,HAZIRLANIYOR...,0,0,0,96,0,0,0
2.7802,13811,Rest,HAZIRLANIYOR...,0,0,115,110,0,0,0
2.7802,13812,Rest,HAZIRLANIYOR...,0,0,352,125,0,0,0
2.7803,13813,Rest,HAZIRLANIYOR...,0,0,573,140,0,0,0
2.7803,13814,Rest,HAZIRLANIYOR...,0,0,771,153,0,1,0
2.7803,13815,Rest,HAZIRLANIYOR...,0,0,943,160,0,4,0
2.7803,13816,Rest,HAZIRLANIYOR...,0,0,1086,160,0,5,0
2.7804,13817,Rest,HAZIRLANIYOR...,0,0,1198,155,0,8,2
2.7804,13818,Rest,HAZIRLANIYOR...,0,0,1278,143,0,10,8
2.7804,13819,Rest,HAZIRLANIYOR...,0,0,1327,124,0,11,10
2.7804,13820,Rest,HAZIRLANIYOR...,0,0,1345,97,0,10,3
2.7805,13821,Rest,HAZIRLANIYOR...,0,0,1328,64,31,8,0
2.7805,13822,Rest,HAZIRLANIYOR...,0,0,1271,31,113,8,0
2.7805,13823,Rest,HAZIRLANIYOR...,0,0,1174,0,189,8,0
2.7805,13824,Rest,HAZIRLANIYOR...,0,0,1037,0,263,6,1
2.7806,13825,Rest,HAZIRLANIYOR...,0,0,863,0,337,5,6
2.7806,13826,Rest,HAZIRLANIYOR...,0,0,652,0,417,4,8
2.7806,13827,Rest,HAZIRLANIYOR...,0,25,405,0,506,4,2
2.7806,13828,Rest,HAZIRLANIYOR...,0,126,128,0,594,4,0
2.7807,13829,Rest,HAZIRLANIYOR...,0,227,0,0,669,3,0
2.7807,13830,Rest,HAZIRLANIYOR...,0,326,0,0,715,4,0
2.7807,13831,Rest,HAZIRLANIYOR...,0,419,0,0,718,8,0
2.7808,13832,Rest,HAZIRLANIYOR...,0,501,0,0,686,10,0
2.7808,13833,Rest,HAZIRLANIYOR...,0,567,0,0,641,5,0
2.7809,13834,Rest,HAZIRLANIYOR...,0,612,0,0,600,1,0
2.7809,13835,Rest,HAZIRLANIYOR...,0,639,0,0,560,3,4
2.7810,13836,Rest,HAZIRLANIYOR...,0,649,0,0,500,0,6
2.7964,13837,Rest,HAZIRLANIYOR...,0,642,0,0,401,0,6
2.7964,13838,Rest,HAZIRLANIYOR...,0,614,0,0,263,0,3
2.7965,13839,Rest,HAZIRLANIYOR...,0,562,0,0,105,0,0
2.7965,13840,Rest,HAZIRLANIYOR...,0,489,0,0,0,0,0
2.7965,13841,Rest,HAZIRLANIYOR...,0,404,0,4,0,0,0
2.7965,13842,Rest,HAZIRLANIYOR...,0,310,0,33,0,0,1
2.7965,13843,Rest,HAZIRLANIYOR...,0,208,0,58,0,0,0
2.7965,13844,Rest,HAZIRLANIYOR...,0,100,0,77,0,0,0
2.7966,13845,Rest,HAZIRLANIYOR...,0,0,0,91,0,0,0
2.7966,13846,Rest,HAZIRLANIYOR...,0,0,13,107,0,0,0
2.7966,13847,Rest,HAZIRLANIYOR...,0,0,249,125,0,0,1
2.7966,13848,Rest,HAZIRLANIYOR...,0,0,473,141,0,0,4
2.7966,13849,Rest,HAZIRLANIYOR...,0,0,679,150,0,0,0
2.7966,13850,Rest,HAZIRLANIYOR...,0,0,862,154,0,0,0
2.7967,13851,Rest,HAZIRLANIYOR...,0,0,1017,158,0,4,0
2.7967,13852,Rest,HAZIRLANIYOR...,0,0,1141,157,0,8,2
2.7967,13853,Rest,HAZIRLANIYOR...,0,0,1234,148,0,9,5
2.7967,13854,Rest,HAZIRLANIYOR...,0,0,1296,129,0,9,9
2.7967,13855,Rest,HAZIRLANIYOR...,0,0,1327,104,0,11,11
2.7967,13856,Rest,HAZIRLANIYOR...,0,0,1323,75,0,15,6
2.7967,13857,Rest,HAZIRLANIYOR...,0,0,1280,44,67,17,0
2.7968,13858,Rest,HAZIRLANIYOR...,0,0,1199,14,149,11,0
2.7968,13859,Rest,HAZIRLANIYOR...,0,0,1084,0,227,4,0
2.7968,13860,Rest,HAZIRLANIYOR...,0,0,930,0,302,3,4
2.7968,13861,Rest,HAZIRLANIYOR...,0,0,733,0,380,7,4
2.7968,13862,Rest,HAZIRLANIYOR...,0,0,498,0,469,8,6
2.7968,13863,Rest,HAZIRLANIYOR...,0,0,233,0,564,7,10
2.7968,13864,Rest,HAZIRLANIYOR...,0,99,0,0,645,5,13
2.7969,13865,Rest,HAZIRLANIYOR...,0,199,0,0,700,5,10
2.8124,13866,Rest,HAZIRLANIYOR...,0,293,0,0,728,4,0
2.8125,13867,Rest,HAZIRLANIYOR...,0,376,0,0,723,4,0
2.8125,13868,Rest,HAZIRLANIYOR...,0,446,0,0,687,6,0
2.8126,13869,Rest,HAZIRLANIYOR...,0,497,0,0,637,7,0
2.8126,13870,Rest,HAZIRLANIYOR...,0,526,0,0,592,2,0
2.8126,13871,Rest,HAZIRLANIYOR...,0,534,0,0,548,0,1
2.8126,13872,Rest,HAZIRLANIYOR...,0,527,0,0,478,0,4
2.8126,13873,Rest,HAZIRLANIYOR...,0,505,0,0,363,0,0
2.8126,13874,Rest,HAZIRLANIYOR...,0,465,0,0,204,0,0
2.8127,13875,Rest,HAZIRLANIYOR...,0,407,0,0,30,0,0
2.8127,13876,Rest,HAZIRLANIYOR...,0,334,0,0,0,0,0
2.8127,13877,Rest,HAZIRLANIYOR...,0,249,0,27,0,0,0
2.8127,13878,Rest,HAZIRLANIYOR...,0,157,0,49,0,0,0
2.8127,13879,Rest,HAZIRLANIYOR...,0,62,0,68,0,0,0
2.8130,13880,Rest,HAZIRLANIYOR...,0,0,0,86,0,0,0
2.8130,13881,Rest,HAZIRLANIYOR...,0,0,0,105,0,0,0
2.8131,13882,Rest,HAZIRLANIYOR...,0,0,146,122,0,0,0
2.8131,13883,Rest,HAZIRLANIYOR...,0,0,375,138,0,0,0
2.8131,13884,Rest,HAZIRLANIYOR...,0,0,590,152,0,2,1
2.8131,13885,Rest,HAZIRLANIYOR...,0,0,785,162,0,8,4
2.8131,13886,Rest,HAZIRLANIYOR...,0,0,953,166,0,4,5
2.8131,13887,Rest,HAZIRLANIYOR...,0,0,1089,165,0,0,1
2.8131,13888,Rest,HAZIRLANIYOR...,0,0,1193,159,0,0,0
2.8132,13889,Rest,HAZIRLANIYOR...,0,0,1267,144,0,6,0
2.8132,13890,Rest,HAZIRLANIYOR...,0,0,1311,123,0,12,2
2.8132,13891,Rest,HAZIRLANIYOR...,0,0,1325,97,0,11,5
2.8132,13892,Rest,HAZIRLANIYOR...,0,0,1302,68,40,9,9
2.8133,13893,Rest,HAZIRLANIYOR...,0,0,1239,34,131,8,11
2.8133,13894,Rest,HAZIRLANIYOR...,0,0,1139,1,213,8,5
2.8275,13895,Rest,HAZIRLANIYOR...,0,0,1005,0,284,8,0
2.8277,13896,Rest,HAZIRLANIYOR...,0,0,831,0,355,7,0
2.8277,13897,Rest,HAZIRLANIYOR...,0,0,613,0,438,6,0
2.8277,13898,Rest,HAZIRLANIYOR...,0,40,359,0,531,6,1
2.8277,13899,Rest,HAZIRLANIYOR...,0,146,82,0,619,6,0
2.8278,13900,Rest,HAZIRLANIYOR...,0,253,0,0,690,6,1
2.8278,13901,Rest,HAZIRLANIYOR...,0,354,0,0,734,5,8
2.8278,13902,Rest,HAZIRLANIYOR...,0,446,0,0,742,1,12
2.8278,13903,Rest,HAZIRLANIYOR...,0,527,0,0,717,0,4
2.8279,13904,Rest,HAZIRLANIYOR...,0,594,0,0,681,0,0
2.8279,13905,Rest,HAZIRLANIYOR...,0,642,0,0,660,1,0
2.8279,13906,Rest,HAZIRLANIYOR...,0,668,0,0,648,6,0
2.8279,13907,Rest,HAZIRLANIYOR...,0,677,0,0,601,0,4
2.8279,13908,Rest,HAZIRLANIYOR...,0,670,0,0,482,0,5
2.8279,13909,Rest,HAZIRLANIYOR...,0,645,0,0,296,0,0
2.8279,13910,Rest,HAZIRLANIYOR...,0,598,0,0,91,0,0
2.8279,13911,Rest,HAZIRLANIYOR...,0,533,0,0,0,0,0
2.8280,13912,Rest,HAZIRLANIYOR...,0,454,0,0,0,0,0
2.8280,13913,Rest,HAZIRLANIYOR...,0,362,0,21,0,0,0
2.8280,13914,Rest,HAZIRLANIYOR...,0,262,0,50,0,0,0
2.8280,13915,Rest,HAZIRLANIYOR...,0,157,0,71,0,0,0
2.8280,13916,Rest,HAZIRLANIYOR...,0,51,0,88,0,0,0
2.8280,13917,Rest,HAZIRLANIYOR...,0,0,46,105,0,0,0
2.8280,13918,Rest,HAZIRLANIYOR...,0,0,282,123,0,0,0
2.8281,13919,Rest,HAZIRLANIYOR...,0,0,506,140,0,0,0
2.8281,13920,Rest,HAZIRLANIYOR...,0,0,709,154,0,2,4
2.8438,13921,Rest,HAZIRLANIYOR...,0,0,889,163,0,4,8
2.8439,13922,Rest,HAZIRLANIYOR...,0,0,1041,167,0,3,9
2.8439,13923,Rest,HAZIRLANIYOR...,0,0,1162,165,0,4,2
2.8439,13924,Rest,HAZIRLANIYOR...,0,0,1250,157,0,8,0
2.8439,13925,Rest,HAZIRLANIYOR...,0,0,1306,141,0,12,0
2.8439,13926,Rest,HAZIRLANIYOR...,0,0,1332,116,0,14,2
2.8439,13927,Rest,HAZIRLANIYOR...,0,0,1324,86,0,13,3
2.8440,13928,Rest,HAZIRLANIYOR...,0,0,1279,55,71,12,2
2.8440,13929,Rest,HAZIRLANIYOR...,0,0,1197,23,155,12,5
2.8440,13930,Rest,HAZIRLANIYOR...,0,0,1078,0,237,10,8
2.8440,13931,Rest,HAZIRLANIYOR...,0,0,919,0,316,7,5
2.8440,13932,Rest,HAZIRLANIYOR...,0,0,720,0,397,7,0
2.8440,13933,Rest,HAZIRLANIYOR...,0,0,482,0,488,7,0
2.8441,13934,Rest,HAZIRLANIYOR...,0,0,213,0,584,5,0
2.8441,13935,Rest,HAZIRLANIYOR...,0,72,0,0,665,2,3
2.8441,13936,Rest,HAZIRLANIYOR...,0,177,0,0,720,4,2
2.8441,13937,Rest,HAZIRLANIYOR...,0,277,0,0,747,6,0
2.8441,13938,Rest,HAZIRLANIYOR...,0,366,0,0,741,3,0
2.8441,13939,Rest,HAZIRLANIYOR...,0,441,0,0,705,0,0
2.8442,13940,Rest,HAZIRLANIYOR...,0,500,0,0,659,4,0
2.8442,13941,Rest,HAZIRLANIYOR...,0,540,0,0,622,8,0
2.8442,13942,Rest,HAZIRLANIYOR...,0,560,0,0,578,3,0
2.8442,13943,Rest,HAZIRLANIYOR...,0,558,0,0,498,0,3
2.8442,13944,Rest,HAZIRLANIYOR...,0,539,0,0,370,0,4
2.8442,13945,Rest,HAZIRLANIYOR...,0,503,0,0,211,0,0
2.8442,13946,Rest,HAZIRLANIYOR...,0,449,0,0,43,0,0
2.8442,13947,Rest,HAZIRLANIYOR...,0,378,0,0,0,0,0
2.8443,13948,Rest,HAZIRLANIYOR...,0,293,0,13,0,0,0
2.8444,13949,Rest,HAZIRLANIYOR...,0,200,0,37,0,0,0
2.8597,13950,Rest,HAZIRLANIYOR...,0,101,0,56,0,0,0
2.8599,13951,Rest,HAZIRLANIYOR...,0,0,0,74,0,0,0
2.8599,13952,Rest,HAZIRLANIYOR...,0,0,0,92,0,0,0
2.8599,13953,Rest,HAZIRLANIYOR...,0,0,157,111,0,0,0
2.8599,13954,Rest,HAZIRLANIYOR...,0,0,386,126,0,0,1
2.8599,13955,Rest,HAZIRLANIYOR...,0,0,600,139,0,0,0
2.8599,13956,Rest,HAZIRLANIYOR...,0,0,793,149,0,0,0
2.8600,13957,Rest,HAZIRLANIYOR...,0,0,959,157,0,3,1
2.8600,13958,Rest,HAZIRLANIYOR...,0,0,1094,162,0,6,2
2.8600,13959,Rest,HAZIRLANIYOR...,0,0,1197,160,0,8,2
2.8600,13960,Rest,HAZIRLANIYOR...,0,0,1268,148,0,9,4
2.8600,13961,Rest,HAZIRLANIYOR...,0,0,1309,123,0,8,4
2.8600,13962,Rest,HAZIRLANIYOR...,0,0,1320,92,0,9,1
2.8600,13963,Rest,HAZIRLANIYOR...,0,0,1296,61,36,11,0
2.8600,13964,Rest,HAZIRLANIYOR...,0,0,1230,33,120,14,0
2.8601,13965,Rest,HAZIRLANIYOR...,0,0,1126,6,199,13,0
2.8601,13966,Rest,HAZIRLANIYOR...,0,0,987,0,276,12,7
2.8601,13967,Rest,HAZIRLANIYOR...,0,0,812,0,353,15,6
2.8601,13968,Rest,HAZIRLANIYOR...,0,0,595,0,438,19,3
2.8601,13969,Rest,HAZIRLANIYOR...,0,13,343,0,533,14,4
2.8601,13970,Rest,HAZIRLANIYOR...,0,117,65,0,623,3,8
2.8601,13971,Rest,HAZIRLANIYOR...,0,224,0,0,692,0,7
2.8601,13972,Rest,HAZIRLANIYOR...,0,326,0,0,731,1,4
2.8602,13973,Rest,HAZIRLANIYOR...,0,416,0,0,740,1,4
2.8602,13974,Rest,HAZIRLANIYOR...,0,492,0,0,715,0,10
2.8602,13975,Rest,HAZIRLANIYOR...,0,551,0,0,669,0,17
2.8602,13976,Rest,HAZIRLANIYOR...,0,593,0,0,624,0,12
2.8603,13977,Rest,HAZIRLANIYOR...,0,617,0,0,583,0,0
2.8753,13978,Rest,HAZIRLANIYOR...,0,624,0,0,522,0,0
2.8754,13979,Rest,HAZIRLANIYOR...,0,613,0,0,418,0,0
2.8754,13980,Rest,HAZIRLANIYOR...,0,584,0,0,273,0,2
2.8754,13981,Rest,HAZIRLANIYOR...,0,540,0,0,112,0,0
2.8754,13982,Rest,HAZIRLANIYOR...,0,481,0,0,0,0,0
2.8754,13983,Rest,HAZIRLANIYOR...,0,408,0,3,0,0,0
2.8754,13984,Rest,HAZIRLANIYOR...,0,321,0,29,0,0,0
2.8754,13985,Rest,HAZIRLANIYOR...,0,224,0,52,0,0,2
2.8754,13986,Rest,HAZIRLANIYOR...,0,123,0,70,0,0,0
2.8755,13987,Rest,HAZIRLANIYOR...,0,23,0,86,0,0,0
2.8755,13988,Rest,HAZIRLANIYOR...,0,0,42,102,0,0,0
2.8755,13989,Rest,HAZIRLANIYOR...,0,0,277,120,0,0,5
2.8755,13990,Rest,HAZIRLANIYOR...,0,0,499,136,0,0,3
2.8755,13991,Rest,HAZIRLANIYOR...,0,0,701,146,0,0,0
2.8755,13992,Rest,HAZIRLANIYOR...,0,0,879,153,0,0,0
2.8755,13993,Rest,HAZIRLANIYOR...,0,0,1030,156,0,1,0
2.8756,13994,Rest,HAZIRLANIYOR...,0,0,1151,155,0,5,0
2.8756,13995,Rest,HAZIRLANIYOR...,0,0,1240,149,0,7,0
2.8756,13996,Rest,HAZIRLANIYOR...,0,0,1299,135,0,8,0
2.8756,13997,Rest,HAZIRLANIYOR...,0,0,1327,112,0,10,0
2.8756,13998,Rest,HAZIRLANIYOR...,0,0,1320,81,0,12,0
2.8756,13999,Rest,HAZIRLANIYOR...,0,0,1272,50,75,12,0
2.8756,14000,Rest,HAZIRLANIYOR...,0,0,1187,21,164,10,2
2.8756,14001,Rest,HAZIRLANIYOR...,0,0,1066,0,248,8,2
2.8757,14002,Rest,HAZIRLANIYOR...,0,0,908,0,317,7,1
2.8757,14003,Rest,HAZIRLANIYOR...,0,0,708,0,382,6,1
2.8758,14004,Rest,HAZIRLANIYOR...,0,0,469,0,472,6,1
2.8758,14005,Rest,HAZIRLANIYOR...,0,54,202,0,578,6,2
2.8914,14006,Rest,HAZIRLANIYOR...,0,144,0,0,667,6,2
2.8915,14007,Rest,HAZIRLANIYOR...,0,237,0,0,715,6,2
2.8915,14008,Rest,HAZIRLANIYOR...,0,327,0,0,729,4,1
2.8915,14009,Rest,HAZIRLANIYOR...,0,407,0,0,719,0,0
2.8916,14010,Rest,HAZIRLANIYOR...,0,472,0,0,687,0,0
2.8916,14011,Rest,HAZIRLANIYOR...,0,521,0,0,643,0,0
2.8916,14012,Rest,HAZIRLANIYOR...,0,553,0,0,600,0,0
2.8916,14013,Rest,HAZIRLANIYOR...,0,569,0,0,549,0,0
2.8916,14014,Rest,HAZIRLANIYOR...,0,567,0,0,471,0,0
2.8916,14015,Rest,HAZIRLANIYOR...,0,544,0,0,349,0,0
2.8916,14016,Rest,HAZIRLANIYOR...,0,500,0,0,187,0,0
2.8917,14017,Rest,HAZIRLANIYOR...,0,436,0,0,15,0,0
2.8917,14018,Rest,HAZIRLANIYOR...,0,360,0,0,0,0,0
2.8917,14019,Rest,HAZIRLANIYOR...,0,274,0,12,0,0,0
2.8917,14020,Rest,HAZIRLANIYOR...,0,177,0,39,0,0,0
2.8917,14021,Rest,HAZIRLANIYOR...,0,75,0,61,0,0,0
2.8917,14022,Rest,HAZIRLANIYOR...,0,0,0,78,0,0,0
2.8917,14023,Rest,HAZIRLANIYOR...,0,0,0,94,0,0,0
2.8917,14024,Rest,HAZIRLANIYOR...,0,0,159,110,0,0,0
2.8918,14025,Rest,HAZIRLANIYOR...,0,0,387,125,0,0,0
2.8918,14026,Rest,HAZIRLANIYOR...,0,0,600,139,0,0,0
2.8918,14027,Rest,HAZIRLANIYOR...,0,0,792,150,0,0,1
2.8918,14028,Rest,HAZIRLANIYOR...,0,0,958,156,0,3,9
2.8918,14029,Rest,HAZIRLANIYOR...,0,0,1094,155,0,3,14
2.8918,14030,Rest,HAZIRLANIYOR...,0,0,1199,147,0,2,9
2.8918,14031,Rest,HAZIRLANIYOR...,0,0,1271,134,0,3,0
2.8918,14032,Rest,HAZIRLANIYOR...,0,0,1313,115,0,7,0
2.8919,14033,Rest,HAZIRLANIYOR...,0,0,1324,91,0,12,1
2.9068,14034,Rest,HAZIRLANIYOR...,0,0,1298,61,32,14,3
2.9072,14035,Rest,HAZIRLANIYOR...,0,0,1231,31,119,14,2
2.9072,14036,Rest,HAZIRLANIYOR...,0,0,1125,3,199,12,1
2.9072,14037,Rest,HAZIRLANIYOR...,0,0,982,0,277,10,2
2.9073,14038,Rest,HAZIRLANIYOR...,0,0,800,0,356,9,4
2.9073,14039,Rest,HAZIRLANIYOR...,0,0,580,0,447,9,4
2.9073,14040,Rest,HAZIRLANIYOR...,0,0,325,0,557,9,2
2.9073,14041,Rest,HAZIRLANIYOR...,0,88,45,0,669,9,1
2.9073,14042,Rest,HAZIRLANIYOR...,0,187,0,0,754,8,1
2.9073,14043,Rest,HAZIRLANIYOR...,0,282,0,0,798,9,0
2.9073,14044,Rest,HAZIRLANIYOR...,0,378,0,0,804,11,0
2.9074,14045,Rest,HAZIRLANIYOR...,0,466,0,0,785,9,0
2.9074,14046,Rest,HAZIRLANIYOR...,0,533,0,0,765,2,0
2.9074,14047,Rest,HAZIRLANIYOR...,0,579,0,0,744,0,0
2.9074,14048,Rest,HAZIRLANIYOR...,0,610,0,0,679,0,2
2.9074,14049,Rest,HAZIRLANIYOR...,0,623,0,0,535,0,0
2.9074,14050,Rest,HAZIRLANIYOR...,0,612,0,0,341,0,0
2.9074,14051,Rest,HAZIRLANIYOR...,0,577,0,0,147,0,0
2.9075,14052,Rest,HAZIRLANIYOR...,0,523,0,0,0,0,0
2.9075,14053,Rest,HAZIRLANIYOR...,0,452,0,0,0,0,0
2.9075,14054,Rest,HAZIRLANIYOR...,0,367,0,0,0,0,0
2.9075,14055,Rest,HAZIRLANIYOR...,0,269,0,22,0,0,0
2.9075,14056,Rest,HAZIRLANIYOR...,0,164,0,47,0,0,0
2.9075,14057,Rest,HAZIRLANIYOR...,0,58,0,69,0,0,0
2.9076,14058,Rest,HAZIRLANIYOR...,0,0,0,87,0,0,0
2.9076,14059,Rest,HAZIRLANIYOR...,0,0,114,104,0,0,0
2.9077,14060,Rest,HAZIRLANIYOR...,0,0,341,120,0,0,4
2.9077,14061,Rest,HAZIRLANIYOR...,0,0,556,136,0,0,9
2.9222,14062,Rest,HAZIRLANIYOR...,0,0,755,150,0,0,10
2.9223,14063,Rest,HAZIRLANIYOR...,0,0,927,159,0,0,5
2.9223,14064,Rest,HAZIRLANIYOR...,0,0,1068,163,0,4,0
2.9223,14065,Rest,HAZIRLANIYOR...,0,0,1177,161,0,8,0
2.9223,14066,Rest,HAZIRLANIYOR...,0,0,1255,152,0,8,0
2.9224,14067,Rest,HAZIRLANIYOR...,0,0,1303,134,0,5,0
2.9224,14068,Rest,HAZIRLANIYOR...,0,0,1323,109,0,5,0
2.9224,14069,Rest,HAZIRLANIYOR...,0,0,1310,80,5,8,0
2.9224,14070,Rest,HAZIRLANIYOR...,0,0,1258,50,93,10,1
2.9224,14071,Rest,HAZIRLANIYOR...,0,0,1166,21,174,8,6
2.9224,14072,Rest,HAZIRLANIYOR...,0,0,1038,0,251,5,8
2.9224,14073,Rest,HAZIRLANIYOR...,0,0,874,0,328,2,3
2.9224,14074,Rest,HAZIRLANIYOR...,0,0,672,0,408,2,0
2.9225,14075,Rest,HAZIRLANIYOR...,0,0,433,0,499,5,0
2.9225,14076,Rest,HAZIRLANIYOR...,0,66,162,0,590,7,0
2.9225,14077,Rest,HAZIRLANIYOR...,0,176,0,0,665,6,1
2.9225,14078,Rest,HAZIRLANIYOR...,0,281,0,0,718,4,0
2.9225,14079,Rest,HAZIRLANIYOR...,0,379,0,0,748,1,0
2.9225,14080,Rest,HAZIRLANIYOR...,0,466,0,0,745,0,0
2.9225,14081,Rest,HAZIRLANIYOR...,0,536,0,0,708,0,3
2.9225,14082,Rest,HAZIRLANIYOR...,0,586,0,0,661,0,5
2.9226,14083,Rest,HAZIRLANIYOR...,0,617,0,0,620,0,0
2.9226,14084,Rest,HAZIRLANIYOR...,0,628,0,0,572,0,0
2.9226,14085,Rest,HAZIRLANIYOR...,0,620,0,0,490,0,0
2.9226,14086,Rest,HAZIRLANIYOR...,0,597,0,0,367,0,0
2.9226,14087,Rest,HAZIRLANIYOR...,0,560,0,0,213,0,0
2.9227,14088,Rest,HAZIRLANIYOR...,0,508,0,0,51,0,0
2.9383,14089,Rest,HAZIRLANIYOR...,0,436,0,0,0,0,0
2.9384,14090,Rest,HAZIRLANIYOR...,0,351,0,16,0,0,0
2.9384,14091,Rest,HAZIRLANIYOR...,0,262,0,42,0,0,0
2.9384,14092,Rest,HAZIRLANIYOR...,0,172,0,62,0,0,0
2.9385,14093,Rest,HAZIRLANIYOR...,0,79,0,79,0,0,0
2.9385,14094,Rest,HAZIRLANIYOR...,0,0,0,96,0,0,0
2.9385,14095,Rest,HAZIRLANIYOR...,0,0,162,114,0,0,0
2.9385,14096,Rest,HAZIRLANIYOR...,0,0,389,129,0,0,2
2.9385,14097,Rest,HAZIRLANIYOR...,0,0,601,141,0,0,8
2.9385,14098,Rest,HAZIRLANIYOR...,0,0,794,151,0,0,11
2.9386,14099,Rest,HAZIRLANIYOR...,0,0,960,158,0,2,5
2.9386,14100,Rest,HAZIRLANIYOR...,0,0,1095,159,0,5,0
2.9386,14101,Rest,HAZIRLANIYOR...,0,0,1198,151,0,8,0
2.9386,14102,Rest,HAZIRLANIYOR...,0,0,1272,135,0,10,6
2.9386,14103,Rest,HAZIRLANIYOR...,0,0,1317,113,0,11,10
2.9386,14104,Rest,HAZIRLANIYOR...,0,0,1328,87,0,13,4
2.9386,14105,Rest,HAZIRLANIYOR...,0,0,1300,59,42,18,1
2.9387,14106,Rest,HAZIRLANIYOR...,0,0,1233,29,129,21,5
2.9387,14107,Rest,HAZIRLANIYOR...,0,0,1128,1,209,14,5
2.9387,14108,Rest,HAZIRLANIYOR...,0,0,986,0,281,4,0
2.9387,14109,Rest,HAZIRLANIYOR...,0,0,808,0,354,2,0
2.9387,14110,Rest,HAZIRLANIYOR...,0,0,594,0,439,5,0
2.9387,14111,Rest,HAZIRLANIYOR...,0,0,346,0,528,8,0
2.9388,14112,Rest,HAZIRLANIYOR...,0,88,70,0,607,11,0
2.9388,14113,Rest,HAZIRLANIYOR...,0,186,0,0,669,12,0
2.9388,14114,Rest,HAZIRLANIYOR...,0,279,0,0,707,5,1
2.9388,14115,Rest,HAZIRLANIYOR...,0,362,0,0,711,0,4
2.9389,14116,Rest,HAZIRLANIYOR...,0,432,0,0,682,0,3
2.9389,14117,Rest,HAZIRLANIYOR...,0,488,0,0,638,0,1
2.9536,14118,Rest,HAZIRLANIYOR...,0,527,0,0,598,0,1
2.9537,14119,Rest,HAZIRLANIYOR...,0,549,0,0,557,0,1
2.9537,14120,Rest,HAZIRLANIYOR...,0,553,0,0,491,0,0
2.9537,14121,Rest,HAZIRLANIYOR...,0,539,0,0,382,0,0
2.9537,14122,Rest,HAZIRLANIYOR...,0,507,0,0,237,0,2
2.9538,14123,Rest,HAZIRLANIYOR...,0,456,0,0,76,0,6
2.9538,14124,Rest,HAZIRLANIYOR...,0,387,0,0,0,0,4
2.9538,14125,Rest,HAZIRLANIYOR...,0,302,0,0,0,0,0
2.9538,14126,Rest,HAZIRLANIYOR...,0,209,0,23,0,0,0
2.9538,14127,Rest,HAZIRLANIYOR...,0,117,0,47,0,0,0
2.9538,14128,Rest,HAZIRLANIYOR...,0,25,0,68,0,0,0
2.9538,14129,Rest,HAZIRLANIYOR...,0,0,0,86,0,0,0
2.9538,14130,Rest,HAZIRLANIYOR...,0,0,66,105,0,0,0
2.9539,14131,Rest,HAZIRLANIYOR...,0,0,294,122,0,0,0
2.9539,14132,Rest,HAZIRLANIYOR...,0,0,512,136,0,0,0
2.9539,14133,Rest,HAZIRLANIYOR...,0,0,711,146,0,0,0
2.9539,14134,Rest,HAZIRLANIYOR...,0,0,884,153,0,0,0
2.9539,14135,Rest,HAZIRLANIYOR...,0,0,1028,157,0,3,3
2.9539,14136,Rest,HAZIRLANIYOR...,0,0,1140,155,0,4,11
2.9539,14137,Rest,HAZIRLANIYOR...,0,0,1222,146,0,5,12
2.9539,14138,Rest,HAZIRLANIYOR...,0,0,1277,129,0,10,4
2.9540,14139,Rest,HAZIRLANIYOR...,0,0,1301,103,0,16,0
2.9540,14140,Rest,HAZIRLANIYOR...,0,0,1290,74,0,14,0
2.9540,14141,Rest,HAZIRLANIYOR...,0,0,1241,44,85,5,2
2.9540,14142,Rest,HAZIRLANIYOR...,0,0,1157,15,167,1,1
2.9541,14143,Rest,HAZIRLANIYOR...,0,0,1035,0,246,1,1
2.9688,14144,Rest,HAZIRLANIYOR...,0,0,874,0,323,4,5
2.9689,14145,Rest,HAZIRLANIYOR...,0,0,670,0,410,7,5
2.9689,14146,Rest,HAZIRLANIYOR...,0,0,429,0,520,9,2
2.9689,14147,Rest,HAZIRLANIYOR...,0,60,156,0,637,10,4
2.9689,14148,Rest,HAZIRLANIYOR...,0,163,0,0,734,10,11
2.9689,14149,Rest,HAZIRLANIYOR...,0,269,0,0,797,8,11
2.9689,14150,Rest,HAZIRLANIYOR...,0,368,0,0,818,6,0
2.9689,14151,Rest,HAZIRLANIYOR...,0,452,0,0,802,4,0
2.9689,14152,Rest,HAZIRLANIYOR...,0,521,0,0,770,5,0
2.9690,14153,Rest,HAZIRLANIYOR...,0,576,0,0,740,5,0
2.9690,14154,Rest,HAZIRLANIYOR...,0,615,0,0,684,0,3
2.9690,14155,Rest,HAZIRLANIYOR...,0,632,0,0,558,0,2
2.9690,14156,Rest,HAZIRLANIYOR...,0,627,0,0,379,0,0
2.9690,14157,Rest,HAZIRLANIYOR...,0,602,0,0,196,0,0
2.9690,14158,Rest,HAZIRLANIYOR...,0,557,0,0,26,0,0
2.9690,14159,Rest,HAZIRLANIYOR...,0,489,0,0,0,0,0
2.9690,14160,Rest,HAZIRLANIYOR...,0,405,0,0,0,0,0
2.9690,14161,Rest,HAZIRLANIYOR...,0,314,0,14,0,0,0
2.9691,14162,Rest,HAZIRLANIYOR...,0,218,0,38,0,0,0
2.9691,14163,Rest,HAZIRLANIYOR...,0,119,0,61,0,0,0
2.9691,14164,Rest,HAZIRLANIYOR...,0,20,0,82,0,0,2
2.9691,14165,Rest,HAZIRLANIYOR...,0,0,24,100,0,0,0
2.9691,14166,Rest,HAZIRLANIYOR...,0,0,256,118,0,0,0
2.9691,14167,Rest,HAZIRLANIYOR...,0,0,479,136,0,0,0
2.9691,14168,Rest,HAZIRLANIYOR...,0,0,682,152,0,0,0
2.9691,14169,Rest,HAZIRLANIYOR...,0,0,860,161,0,3,0
2.9692,14170,Rest,HAZIRLANIYOR...,0,0,1012,165,0,4,0
2.9848,14171,Rest,HAZIRLANIYOR...,0,0,1133,165,0,6,0
2.9848,14172,Rest,HAZIRLANIYOR...,0,0,1225,161,0,9,2
2.9849,14173,Rest,HAZIRLANIYOR...,0,0,1289,148,0,11,0
2.9849,14174,Rest,HAZIRLANIYOR...,0,0,1320,126,0,12,0
2.9849,14175,Rest,HAZIRLANIYOR...,0,0,1316,97,0,12,0
2.9849,14176,Rest,HAZIRLANIYOR...,0,0,1276,69,73,11,0
2.9849,14177,Rest,HAZIRLANIYOR...,0,0,1201,41,155,9,1
2.9849,14178,Rest,HAZIRLANIYOR...,0,0,1092,14,232,7,1
2.9849,14179,Rest,HAZIRLANIYOR...,0,0,945,0,307,6,1
2.9850,14180,Rest,HAZIRLANIYOR...,0,0,757,0,389,7,1
2.9850,14181,Rest,HAZIRLANIYOR...,0,0,530,0,488,9,2
2.9850,14182,Rest,HAZIRLANIYOR...,0,0,268,0,605,10,3
2.9850,14183,Rest,HAZIRLANIYOR...,0,88,0,0,720,10,8
2.9850,14184,Rest,HAZIRLANIYOR...,0,193,0,0,805,10,16
2.9850,14185,Rest,HAZIRLANIYOR...,0,293,0,0,850,8,14
2.9850,14186,Rest,HAZIRLANIYOR...,0,381,0,0,856,5,1
2.9851,14187,Rest,HAZIRLANIYOR...,0,455,0,0,832,3,0
2.9851,14188,Rest,HAZIRLANIYOR...,0,514,0,0,792,1,0
2.9851,14189,Rest,HAZIRLANIYOR...,0,558,0,0,736,0,0
2.9855,14190,Rest,HAZIRLANIYOR...,0,583,0,0,636,0,0
2.9855,14191,Rest,HAZIRLANIYOR...,0,586,0,0,478,0,0
2.9855,14192,Rest,HAZIRLANIYOR...,0,568,0,0,291,0,0
2.9855,14193,Rest,HAZIRLANIYOR...,0,526,0,0,109,0,2
2.9855,14194,Rest,HAZIRLANIYOR...,0,463,0,0,0,0,0
2.9855,14195,Rest,HAZIRLANIYOR...,0,385,0,0,0,0,0
2.9856,14196,Rest,HAZIRLANIYOR...,0,297,0,0,0,0,0
2.9856,14197,Rest,HAZIRLANIYOR...,0,202,0,11,0,0,0
2.9856,14198,Rest,HAZIRLANIYOR...,0,103,0,37,0,0,0
2.9856,14199,Rest,HAZIRLANIYOR...,0,2,0,59,0,0,0
3.0009,14200,Rest,HAZIRLANIYOR...,0,0,0,78,0,0,0
3.0011,14201,Rest,HAZIRLANIYOR...,0,0,147,97,0,0,0
3.0011,14202,Rest,HAZIRLANIYOR...,0,0,369,116,0,0,3
3.0011,14203,Rest,HAZIRLANIYOR...,0,0,580,134,0,0,5
3.0012,14204,Rest,HAZIRLANIYOR...,0,0,775,146,0,0,3
3.0012,14205,Rest,HAZIRLANIYOR...,0,0,943,153,0,0,1
3.0012,14206,Rest,HAZIRLANIYOR...,0,0,1078,159,0,5,1
3.0013,14207,Rest,HAZIRLANIYOR...,0,0,1182,158,0,9,4
3.0013,14208,Rest,HAZIRLANIYOR...,0,0,1257,146,0,9,6
3.0013,14209,Rest,HAZIRLANIYOR...,0,0,1301,123,0,10,7
3.0013,14210,Rest,HAZIRLANIYOR...,0,0,1316,96,0,12,11
3.0014,14211,Rest,HAZIRLANIYOR...,0,0,1300,70,33,12,12
3.0014,14212,Rest,HAZIRLANIYOR...,0,0,1248,43,117,11,6
3.0015,14213,Rest,HAZIRLANIYOR...,0,0,1156,14,193,8,0
3.0015,14214,Rest,HAZIRLANIYOR...,0,0,1028,0,267,7,0
3.0016,14215,Rest,HAZIRLANIYOR...,0,0,863,0,339,6,1
3.0016,14216,Rest,HAZIRLANIYOR...,0,0,660,0,423,6,5
3.0016,14217,Rest,HAZIRLANIYOR...,0,0,415,0,529,5,5
3.0016,14218,Rest,HAZIRLANIYOR...,0,62,134,0,643,5,1
3.0016,14219,Rest,HAZIRLANIYOR...,0,170,0,0,737,7,0
3.0017,14220,Rest,HAZIRLANIYOR...,0,277,0,0,792,7,0
3.0017,14221,Rest,HAZIRLANIYOR...,0,375,0,0,806,3,0
3.0017,14222,Rest,HAZIRLANIYOR...,0,463,0,0,790,0,0
3.0017,14223,Rest,HAZIRLANIYOR...,0,537,0,0,765,0,0
3.0018,14224,Rest,HAZIRLANIYOR...,0,596,0,0,741,0,0
3.0018,14225,Rest,HAZIRLANIYOR...,0,638,0,0,683,0,0
3.0018,14226,Rest,HAZIRLANIYOR...,0,660,0,0,553,0,0
3.0020,14227,Rest,HAZIRLANIYOR...,0,656,0,0,370,0,2
3.0020,14228,Rest,HAZIRLANIYOR...,0,627,0,0,185,0,4
3.0166,14229,Rest,HAZIRLANIYOR...,0,580,0,0,17,0,2
3.0167,14230,Rest,HAZIRLANIYOR...,0,515,0,0,0,0,0
3.0167,14231,Rest,HAZIRLANIYOR...,0,436,0,0,0,0,0
3.0167,14232,Rest,HAZIRLANIYOR...,0,345,0,9,0,0,0
3.0167,14233,Rest,HAZIRLANIYOR...,0,248,0,37,0,0,1
3.0168,14234,Rest,HAZIRLANIYOR...,0,145,0,60,0,0,0
3.0168,14235,Rest,HAZIRLANIYOR...,0,41,0,78,0,0,0
3.0168,14236,Rest,HAZIRLANIYOR...,0,0,39,94,0,0,0
3.0168,14237,Rest,HAZIRLANIYOR...,0,0,269,110,0,0,0
3.0168,14238,Rest,HAZIRLANIYOR...,0,0,488,126,0,0,2
3.0169,14239,Rest,HAZIRLANIYOR...,0,0,690,140,0,5,6
3.0169,14240,Rest,HAZIRLANIYOR...,0,0,867,152,0,10,0
3.0169,14241,Rest,HAZIRLANIYOR...,0,0,1018,160,0,6,0
3.0169,14242,Rest,HAZIRLANIYOR...,0,0,1137,161,0,1,0
3.0169,14243,Rest,HAZIRLANIYOR...,0,0,1226,155,0,2,0
3.0170,14244,Rest,HAZIRLANIYOR...,0,0,1285,141,0,7,0
3.0170,14245,Rest,HAZIRLANIYOR...,0,0,1315,120,0,10,0
3.0170,14246,Rest,HAZIRLANIYOR...,0,0,1313,93,0,10,0
3.0170,14247,Rest,HAZIRLANIYOR...,0,0,1276,63,74,8,0
3.0170,14248,Rest,HAZIRLANIYOR...,0,0,1201,31,151,7,3
3.0171,14249,Rest,HAZIRLANIYOR...,0,0,1088,0,222,7,2
3.0171,14250,Rest,HAZIRLANIYOR...,0,0,939,0,291,11,0
3.0171,14251,Rest,HAZIRLANIYOR...,0,0,751,0,367,13,0
3.0171,14252,Rest,HAZIRLANIYOR...,0,0,522,0,459,8,1
3.0171,14253,Rest,HAZIRLANIYOR...,0,0,254,0,563,0,1
3.0171,14254,Rest,HAZIRLANIYOR...,0,54,0,0,657,0,1
3.0172,14255,Rest,HAZIRLANIYOR...,0,157,0,0,719,1,0
3.0316,14256,Rest,HAZIRLANIYOR...,0,254,0,0,749,1,1
3.0317,14257,Rest,HAZIRLANIYOR...,0,340,0,0,750,0,0
3.0317,14258,Rest,HAZIRLANIYOR...,0,415,0,0,733,0,0
3.0317,14259,Rest,HAZIRLANIYOR...,0,479,0,0,714,0,0
3.0317,14260,Rest,HAZIRLANIYOR...,0,528,0,0,694,0,0
3.0317,14261,Rest,HAZIRLANIYOR...,0,558,0,0,638,0,0
3.0317,14262,Rest,HAZIRLANIYOR...,0,570,0,0,513,0,0
3.0317,14263,Rest,HAZIRLANIYOR...,0,562,0,0,332,0,0
3.0317,14264,Rest,HAZIRLANIYOR...,0,533,0,0,138,0,0
3.0317,14265,Rest,HAZIRLANIYOR...,0,483,0,0,0,0,0
3.0318,14266,Rest,HAZIRLANIYOR...,0,415,0,0,0,0,0
3.0318,14267,Rest,HAZIRLANIYOR...,0,335,0,10,0,0,0
3.0318,14268,Rest,HAZIRLANIYOR...,0,246,0,32,0,0,0
3.0319,14269,Rest,HAZIRLANIYOR...,0,151,0,51,0,0,0
3.0319,14270,Rest,HAZIRLANIYOR...,0,51,0,69,0,0,0
3.0319,14271,Rest,HAZIRLANIYOR...,0,0,0,86,0,0,0
3.0319,14272,Rest,HAZIRLANIYOR...,0,0,141,103,0,0,0
3.0319,14273,Rest,HAZIRLANIYOR...,0,0,373,118,0,0,0
3.0319,14274,Rest,HAZIRLANIYOR...,0,0,586,131,0,0,0
3.0320,14275,Rest,HAZIRLANIYOR...,0,0,777,142,0,1,1
3.0320,14276,Rest,HAZIRLANIYOR...,0,0,943,147,0,3,3
3.0320,14277,Rest,HAZIRLANIYOR...,0,0,1082,147,0,5,4
3.0320,14278,Rest,HAZIRLANIYOR...,0,0,1189,143,0,8,9
3.0320,14279,Rest,HAZIRLANIYOR...,0,0,1263,134,0,11,13
3.0320,14280,Rest,HAZIRLANIYOR...,0,0,1307,117,0,12,8
3.0320,14281,Rest,HAZIRLANIYOR...,0,0,1323,91,0,12,0
3.0321,14282,Rest,HAZIRLANIYOR...,0,0,1305,62,40,14,0
3.0470,14283,Rest,HAZIRLANIYOR...,0,0,1248,32,123,15,1
3.0472,14284,Rest,HAZIRLANIYOR...,0,0,1154,4,195,11,4
3.0473,14285,Rest,HAZIRLANIYOR...,0,0,1026,0,261,5,5
3.0473,14286,Rest,HAZIRLANIYOR...,0,0,858,0,331,2,5
3.0473,14287,Rest,HAZIRLANIYOR...,0,0,647,0,412,4,8
3.0474,14288,Rest,HAZIRLANIYOR...,0,0,396,0,500,7,10
3.0474,14289,Rest,HAZIRLANIYOR...,0,73,118,0,584,11,5
3.0474,14290,Rest,HAZIRLANIYOR...,0,170,0,0,653,13,0
3.0475,14291,Rest,HAZIRLANIYOR...,0,264,0,0,699,6,0
3.0475,14292,Rest,HAZIRLANIYOR...,0,350,0,0,715,0,0
3.0475,14293,Rest,HAZIRLANIYOR...,0,423,0,0,697,0,4
3.0475,14294,Rest,HAZIRLANIYOR...,0,482,0,0,654,0,6
3.0476,14295,Rest,HAZIRLANIYOR...,0,527,0,0,606,0,0
3.0476,14296,Rest,HAZIRLANIYOR...,0,554,0,0,564,0,0
3.0477,14297,Rest,HAZIRLANIYOR...,0,562,0,0,511,0,0
3.0477,14298,Rest,HAZIRLANIYOR...,0,554,0,0,424,0,0
3.0478,14299,Rest,HAZIRLANIYOR...,0,532,0,0,300,0,0
3.0478,14300,Rest,HAZIRLANIYOR...,0,493,0,0,150,0,0
3.0478,14301,Rest,HAZIRLANIYOR...,0,438,0,0,0,0,0
3.0478,14302,Rest,HAZIRLANIYOR...,0,369,0,0,0,0,0
3.0479,14303,Rest,HAZIRLANIYOR...,0,292,0,18,0,0,0
3.0479,14304,Rest,HAZIRLANIYOR...,0,208,0,38,0,0,0
3.0479,14305,Rest,HAZIRLANIYOR...,0,118,0,57,0,0,0
3.0480,14306,Rest,HAZIRLANIYOR...,0,24,0,75,0,0,0
3.0480,14307,Rest,HAZIRLANIYOR...,0,0,0,90,0,0,0
3.0483,14308,Rest,HAZIRLANIYOR...,0,0,235,103,0,0,4
3.0483,14309,Rest,HAZIRLANIYOR...,0,0,461,116,0,5,1
3.0484,14310,Rest,HAZIRLANIYOR...,0,0,669,130,0,3,0
3.0485,14311,Rest,HAZIRLANIYOR...,0,0,853,141,0,0,0
3.0623,14312,Rest,HAZIRLANIYOR...,0,0,1009,147,0,0,0
3.0624,14313,Rest,HAZIRLANIYOR...,0,0,1133,145,0,10,0
3.0624,14314,Rest,HAZIRLANIYOR...,0,0,1225,137,0,16,0
3.0625,14315,Rest,HAZIRLANIYOR...,0,0,1287,121,0,11,4
3.0625,14316,Rest,HAZIRLANIYOR...,0,0,1320,99,0,3,7
3.0625,14317,Rest,HAZIRLANIYOR...,0,0,1320,71,0,3,3
3.0625,14318,Rest,HAZIRLANIYOR...,0,0,1282,42,68,6,0
3.0625,14319,Rest,HAZIRLANIYOR...,0,0,1205,13,148,7,0
3.0626,14320,Rest,HAZIRLANIYOR...,0,0,1092,0,224,5,3
3.0626,14321,Rest,HAZIRLANIYOR...,0,0,942,0,296,4,5
3.0626,14322,Rest,HAZIRLANIYOR...,0,0,750,0,369,6,3
3.0626,14323,Rest,HAZIRLANIYOR...,0,0,520,0,450,12,2
3.0626,14324,Rest,HAZIRLANIYOR...,0,33,259,0,540,16,2
3.0626,14325,Rest,HAZIRLANIYOR...,0,129,0,0,624,13,3
3.0626,14326,Rest,HAZIRLANIYOR...,0,224,0,0,684,5,4
3.0627,14327,Rest,HAZIRLANIYOR...,0,315,0,0,713,0,3
3.0627,14328,Rest,HAZIRLANIYOR...,0,398,0,0,708,0,0
3.0627,14329,Rest,HAZIRLANIYOR...,0,469,0,0,672,0,0
3.0627,14330,Rest,HAZIRLANIYOR...,0,526,0,0,624,0,0
3.0627,14331,Rest,HAZIRLANIYOR...,0,563,0,0,582,0,0
3.0628,14332,Rest,HAZIRLANIYOR...,0,582,0,0,540,0,0
3.0628,14333,Rest,HAZIRLANIYOR...,0,583,0,0,471,0,0
3.0628,14334,Rest,HAZIRLANIYOR...,0,568,0,0,359,0,0
3.0628,14335,Rest,HAZIRLANIYOR...,0,536,0,0,214,0,0
3.0629,14336,Rest,HAZIRLANIYOR...,0,485,0,0,57,0,0
3.0630,14337,Rest,HAZIRLANIYOR...,0,417,0,0,0,0,0
3.0784,14338,Rest,HAZIRLANIYOR...,0,334,0,19,0,0,0
3.0786,14339,Rest,HAZIRLANIYOR...,0,240,0,42,0,0,0
3.0786,14340,Rest,HAZIRLANIYOR...,0,142,0,60,0,0,0
3.0787,14341,Rest,HAZIRLANIYOR...,0,43,0,77,0,0,0
3.0787,14342,Rest,HAZIRLANIYOR...,0,0,0,93,0,0,0
3.0787,14343,Rest,HAZIRLANIYOR...,0,0,131,107,0,0,4
3.0787,14344,Rest,HAZIRLANIYOR...,0,0,366,121,0,0,11
3.0788,14345,Rest,HAZIRLANIYOR...,0,0,583,135,0,0,10
3.0789,14346,Rest,HAZIRLANIYOR...,0,0,776,145,0,3,3
3.0789,14347,Rest,HAZIRLANIYOR...,0,0,943,149,0,4,0
3.0789,14348,Rest,HAZIRLANIYOR...,0,0,1083,148,0,6,0
3.0789,14349,Rest,HAZIRLANIYOR...,0,0,1193,144,0,7,0
3.0789,14350,Rest,HAZIRLANIYOR...,0,0,1270,136,0,10,0
3.0789,14351,Rest,HAZIRLANIYOR...,0,0,1315,118,0,11,1
3.0789,14352,Rest,HAZIRLANIYOR...,0,0,1327,90,0,10,3
3.0789,14353,Rest,HAZIRLANIYOR...,0,0,1306,58,15,8,7
3.0789,14354,Rest,HAZIRLANIYOR...,0,0,1246,28,102,7,8
3.0790,14355,Rest,HAZIRLANIYOR...,0,0,1149,0,183,7,2
3.0790,14356,Rest,HAZIRLANIYOR...,0,0,1017,0,259,6,0
3.0790,14357,Rest,HAZIRLANIYOR...,0,0,847,0,336,7,0
3.0790,14358,Rest,HAZIRLANIYOR...,0,0,632,0,421,8,3
3.0790,14359,Rest,HAZIRLANIYOR...,0,0,377,0,522,10,11
3.0790,14360,Rest,HAZIRLANIYOR...,0,2,94,0,621,10,14
3.0790,14361,Rest,HAZIRLANIYOR...,0,103,0,0,697,8,12
3.0791,14362,Rest,HAZIRLANIYOR...,0,204,0,0,740,5,6
3.0791,14363,Rest,HAZIRLANIYOR...,0,297,0,0,755,3,0
3.0791,14364,Rest,HAZIRLANIYOR...,0,380,0,0,745,2,0
3.0792,14365,Rest,HAZIRLANIYOR...,0,449,0,0,728,6,0
3.0936,14366,Rest,HAZIRLANIYOR...,0,502,0,0,716,9,2
3.0938,14367,Rest,HAZIRLANIYOR...,0,539,0,0,688,1,0
3.0938,14368,Rest,HAZIRLANIYOR...,0,561,0,0,604,0,0
3.0938,14369,Rest,HAZIRLANIYOR...,0,564,0,0,446,0,0
3.0938,14370,Rest,HAZIRLANIYOR...,0,546,0,0,241,0,0
3.0939,14371,Rest,HAZIRLANIYOR...,0,507,0,0,43,0,0
3.0939,14372,Rest,HAZIRLANIYOR...,0,449,0,0,0,0,0
3.0939,14373,Rest,HAZIRLANIYOR...,0,376,0,11,0,0,0
3.0939,14374,Rest,HAZIRLANIYOR...,0,292,0,34,0,0,0
3.0939,14375,Rest,HAZIRLANIYOR...,0,203,0,53,0,0,0
3.0939,14376,Rest,HAZIRLANIYOR...,0,109,0,69,0,0,0
3.0940,14377,Rest,HAZIRLANIYOR...,0,13,0,84,0,0,0
3.0940,14378,Rest,HAZIRLANIYOR...,0,0,58,98,0,0,0
3.0940,14379,Rest,HAZIRLANIYOR...,0,0,294,111,0,0,0
3.0940,14380,Rest,HAZIRLANIYOR...,0,0,517,121,0,0,0
3.0940,14381,Rest,HAZIRLANIYOR...,0,0,723,129,0,0,0
3.0940,14382,Rest,HAZIRLANIYOR...,0,0,906,134,0,0,4
3.0941,14383,Rest,HAZIRLANIYOR...,0,0,1060,136,0,1,8
3.0941,14384,Rest,HAZIRLANIYOR...,0,0,1180,134,0,4,0
3.0941,14385,Rest,HAZIRLANIYOR...,0,0,1268,126,0,5,0
3.0941,14386,Rest,HAZIRLANIYOR...,0,0,1326,112,0,4,0
3.0941,14387,Rest,HAZIRLANIYOR...,0,0,1352,89,0,5,4
3.0941,14388,Rest,HAZIRLANIYOR...,0,0,1346,61,0,8,9
3.0941,14389,Rest,HAZIRLANIYOR...,0,0,1304,31,71,7,5
3.0941,14390,Rest,HAZIRLANIYOR...,0,0,1226,2,154,4,2
3.0942,14391,Rest,HAZIRLANIYOR...,0,0,1109,0,233,5,8
3.0943,14392,Rest,HAZIRLANIYOR...,0,0,951,0,310,7,14
3.1097,14393,Rest,HAZIRLANIYOR...,0,0,753,0,392,7,9
3.1098,14394,Rest,HAZIRLANIYOR...,0,0,519,0,489,5,0
3.1099,14395,Rest,HAZIRLANIYOR...,0,73,246,0,594,5,0
3.1101,14396,Rest,HAZIRLANIYOR...,0,173,0,0,686,7,2
3.1102,14397,Rest,HAZIRLANIYOR...,0,269,0,0,751,7,5
3.1102,14398,Rest,HAZIRLANIYOR...,0,357,0,0,791,2,3
3.1102,14399,Rest,HAZIRLANIYOR...,0,434,0,0,795,0,0
3.1102,14400,Rest,HAZIRLANIYOR...,0,500,0,0,763,0,0
3.1102,14401,Rest,HAZIRLANIYOR...,0,554,0,0,727,0,0
3.1103,14402,Rest,HAZIRLANIYOR...,0,593,0,0,701,0,2
3.1103,14403,Rest,HAZIRLANIYOR...,0,615,0,0,643,0,3
3.1103,14404,Rest,HAZIRLANIYOR...,0,617,0,0,509,0,0
3.1103,14405,Rest,HAZIRLANIYOR...,0,598,0,0,321,0,0
3.1103,14406,Rest,HAZIRLANIYOR...,0,560,0,0,130,0,0
3.1104,14407,Rest,HAZIRLANIYOR...,0,504,0,0,0,0,0
3.1104,14408,Rest,HAZIRLANIYOR...,0,431,0,0,0,0,0
3.1104,14409,Rest,HAZIRLANIYOR...,0,343,0,14,0,0,0
3.1104,14410,Rest,HAZIRLANIYOR...,0,245,0,36,0,0,0
3.1104,14411,Rest,HAZIRLANIYOR...,0,144,0,54,0,0,0
3.1104,14412,Rest,HAZIRLANIYOR...,0,45,0,68,0,0,0
3.1104,14413,Rest,HAZIRLANIYOR...,0,0,0,83,0,3,0
3.1105,14414,Rest,HAZIRLANIYOR...,0,0,174,98,0,0,0
3.1105,14415,Rest,HAZIRLANIYOR...,0,0,409,112,0,0,0
3.1105,14416,Rest,HAZIRLANIYOR...,0,0,627,123,0,0,0
3.1105,14417,Rest,HAZIRLANIYOR...,0,0,823,129,0,0,0
3.1105,14418,Rest,HAZIRLANIYOR...,0,0,991,132,0,2,0
3.1105,14419,Rest,HAZIRLANIYOR...,0,0,1128,133,0,5,6
3.1106,14420,Rest,HAZIRLANIYOR...,0,0,1233,129,0,6,12
3.1106,14421,Rest,HAZIRLANIYOR...,0,0,1308,118,0,8,8
3.1256,14422,Rest,HAZIRLANIYOR...,0,0,1354,101,0,11,0
3.1257,14423,Rest,HAZIRLANIYOR...,0,0,1368,77,0,11,0
3.1258,14424,Rest,HAZIRLANIYOR...,0,0,1345,50,24,10,0
3.1258,14425,Rest,HAZIRLANIYOR...,0,0,1281,22,109,7,5
3.1258,14426,Rest,HAZIRLANIYOR...,0,0,1180,0,186,5,4
3.1258,14427,Rest,HAZIRLANIYOR...,0,0,1043,0,261,5,0
3.1258,14428,Rest,HAZIRLANIYOR...,0,0,866,0,337,8,0
3.1258,14429,Rest,HAZIRLANIYOR...,0,0,646,0,425,9,1
3.1259,14430,Rest,HAZIRLANIYOR...,0,0,386,0,528,9,2
3.1259,14431,Rest,HAZIRLANIYOR...,0,25,95,0,630,8,2
3.1259,14432,Rest,HAZIRLANIYOR...,0,124,0,0,707,6,1
3.1259,14433,Rest,HAZIRLANIYOR...,0,221,0,0,752,5,0
3.1260,14434,Rest,HAZIRLANIYOR...,0,311,0,0,764,2,0
3.1260,14435,Rest,HAZIRLANIYOR...,0,393,0,0,755,0,2
3.1260,14436,Rest,HAZIRLANIYOR...,0,463,0,0,739,0,8
3.1260,14437,Rest,HAZIRLANIYOR...,0,519,0,0,725,0,11
3.1260,14438,Rest,HAZIRLANIYOR...,0,557,0,0,684,0,4
3.1260,14439,Rest,HAZIRLANIYOR...,0,576,0,0,575,0,0
3.1260,14440,Rest,HAZIRLANIYOR...,0,575,0,0,400,0,0
3.1261,14441,Rest,HAZIRLANIYOR...,0,552,0,0,207,0,4
3.1261,14442,Rest,HAZIRLANIYOR...,0,509,0,0,33,0,7
3.1261,14443,Rest,HAZIRLANIYOR...,0,449,0,0,0,0,0
3.1261,14444,Rest,HAZIRLANIYOR...,0,376,0,9,0,0,0
3.1261,14445,Rest,HAZIRLANIYOR...,0,292,0,32,0,0,0
3.1261,14446,Rest,HAZIRLANIYOR...,0,202,0,51,0,0,0
3.1261,14447,Rest,HAZIRLANIYOR...,0,109,0,67,0,0,0
3.1262,14448,Rest,HAZIRLANIYOR...,0,14,0,83,0,0,0
3.1262,14449,Rest,HAZIRLANIYOR...,0,0,62,96,0,0,0
3.1415,14450,Rest,HAZIRLANIYOR...,0,0,297,109,0,0,0
3.1416,14451,Rest,HAZIRLANIYOR...,0,0,520,122,0,1,0
3.1416,14452,Rest,HAZIRLANIYOR...,0,0,726,133,0,1,0
3.1416,14453,Rest,HAZIRLANIYOR...,0,0,909,139,0,0,0
3.1416,14454,Rest,HAZIRLANIYOR...,0,0,1063,142,0,0,0
3.1417,14455,Rest,HAZIRLANIYOR...,0,0,1185,140,0,2,1
3.1417,14456,Rest,HAZIRLANIYOR...,0,0,1273,131,0,7,0
3.1417,14457,Rest,HAZIRLANIYOR...,0,0,1327,113,0,8,0
3.1417,14458,Rest,HAZIRLANIYOR...,0,0,1353,88,0,10,3
3.1417,14459,Rest,HAZIRLANIYOR...,0,0,1348,60,0,11,6
3.1417,14460,Rest,HAZIRLANIYOR...,0,0,1307,30,69,9,10
3.1417,14461,Rest,HAZIRLANIYOR...,0,0,1226,0,154,6,12
3.1417,14462,Rest,HAZIRLANIYOR...,0,0,1105,0,238,4,6
3.1418,14463,Rest,HAZIRLANIYOR...,0,0,946,0,307,5,0
3.1418,14464,Rest,HAZIRLANIYOR...,0,0,750,0,368,5,0
3.1418,14465,Rest,HAZIRLANIYOR...,0,0,512,0,451,5,0
3.1418,14466,Rest,HAZIRLANIYOR...,0,21,236,0,560,4,1
3.1418,14467,Rest,HAZIRLANIYOR...,0,119,0,0,660,5,0
3.1418,14468,Rest,HAZIRLANIYOR...,0,216,0,0,722,10,0
3.1418,14469,Rest,HAZIRLANIYOR...,0,308,0,0,748,12,0
3.1418,14470,Rest,HAZIRLANIYOR...,0,392,0,0,747,4,0
3.1419,14471,Rest,HAZIRLANIYOR...,0,462,0,0,732,0,1
3.1419,14472,Rest,HAZIRLANIYOR...,0,519,0,0,719,0,0
3.1419,14473,Rest,HAZIRLANIYOR...,0,562,0,0,698,3,0
3.1419,14474,Rest,HAZIRLANIYOR...,0,589,0,0,624,5,4
3.1419,14475,Rest,HAZIRLANIYOR...,0,599,0,0,477,0,6
3.1420,14476,Rest,HAZIRLANIYOR...,0,589,0,0,288,0,0
3.1420,14477,Rest,HAZIRLANIYOR...,0,560,0,0,105,0,0
3.1576,14478,Rest,HAZIRLANIYOR...,0,512,0,0,0,0,0
3.1578,14479,Rest,HAZIRLANIYOR...,0,445,0,0,0,0,0
3.1578,14480,Rest,HAZIRLANIYOR...,0,363,0,22,0,0,9
3.1578,14481,Rest,HAZIRLANIYOR...,0,271,0,47,0,0,11
3.1578,14482,Rest,HAZIRLANIYOR...,0,172,0,66,0,0,2
3.1578,14483,Rest,HAZIRLANIYOR...,0,71,0,81,0,0,0
3.1578,14484,Rest,HAZIRLANIYOR...,0,0,0,97,0,0,0
3.1579,14485,Rest,HAZIRLANIYOR...,0,0,181,111,0,0,0
3.1579,14486,Rest,HAZIRLANIYOR...,0,0,411,121,0,0,0
3.1579,14487,Rest,HAZIRLANIYOR...,0,0,624,129,0,0,0
3.1579,14488,Rest,HAZIRLANIYOR...,0,0,814,137,0,6,0
3.1579,14489,Rest,HAZIRLANIYOR...,0,0,978,142,0,12,0
3.1579,14490,Rest,HAZIRLANIYOR...,0,0,1113,141,0,9,0
3.1579,14491,Rest,HAZIRLANIYOR...,0,0,1216,132,0,1,7
3.1579,14492,Rest,HAZIRLANIYOR...,0,0,1287,117,0,1,8
3.1580,14493,Rest,HAZIRLANIYOR...,0,0,1328,97,0,7,4
3.1580,14494,Rest,HAZIRLANIYOR...,0,0,1340,71,0,10,3
3.1580,14495,Rest,HAZIRLANIYOR...,0,0,1315,42,38,9,5
3.1580,14496,Rest,HAZIRLANIYOR...,0,0,1251,13,118,7,6
3.1580,14497,Rest,HAZIRLANIYOR...,0,0,1150,0,190,7,3
3.1581,14498,Rest,HAZIRLANIYOR...,0,0,1015,0,260,7,1
3.1581,14499,Rest,HAZIRLANIYOR...,0,0,840,0,335,8,1
3.1583,14500,Rest,HAZIRLANIYOR...,0,0,620,0,424,8,4
3.1583,14501,Rest,HAZIRLANIYOR...,0,0,361,0,526,9,6
3.1583,14502,Rest,HAZIRLANIYOR...,0,37,72,0,624,9,6
3.1583,14503,Rest,HAZIRLANIYOR...,0,131,0,0,698,9,4
3.1583,14504,Rest,HAZIRLANIYOR...,0,228,0,0,739,11,2
3.1584,14505,Rest,HAZIRLANIYOR...,0,322,0,0,748,11,1
3.1585,14506,Rest,HAZIRLANIYOR...,0,406,0,0,733,5,2
3.1735,14507,Rest,HAZIRLANIYOR...,0,474,0,0,713,0,1
3.1736,14508,Rest,HAZIRLANIYOR...,0,526,0,0,697,0,0
3.1736,14509,Rest,HAZIRLANIYOR...,0,559,0,0,659,0,0
3.1736,14510,Rest,HAZIRLANIYOR...,0,575,0,0,556,0,0
3.1736,14511,Rest,HAZIRLANIYOR...,0,572,0,0,390,0,0
3.1736,14512,Rest,HAZIRLANIYOR...,0,550,0,0,205,0,0
3.1736,14513,Rest,HAZIRLANIYOR...,0,508,0,0,31,0,0
3.1736,14514,Rest,HAZIRLANIYOR...,0,449,0,0,0,0,0
3.1736,14515,Rest,HAZIRLANIYOR...,0,373,0,12,0,0,0
3.1737,14516,Rest,HAZIRLANIYOR...,0,288,0,35,0,0,0
3.1737,14517,Rest,HAZIRLANIYOR...,0,200,0,53,0,0,0
3.1737,14518,Rest,HAZIRLANIYOR...,0,114,0,69,0,0,0
3.1737,14519,Rest,HAZIRLANIYOR...,0,25,0,87,0,0,0
3.1737,14520,Rest,HAZIRLANIYOR...,0,0,80,102,0,0,0
3.1737,14521,Rest,HAZIRLANIYOR...,0,0,314,112,0,0,0
3.1737,14522,Rest,HAZIRLANIYOR...,0,0,535,122,0,0,0
3.1737,14523,Rest,HAZIRLANIYOR...,0,0,739,131,0,0,0
3.1737,14524,Rest,HAZIRLANIYOR...,0,0,919,137,0,3,0
3.1738,14525,Rest,HAZIRLANIYOR...,0,0,1069,137,0,7,2
3.1738,14526,Rest,HAZIRLANIYOR...,0,0,1183,131,0,8,2
3.1738,14527,Rest,HAZIRLANIYOR...,0,0,1263,118,0,9,3
3.1738,14528,Rest,HAZIRLANIYOR...,0,0,1315,100,0,10,4
3.1738,14529,Rest,HAZIRLANIYOR...,0,0,1339,77,0,12,7
3.1738,14530,Rest,HAZIRLANIYOR...,0,0,1330,51,3,11,12
3.1738,14531,Rest,HAZIRLANIYOR...,0,0,1283,22,88,8,14
3.1738,14532,Rest,HAZIRLANIYOR...,0,0,1200,0,164,5,7
3.1739,14533,Rest,HAZIRLANIYOR...,0,0,1081,0,240,5,0
3.1896,14534,Rest,HAZIRLANIYOR...,0,0,924,0,317,7,0
3.1897,14535,Rest,HAZIRLANIYOR...,0,0,726,0,394,8,0
3.1897,14536,Rest,HAZIRLANIYOR...,0,0,488,0,479,8,0
3.1897,14537,Rest,HAZIRLANIYOR...,0,41,214,0,569,8,0
3.1897,14538,Rest,HAZIRLANIYOR...,0,134,0,0,652,7,0
3.1897,14539,Rest,HAZIRLANIYOR...,0,226,0,0,712,6,0
3.1897,14540,Rest,HAZIRLANIYOR...,0,313,0,0,739,4,0
3.1898,14541,Rest,HAZIRLANIYOR...,0,395,0,0,733,1,0
3.1898,14542,Rest,HAZIRLANIYOR...,0,465,0,0,712,1,0
3.1898,14543,Rest,HAZIRLANIYOR...,0,518,0,0,696,2,0
3.1898,14544,Rest,HAZIRLANIYOR...,0,552,0,0,676,2,0
3.1898,14545,Rest,HAZIRLANIYOR...,0,569,0,0,610,0,0
3.1898,14546,Rest,HAZIRLANIYOR...,0,571,0,0,474,0,0
3.1898,14547,Rest,HAZIRLANIYOR...,0,551,0,0,291,0,0
3.1898,14548,Rest,HAZIRLANIYOR...,0,507,0,0,102,0,0
3.1898,14549,Rest,HAZIRLANIYOR...,0,444,0,0,0,0,2
3.1898,14550,Rest,HAZIRLANIYOR...,0,369,0,7,0,0,0
3.1898,14551,Rest,HAZIRLANIYOR...,0,283,0,31,0,0,0
3.1899,14552,Rest,HAZIRLANIYOR...,0,188,0,53,0,0,0
3.1899,14553,Rest,HAZIRLANIYOR...,0,89,0,71,0,0,0
3.1899,14554,Rest,HAZIRLANIYOR...,0,0,0,84,0,0,0
3.1899,14555,Rest,HAZIRLANIYOR...,0,0,0,95,0,0,0
3.1899,14556,Rest,HAZIRLANIYOR...,0,0,202,105,0,0,0
3.1899,14557,Rest,HAZIRLANIYOR...,0,0,431,114,0,3,0
3.1899,14558,Rest,HAZIRLANIYOR...,0,0,644,122,0,5,0
3.1899,14559,Rest,HAZIRLANIYOR...,0,0,836,127,0,1,0
3.1899,14560,Rest,HAZIRLANIYOR...,0,0,1001,130,0,0,0
3.1899,14561,Rest,HAZIRLANIYOR...,0,0,1134,127,0,0,0
3.1900,14562,Rest,HAZIRLANIYOR...,0,0,1234,120,0,0,0
3.2054,14563,Rest,HAZIRLANIYOR...,0,0,1302,109,0,3,2
3.2055,14564,Rest,HAZIRLANIYOR...,0,0,1340,89,0,3,5
3.2056,14565,Rest,HAZIRLANIYOR...,0,0,1346,61,0,2,7
3.2056,14566,Rest,HAZIRLANIYOR...,0,0,1315,31,53,2,11
3.2056,14567,Rest,HAZIRLANIYOR...,0,0,1249,3,138,5,15
3.2056,14568,Rest,HAZIRLANIYOR...,0,0,1147,0,214,10,10
3.2056,14569,Rest,HAZIRLANIYOR...,0,0,1007,0,279,11,3
3.2056,14570,Rest,HAZIRLANIYOR...,0,0,825,0,347,5,2
3.2056,14571,Rest,HAZIRLANIYOR...,0,0,600,0,431,0,5
3.2056,14572,Rest,HAZIRLANIYOR...,0,0,336,0,530,0,6
3.2056,14573,Rest,HAZIRLANIYOR...,0,42,43,0,623,1,6
3.2056,14574,Rest,HAZIRLANIYOR...,0,153,0,0,691,4,9
3.2057,14575,Rest,HAZIRLANIYOR...,0,262,0,0,730,7,10
3.2057,14576,Rest,HAZIRLANIYOR...,0,365,0,0,739,7,1
3.2057,14577,Rest,HAZIRLANIYOR...,0,459,0,0,727,0,0
3.2057,14578,Rest,HAZIRLANIYOR...,0,538,0,0,710,0,0
3.2057,14579,Rest,HAZIRLANIYOR...,0,602,0,0,697,0,0
3.2057,14580,Rest,HAZIRLANIYOR...,0,649,0,0,656,4,0
3.2057,14581,Rest,HAZIRLANIYOR...,0,673,0,0,550,0,0
3.2057,14582,Rest,HAZIRLANIYOR...,0,672,0,0,380,0,0
3.2058,14583,Rest,HAZIRLANIYOR...,0,650,0,0,188,0,0
3.2058,14584,Rest,HAZIRLANIYOR...,0,610,0,0,10,0,0
3.2058,14585,Rest,HAZIRLANIYOR...,0,549,0,0,0,0,0
3.2058,14586,Rest,HAZIRLANIYOR...,0,468,0,4,0,0,0
3.2058,14587,Rest,HAZIRLANIYOR...,0,376,0,32,0,0,0
3.2058,14588,Rest,HAZIRLANIYOR...,0,279,0,60,0,0,0
3.2058,14589,Rest,HAZIRLANIYOR...,0,177,0,77,0,0,0
3.2059,14590,Rest,HAZIRLANIYOR...,0,68,0,87,0,0,0
3.2217,14591,Rest,HAZIRLANIYOR...,0,0,94,99,0,0,0
3.2218,14592,Rest,HAZIRLANIYOR...,0,0,327,114,0,0,0
3.2218,14593,Rest,HAZIRLANIYOR...,0,0,549,127,0,0,3
3.2218,14594,Rest,HAZIRLANIYOR...,0,0,753,136,0,0,8
3.2219,14595,Rest,HAZIRLANIYOR...,0,0,932,141,0,3,4
3.2219,14596,Rest,HAZIRLANIYOR...,0,0,1077,143,0,5,0
3.2219,14597,Rest,HAZIRLANIYOR...,0,0,1188,141,0,7,0
3.2219,14598,Rest,HAZIRLANIYOR...,0,0,1269,133,0,10,1
3.2219,14599,Rest,HAZIRLANIYOR...,0,0,1322,116,0,12,4
3.2220,14600,Rest,HAZIRLANIYOR...,0,0,1346,91,0,12,2
3.2220,14601,Rest,HAZIRLANIYOR...,0,0,1335,63,9,11,1
3.2220,14602,Rest,HAZIRLANIYOR...,0,0,1288,33,96,10,5
3.2220,14603,Rest,HAZIRLANIYOR...,0,0,1204,4,174,8,10
3.2220,14604,Rest,HAZIRLANIYOR...,0,0,1084,0,248,7,9
3.2221,14605,Rest,HAZIRLANIYOR...,0,0,922,0,319,10,3
3.2221,14606,Rest,HAZIRLANIYOR...,0,0,717,0,395,14,0
3.2221,14607,Rest,HAZIRLANIYOR...,0,0,469,0,485,14,0
3.2221,14608,Rest,HAZIRLANIYOR...,0,0,189,0,582,12,0
3.2222,14609,Rest,HAZIRLANIYOR...,0,75,0,0,666,12,0
3.2222,14610,Rest,HAZIRLANIYOR...,0,175,0,0,722,8,0
3.2222,14611,Rest,HAZIRLANIYOR...,0,271,0,0,746,0,0
3.2222,14612,Rest,HAZIRLANIYOR...,0,358,0,0,736,0,0
3.2222,14613,Rest,HAZIRLANIYOR...,0,432,0,0,712,0,4
3.2223,14614,Rest,HAZIRLANIYOR...,0,489,0,0,698,0,6
3.2223,14615,Rest,HAZIRLANIYOR...,0,530,0,0,682,0,0
3.2223,14616,Rest,HAZIRLANIYOR...,0,556,0,0,617,0,0
3.2223,14617,Rest,HAZIRLANIYOR...,0,562,0,0,478,0,0
3.2223,14618,Rest,HAZIRLANIYOR...,0,547,0,0,292,0,0
3.2225,14619,Rest,HAZIRLANIYOR...,0,513,0,0,102,0,0
3.2377,14620,Rest,HAZIRLANIYOR...,0,462,0,0,0,0,0
3.2378,14621,Rest,HAZIRLANIYOR...,0,394,0,0,0,0,0
3.2378,14622,Rest,HAZIRLANIYOR...,0,309,0,19,0,0,0
3.2378,14623,Rest,HAZIRLANIYOR...,0,214,0,41,0,0,0
3.2378,14624,Rest,HAZIRLANIYOR...,0,115,0,61,0,0,0
3.2378,14625,Rest,HAZIRLANIYOR...,0,17,0,79,0,0,0
3.2379,14626,Rest,HAZIRLANIYOR...,0,0,0,94,0,5,0
3.2379,14627,Rest,HAZIRLANIYOR...,0,0,218,106,0,4,1
3.2379,14628,Rest,HAZIRLANIYOR...,0,0,447,116,0,0,6
3.2379,14629,Rest,HAZIRLANIYOR...,0,0,657,128,0,0,2
3.2379,14630,Rest,HAZIRLANIYOR...,0,0,845,138,0,0,0
3.2379,14631,Rest,HAZIRLANIYOR...,0,0,1007,144,0,8,0
3.2379,14632,Rest,HAZIRLANIYOR...,0,0,1139,142,0,14,8
3.2380,14633,Rest,HAZIRLANIYOR...,0,0,1238,132,0,8,12
3.2380,14634,Rest,HAZIRLANIYOR...,0,0,1305,118,0,0,3
3.2380,14635,Rest,HAZIRLANIYOR...,0,0,1342,101,0,2,0
3.2380,14636,Rest,HAZIRLANIYOR...,0,0,1347,77,0,8,0
3.2380,14637,Rest,HAZIRLANIYOR...,0,0,1317,47,53,10,0
3.2380,14638,Rest,HAZIRLANIYOR...,0,0,1250,17,134,6,3
3.2380,14639,Rest,HAZIRLANIYOR...,0,0,1148,0,207,4,4
3.2380,14640,Rest,HAZIRLANIYOR...,0,0,1006,0,277,3,3
3.2380,14641,Rest,HAZIRLANIYOR...,0,0,823,0,352,3,3
3.2381,14642,Rest,HAZIRLANIYOR...,0,0,597,0,438,2,3
3.2381,14643,Rest,HAZIRLANIYOR...,0,0,332,0,534,6,0
3.2381,14644,Rest,HAZIRLANIYOR...,0,104,40,0,625,11,0
3.2381,14645,Rest,HAZIRLANIYOR...,0,211,0,0,694,8,0
3.2381,14646,Rest,HAZIRLANIYOR...,0,312,0,0,733,0,4
3.2382,14647,Rest,HAZIRLANIYOR...,0,404,0,0,740,0,6
3.2537,14648,Rest,HAZIRLANIYOR...,0,485,0,0,726,0,5
3.2538,14649,Rest,HAZIRLANIYOR...,0,553,0,0,714,0,3
3.2538,14650,Rest,HAZIRLANIYOR...,0,607,0,0,705,0,3
3.2538,14651,Rest,HAZIRLANIYOR...,0,642,0,0,662,0,2
3.2539,14652,Rest,HAZIRLANIYOR...,0,653,0,0,554,0,0
3.2539,14653,Rest,HAZIRLANIYOR...,0,643,0,0,394,0,0
3.2539,14654,Rest,HAZIRLANIYOR...,0,613,0,0,210,0,0
3.2540,14655,Rest,HAZIRLANIYOR...,0,562,0,0,30,0,0
3.2540,14656,Rest,HAZIRLANIYOR...,0,494,0,0,0,0,0
3.2540,14657,Rest,HAZIRLANIYOR...,0,414,0,0,0,0,1
3.2541,14658,Rest,HAZIRLANIYOR...,0,325,0,22,0,0,1
3.2541,14659,Rest,HAZIRLANIYOR...,0,229,0,39,0,0,4
3.2541,14660,Rest,HAZIRLANIYOR...,0,128,0,53,0,0,4
3.2541,14661,Rest,HAZIRLANIYOR...,0,22,0,68,0,0,0
3.2541,14662,Rest,HAZIRLANIYOR...,0,0,99,83,0,0,0
3.2541,14663,Rest,HAZIRLANIYOR...,0,0,337,97,0,0,0
3.2541,14664,Rest,HAZIRLANIYOR...,0,0,563,109,0,0,1
3.2541,14665,Rest,HAZIRLANIYOR...,0,0,769,119,0,2,7
3.2541,14666,Rest,HAZIRLANIYOR...,0,0,949,126,0,1,9
3.2541,14667,Rest,HAZIRLANIYOR...,0,0,1096,129,0,0,1
3.2541,14668,Rest,HAZIRLANIYOR...,0,0,1208,127,0,2,0
3.2541,14669,Rest,HAZIRLANIYOR...,0,0,1287,120,0,6,0
3.2541,14670,Rest,HAZIRLANIYOR...,0,0,1337,105,0,9,0
3.2542,14671,Rest,HAZIRLANIYOR...,0,0,1358,82,0,11,0
3.2542,14672,Rest,HAZIRLANIYOR...,0,0,1348,53,1,17,3
3.2542,14673,Rest,HAZIRLANIYOR...,0,0,1299,22,88,20,7
3.2542,14674,Rest,HAZIRLANIYOR...,0,0,1211,0,166,13,6
3.2543,14675,Rest,HAZIRLANIYOR...,0,0,1088,0,242,3,0
3.2696,14676,Rest,HAZIRLANIYOR...,0,0,924,0,315,1,0
3.2697,14677,Rest,HAZIRLANIYOR...,0,0,714,0,392,4,0
3.2697,14678,Rest,HAZIRLANIYOR...,0,0,461,0,483,7,0
3.2698,14679,Rest,HAZIRLANIYOR...,0,35,176,0,585,6,1
3.2698,14680,Rest,HAZIRLANIYOR...,0,135,0,0,674,5,0
3.2698,14681,Rest,HAZIRLANIYOR...,0,235,0,0,730,3,0
3.2698,14682,Rest,HAZIRLANIYOR...,0,329,0,0,749,2,0
3.2699,14683,Rest,HAZIRLANIYOR...,0,411,0,0,742,1,0
3.2699,14684,Rest,HAZIRLANIYOR...,0,479,0,0,724,3,0
3.2699,14685,Rest,HAZIRLANIYOR...,0,535,0,0,708,6,0
3.2700,14686,Rest,HAZIRLANIYOR...,0,574,0,0,682,5,2
3.2700,14687,Rest,HAZIRLANIYOR...,0,593,0,0,612,0,0
3.2700,14688,Rest,HAZIRLANIYOR...,0,592,0,0,483,0,0
3.2700,14689,Rest,HAZIRLANIYOR...,0,571,0,0,305,0,0
3.2700,14690,Rest,HAZIRLANIYOR...,0,529,0,0,104,0,0
3.2701,14691,Rest,HAZIRLANIYOR...,0,467,0,0,0,0,0
3.2701,14692,Rest,HAZIRLANIYOR...,0,390,0,9,0,0,0
3.2701,14693,Rest,HAZIRLANIYOR...,0,303,0,33,0,0,0
3.2701,14694,Rest,HAZIRLANIYOR...,0,210,0,54,0,0,0
3.2701,14695,Rest,HAZIRLANIYOR...,0,114,0,69,0,0,0
3.2702,14696,Rest,HAZIRLANIYOR...,0,19,0,82,0,0,0
3.2702,14697,Rest,HAZIRLANIYOR...,0,0,0,96,0,0,0
3.2702,14698,Rest,HAZIRLANIYOR...,0,0,226,110,0,0,0
3.2702,14699,Rest,HAZIRLANIYOR...,0,0,459,125,0,0,0
3.2702,14700,Rest,HAZIRLANIYOR...,0,0,674,137,0,0,0
3.2703,14701,Rest,HAZIRLANIYOR...,0,0,864,145,0,1,0
3.2703,14702,Rest,HAZIRLANIYOR...,0,0,1025,147,0,3,3
3.2703,14703,Rest,HAZIRLANIYOR...,0,0,1156,143,0,5,7
3.2704,14704,Rest,HAZIRLANIYOR...,0,0,1256,135,0,10,6
3.2856,14705,Rest,HAZIRLANIYOR...,0,0,1324,122,0,12,1
3.2857,14706,Rest,HAZIRLANIYOR...,0,0,1360,103,0,6,0
3.2857,14707,Rest,HAZIRLANIYOR...,0,0,1363,76,0,1,0
3.2857,14708,Rest,HAZIRLANIYOR...,0,0,1332,44,50,4,2
3.2858,14709,Rest,HAZIRLANIYOR...,0,0,1264,14,137,9,4
3.2858,14710,Rest,HAZIRLANIYOR...,0,0,1158,0,217,10,4
3.2858,14711,Rest,HAZIRLANIYOR...,0,0,1012,0,289,8,4
3.2858,14712,Rest,HAZIRLANIYOR...,0,0,826,0,355,6,4
3.2858,14713,Rest,HAZIRLANIYOR...,0,0,595,0,435,7,2
3.2858,14714,Rest,HAZIRLANIYOR...,0,0,322,0,537,8,5
3.2858,14715,Rest,HAZIRLANIYOR...,0,68,19,0,641,6,11
3.2858,14716,Rest,HAZIRLANIYOR...,0,167,0,0,720,3,8
3.2859,14717,Rest,HAZIRLANIYOR...,0,262,0,0,762,1,0
3.2859,14718,Rest,HAZIRLANIYOR...,0,348,0,0,768,1,0
3.2859,14719,Rest,HAZIRLANIYOR...,0,422,0,0,750,1,0
3.2859,14720,Rest,HAZIRLANIYOR...,0,484,0,0,725,6,1
3.2859,14721,Rest,HAZIRLANIYOR...,0,531,0,0,700,10,2
3.2859,14722,Rest,HAZIRLANIYOR...,0,560,0,0,647,4,3
3.2859,14723,Rest,HAZIRLANIYOR...,0,570,0,0,534,0,4
3.2859,14724,Rest,HAZIRLANIYOR...,0,559,0,0,361,0,3
3.2859,14725,Rest,HAZIRLANIYOR...,0,528,0,0,169,0,0
3.2859,14726,Rest,HAZIRLANIYOR...,0,475,0,0,0,0,0
3.2860,14727,Rest,HAZIRLANIYOR...,0,405,0,0,0,0,0
3.2860,14728,Rest,HAZIRLANIYOR...,0,326,0,13,0,0,0
3.2860,14729,Rest,HAZIRLANIYOR...,0,241,0,32,0,0,2
3.2860,14730,Rest,HAZIRLANIYOR...,0,148,0,48,0,0,7
3.2860,14731,Rest,HAZIRLANIYOR...,0,48,0,62,0,0,1
3.2860,14732,Rest,HAZIRLANIYOR...,0,0,0,77,0,0,0
3.3015,14733,Rest,HAZIRLANIYOR...,0,0,123,93,0,0,0
3.3016,14734,Rest,HAZIRLANIYOR...,0,0,358,109,0,0,0
3.3017,14735,Rest,HAZIRLANIYOR...,0,0,579,123,0,2,0
3.3017,14736,Rest,HAZIRLANIYOR...,0,0,779,133,0,4,0
3.3017,14737,Rest,HAZIRLANIYOR...,0,0,955,140,0,4,0
3.3017,14738,Rest,HAZIRLANIYOR...,0,0,1100,143,0,4,0
3.3017,14739,Rest,HAZIRLANIYOR...,0,0,1213,140,0,6,5
3.3018,14740,Rest,HAZIRLANIYOR...,0,0,1293,128,0,10,10
3.3018,14741,Rest,HAZIRLANIYOR...,0,0,1341,109,0,12,4
3.3018,14742,Rest,HAZIRLANIYOR...,0,0,1358,86,0,12,0
3.3018,14743,Rest,HAZIRLANIYOR...,0,0,1345,60,11,11,0
3.3018,14744,Rest,HAZIRLANIYOR...,0,0,1297,33,96,10,0
3.3018,14745,Rest,HAZIRLANIYOR...,0,0,1210,5,173,9,3
3.3018,14746,Rest,HAZIRLANIYOR...,0,0,1080,0,248,9,6
3.3019,14747,Rest,HAZIRLANIYOR...,0,0,910,0,321,13,9
3.3019,14748,Rest,HAZIRLANIYOR...,0,0,699,0,400,15,4
3.3019,14749,Rest,HAZIRLANIYOR...,0,0,448,0,498,8,0
3.3019,14750,Rest,HAZIRLANIYOR...,0,71,164,0,604,0,0
3.3019,14751,Rest,HAZIRLANIYOR...,0,178,0,0,692,0,3
3.3019,14752,Rest,HAZIRLANIYOR...,0,283,0,0,744,2,5
3.3019,14753,Rest,HAZIRLANIYOR...,0,382,0,0,763,3,0
3.3020,14754,Rest,HAZIRLANIYOR...,0,472,0,0,757,0,0
3.3020,14755,Rest,HAZIRLANIYOR...,0,548,0,0,744,0,0
3.3020,14756,Rest,HAZIRLANIYOR...,0,606,0,0,731,2,0
3.3020,14757,Rest,HAZIRLANIYOR...,0,644,0,0,694,7,4
3.3020,14758,Rest,HAZIRLANIYOR...,0,663,0,0,597,1,8
3.3020,14759,Rest,HAZIRLANIYOR...,0,665,0,0,438,0,7
3.3021,14760,Rest,HAZIRLANIYOR...,0,650,0,0,250,0,0
3.3178,14761,Rest,HAZIRLANIYOR...,0,614,0,0,69,0,0
3.3179,14762,Rest,HAZIRLANIYOR...,0,553,0,0,0,0,0
3.3179,14763,Rest,HAZIRLANIYOR...,0,472,0,0,0,0,0
3.3179,14764,Rest,HAZIRLANIYOR...,0,382,0,24,0,0,0
3.3179,14765,Rest,HAZIRLANIYOR...,0,288,0,44,0,0,0
3.3180,14766,Rest,HAZIRLANIYOR...,0,190,0,54,0,0,0
3.3180,14767,Rest,HAZIRLANIYOR...,0,88,0,64,0,0,0
3.3180,14768,Rest,HAZIRLANIYOR...,0,0,0,82,0,0,0
3.3180,14769,Rest,HAZIRLANIYOR...,0,0,242,99,0,0,0
3.3180,14770,Rest,HAZIRLANIYOR...,0,0,475,106,0,0,0
3.3180,14771,Rest,HAZIRLANIYOR...,0,0,687,113,0,3,7
3.3180,14772,Rest,HAZIRLANIYOR...,0,0,872,123,0,9,13
3.3180,14773,Rest,HAZIRLANIYOR...,0,0,1031,132,0,7,7
3.3180,14774,Rest,HAZIRLANIYOR...,0,0,1162,131,0,1,0
3.3181,14775,Rest,HAZIRLANIYOR...,0,0,1260,122,0,2,0
3.3181,14776,Rest,HAZIRLANIYOR...,0,0,1322,108,0,9,0
3.3181,14777,Rest,HAZIRLANIYOR...,0,0,1354,90,0,13,1
3.3181,14778,Rest,HAZIRLANIYOR...,0,0,1358,64,0,10,3
3.3181,14779,Rest,HAZIRLANIYOR...,0,0,1326,34,49,5,4
3.3181,14780,Rest,HAZIRLANIYOR...,0,0,1256,4,130,4,4
3.3181,14781,Rest,HAZIRLANIYOR...,0,0,1147,0,205,5,4
3.3181,14782,Rest,HAZIRLANIYOR...,0,0,1000,0,276,4,2
3.3181,14783,Rest,HAZIRLANIYOR...,0,0,811,0,351,2,2
3.3181,14784,Rest,HAZIRLANIYOR...,0,0,579,0,443,0,2
3.3181,14785,Rest,HAZIRLANIYOR...,0,0,309,0,549,3,3
3.3182,14786,Rest,HAZIRLANIYOR...,0,34,10,0,647,5,6
3.3182,14787,Rest,HAZIRLANIYOR...,0,131,0,0,714,4,12
3.3182,14788,Rest,HAZIRLANIYOR...,0,225,0,0,749,0,16
3.3182,14789,Rest,HAZIRLANIYOR...,0,312,0,0,758,0,11
3.3336,14790,Rest,HAZIRLANIYOR...,0,392,0,0,749,0,0
3.3337,14791,Rest,HAZIRLANIYOR...,0,459,0,0,733,1,0
3.3338,14792,Rest,HAZIRLANIYOR...,0,507,0,0,705,1,0
3.3338,14793,Rest,HAZIRLANIYOR...,0,538,0,0,643,0,0
3.3338,14794,Rest,HAZIRLANIYOR...,0,555,0,0,520,0,0
3.3339,14795,Rest,HAZIRLANIYOR...,0,555,0,0,346,0,0
3.3339,14796,Rest,HAZIRLANIYOR...,0,531,0,0,155,0,0
3.3339,14797,Rest,HAZIRLANIYOR...,0,484,0,0,0,0,1
3.3339,14798,Rest,HAZIRLANIYOR...,0,420,0,0,0,0,10
3.3339,14799,Rest,HAZIRLANIYOR...,0,345,0,10,0,0,10
3.3340,14800,Rest,HAZIRLANIYOR...,0,261,0,33,0,0,5
3.3340,14801,Rest,HAZIRLANIYOR...,0,173,0,53,0,0,2
3.3340,14802,Rest,HAZIRLANIYOR...,0,79,0,68,0,0,0
3.3340,14803,Rest,HAZIRLANIYOR...,0,0,0,82,0,0,0
3.3340,14804,Rest,HAZIRLANIYOR...,0,0,128,96,0,0,0
3.3340,14805,Rest,HAZIRLANIYOR...,0,0,362,108,0,0,0
3.3340,14806,Rest,HAZIRLANIYOR...,0,0,581,118,0,0,0
3.3340,14807,Rest,HAZIRLANIYOR...,0,0,782,127,0,3,0
3.3340,14808,Rest,HAZIRLANIYOR...,0,0,956,134,0,5,0
3.3341,14809,Rest,HAZIRLANIYOR...,0,0,1097,139,0,6,0
3.3341,14810,Rest,HAZIRLANIYOR...,0,0,1209,139,0,8,0
3.3341,14811,Rest,HAZIRLANIYOR...,0,0,1290,131,0,11,2
3.3341,14812,Rest,HAZIRLANIYOR...,0,0,1337,113,0,14,5
3.3341,14813,Rest,HAZIRLANIYOR...,0,0,1353,86,0,19,5
3.3341,14814,Rest,HAZIRLANIYOR...,0,0,1336,54,15,21,3
3.3342,14815,Rest,HAZIRLANIYOR...,0,0,1283,24,98,14,1
3.3342,14816,Rest,HAZIRLANIYOR...,0,0,1194,0,174,5,2
3.3342,14817,Rest,HAZIRLANIYOR...,0,0,1067,0,245,2,5
3.3486,14818,Rest,HAZIRLANIYOR...,0,0,898,0,318,7,6
3.3487,14819,Rest,HAZIRLANIYOR...,0,0,685,0,400,13,7
3.3487,14820,Rest,HAZIRLANIYOR...,0,0,428,0,500,15,11
3.3487,14821,Rest,HAZIRLANIYOR...,0,42,137,0,603,8,11
3.3488,14822,Rest,HAZIRLANIYOR...,0,142,0,0,684,0,2
3.3488,14823,Rest,HAZIRLANIYOR...,0,241,0,0,734,0,0
3.3488,14824,Rest,HAZIRLANIYOR...,0,336,0,0,754,0,0
3.3488,14825,Rest,HAZIRLANIYOR...,0,419,0,0,747,0,0
3.3488,14826,Rest,HAZIRLANIYOR...,0,487,0,0,727,0,0
3.3489,14827,Rest,HAZIRLANIYOR...,0,537,0,0,711,0,0
3.3489,14828,Rest,HAZIRLANIYOR...,0,571,0,0,683,0,0
3.3489,14829,Rest,HAZIRLANIYOR...,0,586,0,0,597,0,1
3.3489,14830,Rest,HAZIRLANIYOR...,0,583,0,0,438,0,2
3.3489,14831,Rest,HAZIRLANIYOR...,0,558,0,0,243,0,0
3.3490,14832,Rest,HAZIRLANIYOR...,0,512,0,0,56,0,0
3.3490,14833,Rest,HAZIRLANIYOR...,0,447,0,0,0,0,0
3.3490,14834,Rest,HAZIRLANIYOR...,0,367,0,3,0,0,0
3.3490,14835,Rest,HAZIRLANIYOR...,0,276,0,26,0,0,0
3.3491,14836,Rest,HAZIRLANIYOR...,0,180,0,47,0,0,1
3.3491,14837,Rest,HAZIRLANIYOR...,0,81,0,65,0,0,2
3.3491,14838,Rest,HAZIRLANIYOR...,0,0,0,80,0,0,0
3.3491,14839,Rest,HAZIRLANIYOR...,0,0,15,93,0,0,0
3.3492,14840,Rest,HAZIRLANIYOR...,0,0,256,103,0,0,0
3.3492,14841,Rest,HAZIRLANIYOR...,0,0,487,111,0,0,1
3.3492,14842,Rest,HAZIRLANIYOR...,0,0,699,122,0,0,7
3.3492,14843,Rest,HAZIRLANIYOR...,0,0,888,134,0,0,2
3.3494,14844,Rest,HAZIRLANIYOR...,0,0,1046,141,0,1,0
3.3648,14845,Rest,HAZIRLANIYOR...,0,0,1169,138,0,3,0
3.3650,14846,Rest,HAZIRLANIYOR...,0,0,1261,127,0,4,0
3.3651,14847,Rest,HAZIRLANIYOR...,0,0,1321,112,0,4,2
3.3651,14848,Rest,HAZIRLANIYOR...,0,0,1351,91,0,7,0
3.3651,14849,Rest,HAZIRLANIYOR...,0,0,1352,65,0,12,0
3.3651,14850,Rest,HAZIRLANIYOR...,0,0,1317,35,62,13,0
3.3652,14851,Rest,HAZIRLANIYOR...,0,0,1243,7,140,11,7
3.3652,14852,Rest,HAZIRLANIYOR...,0,0,1130,0,212,8,11
3.3652,14853,Rest,HAZIRLANIYOR...,0,0,979,0,283,6,10
3.3652,14854,Rest,HAZIRLANIYOR...,0,0,789,0,358,7,8
3.3652,14855,Rest,HAZIRLANIYOR...,0,0,556,0,445,12,1
3.3653,14856,Rest,HAZIRLANIYOR...,0,20,284,0,542,15,0
3.3653,14857,Rest,HAZIRLANIYOR...,0,121,0,0,635,7,0
3.3653,14858,Rest,HAZIRLANIYOR...,0,223,0,0,706,0,2
3.3653,14859,Rest,HAZIRLANIYOR...,0,319,0,0,745,0,10
3.3653,14860,Rest,HAZIRLANIYOR...,0,405,0,0,751,0,11
3.3654,14861,Rest,HAZIRLANIYOR...,0,481,0,0,734,1,1
3.3654,14862,Rest,HAZIRLANIYOR...,0,545,0,0,714,0,0
3.3654,14863,Rest,HAZIRLANIYOR...,0,593,0,0,694,0,0
3.3654,14864,Rest,HAZIRLANIYOR...,0,620,0,0,639,0,0
3.3655,14865,Rest,HAZIRLANIYOR...,0,628,0,0,516,0,1
3.3655,14866,Rest,HAZIRLANIYOR...,0,619,0,0,340,0,0
3.3655,14867,Rest,HAZIRLANIYOR...,0,590,0,0,151,0,0
3.3655,14868,Rest,HAZIRLANIYOR...,0,538,0,0,0,0,0
3.3655,14869,Rest,HAZIRLANIYOR...,0,467,0,0,0,0,0
3.3655,14870,Rest,HAZIRLANIYOR...,0,385,0,15,0,0,0
3.3656,14871,Rest,HAZIRLANIYOR...,0,295,0,38,0,0,0
3.3657,14872,Rest,HAZIRLANIYOR...,0,200,0,58,0,0,0
3.3657,14873,Rest,HAZIRLANIYOR...,0,103,0,76,0,0,0
3.3807,14874,Rest,HAZIRLANIYOR...,0,5,0,92,0,0,0
3.3807,14875,Rest,HAZIRLANIYOR...,0,0,143,106,0,0,0
3.3807,14876,Rest,HAZIRLANIYOR...,0,0,378,117,0,0,0
3.3807,14877,Rest,HAZIRLANIYOR...,0,0,597,126,0,0,0
3.3807,14878,Rest,HAZIRLANIYOR...,0,0,795,132,0,0,0
3.3807,14879,Rest,HAZIRLANIYOR...,0,0,967,138,0,7,7
3.3807,14880,Rest,HAZIRLANIYOR...,0,0,1109,140,0,10,12
3.3808,14881,Rest,HAZIRLANIYOR...,0,0,1217,135,0,16,7
3.3808,14882,Rest,HAZIRLANIYOR...,0,0,1294,125,0,20,0
3.3808,14883,Rest,HAZIRLANIYOR...,0,0,1341,108,0,16,0
3.3808,14884,Rest,HAZIRLANIYOR...,0,0,1358,83,0,8,2
3.3808,14885,Rest,HAZIRLANIYOR...,0,0,1341,53,26,6,0
3.3808,14886,Rest,HAZIRLANIYOR...,0,0,1287,22,109,8,0
3.3808,14887,Rest,HAZIRLANIYOR...,0,0,1194,0,184,9,1
3.3808,14888,Rest,HAZIRLANIYOR...,0,0,1062,0,255,7,0
3.3808,14889,Rest,HAZIRLANIYOR...,0,0,890,0,323,5,0
3.3808,14890,Rest,HAZIRLANIYOR...,0,0,677,0,399,5,0
3.3808,14891,Rest,HAZIRLANIYOR...,0,0,425,0,490,5,6
3.3808,14892,Rest,HAZIRLANIYOR...,0,3,142,0,587,5,13
3.3809,14893,Rest,HAZIRLANIYOR...,0,97,0,0,668,3,13
3.3809,14894,Rest,HAZIRLANIYOR...,0,190,0,0,717,1,5
3.3809,14895,Rest,HAZIRLANIYOR...,0,278,0,0,733,0,0
3.3809,14896,Rest,HAZIRLANIYOR...,0,359,0,0,723,0,0
3.3809,14897,Rest,HAZIRLANIYOR...,0,429,0,0,705,0,3
3.3809,14898,Rest,HAZIRLANIYOR...,0,484,0,0,692,0,5
3.3809,14899,Rest,HAZIRLANIYOR...,0,526,0,0,668,0,1
3.3810,14900,Rest,HAZIRLANIYOR...,0,552,0,0,597,0,0
3.3966,14901,Rest,HAZIRLANIYOR...,0,556,0,0,460,0,0
3.3967,14902,Rest,HAZIRLANIYOR...,0,539,0,0,279,0,0
3.3968,14903,Rest,HAZIRLANIYOR...,0,504,0,0,90,0,0
3.3968,14904,Rest,HAZIRLANIYOR...,0,454,0,0,0,0,0
3.3969,14905,Rest,HAZIRLANIYOR...,0,387,0,0,0,0,2
3.3969,14906,Rest,HAZIRLANIYOR...,0,306,0,23,0,0,1
3.3969,14907,Rest,HAZIRLANIYOR...,0,219,0,46,0,0,0
3.3970,14908,Rest,HAZIRLANIYOR...,0,130,0,63,0,0,0
3.3970,14909,Rest,HAZIRLANIYOR...,0,37,0,74,0,0,0
3.3970,14910,Rest,HAZIRLANIYOR...,0,0,7,87,0,0,0
3.3970,14911,Rest,HAZIRLANIYOR...,0,0,247,104,0,0,0
3.3971,14912,Rest,HAZIRLANIYOR...,0,0,474,119,0,0,0
3.3971,14913,Rest,HAZIRLANIYOR...,0,0,683,128,0,0,0
3.3971,14914,Rest,HAZIRLANIYOR...,0,0,867,133,0,0,0
3.3971,14915,Rest,HAZIRLANIYOR...,0,0,1026,137,0,3,0
3.3972,14916,Rest,HAZIRLANIYOR...,0,0,1156,137,0,8,0
3.3972,14917,Rest,HAZIRLANIYOR...,0,0,1252,131,0,9,0
3.3972,14918,Rest,HAZIRLANIYOR...,0,0,1316,117,0,9,1
3.3972,14919,Rest,HAZIRLANIYOR...,0,0,1347,96,0,11,3
3.3972,14920,Rest,HAZIRLANIYOR...,0,0,1345,67,0,12,5
3.3973,14921,Rest,HAZIRLANIYOR...,0,0,1307,37,66,11,9
3.3973,14922,Rest,HAZIRLANIYOR...,0,0,1231,9,147,10,12
3.3973,14923,Rest,HAZIRLANIYOR...,0,0,1119,0,221,8,8
3.3973,14924,Rest,HAZIRLANIYOR...,0,0,969,0,293,7,0
3.3973,14925,Rest,HAZIRLANIYOR...,0,0,777,0,367,5,0
3.3973,14926,Rest,HAZIRLANIYOR...,0,0,542,0,455,5,1
3.3974,14927,Rest,HAZIRLANIYOR...,0,7,271,0,558,6,1
3.3974,14928,Rest,HAZIRLANIYOR...,0,103,0,0,652,6,0
3.3975,14929,Rest,HAZIRLANIYOR...,0,200,0,0,709,5,0
3.3976,14930,Rest,HAZIRLANIYOR...,0,293,0,0,732,3,3
3.4119,14931,Rest,HAZIRLANIYOR...,0,379,0,0,735,1,2
3.4119,14932,Rest,HAZIRLANIYOR...,0,457,0,0,727,0,0
3.4119,14933,Rest,HAZIRLANIYOR...,0,517,0,0,715,0,0
3.4119,14934,Rest,HAZIRLANIYOR...,0,557,0,0,693,0,6
3.4119,14935,Rest,HAZIRLANIYOR...,0,578,0,0,632,0,11
3.4119,14936,Rest,HAZIRLANIYOR...,0,585,0,0,511,0,2
3.4120,14937,Rest,HAZIRLANIYOR...,0,576,0,0,340,0,0
3.4120,14938,Rest,HAZIRLANIYOR...,0,547,0,0,150,0,0
3.4120,14939,Rest,HAZIRLANIYOR...,0,495,0,0,0,0,0
3.4120,14940,Rest,HAZIRLANIYOR...,0,424,0,0,0,0,2
3.4120,14941,Rest,HAZIRLANIYOR...,0,340,0,10,0,0,4
3.4120,14942,Rest,HAZIRLANIYOR...,0,247,0,31,0,0,0
3.4120,14943,Rest,HAZIRLANIYOR...,0,148,0,49,0,0,0
3.4120,14944,Rest,HAZIRLANIYOR...,0,48,0,66,0,0,0
3.4121,14945,Rest,HAZIRLANIYOR...,0,0,0,84,0,0,0
3.4121,14946,Rest,HAZIRLANIYOR...,0,0,156,101,0,0,0
3.4121,14947,Rest,HAZIRLANIYOR...,0,0,390,113,0,0,0
3.4121,14948,Rest,HAZIRLANIYOR...,0,0,606,120,0,0,0
3.4121,14949,Rest,HAZIRLANIYOR...,0,0,803,128,0,1,1
3.4121,14950,Rest,HAZIRLANIYOR...,0,0,975,135,0,4,7
3.4121,14951,Rest,HAZIRLANIYOR...,0,0,1118,136,0,6,3
3.4121,14952,Rest,HAZIRLANIYOR...,0,0,1226,130,0,8,0
3.4121,14953,Rest,HAZIRLANIYOR...,0,0,1302,119,0,9,0
3.4121,14954,Rest,HAZIRLANIYOR...,0,0,1348,104,0,11,0
3.4121,14955,Rest,HAZIRLANIYOR...,0,0,1363,82,0,11,0
3.4122,14956,Rest,HAZIRLANIYOR...,0,0,1338,56,27,10,0
3.4281,14957,Rest,HAZIRLANIYOR...,0,0,1276,30,111,9,0
3.4281,14958,Rest,HAZIRLANIYOR...,0,0,1183,2,188,8,0
3.4282,14959,Rest,HAZIRLANIYOR...,0,0,1054,0,261,7,0
3.4282,14960,Rest,HAZIRLANIYOR...,0,0,882,0,332,6,3
3.4282,14961,Rest,HAZIRLANIYOR...,0,0,664,0,413,5,4
3.4282,14962,Rest,HAZIRLANIYOR...,0,0,407,0,513,6,3
3.4282,14963,Rest,HAZIRLANIYOR...,0,14,120,0,617,8,2
3.4282,14964,Rest,HAZIRLANIYOR...,0,123,0,0,697,8,1
3.4283,14965,Rest,HAZIRLANIYOR...,0,229,0,0,743,7,1
3.4283,14966,Rest,HAZIRLANIYOR...,0,328,0,0,758,8,3
3.4283,14967,Rest,HAZIRLANIYOR...,0,414,0,0,750,9,4
3.4283,14968,Rest,HAZIRLANIYOR...,0,482,0,0,733,8,3
3.4283,14969,Rest,HAZIRLANIYOR...,0,533,0,0,718,1,0
3.4283,14970,Rest,HAZIRLANIYOR...,0,571,0,0,685,0,0
3.4283,14971,Rest,HAZIRLANIYOR...,0,596,0,0,592,0,0
3.4283,14972,Rest,HAZIRLANIYOR...,0,603,0,0,429,0,0
3.4284,14973,Rest,HAZIRLANIYOR...,0,589,0,0,233,0,0
3.4284,14974,Rest,HAZIRLANIYOR...,0,551,0,0,48,0,0
3.4284,14975,Rest,HAZIRLANIYOR...,0,495,0,0,0,0,0
3.4284,14976,Rest,HAZIRLANIYOR...,0,426,0,3,0,0,0
3.4284,14977,Rest,HAZIRLANIYOR...,0,346,0,26,0,0,0
3.4284,14978,Rest,HAZIRLANIYOR...,0,256,0,46,0,0,0
3.4284,14979,Rest,HAZIRLANIYOR...,0,160,0,61,0,0,0
3.4284,14980,Rest,HAZIRLANIYOR...,0,64,0,74,0,0,0
3.4284,14981,Rest,HAZIRLANIYOR...,0,0,33,88,0,0,0
3.4284,14982,Rest,HAZIRLANIYOR...,0,0,269,105,0,0,0
3.4284,14983,Rest,HAZIRLANIYOR...,0,0,494,119,0,0,1
3.4284,14984,Rest,HAZIRLANIYOR...,0,0,703,130,0,0,1
3.4285,14985,Rest,HAZIRLANIYOR...,0,0,889,137,0,0,2
3.4439,14986,Rest,HAZIRLANIYOR...,0,0,1047,141,0,0,7
3.4441,14987,Rest,HAZIRLANIYOR...,0,0,1175,138,0,0,11
3.4441,14988,Rest,HAZIRLANIYOR...,0,0,1267,129,0,0,6
3.4441,14989,Rest,HAZIRLANIYOR...,0,0,1327,113,0,5,0
3.4442,14990,Rest,HAZIRLANIYOR...,0,0,1359,89,0,6,0
3.4442,14991,Rest,HAZIRLANIYOR...,0,0,1358,61,0,7,9
3.4442,14992,Rest,HAZIRLANIYOR...,0,0,1317,32,71,5,12
3.4442,14993,Rest,HAZIRLANIYOR...,0,0,1238,4,155,4,1
3.4442,14994,Rest,HAZIRLANIYOR...,0,0,1125,0,232,4,0
3.4442,14995,Rest,HAZIRLANIYOR...,0,0,974,0,300,6,0
3.4442,14996,Rest,HAZIRLANIYOR...,0,0,779,0,374,7,0
3.4442,14997,Rest,HAZIRLANIYOR...,0,0,544,0,468,7,3
3.4442,14998,Rest,HAZIRLANIYOR...,0,27,276,0,571,9,2
3.4443,14999,Rest,HAZIRLANIYOR...,0,130,0,0,660,10,1
3.4443,15000,Rest,HAZIRLANIYOR...,0,234,0,0,728,9,1
3.4443,15001,Rest,HAZIRLANIYOR...,0,332,0,0,770,6,0
3.4443,15002,Rest,HAZIRLANIYOR...,0,420,0,0,770,4,0
3.4443,15003,Rest,HAZIRLANIYOR...,0,496,0,0,737,3,2
3.4443,15004,Rest,HAZIRLANIYOR...,0,558,0,0,710,3,8
3.4443,15005,Rest,HAZIRLANIYOR...,0,601,0,0,692,2,11
3.4443,15006,Rest,HAZIRLANIYOR...,0,622,0,0,635,0,2
3.4443,15007,Rest,HAZIRLANIYOR...,0,625,0,0,501,0,0
3.4444,15008,Rest,HAZIRLANIYOR...,0,610,0,0,315,0,0
3.4444,15009,Rest,HAZIRLANIYOR...,0,573,0,0,126,0,0
3.4444,15010,Rest,HAZIRLANIYOR...,0,513,0,0,0,0,0
3.4444,15011,Rest,HAZIRLANIYOR...,0,434,0,0,0,0,0
3.4444,15012,Rest,HAZIRLANIYOR...,0,343,0,5,0,0,0
3.4445,15013,Rest,HAZIRLANIYOR...,0,244,0,25,0,0,0
3.4591,15014,Rest,HAZIRLANIYOR...,0,141,0,44,0,0,0
3.4594,15015,Rest,HAZIRLANIYOR...,0,37,0,66,0,0,0
3.4594,15016,Rest,HAZIRLANIYOR...,0,0,0,85,0,0,0
3.4594,15017,Rest,HAZIRLANIYOR...,0,0,166,97,0,0,2
3.4595,15018,Rest,HAZIRLANIYOR...,0,0,399,107,0,0,3
3.4595,15019,Rest,HAZIRLANIYOR...,0,0,616,121,0,3,0
3.4595,15020,Rest,HAZIRLANIYOR...,0,0,810,134,0,0,0
3.4595,15021,Rest,HAZIRLANIYOR...,0,0,977,141,0,0,0
3.4596,15022,Rest,HAZIRLANIYOR...,0,0,1116,142,0,0,4
3.4596,15023,Rest,HAZIRLANIYOR...,0,0,1224,137,0,7,8
3.4596,15024,Rest,HAZIRLANIYOR...,0,0,1299,128,0,10,11
3.4596,15025,Rest,HAZIRLANIYOR...,0,0,1340,113,0,12,11
3.4596,15026,Rest,HAZIRLANIYOR...,0,0,1351,88,0,16,5
3.4596,15027,Rest,HAZIRLANIYOR...,0,0,1329,58,28,20,0
3.4596,15028,Rest,HAZIRLANIYOR...,0,0,1271,29,112,15,0
3.4597,15029,Rest,HAZIRLANIYOR...,0,0,1176,3,188,7,3
3.4597,15030,Rest,HAZIRLANIYOR...,0,0,1043,0,260,3,4
3.4597,15031,Rest,HAZIRLANIYOR...,0,0,866,0,334,5,2
3.4597,15032,Rest,HAZIRLANIYOR...,0,0,645,0,420,7,1
3.4597,15033,Rest,HAZIRLANIYOR...,0,0,388,0,523,14,0
3.4597,15034,Rest,HAZIRLANIYOR...,0,43,101,0,625,23,1
3.4597,15035,Rest,HAZIRLANIYOR...,0,144,0,0,703,20,2
3.4597,15036,Rest,HAZIRLANIYOR...,0,245,0,0,748,3,0
3.4598,15037,Rest,HAZIRLANIYOR...,0,339,0,0,763,0,0
3.4598,15038,Rest,HAZIRLANIYOR...,0,416,0,0,754,0,0
3.4598,15039,Rest,HAZIRLANIYOR...,0,474,0,0,739,0,1
3.4599,15040,Rest,HAZIRLANIYOR...,0,517,0,0,730,4,0
3.4753,15041,Rest,HAZIRLANIYOR...,0,547,0,0,694,3,0
3.4754,15042,Rest,HAZIRLANIYOR...,0,559,0,0,582,0,0
3.4755,15043,Rest,HAZIRLANIYOR...,0,551,0,0,402,0,0
3.4755,15044,Rest,HAZIRLANIYOR...,0,520,0,0,208,0,0
3.4755,15045,Rest,HAZIRLANIYOR...,0,469,0,0,34,0,0
3.4755,15046,Rest,HAZIRLANIYOR...,0,402,0,0,0,0,0
3.4755,15047,Rest,HAZIRLANIYOR...,0,322,0,3,0,0,0
3.4755,15048,Rest,HAZIRLANIYOR...,0,231,0,27,0,0,0
3.4755,15049,Rest,HAZIRLANIYOR...,0,138,0,47,0,0,0
3.4755,15050,Rest,HAZIRLANIYOR...,0,43,0,61,0,0,0
3.4755,15051,Rest,HAZIRLANIYOR...,0,0,0,74,0,0,0
3.4755,15052,Rest,HAZIRLANIYOR...,0,0,43,92,0,0,5
3.4756,15053,Rest,HAZIRLANIYOR...,0,0,282,110,0,0,11
3.4756,15054,Rest,HAZIRLANIYOR...,0,0,507,120,0,0,10
3.4756,15055,Rest,HAZIRLANIYOR...,0,0,714,123,0,3,10
3.4756,15056,Rest,HAZIRLANIYOR...,0,0,896,128,0,0,9
3.4756,15057,Rest,HAZIRLANIYOR...,0,0,1050,136,0,0,4
3.4756,15058,Rest,HAZIRLANIYOR...,0,0,1172,138,0,6,0
3.4756,15059,Rest,HAZIRLANIYOR...,0,0,1264,130,0,11,0
3.4756,15060,Rest,HAZIRLANIYOR...,0,0,1327,113,0,13,0
3.4756,15061,Rest,HAZIRLANIYOR...,0,0,1356,92,0,17,9
3.4757,15062,Rest,HAZIRLANIYOR...,0,0,1352,67,0,23,6
3.4757,15063,Rest,HAZIRLANIYOR...,0,0,1313,40,73,21,0
3.4757,15064,Rest,HAZIRLANIYOR...,0,0,1235,11,151,13,0
3.4757,15065,Rest,HAZIRLANIYOR...,0,0,1118,0,224,8,0
3.4757,15066,Rest,HAZIRLANIYOR...,0,0,962,0,294,4,0
3.4757,15067,Rest,HAZIRLANIYOR...,0,0,766,0,371,0,0
3.4759,15068,Rest,HAZIRLANIYOR...,0,0,529,0,466,0,1
3.4760,15069,Rest,HAZIRLANIYOR...,0,24,254,0,573,3,2
3.4911,15070,Rest,HAZIRLANIYOR...,0,133,0,0,667,4,0
3.4912,15071,Rest,HAZIRLANIYOR...,0,242,0,0,729,2,0
3.4912,15072,Rest,HAZIRLANIYOR...,0,344,0,0,759,0,3
3.4912,15073,Rest,HAZIRLANIYOR...,0,436,0,0,757,0,6
3.4912,15074,Rest,HAZIRLANIYOR...,0,516,0,0,736,0,8
3.4912,15075,Rest,HAZIRLANIYOR...,0,581,0,0,718,0,2
3.4912,15076,Rest,HAZIRLANIYOR...,0,627,0,0,698,0,0
3.4912,15077,Rest,HAZIRLANIYOR...,0,654,0,0,634,0,0
3.4913,15078,Rest,HAZIRLANIYOR...,0,662,0,0,497,0,0
3.4913,15079,Rest,HAZIRLANIYOR...,0,648,0,0,316,0,5
3.4913,15080,Rest,HAZIRLANIYOR...,0,612,0,0,132,0,6
3.4913,15081,Rest,HAZIRLANIYOR...,0,554,0,0,0,0,0
3.4913,15082,Rest,HAZIRLANIYOR...,0,481,0,0,0,0,0
3.4913,15083,Rest,HAZIRLANIYOR...,0,394,0,17,0,0,0
3.4914,15084,Rest,HAZIRLANIYOR...,0,298,0,40,0,0,0
3.4914,15085,Rest,HAZIRLANIYOR...,0,196,0,58,0,0,0
3.4914,15086,Rest,HAZIRLANIYOR...,0,92,0,72,0,2,0
3.4914,15087,Rest,HAZIRLANIYOR...,0,0,0,85,0,4,0
3.4914,15088,Rest,HAZIRLANIYOR...,0,0,175,99,0,0,0
3.4914,15089,Rest,HAZIRLANIYOR...,0,0,410,115,0,0,2
3.4915,15090,Rest,HAZIRLANIYOR...,0,0,630,130,0,0,9
3.4915,15091,Rest,HAZIRLANIYOR...,0,0,828,141,0,0,10
3.4915,15092,Rest,HAZIRLANIYOR...,0,0,994,146,0,3,0
3.4915,15093,Rest,HAZIRLANIYOR...,0,0,1128,146,0,3,0
3.4915,15094,Rest,HAZIRLANIYOR...,0,0,1232,142,0,3,0
3.4916,15095,Rest,HAZIRLANIYOR...,0,0,1305,133,0,5,0
3.4916,15096,Rest,HAZIRLANIYOR...,0,0,1345,116,0,8,0
3.5070,15097,Rest,HAZIRLANIYOR...,0,0,1353,91,0,15,0
3.5071,15098,Rest,HAZIRLANIYOR...,0,0,1328,60,36,19,0
3.5071,15099,Rest,HAZIRLANIYOR...,0,0,1266,29,118,14,0
3.5071,15100,Rest,HAZIRLANIYOR...,0,0,1165,1,190,6,1
3.5071,15101,Rest,HAZIRLANIYOR...,0,0,1025,0,258,5,3
3.5071,15102,Rest,HAZIRLANIYOR...,0,0,846,0,328,7,5
3.5072,15103,Rest,HAZIRLANIYOR...,0,0,626,0,415,7,5
3.5072,15104,Rest,HAZIRLANIYOR...,0,0,367,0,519,4,4
3.5072,15105,Rest,HAZIRLANIYOR...,0,66,80,0,622,2,4
3.5072,15106,Rest,HAZIRLANIYOR...,0,164,0,0,701,2,2
3.5072,15107,Rest,HAZIRLANIYOR...,0,256,0,0,746,2,0
3.5072,15108,Rest,HAZIRLANIYOR...,0,340,0,0,758,2,0
3.5072,15109,Rest,HAZIRLANIYOR...,0,415,0,0,744,1,0
3.5072,15110,Rest,HAZIRLANIYOR...,0,477,0,0,727,1,1
3.5072,15111,Rest,HAZIRLANIYOR...,0,521,0,0,713,2,4
3.5073,15112,Rest,HAZIRLANIYOR...,0,548,0,0,674,2,5
3.5073,15113,Rest,HAZIRLANIYOR...,0,558,0,0,569,3,4
3.5073,15114,Rest,HAZIRLANIYOR...,0,550,0,0,400,0,3
3.5073,15115,Rest,HAZIRLANIYOR...,0,521,0,0,207,0,1
3.5073,15116,Rest,HAZIRLANIYOR...,0,474,0,0,28,0,0
3.5073,15117,Rest,HAZIRLANIYOR...,0,412,0,0,0,0,0
3.5073,15118,Rest,HAZIRLANIYOR...,0,336,0,0,0,0,0
3.5073,15119,Rest,HAZIRLANIYOR...,0,251,0,21,0,0,0
3.5074,15120,Rest,HAZIRLANIYOR...,0,162,0,39,0,0,0
3.5074,15121,Rest,HAZIRLANIYOR...,0,70,0,53,0,0,0
3.5074,15122,Rest,HAZIRLANIYOR...,0,0,0,68,0,0,0
3.5074,15123,Rest,HAZIRLANIYOR...,0,0,60,84,0,0,0
3.5075,15124,Rest,HAZIRLANIYOR...,0,0,297,99,0,0,6
3.5075,15125,Rest,HAZIRLANIYOR...,0,0,522,110,0,0,12
3.5231,15126,Rest,HAZIRLANIYOR...,0,0,727,120,0,0,10
3.5232,15127,Rest,HAZIRLANIYOR...,0,0,907,128,0,0,3
3.5233,15128,Rest,HAZIRLANIYOR...,0,0,1056,132,0,0,0
3.5233,15129,Rest,HAZIRLANIYOR...,0,0,1173,131,0,1,0
3.5233,15130,Rest,HAZIRLANIYOR...,0,0,1261,126,0,6,0
3.5233,15131,Rest,HAZIRLANIYOR...,0,0,1318,114,0,7,1
3.5234,15132,Rest,HAZIRLANIYOR...,0,0,1344,93,0,8,6
3.5234,15133,Rest,HAZIRLANIYOR...,0,0,1335,66,0,9,8
3.5234,15134,Rest,HAZIRLANIYOR...,0,0,1290,36,82,9,2
3.5234,15135,Rest,HAZIRLANIYOR...,0,0,1210,9,159,9,0
3.5235,15136,Rest,HAZIRLANIYOR...,0,0,1093,0,230,7,0
3.5235,15137,Rest,HAZIRLANIYOR...,0,0,936,0,301,6,0
3.5235,15138,Rest,HAZIRLANIYOR...,0,0,738,0,379,6,0
3.5235,15139,Rest,HAZIRLANIYOR...,0,0,500,0,470,7,0
3.5235,15140,Rest,HAZIRLANIYOR...,0,12,226,0,568,8,0
3.5235,15141,Rest,HAZIRLANIYOR...,0,110,0,0,653,7,0
3.5236,15142,Rest,HAZIRLANIYOR...,0,208,0,0,715,5,0
3.5236,15143,Rest,HAZIRLANIYOR...,0,304,0,0,746,6,0
3.5236,15144,Rest,HAZIRLANIYOR...,0,392,0,0,747,9,0
3.5236,15145,Rest,HAZIRLANIYOR...,0,465,0,0,734,9,0
3.5236,15146,Rest,HAZIRLANIYOR...,0,520,0,0,728,4,0
3.5236,15147,Rest,HAZIRLANIYOR...,0,561,0,0,710,0,0
3.5236,15148,Rest,HAZIRLANIYOR...,0,587,0,0,629,0,0
3.5236,15149,Rest,HAZIRLANIYOR...,0,593,0,0,476,0,0
3.5236,15150,Rest,HAZIRLANIYOR...,0,580,0,0,292,0,0
3.5236,15151,Rest,HAZIRLANIYOR...,0,549,0,0,111,0,0
3.5236,15152,Rest,HAZIRLANIYOR...,0,498,0,0,0,0,2
3.5237,15153,Rest,HAZIRLANIYOR...,0,427,0,0,0,0,10
3.5392,15154,Rest,HAZIRLANIYOR...,0,344,0,10,0,0,6
3.5393,15155,Rest,HAZIRLANIYOR...,0,251,0,31,0,0,0
3.5393,15156,Rest,HAZIRLANIYOR...,0,154,0,48,0,0,0
3.5393,15157,Rest,HAZIRLANIYOR...,0,55,0,64,0,0,0
3.5394,15158,Rest,HAZIRLANIYOR...,0,0,0,80,0,0,0
3.5394,15159,Rest,HAZIRLANIYOR...,0,0,186,96,0,0,0
3.5394,15160,Rest,HAZIRLANIYOR...,0,0,418,110,0,0,0
3.5394,15161,Rest,HAZIRLANIYOR...,0,0,635,124,0,1,0
3.5394,15162,Rest,HAZIRLANIYOR...,0,0,829,135,0,5,0
3.5395,15163,Rest,HAZIRLANIYOR...,0,0,994,143,0,4,1
3.5395,15164,Rest,HAZIRLANIYOR...,0,0,1129,147,0,2,0
3.5395,15165,Rest,HAZIRLANIYOR...,0,0,1232,145,0,3,0
3.5395,15166,Rest,HAZIRLANIYOR...,0,0,1303,135,0,6,2
3.5395,15167,Rest,HAZIRLANIYOR...,0,0,1343,115,0,8,4
3.5395,15168,Rest,HAZIRLANIYOR...,0,0,1353,90,0,9,3
3.5395,15169,Rest,HAZIRLANIYOR...,0,0,1328,62,43,8,3
3.5395,15170,Rest,HAZIRLANIYOR...,0,0,1265,33,124,6,2
3.5395,15171,Rest,HAZIRLANIYOR...,0,0,1164,5,198,3,3
3.5396,15172,Rest,HAZIRLANIYOR...,0,0,1027,0,270,3,3
3.5396,15173,Rest,HAZIRLANIYOR...,0,0,850,0,347,6,3
3.5396,15174,Rest,HAZIRLANIYOR...,0,0,628,0,433,15,5
3.5396,15175,Rest,HAZIRLANIYOR...,0,0,365,0,531,20,11
3.5396,15176,Rest,HAZIRLANIYOR...,0,74,77,0,624,14,14
3.5396,15177,Rest,HAZIRLANIYOR...,0,180,0,0,697,3,6
3.5396,15178,Rest,HAZIRLANIYOR...,0,281,0,0,740,0,0
3.5396,15179,Rest,HAZIRLANIYOR...,0,372,0,0,747,1,0
3.5396,15180,Rest,HAZIRLANIYOR...,0,451,0,0,729,0,0
3.5397,15181,Rest,HAZIRLANIYOR...,0,518,0,0,712,0,0
3.5397,15182,Rest,HAZIRLANIYOR...,0,569,0,0,707,0,0
3.5552,15183,Rest,HAZIRLANIYOR...,0,599,0,0,677,0,0
3.5553,15184,Rest,HAZIRLANIYOR...,0,611,0,0,574,0,0
3.5553,15185,Rest,HAZIRLANIYOR...,0,605,0,0,401,0,0
3.5554,15186,Rest,HAZIRLANIYOR...,0,578,0,0,206,0,0
3.5554,15187,Rest,HAZIRLANIYOR...,0,530,0,0,30,0,0
3.5554,15188,Rest,HAZIRLANIYOR...,0,467,0,0,0,0,0
3.5554,15189,Rest,HAZIRLANIYOR...,0,393,0,0,0,0,0
3.5555,15190,Rest,HAZIRLANIYOR...,0,307,0,15,0,0,6
3.5555,15191,Rest,HAZIRLANIYOR...,0,213,0,44,0,0,13
3.5555,15192,Rest,HAZIRLANIYOR...,0,115,0,62,0,0,8
3.5555,15193,Rest,HAZIRLANIYOR...,0,19,0,73,0,0,0
3.5556,15194,Rest,HAZIRLANIYOR...,0,0,65,88,0,0,0
3.5556,15195,Rest,HAZIRLANIYOR...,0,0,301,104,0,0,0
3.5556,15196,Rest,HAZIRLANIYOR...,0,0,524,116,0,0,0
3.5556,15197,Rest,HAZIRLANIYOR...,0,0,729,126,0,0,4
3.5557,15198,Rest,HAZIRLANIYOR...,0,0,911,136,0,0,5
3.5557,15199,Rest,HAZIRLANIYOR...,0,0,1061,142,0,0,0
3.5557,15200,Rest,HAZIRLANIYOR...,0,0,1177,141,0,2,0
3.5557,15201,Rest,HAZIRLANIYOR...,0,0,1262,134,0,9,0
3.5558,15202,Rest,HAZIRLANIYOR...,0,0,1319,121,0,17,0
3.5558,15203,Rest,HAZIRLANIYOR...,0,0,1345,102,0,21,0
3.5558,15204,Rest,HAZIRLANIYOR...,0,0,1338,75,0,16,0
3.5558,15205,Rest,HAZIRLANIYOR...,0,0,1295,45,85,6,1
3.5558,15206,Rest,HAZIRLANIYOR...,0,0,1214,17,161,4,1
3.5559,15207,Rest,HAZIRLANIYOR...,0,0,1097,0,230,11,1
3.5559,15208,Rest,HAZIRLANIYOR...,0,0,937,0,299,16,1
3.5559,15209,Rest,HAZIRLANIYOR...,0,0,732,0,378,9,0
3.5560,15210,Rest,HAZIRLANIYOR...,0,0,484,0,478,0,1
3.5561,15211,Rest,HAZIRLANIYOR...,0,0,207,0,587,0,3
3.5711,15212,Rest,HAZIRLANIYOR...,0,95,0,0,670,2,5
3.5712,15213,Rest,HAZIRLANIYOR...,0,191,0,0,719,9,7
3.5712,15214,Rest,HAZIRLANIYOR...,0,283,0,0,741,7,7
3.5713,15215,Rest,HAZIRLANIYOR...,0,367,0,0,744,0,2
3.5713,15216,Rest,HAZIRLANIYOR...,0,440,0,0,732,0,0
3.5713,15217,Rest,HAZIRLANIYOR...,0,498,0,0,718,0,0
3.5713,15218,Rest,HAZIRLANIYOR...,0,540,0,0,694,0,0
3.5713,15219,Rest,HAZIRLANIYOR...,0,567,0,0,629,0,1
3.5714,15220,Rest,HAZIRLANIYOR...,0,577,0,0,502,0,0
3.5714,15221,Rest,HAZIRLANIYOR...,0,564,0,0,326,0,0
3.5714,15222,Rest,HAZIRLANIYOR...,0,530,0,0,134,0,0
3.5714,15223,Rest,HAZIRLANIYOR...,0,480,0,0,0,0,0
3.5714,15224,Rest,HAZIRLANIYOR...,0,415,0,0,0,0,0
3.5714,15225,Rest,HAZIRLANIYOR...,0,336,0,15,0,0,0
3.5714,15226,Rest,HAZIRLANIYOR...,0,245,0,36,0,0,0
3.5715,15227,Rest,HAZIRLANIYOR...,0,146,0,56,0,0,0
3.5715,15228,Rest,HAZIRLANIYOR...,0,43,0,72,0,0,0
3.5715,15229,Rest,HAZIRLANIYOR...,0,0,0,87,0,0,0
3.5715,15230,Rest,HAZIRLANIYOR...,0,0,196,103,0,0,0
3.5715,15231,Rest,HAZIRLANIYOR...,0,0,427,117,0,0,0
3.5715,15232,Rest,HAZIRLANIYOR...,0,0,642,128,0,0,2
3.5715,15233,Rest,HAZIRLANIYOR...,0,0,835,136,0,2,3
3.5715,15234,Rest,HAZIRLANIYOR...,0,0,1002,143,0,4,1
3.5715,15235,Rest,HAZIRLANIYOR...,0,0,1137,146,0,5,0
3.5715,15236,Rest,HAZIRLANIYOR...,0,0,1238,143,0,7,0
3.5715,15237,Rest,HAZIRLANIYOR...,0,0,1305,133,0,10,3
3.5716,15238,Rest,HAZIRLANIYOR...,0,0,1346,114,0,12,4
3.5872,15239,Rest,HAZIRLANIYOR...,0,0,1358,86,0,12,1
3.5873,15240,Rest,HAZIRLANIYOR...,0,0,1332,54,43,11,0
3.5873,15241,Rest,HAZIRLANIYOR...,0,0,1264,24,127,10,1
3.5874,15242,Rest,HAZIRLANIYOR...,0,0,1160,0,203,9,5
3.5874,15243,Rest,HAZIRLANIYOR...,0,0,1021,0,275,9,7
3.5875,15244,Rest,HAZIRLANIYOR...,0,0,842,0,347,8,7
3.5875,15245,Rest,HAZIRLANIYOR...,0,0,617,0,430,7,5
3.5875,15246,Rest,HAZIRLANIYOR...,0,0,350,0,527,6,2
3.5875,15247,Rest,HAZIRLANIYOR...,0,90,59,0,623,6,1
3.5875,15248,Rest,HAZIRLANIYOR...,0,194,0,0,697,5,2
3.5876,15249,Rest,HAZIRLANIYOR...,0,295,0,0,739,4,3
3.5876,15250,Rest,HAZIRLANIYOR...,0,387,0,0,752,2,1
3.5876,15251,Rest,HAZIRLANIYOR...,0,463,0,0,742,0,0
3.5876,15252,Rest,HAZIRLANIYOR...,0,523,0,0,726,0,0
3.5876,15253,Rest,HAZIRLANIYOR...,0,568,0,0,710,0,0
3.5876,15254,Rest,HAZIRLANIYOR...,0,596,0,0,673,0,0
3.5877,15255,Rest,HAZIRLANIYOR...,0,605,0,0,578,0,0
3.5877,15256,Rest,HAZIRLANIYOR...,0,591,0,0,419,0,0
3.5877,15257,Rest,HAZIRLANIYOR...,0,557,0,0,224,0,0
3.5877,15258,Rest,HAZIRLANIYOR...,0,504,0,0,31,0,0
3.5877,15259,Rest,HAZIRLANIYOR...,0,435,0,0,0,0,0
3.5878,15260,Rest,HAZIRLANIYOR...,0,352,0,3,0,0,0
3.5878,15261,Rest,HAZIRLANIYOR...,0,261,0,30,0,0,0
3.5878,15262,Rest,HAZIRLANIYOR...,0,164,0,53,0,0,0
3.5878,15263,Rest,HAZIRLANIYOR...,0,64,0,70,0,0,0
3.5878,15264,Rest,HAZIRLANIYOR...,0,0,0,83,0,0,0
3.5878,15265,Rest,HAZIRLANIYOR...,0,0,81,98,0,0,3
3.5880,15266,Rest,HAZIRLANIYOR...,0,0,315,116,0,0,5
3.5880,15267,Rest,HAZIRLANIYOR...,0,0,535,132,0,0,4
3.6030,15268,Rest,HAZIRLANIYOR...,0,0,736,142,0,0,1
3.6031,15269,Rest,HAZIRLANIYOR...,0,0,912,149,0,4,0
3.6031,15270,Rest,HAZIRLANIYOR...,0,0,1060,152,0,5,0
3.6032,15271,Rest,HAZIRLANIYOR...,0,0,1178,148,0,6,0
3.6032,15272,Rest,HAZIRLANIYOR...,0,0,1266,138,0,8,0
3.6032,15273,Rest,HAZIRLANIYOR...,0,0,1318,122,0,11,0
3.6032,15274,Rest,HAZIRLANIYOR...,0,0,1337,100,0,14,0
3.6034,15275,Rest,HAZIRLANIYOR...,0,0,1325,72,0,14,0
3.6034,15276,Rest,HAZIRLANIYOR...,0,0,1278,42,88,6,0
3.6034,15277,Rest,HAZIRLANIYOR...,0,0,1194,14,174,1,1
3.6034,15278,Rest,HAZIRLANIYOR...,0,0,1073,0,261,5,4
3.6034,15279,Rest,HAZIRLANIYOR...,0,0,913,0,336,11,6
3.6035,15280,Rest,HAZIRLANIYOR...,0,0,711,0,405,11,8
3.6035,15281,Rest,HAZIRLANIYOR...,0,0,468,0,490,8,6
3.6035,15282,Rest,HAZIRLANIYOR...,0,58,190,0,589,6,0
3.6035,15283,Rest,HAZIRLANIYOR...,0,162,0,0,675,4,0
3.6035,15284,Rest,HAZIRLANIYOR...,0,264,0,0,732,2,0
3.6035,15285,Rest,HAZIRLANIYOR...,0,360,0,0,759,1,0
3.6036,15286,Rest,HAZIRLANIYOR...,0,446,0,0,757,1,0
3.6036,15287,Rest,HAZIRLANIYOR...,0,516,0,0,738,2,0
3.6036,15288,Rest,HAZIRLANIYOR...,0,566,0,0,722,2,0
3.6036,15289,Rest,HAZIRLANIYOR...,0,598,0,0,701,1,0
3.6036,15290,Rest,HAZIRLANIYOR...,0,613,0,0,630,0,0
3.6036,15291,Rest,HAZIRLANIYOR...,0,610,0,0,482,0,0
3.6037,15292,Rest,HAZIRLANIYOR...,0,586,0,0,282,0,0
3.6037,15293,Rest,HAZIRLANIYOR...,0,542,0,0,84,0,0
3.6038,15294,Rest,HAZIRLANIYOR...,0,482,0,0,0,0,0
3.6038,15295,Rest,HAZIRLANIYOR...,0,410,0,0,0,0,0
3.6191,15296,Rest,HAZIRLANIYOR...,0,327,0,5,0,0,0
3.6192,15297,Rest,HAZIRLANIYOR...,0,232,0,28,0,0,4
3.6192,15298,Rest,HAZIRLANIYOR...,0,131,0,47,0,0,6
3.6192,15299,Rest,HAZIRLANIYOR...,0,32,0,64,0,0,0
3.6192,15300,Rest,HAZIRLANIYOR...,0,0,0,81,0,0,0
3.6193,15301,Rest,HAZIRLANIYOR...,0,0,225,98,0,0,0
3.6193,15302,Rest,HAZIRLANIYOR...,0,0,451,113,0,0,0
3.6193,15303,Rest,HAZIRLANIYOR...,0,0,660,128,0,0,1
3.6193,15304,Rest,HAZIRLANIYOR...,0,0,849,140,0,0,6
3.6193,15305,Rest,HAZIRLANIYOR...,0,0,1010,146,0,5,9
3.6193,15306,Rest,HAZIRLANIYOR...,0,0,1140,146,0,7,5
3.6194,15307,Rest,HAZIRLANIYOR...,0,0,1236,141,0,8,0
3.6194,15308,Rest,HAZIRLANIYOR...,0,0,1299,132,0,9,0
3.6194,15309,Rest,HAZIRLANIYOR...,0,0,1333,114,0,13,0
3.6194,15310,Rest,HAZIRLANIYOR...,0,0,1339,87,0,19,0
3.6194,15311,Rest,HAZIRLANIYOR...,0,0,1309,57,51,24,0
3.6194,15312,Rest,HAZIRLANIYOR...,0,0,1240,29,133,20,5
3.6195,15313,Rest,HAZIRLANIYOR...,0,0,1133,3,208,11,11
3.6195,15314,Rest,HAZIRLANIYOR...,0,0,988,0,282,7,8
3.6195,15315,Rest,HAZIRLANIYOR...,0,0,802,0,360,2,0
3.6195,15316,Rest,HAZIRLANIYOR...,0,0,576,0,451,0,0
3.6195,15317,Rest,HAZIRLANIYOR...,0,0,317,0,555,0,4
3.6195,15318,Rest,HAZIRLANIYOR...,0,23,26,0,656,0,8
3.6196,15319,Rest,HAZIRLANIYOR...,0,128,0,0,730,3,4
3.6196,15320,Rest,HAZIRLANIYOR...,0,232,0,0,770,4,1
3.6196,15321,Rest,HAZIRLANIYOR...,0,328,0,0,778,1,1
3.6196,15322,Rest,HAZIRLANIYOR...,0,411,0,0,763,0,4
3.6197,15323,Rest,HAZIRLANIYOR...,0,479,0,0,745,0,10
3.6198,15324,Rest,HAZIRLANIYOR...,0,531,0,0,727,0,13
3.6351,15325,Rest,HAZIRLANIYOR...,0,565,0,0,676,0,8
3.6352,15326,Rest,HAZIRLANIYOR...,0,583,0,0,555,0,0
3.6352,15327,Rest,HAZIRLANIYOR...,0,583,0,0,375,0,0
3.6352,15328,Rest,HAZIRLANIYOR...,0,560,0,0,180,0,0
3.6353,15329,Rest,HAZIRLANIYOR...,0,514,0,0,2,0,0
3.6353,15330,Rest,HAZIRLANIYOR...,0,454,0,0,0,0,0
3.6353,15331,Rest,HAZIRLANIYOR...,0,382,0,10,0,0,0
3.6353,15332,Rest,HAZIRLANIYOR...,0,302,0,34,0,0,0
3.6353,15333,Rest,HAZIRLANIYOR...,0,214,0,53,0,0,0
3.6354,15334,Rest,HAZIRLANIYOR...,0,122,0,69,0,0,3
3.6354,15335,Rest,HAZIRLANIYOR...,0,27,0,85,0,1,6
3.6354,15336,Rest,HAZIRLANIYOR...,0,0,93,100,0,0,0
3.6354,15337,Rest,HAZIRLANIYOR...,0,0,328,112,0,0,0
3.6355,15338,Rest,HAZIRLANIYOR...,0,0,552,123,0,0,0
3.6355,15339,Rest,HAZIRLANIYOR...,0,0,754,134,0,0,0
3.6355,15340,Rest,HAZIRLANIYOR...,0,0,928,142,0,0,4
3.6355,15341,Rest,HAZIRLANIYOR...,0,0,1070,145,0,1,6
3.6356,15342,Rest,HAZIRLANIYOR...,0,0,1182,142,0,7,5
3.6356,15343,Rest,HAZIRLANIYOR...,0,0,1265,134,0,7,3
3.6356,15344,Rest,HAZIRLANIYOR...,0,0,1320,120,0,6,2
3.6356,15345,Rest,HAZIRLANIYOR...,0,0,1344,96,0,8,4
3.6357,15346,Rest,HAZIRLANIYOR...,0,0,1333,66,7,11,9
3.6357,15347,Rest,HAZIRLANIYOR...,0,0,1284,36,95,12,8
3.6357,15348,Rest,HAZIRLANIYOR...,0,0,1198,7,174,11,0
3.6357,15349,Rest,HAZIRLANIYOR...,0,0,1076,0,245,9,0
3.6357,15350,Rest,HAZIRLANIYOR...,0,0,916,0,311,9,0
3.6358,15351,Rest,HAZIRLANIYOR...,0,0,712,0,388,9,0
3.6359,15352,Rest,HAZIRLANIYOR...,0,0,465,0,489,9,0
3.6512,15353,Rest,HAZIRLANIYOR...,0,31,184,0,598,8,0
3.6512,15354,Rest,HAZIRLANIYOR...,0,131,0,0,687,7,0
3.6513,15355,Rest,HAZIRLANIYOR...,0,237,0,0,745,5,0
3.6513,15356,Rest,HAZIRLANIYOR...,0,338,0,0,771,4,0
3.6513,15357,Rest,HAZIRLANIYOR...,0,422,0,0,769,2,0
3.6514,15358,Rest,HAZIRLANIYOR...,0,490,0,0,754,1,0
3.6514,15359,Rest,HAZIRLANIYOR...,0,546,0,0,739,0,0
3.6514,15360,Rest,HAZIRLANIYOR...,0,588,0,0,703,0,0
3.6514,15361,Rest,HAZIRLANIYOR...,0,611,0,0,611,0,0
3.6514,15362,Rest,HAZIRLANIYOR...,0,611,0,0,456,0,0
3.6515,15363,Rest,HAZIRLANIYOR...,0,589,0,0,268,0,0
3.6515,15364,Rest,HAZIRLANIYOR...,0,547,0,0,86,0,0
3.6515,15365,Rest,HAZIRLANIYOR...,0,487,0,0,0,0,0
3.6516,15366,Rest,HAZIRLANIYOR...,0,411,0,0,0,0,0
3.6516,15367,Rest,HAZIRLANIYOR...,0,322,0,7,0,0,0
3.6516,15368,Rest,HAZIRLANIYOR...,0,225,0,31,0,0,0
3.6516,15369,Rest,HAZIRLANIYOR...,0,123,0,50,0,0,0
3.6517,15370,Rest,HAZIRLANIYOR...,0,18,0,65,0,0,0
3.6517,15371,Rest,HAZIRLANIYOR...,0,0,0,81,0,0,0
3.6517,15372,Rest,HAZIRLANIYOR...,0,0,223,99,0,0,0
3.6518,15373,Rest,HAZIRLANIYOR...,0,0,447,116,0,0,0
3.6518,15374,Rest,HAZIRLANIYOR...,0,0,656,130,0,0,1
3.6524,15375,Rest,HAZIRLANIYOR...,0,0,842,141,0,0,4
3.6525,15376,Rest,HAZIRLANIYOR...,0,0,1002,148,0,0,6
3.6525,15377,Rest,HAZIRLANIYOR...,0,0,1133,150,0,1,5
3.6525,15378,Rest,HAZIRLANIYOR...,0,0,1231,147,0,5,4
3.6525,15379,Rest,HAZIRLANIYOR...,0,0,1296,139,0,8,5
3.6527,15380,Rest,HAZIRLANIYOR...,0,0,1331,123,0,9,10
3.6527,15381,Rest,HAZIRLANIYOR...,0,0,1336,97,0,10,15
3.6527,15382,Rest,HAZIRLANIYOR...,0,0,1304,67,52,11,16
3.6671,15383,Rest,HAZIRLANIYOR...,0,0,1236,37,132,10,13
3.6672,15384,Rest,HAZIRLANIYOR...,0,0,1131,10,206,8,6
3.6673,15385,Rest,HAZIRLANIYOR...,0,0,987,0,280,8,1
3.6673,15386,Rest,HAZIRLANIYOR...,0,0,802,0,357,12,4
3.6673,15387,Rest,HAZIRLANIYOR...,0,0,577,0,445,14,9
3.6673,15388,Rest,HAZIRLANIYOR...,0,0,316,0,545,9,5
3.6673,15389,Rest,HAZIRLANIYOR...,0,39,29,0,642,2,0
3.6673,15390,Rest,HAZIRLANIYOR...,0,152,0,0,718,0,0
3.6673,15391,Rest,HAZIRLANIYOR...,0,260,0,0,760,2,0
3.6673,15392,Rest,HAZIRLANIYOR...,0,358,0,0,762,1,0
3.6673,15393,Rest,HAZIRLANIYOR...,0,444,0,0,741,0,0
3.6673,15394,Rest,HAZIRLANIYOR...,0,517,0,0,723,0,4
3.6673,15395,Rest,HAZIRLANIYOR...,0,576,0,0,711,1,9
3.6673,15396,Rest,HAZIRLANIYOR...,0,617,0,0,666,5,4
3.6674,15397,Rest,HAZIRLANIYOR...,0,637,0,0,549,2,0
3.6674,15398,Rest,HAZIRLANIYOR...,0,634,0,0,371,0,0
3.6674,15399,Rest,HAZIRLANIYOR...,0,609,0,0,177,0,0
3.6674,15400,Rest,HAZIRLANIYOR...,0,562,0,0,0,0,0
3.6674,15401,Rest,HAZIRLANIYOR...,0,498,0,0,0,0,0
3.6674,15402,Rest,HAZIRLANIYOR...,0,420,0,0,0,0,0
3.6674,15403,Rest,HAZIRLANIYOR...,0,331,0,20,0,0,0
3.6674,15404,Rest,HAZIRLANIYOR...,0,235,0,41,0,0,0
3.6674,15405,Rest,HAZIRLANIYOR...,0,135,0,59,0,0,0
3.6674,15406,Rest,HAZIRLANIYOR...,0,31,0,76,0,0,0
3.6674,15407,Rest,HAZIRLANIYOR...,0,0,105,92,0,0,0
3.6675,15408,Rest,HAZIRLANIYOR...,0,0,337,107,0,0,0
3.6832,15409,Rest,HAZIRLANIYOR...,0,0,557,120,0,0,0
3.6833,15410,Rest,HAZIRLANIYOR...,0,0,756,131,0,0,0
3.6833,15411,Rest,HAZIRLANIYOR...,0,0,929,141,0,2,0
3.6833,15412,Rest,HAZIRLANIYOR...,0,0,1071,146,0,5,0
3.6833,15413,Rest,HAZIRLANIYOR...,0,0,1181,145,0,6,0
3.6834,15414,Rest,HAZIRLANIYOR...,0,0,1264,137,0,8,0
3.6834,15415,Rest,HAZIRLANIYOR...,0,0,1317,122,0,14,2
3.6834,15416,Rest,HAZIRLANIYOR...,0,0,1338,98,0,19,3
3.6834,15417,Rest,HAZIRLANIYOR...,0,0,1321,69,15,14,1
3.6834,15418,Rest,HAZIRLANIYOR...,0,0,1265,41,101,4,0
3.6834,15419,Rest,HAZIRLANIYOR...,0,0,1176,16,177,2,2
3.6834,15420,Rest,HAZIRLANIYOR...,0,0,1053,0,250,6,3
3.6834,15421,Rest,HAZIRLANIYOR...,0,0,891,0,324,9,1
3.6834,15422,Rest,HAZIRLANIYOR...,0,0,685,0,405,11,0
3.6834,15423,Rest,HAZIRLANIYOR...,0,0,441,0,501,12,2
3.6835,15424,Rest,HAZIRLANIYOR...,0,40,167,0,603,5,3
3.6835,15425,Rest,HAZIRLANIYOR...,0,140,0,0,688,0,1
3.6835,15426,Rest,HAZIRLANIYOR...,0,240,0,0,742,1,0
3.6835,15427,Rest,HAZIRLANIYOR...,0,334,0,0,760,7,0
3.6835,15428,Rest,HAZIRLANIYOR...,0,415,0,0,751,2,0
3.6835,15429,Rest,HAZIRLANIYOR...,0,484,0,0,730,0,1
3.6836,15430,Rest,HAZIRLANIYOR...,0,538,0,0,714,0,4
3.6836,15431,Rest,HAZIRLANIYOR...,0,579,0,0,692,2,5
3.6836,15432,Rest,HAZIRLANIYOR...,0,603,0,0,620,4,2
3.6836,15433,Rest,HAZIRLANIYOR...,0,606,0,0,474,0,0
3.6836,15434,Rest,HAZIRLANIYOR...,0,589,0,0,277,0,0
3.6836,15435,Rest,HAZIRLANIYOR...,0,552,0,0,79,0,0
3.6836,15436,Rest,HAZIRLANIYOR...,0,497,0,0,0,0,1
3.6837,15437,Rest,HAZIRLANIYOR...,0,424,0,0,0,0,0
3.6992,15438,Rest,HAZIRLANIYOR...,0,337,0,12,0,0,0
3.6994,15439,Rest,HAZIRLANIYOR...,0,239,0,33,0,0,0
3.6994,15440,Rest,HAZIRLANIYOR...,0,136,0,51,0,0,0
3.6994,15441,Rest,HAZIRLANIYOR...,0,29,0,68,0,0,0
3.6994,15442,Rest,HAZIRLANIYOR...,0,0,2,84,0,0,0
3.6995,15443,Rest,HAZIRLANIYOR...,0,0,237,101,0,0,0
3.6995,15444,Rest,HAZIRLANIYOR...,0,0,459,115,0,0,0
3.6995,15445,Rest,HAZIRLANIYOR...,0,0,664,127,0,0,0
3.6995,15446,Rest,HAZIRLANIYOR...,0,0,847,136,0,0,0
3.6996,15447,Rest,HAZIRLANIYOR...,0,0,1004,142,0,1,0
3.6996,15448,Rest,HAZIRLANIYOR...,0,0,1130,142,0,4,0
3.6996,15449,Rest,HAZIRLANIYOR...,0,0,1227,137,0,6,1
3.6996,15450,Rest,HAZIRLANIYOR...,0,0,1294,125,0,8,1
3.6997,15451,Rest,HAZIRLANIYOR...,0,0,1326,105,0,10,2
3.6997,15452,Rest,HAZIRLANIYOR...,0,0,1324,78,0,11,5
3.6997,15453,Rest,HAZIRLANIYOR...,0,0,1289,48,60,8,5
3.6997,15454,Rest,HAZIRLANIYOR...,0,0,1220,20,143,4,1
3.6997,15455,Rest,HAZIRLANIYOR...,0,0,1113,0,225,3,0
3.6998,15456,Rest,HAZIRLANIYOR...,0,0,967,0,306,7,0
3.6998,15457,Rest,HAZIRLANIYOR...,0,0,779,0,381,12,3
3.6998,15458,Rest,HAZIRLANIYOR...,0,0,554,0,454,15,4
3.6998,15459,Rest,HAZIRLANIYOR...,0,0,294,0,537,14,3
3.6998,15460,Rest,HAZIRLANIYOR...,0,42,8,0,625,10,3
3.6998,15461,Rest,HAZIRLANIYOR...,0,155,0,0,701,5,2
3.6999,15462,Rest,HAZIRLANIYOR...,0,263,0,0,750,2,1
3.6999,15463,Rest,HAZIRLANIYOR...,0,361,0,0,767,2,0
3.6999,15464,Rest,HAZIRLANIYOR...,0,446,0,0,751,1,0
3.7001,15465,Rest,HAZIRLANIYOR...,0,517,0,0,719,0,0
3.7001,15466,Rest,HAZIRLANIYOR...,0,571,0,0,688,1,3
3.7152,15467,Rest,HAZIRLANIYOR...,0,605,0,0,643,2,4
3.7153,15468,Rest,HAZIRLANIYOR...,0,620,0,0,547,0,0
3.7153,15469,Rest,HAZIRLANIYOR...,0,614,0,0,384,0,0
3.7153,15470,Rest,HAZIRLANIYOR...,0,587,0,0,184,0,0
3.7153,15471,Rest,HAZIRLANIYOR...,0,536,0,0,0,0,0
3.7153,15472,Rest,HAZIRLANIYOR...,0,462,0,0,0,0,0
3.7153,15473,Rest,HAZIRLANIYOR...,0,373,0,8,0,0,0
3.7153,15474,Rest,HAZIRLANIYOR...,0,276,0,30,0,0,0
3.7154,15475,Rest,HAZIRLANIYOR...,0,172,0,50,0,0,0
3.7154,15476,Rest,HAZIRLANIYOR...,0,65,0,69,0,0,0
3.7154,15477,Rest,HAZIRLANIYOR...,0,0,0,87,0,0,0
3.7154,15478,Rest,HAZIRLANIYOR...,0,0,115,104,0,0,0
3.7155,15479,Rest,HAZIRLANIYOR...,0,0,348,117,0,0,0
3.7155,15480,Rest,HAZIRLANIYOR...,0,0,565,128,0,0,0
3.7155,15481,Rest,HAZIRLANIYOR...,0,0,760,139,0,1,2
3.7155,15482,Rest,HAZIRLANIYOR...,0,0,931,149,0,3,5
3.7155,15483,Rest,HAZIRLANIYOR...,0,0,1076,154,0,5,5
3.7155,15484,Rest,HAZIRLANIYOR...,0,0,1189,153,0,8,7
3.7156,15485,Rest,HAZIRLANIYOR...,0,0,1267,143,0,8,9
3.7156,15486,Rest,HAZIRLANIYOR...,0,0,1312,124,0,8,4
3.7156,15487,Rest,HAZIRLANIYOR...,0,0,1329,97,0,9,0
3.7156,15488,Rest,HAZIRLANIYOR...,0,0,1315,69,20,11,0
3.7156,15489,Rest,HAZIRLANIYOR...,0,0,1264,43,106,12,0
3.7156,15490,Rest,HAZIRLANIYOR...,0,0,1173,17,182,15,0
3.7156,15491,Rest,HAZIRLANIYOR...,0,0,1044,0,255,14,0
3.7156,15492,Rest,HAZIRLANIYOR...,0,0,875,0,329,8,0
3.7156,15493,Rest,HAZIRLANIYOR...,0,0,668,0,410,4,0
3.7157,15494,Rest,HAZIRLANIYOR...,0,43,422,0,508,7,0
3.7309,15495,Rest,HAZIRLANIYOR...,0,147,148,0,607,7,1
3.7310,15496,Rest,HAZIRLANIYOR...,0,252,0,0,681,1,7
3.7310,15497,Rest,HAZIRLANIYOR...,0,354,0,0,725,0,10
3.7310,15498,Rest,HAZIRLANIYOR...,0,448,0,0,745,0,2
3.7310,15499,Rest,HAZIRLANIYOR...,0,533,0,0,741,0,0
3.7310,15500,Rest,HAZIRLANIYOR...,0,605,0,0,726,0,0
3.7311,15501,Rest,HAZIRLANIYOR...,0,659,0,0,719,0,10
3.7311,15502,Rest,HAZIRLANIYOR...,0,695,0,0,702,0,11
3.7311,15503,Rest,HAZIRLANIYOR...,0,712,0,0,627,0,0
3.7311,15504,Rest,HAZIRLANIYOR...,0,714,0,0,479,0,0
3.7311,15505,Rest,HAZIRLANIYOR...,0,695,0,0,290,0,0
3.7311,15506,Rest,HAZIRLANIYOR...,0,647,0,0,99,0,0
3.7311,15507,Rest,HAZIRLANIYOR...,0,574,0,0,0,0,0
3.7311,15508,Rest,HAZIRLANIYOR...,0,488,0,0,0,0,0
3.7311,15509,Rest,HAZIRLANIYOR...,0,393,0,13,0,0,0
3.7311,15510,Rest,HAZIRLANIYOR...,0,289,0,36,0,0,0
3.7311,15511,Rest,HAZIRLANIYOR...,0,176,0,55,0,0,0
3.7311,15512,Rest,HAZIRLANIYOR...,0,60,0,73,0,0,0
3.7312,15513,Rest,HAZIRLANIYOR...,0,0,6,91,0,0,5
3.7312,15514,Rest,HAZIRLANIYOR...,0,0,243,108,0,0,3
3.7312,15515,Rest,HAZIRLANIYOR...,0,0,467,123,0,0,0
3.7312,15516,Rest,HAZIRLANIYOR...,0,0,674,135,0,0,0
3.7312,15517,Rest,HAZIRLANIYOR...,0,0,856,144,0,4,2
3.7312,15518,Rest,HAZIRLANIYOR...,0,0,1012,149,0,11,11
3.7312,15519,Rest,HAZIRLANIYOR...,0,0,1141,148,0,16,7
3.7312,15520,Rest,HAZIRLANIYOR...,0,0,1241,141,0,12,0
3.7312,15521,Rest,HAZIRLANIYOR...,0,0,1306,128,0,5,0
3.7313,15522,Rest,HAZIRLANIYOR...,0,0,1336,105,0,6,0
3.7472,15523,Rest,HAZIRLANIYOR...,0,0,1335,78,0,11,0
3.7474,15524,Rest,HAZIRLANIYOR...,0,0,1299,50,56,10,0
3.7474,15525,Rest,HAZIRLANIYOR...,0,0,1226,24,138,3,0
3.7474,15526,Rest,HAZIRLANIYOR...,0,0,1116,0,214,0,0
3.7474,15527,Rest,HAZIRLANIYOR...,0,0,970,0,286,2,6
3.7475,15528,Rest,HAZIRLANIYOR...,0,0,786,0,361,5,11
3.7475,15529,Rest,HAZIRLANIYOR...,0,0,559,0,446,5,5
3.7475,15530,Rest,HAZIRLANIYOR...,0,0,295,0,540,3,0
3.7475,15531,Rest,HAZIRLANIYOR...,0,10,7,0,629,4,3
3.7476,15532,Rest,HAZIRLANIYOR...,0,113,0,0,696,6,10
3.7476,15533,Rest,HAZIRLANIYOR...,0,211,0,0,734,5,4
3.7476,15534,Rest,HAZIRLANIYOR...,0,301,0,0,743,3,0
3.7476,15535,Rest,HAZIRLANIYOR...,0,377,0,0,728,0,0
3.7476,15536,Rest,HAZIRLANIYOR...,0,436,0,0,711,0,0
3.7476,15537,Rest,HAZIRLANIYOR...,0,476,0,0,698,0,0
3.7477,15538,Rest,HAZIRLANIYOR...,0,499,0,0,661,0,0
3.7477,15539,Rest,HAZIRLANIYOR...,0,509,0,0,566,0,0
3.7477,15540,Rest,HAZIRLANIYOR...,0,501,0,0,406,0,0
3.7477,15541,Rest,HAZIRLANIYOR...,0,471,0,0,209,0,0
3.7477,15542,Rest,HAZIRLANIYOR...,0,419,0,0,21,0,0
3.7477,15543,Rest,HAZIRLANIYOR...,0,353,0,0,0,0,0
3.7477,15544,Rest,HAZIRLANIYOR...,0,277,0,6,0,0,0
3.7477,15545,Rest,HAZIRLANIYOR...,0,190,0,31,0,0,4
3.7478,15546,Rest,HAZIRLANIYOR...,0,94,0,53,0,0,10
3.7478,15547,Rest,HAZIRLANIYOR...,0,0,0,73,0,0,13
3.7478,15548,Rest,HAZIRLANIYOR...,0,0,0,89,0,0,5
3.7478,15549,Rest,HAZIRLANIYOR...,0,0,112,104,0,0,0
3.7479,15550,Rest,HAZIRLANIYOR...,0,0,347,120,0,0,0
3.7479,15551,Rest,HAZIRLANIYOR...,0,0,566,134,0,1,0
3.7632,15552,Rest,HAZIRLANIYOR...,0,0,763,144,0,6,3
3.7633,15553,Rest,HAZIRLANIYOR...,0,0,937,151,0,8,1
3.7634,15554,Rest,HAZIRLANIYOR...,0,0,1082,152,0,10,0
3.7634,15555,Rest,HAZIRLANIYOR...,0,0,1195,149,0,12,6
3.7634,15556,Rest,HAZIRLANIYOR...,0,0,1275,140,0,13,13
3.7634,15557,Rest,HAZIRLANIYOR...,0,0,1324,124,0,14,8
3.7634,15558,Rest,HAZIRLANIYOR...,0,0,1341,100,0,18,0
3.7635,15559,Rest,HAZIRLANIYOR...,0,0,1323,70,15,22,0
3.7635,15560,Rest,HAZIRLANIYOR...,0,0,1267,40,100,17,2
3.7635,15561,Rest,HAZIRLANIYOR...,0,0,1175,13,175,8,7
3.7635,15562,Rest,HAZIRLANIYOR...,0,0,1047,0,247,4,6
3.7635,15563,Rest,HAZIRLANIYOR...,0,0,880,0,321,5,2
3.7635,15564,Rest,HAZIRLANIYOR...,0,0,673,0,403,5,0
3.7636,15565,Rest,HAZIRLANIYOR...,0,27,429,0,496,4,2
3.7636,15566,Rest,HAZIRLANIYOR...,0,127,156,0,587,3,3
3.7636,15567,Rest,HAZIRLANIYOR...,0,228,0,0,661,3,0
3.7636,15568,Rest,HAZIRLANIYOR...,0,325,0,0,712,4,0
3.7636,15569,Rest,HAZIRLANIYOR...,0,414,0,0,735,4,0
3.7637,15570,Rest,HAZIRLANIYOR...,0,491,0,0,723,3,1
3.7637,15571,Rest,HAZIRLANIYOR...,0,554,0,0,681,0,6
3.7637,15572,Rest,HAZIRLANIYOR...,0,602,0,0,631,0,11
3.7637,15573,Rest,HAZIRLANIYOR...,0,632,0,0,589,0,6
3.7637,15574,Rest,HAZIRLANIYOR...,0,646,0,0,537,0,0
3.7637,15575,Rest,HAZIRLANIYOR...,0,645,0,0,451,0,0
3.7637,15576,Rest,HAZIRLANIYOR...,0,627,0,0,325,0,0
3.7638,15577,Rest,HAZIRLANIYOR...,0,589,0,0,173,0,0
3.7638,15578,Rest,HAZIRLANIYOR...,0,532,0,0,15,0,0
3.7639,15579,Rest,HAZIRLANIYOR...,0,460,0,0,0,0,0
3.7640,15580,Rest,HAZIRLANIYOR...,0,378,0,25,0,0,0
3.7793,15581,Rest,HAZIRLANIYOR...,0,286,0,47,0,0,0
3.7794,15582,Rest,HAZIRLANIYOR...,0,187,0,62,0,0,4
3.7795,15583,Rest,HAZIRLANIYOR...,0,83,0,73,0,0,14
3.7795,15584,Rest,HAZIRLANIYOR...,0,0,0,86,0,0,10
3.7798,15585,Rest,HAZIRLANIYOR...,0,0,204,100,0,0,0
3.7798,15586,Rest,HAZIRLANIYOR...,0,0,431,113,0,0,0
3.7799,15587,Rest,HAZIRLANIYOR...,0,0,643,124,0,0,0
3.7799,15588,Rest,HAZIRLANIYOR...,0,0,833,130,0,0,0
3.7799,15589,Rest,HAZIRLANIYOR...,0,0,992,133,0,1,0
3.7800,15590,Rest,HAZIRLANIYOR...,0,0,1118,133,0,3,0
3.7800,15591,Rest,HAZIRLANIYOR...,0,0,1214,128,0,5,0
3.7800,15592,Rest,HAZIRLANIYOR...,0,0,1282,115,0,8,0
3.7800,15593,Rest,HAZIRLANIYOR...,0,0,1320,94,0,10,3
3.7800,15594,Rest,HAZIRLANIYOR...,0,0,1324,68,0,11,8
3.7801,15595,Rest,HAZIRLANIYOR...,0,0,1287,40,52,9,5
3.7801,15596,Rest,HAZIRLANIYOR...,0,0,1212,13,134,8,0
3.7801,15597,Rest,HAZIRLANIYOR...,0,0,1106,0,209,7,0
3.7801,15598,Rest,HAZIRLANIYOR...,0,0,966,0,281,6,0
3.7801,15599,Rest,HAZIRLANIYOR...,0,0,780,0,356,7,5
3.7801,15600,Rest,HAZIRLANIYOR...,0,0,549,0,442,11,8
3.7802,15601,Rest,HAZIRLANIYOR...,0,0,284,0,535,14,1
3.7802,15602,Rest,HAZIRLANIYOR...,0,89,2,0,621,8,0
3.7802,15603,Rest,HAZIRLANIYOR...,0,190,0,0,685,0,0
3.7802,15604,Rest,HAZIRLANIYOR...,0,289,0,0,720,0,0
3.7802,15605,Rest,HAZIRLANIYOR...,0,381,0,0,721,0,1
3.7802,15606,Rest,HAZIRLANIYOR...,0,459,0,0,692,0,0
3.7804,15607,Rest,HAZIRLANIYOR...,0,517,0,0,648,3,0
3.7804,15608,Rest,HAZIRLANIYOR...,0,556,0,0,608,6,0
3.7805,15609,Rest,HAZIRLANIYOR...,0,578,0,0,568,2,1
3.7951,15610,Rest,HAZIRLANIYOR...,0,585,0,0,501,0,1
3.7952,15611,Rest,HAZIRLANIYOR...,0,573,0,0,387,0,0
3.7952,15612,Rest,HAZIRLANIYOR...,0,539,0,0,237,0,0
3.7952,15613,Rest,HAZIRLANIYOR...,0,485,0,0,78,0,0
3.7952,15614,Rest,HAZIRLANIYOR...,0,416,0,0,0,0,0
3.7953,15615,Rest,HAZIRLANIYOR...,0,334,0,10,0,0,0
3.7953,15616,Rest,HAZIRLANIYOR...,0,242,0,29,0,0,0
3.7953,15617,Rest,HAZIRLANIYOR...,0,144,0,55,0,0,0
3.7953,15618,Rest,HAZIRLANIYOR...,0,40,0,76,0,0,0
3.7953,15619,Rest,HAZIRLANIYOR...,0,0,0,90,0,0,0
3.7953,15620,Rest,HAZIRLANIYOR...,0,0,98,102,0,0,0
3.7953,15621,Rest,HAZIRLANIYOR...,0,0,332,114,0,0,0
3.7953,15622,Rest,HAZIRLANIYOR...,0,0,554,125,0,0,1
3.7953,15623,Rest,HAZIRLANIYOR...,0,0,756,134,0,0,1
3.7953,15624,Rest,HAZIRLANIYOR...,0,0,931,141,0,2,1
3.7953,15625,Rest,HAZIRLANIYOR...,0,0,1074,144,0,4,1
3.7953,15626,Rest,HAZIRLANIYOR...,0,0,1188,142,0,6,0
3.7953,15627,Rest,HAZIRLANIYOR...,0,0,1273,133,0,7,0
3.7953,15628,Rest,HAZIRLANIYOR...,0,0,1324,115,0,9,0
3.7954,15629,Rest,HAZIRLANIYOR...,0,0,1341,88,0,11,0
3.7954,15630,Rest,HAZIRLANIYOR...,0,0,1324,58,0,12,2
3.7954,15631,Rest,HAZIRLANIYOR...,0,0,1269,30,90,11,5
3.7954,15632,Rest,HAZIRLANIYOR...,0,0,1178,5,167,10,6
3.7954,15633,Rest,HAZIRLANIYOR...,0,0,1049,0,240,9,6
3.7954,15634,Rest,HAZIRLANIYOR...,0,0,881,0,320,7,5
3.7954,15635,Rest,HAZIRLANIYOR...,0,0,671,0,418,6,5
3.8110,15636,Rest,HAZIRLANIYOR...,0,0,422,0,536,6,6
3.8111,15637,Rest,HAZIRLANIYOR...,0,20,141,0,645,7,6
3.8111,15638,Rest,HAZIRLANIYOR...,0,124,0,0,717,7,5
3.8112,15639,Rest,HAZIRLANIYOR...,0,228,0,0,758,6,4
3.8112,15640,Rest,HAZIRLANIYOR...,0,322,0,0,777,4,4
3.8112,15641,Rest,HAZIRLANIYOR...,0,403,0,0,776,0,3
3.8112,15642,Rest,HAZIRLANIYOR...,0,469,0,0,760,0,2
3.8112,15643,Rest,HAZIRLANIYOR...,0,520,0,0,740,0,1
3.8113,15644,Rest,HAZIRLANIYOR...,0,553,0,0,692,0,0
3.8113,15645,Rest,HAZIRLANIYOR...,0,565,0,0,582,0,0
3.8113,15646,Rest,HAZIRLANIYOR...,0,558,0,0,412,0,0
3.8113,15647,Rest,HAZIRLANIYOR...,0,532,0,0,221,0,0
3.8113,15648,Rest,HAZIRLANIYOR...,0,490,0,0,35,0,0
3.8114,15649,Rest,HAZIRLANIYOR...,0,433,0,0,0,0,0
3.8114,15650,Rest,HAZIRLANIYOR...,0,360,0,0,0,0,0
3.8114,15651,Rest,HAZIRLANIYOR...,0,274,0,19,0,0,0
3.8116,15652,Rest,HAZIRLANIYOR...,0,183,0,41,0,0,0
3.8116,15653,Rest,HAZIRLANIYOR...,0,91,0,60,0,0,0
3.8117,15654,Rest,HAZIRLANIYOR...,0,0,0,77,0,0,0
3.8117,15655,Rest,HAZIRLANIYOR...,0,0,42,95,0,0,0
3.8117,15656,Rest,HAZIRLANIYOR...,0,0,279,112,0,0,0
3.8117,15657,Rest,HAZIRLANIYOR...,0,0,502,127,0,0,0
3.8117,15658,Rest,HAZIRLANIYOR...,0,0,705,140,0,2,0
3.8118,15659,Rest,HAZIRLANIYOR...,0,0,886,149,0,8,1
3.8118,15660,Rest,HAZIRLANIYOR...,0,0,1039,153,0,7,1
3.8118,15661,Rest,HAZIRLANIYOR...,0,0,1161,152,0,4,0
3.8119,15662,Rest,HAZIRLANIYOR...,0,0,1251,148,0,4,0
3.8120,15663,Rest,HAZIRLANIYOR...,0,0,1311,136,0,7,0
3.8120,15664,Rest,HAZIRLANIYOR...,0,0,1339,115,0,9,2
3.8121,15665,Rest,HAZIRLANIYOR...,0,0,1334,85,0,9,3
3.8262,15666,Rest,HAZIRLANIYOR...,0,0,1294,53,62,8,3
3.8263,15667,Rest,HAZIRLANIYOR...,0,0,1217,22,145,7,2
3.8263,15668,Rest,HAZIRLANIYOR...,0,0,1102,0,223,7,1
3.8263,15669,Rest,HAZIRLANIYOR...,0,0,949,0,300,7,0
3.8263,15670,Rest,HAZIRLANIYOR...,0,0,756,0,383,10,0
3.8264,15671,Rest,HAZIRLANIYOR...,0,0,524,0,484,13,0
3.8264,15672,Rest,HAZIRLANIYOR...,0,78,254,0,603,9,0
3.8264,15673,Rest,HAZIRLANIYOR...,0,182,0,0,717,1,3
3.8264,15674,Rest,HAZIRLANIYOR...,0,286,0,0,795,0,3
3.8264,15675,Rest,HAZIRLANIYOR...,0,386,0,0,824,1,1
3.8264,15676,Rest,HAZIRLANIYOR...,0,475,0,0,817,1,0
3.8265,15677,Rest,HAZIRLANIYOR...,0,548,0,0,799,0,0
3.8265,15678,Rest,HAZIRLANIYOR...,0,603,0,0,784,0,0
3.8265,15679,Rest,HAZIRLANIYOR...,0,638,0,0,749,0,0
3.8265,15680,Rest,HAZIRLANIYOR...,0,656,0,0,655,0,0
3.8265,15681,Rest,HAZIRLANIYOR...,0,656,0,0,494,0,0
3.8265,15682,Rest,HAZIRLANIYOR...,0,633,0,0,306,0,0
3.8265,15683,Rest,HAZIRLANIYOR...,0,585,0,0,125,0,0
3.8266,15684,Rest,HAZIRLANIYOR...,0,520,0,0,0,0,0
3.8266,15685,Rest,HAZIRLANIYOR...,0,443,0,0,0,0,0
3.8266,15686,Rest,HAZIRLANIYOR...,0,354,0,0,0,0,0
3.8266,15687,Rest,HAZIRLANIYOR...,0,252,0,20,0,0,0
3.8266,15688,Rest,HAZIRLANIYOR...,0,144,0,44,0,0,0
3.8266,15689,Rest,HAZIRLANIYOR...,0,39,0,65,0,0,0
3.8267,15690,Rest,HAZIRLANIYOR...,0,0,0,82,0,0,0
3.8267,15691,Rest,HAZIRLANIYOR...,0,0,151,98,0,0,0
3.8416,15692,Rest,HAZIRLANIYOR...,0,0,382,114,0,0,0
3.8417,15693,Rest,HAZIRLANIYOR...,0,0,599,129,0,1,0
3.8418,15694,Rest,HAZIRLANIYOR...,0,0,793,140,0,4,1
3.8418,15695,Rest,HAZIRLANIYOR...,0,0,961,148,0,5,8
3.8418,15696,Rest,HAZIRLANIYOR...,0,0,1100,154,0,5,11
3.8418,15697,Rest,HAZIRLANIYOR...,0,0,1206,151,0,5,4
3.8418,15698,Rest,HAZIRLANIYOR...,0,0,1280,137,0,8,0
3.8418,15699,Rest,HAZIRLANIYOR...,0,0,1324,116,0,11,0
3.8418,15700,Rest,HAZIRLANIYOR...,0,0,1339,94,0,13,0
3.8418,15701,Rest,HAZIRLANIYOR...,0,0,1318,71,26,14,0
3.8418,15702,Rest,HAZIRLANIYOR...,0,0,1260,43,109,14,0
3.8419,15703,Rest,HAZIRLANIYOR...,0,0,1164,13,184,12,3
3.8419,15704,Rest,HAZIRLANIYOR...,0,0,1033,0,257,10,4
3.8419,15705,Rest,HAZIRLANIYOR...,0,0,863,0,331,9,7
3.8419,15706,Rest,HAZIRLANIYOR...,0,0,650,0,418,8,8
3.8419,15707,Rest,HAZIRLANIYOR...,0,0,395,0,524,8,5
3.8419,15708,Rest,HAZIRLANIYOR...,0,32,108,0,635,7,0
3.8419,15709,Rest,HAZIRLANIYOR...,0,136,0,0,723,5,0
3.8420,15710,Rest,HAZIRLANIYOR...,0,243,0,0,777,4,0
3.8420,15711,Rest,HAZIRLANIYOR...,0,346,0,0,799,3,0
3.8420,15712,Rest,HAZIRLANIYOR...,0,436,0,0,792,2,0
3.8420,15713,Rest,HAZIRLANIYOR...,0,508,0,0,769,0,0
3.8420,15714,Rest,HAZIRLANIYOR...,0,559,0,0,739,0,0
3.8420,15715,Rest,HAZIRLANIYOR...,0,591,0,0,681,0,6
3.8420,15716,Rest,HAZIRLANIYOR...,0,607,0,0,557,2,13
3.8420,15717,Rest,HAZIRLANIYOR...,0,607,0,0,378,0,9
3.8421,15718,Rest,HAZIRLANIYOR...,0,585,0,0,193,0,0
3.8578,15719,Rest,HAZIRLANIYOR...,0,540,0,0,29,0,0
3.8579,15720,Rest,HAZIRLANIYOR...,0,477,0,0,0,0,0
3.8579,15721,Rest,HAZIRLANIYOR...,0,403,0,0,0,0,0
3.8579,15722,Rest,HAZIRLANIYOR...,0,318,0,18,0,0,0
3.8579,15723,Rest,HAZIRLANIYOR...,0,222,0,38,0,0,0
3.8579,15724,Rest,HAZIRLANIYOR...,0,123,0,55,0,0,0
3.8579,15725,Rest,HAZIRLANIYOR...,0,25,0,71,0,0,0
3.8579,15726,Rest,HAZIRLANIYOR...,0,0,41,89,0,0,4
3.8580,15727,Rest,HAZIRLANIYOR...,0,0,273,107,0,0,6
3.8580,15728,Rest,HAZIRLANIYOR...,0,0,496,124,0,0,0
3.8580,15729,Rest,HAZIRLANIYOR...,0,0,702,137,0,6,0
3.8580,15730,Rest,HAZIRLANIYOR...,0,0,884,148,0,5,0
3.8580,15731,Rest,HAZIRLANIYOR...,0,0,1035,153,0,1,8
3.8580,15732,Rest,HAZIRLANIYOR...,0,0,1153,151,0,0,14
3.8580,15733,Rest,HAZIRLANIYOR...,0,0,1240,142,0,1,4
3.8580,15734,Rest,HAZIRLANIYOR...,0,0,1298,126,0,4,0
3.8580,15735,Rest,HAZIRLANIYOR...,0,0,1327,105,0,9,0
3.8580,15736,Rest,HAZIRLANIYOR...,0,0,1324,78,0,10,0
3.8581,15737,Rest,HAZIRLANIYOR...,0,0,1283,48,71,5,2
3.8581,15738,Rest,HAZIRLANIYOR...,0,0,1204,17,153,0,0
3.8581,15739,Rest,HAZIRLANIYOR...,0,0,1089,0,228,2,0
3.8582,15740,Rest,HAZIRLANIYOR...,0,0,938,0,293,10,0
3.8582,15741,Rest,HAZIRLANIYOR...,0,0,747,0,364,14,0
3.8582,15742,Rest,HAZIRLANIYOR...,0,0,513,0,462,9,0
3.8582,15743,Rest,HAZIRLANIYOR...,0,0,243,0,576,3,3
3.8582,15744,Rest,HAZIRLANIYOR...,0,64,0,0,667,2,7
3.8582,15745,Rest,HAZIRLANIYOR...,0,165,0,0,718,3,8
3.8582,15746,Rest,HAZIRLANIYOR...,0,261,0,0,739,2,2
3.8739,15747,Rest,HAZIRLANIYOR...,0,345,0,0,746,0,0
3.8740,15748,Rest,HAZIRLANIYOR...,0,415,0,0,742,0,0
3.8740,15749,Rest,HAZIRLANIYOR...,0,472,0,0,728,0,0
3.8740,15750,Rest,HAZIRLANIYOR...,0,517,0,0,699,0,0
3.8741,15751,Rest,HAZIRLANIYOR...,0,546,0,0,625,0,0
3.8741,15752,Rest,HAZIRLANIYOR...,0,555,0,0,487,0,0
3.8741,15753,Rest,HAZIRLANIYOR...,0,544,0,0,304,0,0
3.8741,15754,Rest,HAZIRLANIYOR...,0,512,0,0,117,0,0
3.8741,15755,Rest,HAZIRLANIYOR...,0,460,0,0,0,0,0
3.8742,15756,Rest,HAZIRLANIYOR...,0,392,0,0,0,0,0
3.8742,15757,Rest,HAZIRLANIYOR...,0,312,0,6,0,0,0
3.8742,15758,Rest,HAZIRLANIYOR...,0,223,0,29,0,0,0
3.8742,15759,Rest,HAZIRLANIYOR...,0,129,0,50,0,0,1
3.8742,15760,Rest,HAZIRLANIYOR...,0,31,0,66,0,0,5
3.8742,15761,Rest,HAZIRLANIYOR...,0,0,0,81,0,0,6
3.8743,15762,Rest,HAZIRLANIYOR...,0,0,177,98,0,0,1
3.8743,15763,Rest,HAZIRLANIYOR...,0,0,404,114,0,0,0
3.8743,15764,Rest,HAZIRLANIYOR...,0,0,614,128,0,0,0
3.8743,15765,Rest,HAZIRLANIYOR...,0,0,803,139,0,0,0
3.8743,15766,Rest,HAZIRLANIYOR...,0,0,966,147,0,0,0
3.8743,15767,Rest,HAZIRLANIYOR...,0,0,1099,149,0,3,1
3.8744,15768,Rest,HAZIRLANIYOR...,0,0,1199,146,0,4,5
3.8744,15769,Rest,HAZIRLANIYOR...,0,0,1266,136,0,6,7
3.8744,15770,Rest,HAZIRLANIYOR...,0,0,1307,118,0,9,6
3.8744,15771,Rest,HAZIRLANIYOR...,0,0,1319,94,0,15,7
3.8744,15772,Rest,HAZIRLANIYOR...,0,0,1298,66,41,19,8
3.8744,15773,Rest,HAZIRLANIYOR...,0,0,1238,37,123,11,2
3.8744,15774,Rest,HAZIRLANIYOR...,0,0,1140,10,197,0,0
3.8745,15775,Rest,HAZIRLANIYOR...,0,0,1005,0,268,0,0
3.8890,15776,Rest,HAZIRLANIYOR...,0,0,830,0,341,6,0
3.8892,15777,Rest,HAZIRLANIYOR...,0,0,614,0,426,10,3
3.8892,15778,Rest,HAZIRLANIYOR...,0,0,358,0,522,9,4
3.8892,15779,Rest,HAZIRLANIYOR...,0,99,77,0,609,7,3
3.8893,15780,Rest,HAZIRLANIYOR...,0,200,0,0,674,7,4
3.8893,15781,Rest,HAZIRLANIYOR...,0,298,0,0,719,6,9
3.8893,15782,Rest,HAZIRLANIYOR...,0,389,0,0,737,4,12
3.8893,15783,Rest,HAZIRLANIYOR...,0,467,0,0,728,2,5
3.8893,15784,Rest,HAZIRLANIYOR...,0,526,0,0,707,1,0
3.8894,15785,Rest,HAZIRLANIYOR...,0,567,0,0,692,1,0
3.8894,15786,Rest,HAZIRLANIYOR...,0,593,0,0,669,0,0
3.8894,15787,Rest,HAZIRLANIYOR...,0,604,0,0,591,0,0
3.8894,15788,Rest,HAZIRLANIYOR...,0,598,0,0,437,0,0
3.8894,15789,Rest,HAZIRLANIYOR...,0,571,0,0,240,0,0
3.8894,15790,Rest,HAZIRLANIYOR...,0,524,0,0,50,0,0
3.8894,15791,Rest,HAZIRLANIYOR...,0,457,0,0,0,0,0
3.8894,15792,Rest,HAZIRLANIYOR...,0,379,0,0,0,0,0
3.8895,15793,Rest,HAZIRLANIYOR...,0,291,0,23,0,0,0
3.8895,15794,Rest,HAZIRLANIYOR...,0,194,0,45,0,0,0
3.8895,15795,Rest,HAZIRLANIYOR...,0,96,0,65,0,0,0
3.8895,15796,Rest,HAZIRLANIYOR...,0,0,0,85,0,0,0
3.8895,15797,Rest,HAZIRLANIYOR...,0,0,46,105,0,1,0
3.8895,15798,Rest,HAZIRLANIYOR...,0,0,278,118,0,1,0
3.8895,15799,Rest,HAZIRLANIYOR...,0,0,497,127,0,0,0
3.8895,15800,Rest,HAZIRLANIYOR...,0,0,699,137,0,0,0
3.8895,15801,Rest,HAZIRLANIYOR...,0,0,878,148,0,0,0
3.8896,15802,Rest,HAZIRLANIYOR...,0,0,1029,154,0,6,0
3.9042,15803,Rest,HAZIRLANIYOR...,0,0,1148,152,0,11,0
3.9043,15804,Rest,HAZIRLANIYOR...,0,0,1235,144,0,12,0
3.9043,15805,Rest,HAZIRLANIYOR...,0,0,1292,131,0,10,0
3.9044,15806,Rest,HAZIRLANIYOR...,0,0,1321,113,0,9,2
3.9044,15807,Rest,HAZIRLANIYOR...,0,0,1317,86,0,10,5
3.9044,15808,Rest,HAZIRLANIYOR...,0,0,1274,54,88,11,10
3.9044,15809,Rest,HAZIRLANIYOR...,0,0,1192,24,165,10,14
3.9044,15810,Rest,HAZIRLANIYOR...,0,0,1077,0,237,9,13
3.9044,15811,Rest,HAZIRLANIYOR...,0,0,927,0,306,6,7
3.9045,15812,Rest,HAZIRLANIYOR...,0,0,736,0,380,3,0
3.9045,15813,Rest,HAZIRLANIYOR...,0,0,503,0,467,3,0
3.9045,15814,Rest,HAZIRLANIYOR...,0,20,235,0,563,6,0
3.9045,15815,Rest,HAZIRLANIYOR...,0,124,0,0,647,8,0
3.9045,15816,Rest,HAZIRLANIYOR...,0,230,0,0,705,7,0
3.9045,15817,Rest,HAZIRLANIYOR...,0,334,0,0,733,4,0
3.9046,15818,Rest,HAZIRLANIYOR...,0,424,0,0,735,2,0
3.9046,15819,Rest,HAZIRLANIYOR...,0,497,0,0,719,1,4
3.9046,15820,Rest,HAZIRLANIYOR...,0,554,0,0,703,0,6
3.9046,15821,Rest,HAZIRLANIYOR...,0,599,0,0,686,0,1
3.9046,15822,Rest,HAZIRLANIYOR...,0,626,0,0,636,0,0
3.9046,15823,Rest,HAZIRLANIYOR...,0,630,0,0,525,0,0
3.9047,15824,Rest,HAZIRLANIYOR...,0,614,0,0,358,0,4
3.9047,15825,Rest,HAZIRLANIYOR...,0,581,0,0,165,0,0
3.9047,15826,Rest,HAZIRLANIYOR...,0,529,0,0,0,0,0
3.9047,15827,Rest,HAZIRLANIYOR...,0,454,0,0,0,0,0
3.9047,15828,Rest,HAZIRLANIYOR...,0,361,0,0,0,0,0
3.9048,15829,Rest,HAZIRLANIYOR...,0,262,0,21,0,0,0
3.9196,15830,Rest,HAZIRLANIYOR...,0,162,0,44,0,0,0
3.9197,15831,Rest,HAZIRLANIYOR...,0,60,0,64,0,0,0
3.9197,15832,Rest,HAZIRLANIYOR...,0,0,0,82,0,0,0
3.9198,15833,Rest,HAZIRLANIYOR...,0,0,180,97,0,0,0
3.9198,15834,Rest,HAZIRLANIYOR...,0,0,411,112,0,0,0
3.9198,15835,Rest,HAZIRLANIYOR...,0,0,624,126,0,0,0
3.9198,15836,Rest,HAZIRLANIYOR...,0,0,815,136,0,0,0
3.9198,15837,Rest,HAZIRLANIYOR...,0,0,979,142,0,1,1
3.9198,15838,Rest,HAZIRLANIYOR...,0,0,1112,145,0,2,1
3.9199,15839,Rest,HAZIRLANIYOR...,0,0,1209,142,0,3,0
3.9199,15840,Rest,HAZIRLANIYOR...,0,0,1276,132,0,6,0
3.9199,15841,Rest,HAZIRLANIYOR...,0,0,1316,115,0,9,0
3.9199,15842,Rest,HAZIRLANIYOR...,0,0,1328,89,0,11,2
3.9199,15843,Rest,HAZIRLANIYOR...,0,0,1304,59,42,11,11
3.9199,15844,Rest,HAZIRLANIYOR...,0,0,1242,30,126,10,19
3.9200,15845,Rest,HAZIRLANIYOR...,0,0,1142,5,203,8,14
3.9200,15846,Rest,HAZIRLANIYOR...,0,0,1007,0,278,8,0
3.9200,15847,Rest,HAZIRLANIYOR...,0,0,830,0,354,11,0
3.9200,15848,Rest,HAZIRLANIYOR...,0,0,610,0,439,14,0
3.9200,15849,Rest,HAZIRLANIYOR...,0,0,353,0,536,12,0
3.9200,15850,Rest,HAZIRLANIYOR...,0,64,73,0,630,6,2
3.9200,15851,Rest,HAZIRLANIYOR...,0,163,0,0,698,2,4
3.9201,15852,Rest,HAZIRLANIYOR...,0,262,0,0,739,4,2
3.9201,15853,Rest,HAZIRLANIYOR...,0,354,0,0,758,9,0
3.9201,15854,Rest,HAZIRLANIYOR...,0,431,0,0,758,9,0
3.9201,15855,Rest,HAZIRLANIYOR...,0,491,0,0,742,1,0
3.9202,15856,Rest,HAZIRLANIYOR...,0,534,0,0,717,0,4
3.9357,15857,Rest,HAZIRLANIYOR...,0,562,0,0,668,0,5
3.9358,15858,Rest,HAZIRLANIYOR...,0,574,0,0,569,0,1
3.9358,15859,Rest,HAZIRLANIYOR...,0,567,0,0,408,0,0
3.9358,15860,Rest,HAZIRLANIYOR...,0,537,0,0,214,0,0
3.9358,15861,Rest,HAZIRLANIYOR...,0,487,0,0,26,0,0
3.9358,15862,Rest,HAZIRLANIYOR...,0,421,0,0,0,0,0
3.9358,15863,Rest,HAZIRLANIYOR...,0,343,0,0,0,0,0
3.9359,15864,Rest,HAZIRLANIYOR...,0,255,0,14,0,0,0
3.9359,15865,Rest,HAZIRLANIYOR...,0,158,0,37,0,0,0
3.9359,15866,Rest,HAZIRLANIYOR...,0,60,0,60,0,0,0
3.9359,15867,Rest,HAZIRLANIYOR...,0,0,0,81,0,0,0
3.9359,15868,Rest,HAZIRLANIYOR...,0,0,76,99,0,0,0
3.9359,15869,Rest,HAZIRLANIYOR...,0,0,311,113,0,0,0
3.9359,15870,Rest,HAZIRLANIYOR...,0,0,533,126,0,0,0
3.9360,15871,Rest,HAZIRLANIYOR...,0,0,735,138,0,0,0
3.9360,15872,Rest,HAZIRLANIYOR...,0,0,911,149,0,0,0
3.9360,15873,Rest,HAZIRLANIYOR...,0,0,1058,156,0,4,1
3.9360,15874,Rest,HAZIRLANIYOR...,0,0,1174,155,0,11,3
3.9360,15875,Rest,HAZIRLANIYOR...,0,0,1258,147,0,14,5
3.9360,15876,Rest,HAZIRLANIYOR...,0,0,1311,131,0,8,4
3.9360,15877,Rest,HAZIRLANIYOR...,0,0,1335,107,0,0,2
3.9361,15878,Rest,HAZIRLANIYOR...,0,0,1326,79,3,2,1
3.9361,15879,Rest,HAZIRLANIYOR...,0,0,1281,51,93,8,3
3.9361,15880,Rest,HAZIRLANIYOR...,0,0,1196,24,172,11,3
3.9361,15881,Rest,HAZIRLANIYOR...,0,0,1075,0,248,8,4
3.9361,15882,Rest,HAZIRLANIYOR...,0,0,915,0,322,6,5
3.9361,15883,Rest,HAZIRLANIYOR...,0,0,716,0,406,7,5
3.9361,15884,Rest,HAZIRLANIYOR...,0,0,476,0,508,7,4
3.9362,15885,Rest,HAZIRLANIYOR...,0,68,202,0,614,9,3
3.9518,15886,Rest,HAZIRLANIYOR...,0,167,0,0,697,13,2
3.9519,15887,Rest,HAZIRLANIYOR...,0,272,0,0,747,18,0
3.9519,15888,Rest,HAZIRLANIYOR...,0,374,0,0,773,16,0
3.9519,15889,Rest,HAZIRLANIYOR...,0,461,0,0,775,10,0
3.9519,15890,Rest,HAZIRLANIYOR...,0,529,0,0,759,1,0
3.9520,15891,Rest,HAZIRLANIYOR...,0,580,0,0,742,0,1
3.9520,15892,Rest,HAZIRLANIYOR...,0,615,0,0,714,0,0
3.9520,15893,Rest,HAZIRLANIYOR...,0,633,0,0,635,0,0
3.9520,15894,Rest,HAZIRLANIYOR...,0,633,0,0,487,0,0
3.9521,15895,Rest,HAZIRLANIYOR...,0,610,0,0,296,0,0
3.9521,15896,Rest,HAZIRLANIYOR...,0,564,0,0,104,0,0
3.9521,15897,Rest,HAZIRLANIYOR...,0,501,0,0,0,0,0
3.9521,15898,Rest,HAZIRLANIYOR...,0,424,0,0,0,0,0
3.9522,15899,Rest,HAZIRLANIYOR...,0,338,0,4,0,0,0
3.9522,15900,Rest,HAZIRLANIYOR...,0,243,0,24,0,0,0
3.9522,15901,Rest,HAZIRLANIYOR...,0,139,0,43,0,0,0
3.9522,15902,Rest,HAZIRLANIYOR...,0,32,0,63,0,7,0
3.9522,15903,Rest,HAZIRLANIYOR...,0,0,0,82,0,4,0
3.9522,15904,Rest,HAZIRLANIYOR...,0,0,198,99,0,0,0
3.9522,15905,Rest,HAZIRLANIYOR...,0,0,428,113,0,0,0
3.9522,15906,Rest,HAZIRLANIYOR...,0,0,644,124,0,0,0
3.9522,15907,Rest,HAZIRLANIYOR...,0,0,838,133,0,6,0
3.9523,15908,Rest,HAZIRLANIYOR...,0,0,1003,137,0,4,1
3.9523,15909,Rest,HAZIRLANIYOR...,0,0,1132,138,0,0,0
3.9523,15910,Rest,HAZIRLANIYOR...,0,0,1229,134,0,0,0
3.9523,15911,Rest,HAZIRLANIYOR...,0,0,1296,125,0,10,0
3.9523,15912,Rest,HAZIRLANIYOR...,0,0,1336,108,0,17,0
3.9524,15913,Rest,HAZIRLANIYOR...,0,0,1344,82,0,12,2
3.9669,15914,Rest,HAZIRLANIYOR...,0,0,1316,52,38,2,2
3.9670,15915,Rest,HAZIRLANIYOR...,0,0,1252,22,124,1,2
3.9670,15916,Rest,HAZIRLANIYOR...,0,0,1150,0,201,9,1
3.9670,15917,Rest,HAZIRLANIYOR...,0,0,1009,0,275,12,2
3.9670,15918,Rest,HAZIRLANIYOR...,0,0,828,0,352,3,6
3.9670,15919,Rest,HAZIRLANIYOR...,0,0,606,0,443,0,9
3.9670,15920,Rest,HAZIRLANIYOR...,0,0,348,0,550,0,5
3.9670,15921,Rest,HAZIRLANIYOR...,0,42,60,0,652,4,0
3.9671,15922,Rest,HAZIRLANIYOR...,0,150,0,0,728,5,0
3.9671,15923,Rest,HAZIRLANIYOR...,0,259,0,0,772,1,0
3.9671,15924,Rest,HAZIRLANIYOR...,0,359,0,0,784,0,0
3.9671,15925,Rest,HAZIRLANIYOR...,0,445,0,0,770,0,0
3.9671,15926,Rest,HAZIRLANIYOR...,0,514,0,0,750,0,0
3.9672,15927,Rest,HAZIRLANIYOR...,0,564,0,0,732,1,0
3.9672,15928,Rest,HAZIRLANIYOR...,0,596,0,0,685,5,0
3.9672,15929,Rest,HAZIRLANIYOR...,0,613,0,0,569,4,0
3.9672,15930,Rest,HAZIRLANIYOR...,0,613,0,0,392,0,0
3.9672,15931,Rest,HAZIRLANIYOR...,0,591,0,0,199,0,0
3.9672,15932,Rest,HAZIRLANIYOR...,0,544,0,0,22,0,0
3.9672,15933,Rest,HAZIRLANIYOR...,0,479,0,0,0,0,0
3.9672,15934,Rest,HAZIRLANIYOR...,0,399,0,0,0,0,0
3.9672,15935,Rest,HAZIRLANIYOR...,0,308,0,21,0,0,0
3.9673,15936,Rest,HAZIRLANIYOR...,0,212,0,42,0,0,0
3.9673,15937,Rest,HAZIRLANIYOR...,0,114,0,61,0,0,4
3.9673,15938,Rest,HAZIRLANIYOR...,0,17,0,78,0,0,3
3.9673,15939,Rest,HAZIRLANIYOR...,0,0,81,94,0,0,0
3.9673,15940,Rest,HAZIRLANIYOR...,0,0,313,109,0,0,0
3.9827,15941,Rest,HAZIRLANIYOR...,0,0,534,120,0,0,0
3.9828,15942,Rest,HAZIRLANIYOR...,0,0,737,130,0,0,2
3.9828,15943,Rest,HAZIRLANIYOR...,0,0,915,138,0,1,3
3.9828,15944,Rest,HAZIRLANIYOR...,0,0,1060,142,0,4,2
3.9828,15945,Rest,HAZIRLANIYOR...,0,0,1171,143,0,8,1
3.9828,15946,Rest,HAZIRLANIYOR...,0,0,1253,137,0,14,2
3.9829,15947,Rest,HAZIRLANIYOR...,0,0,1306,123,0,16,6
3.9829,15948,Rest,HAZIRLANIYOR...,0,0,1330,102,0,9,10
3.9829,15949,Rest,HAZIRLANIYOR...,0,0,1320,76,0,1,9
3.9829,15950,Rest,HAZIRLANIYOR...,0,0,1271,49,84,4,0
3.9829,15951,Rest,HAZIRLANIYOR...,0,0,1186,21,163,12,0
3.9829,15952,Rest,HAZIRLANIYOR...,0,0,1065,0,238,12,0
3.9829,15953,Rest,HAZIRLANIYOR...,0,0,907,0,312,6,3
3.9829,15954,Rest,HAZIRLANIYOR...,0,0,707,0,394,2,2
3.9829,15955,Rest,HAZIRLANIYOR...,0,0,468,0,491,4,1
3.9829,15956,Rest,HAZIRLANIYOR...,0,22,196,0,596,6,4
3.9830,15957,Rest,HAZIRLANIYOR...,0,122,0,0,687,5,6
3.9830,15958,Rest,HAZIRLANIYOR...,0,223,0,0,750,3,6
3.9830,15959,Rest,HAZIRLANIYOR...,0,321,0,0,782,2,4
3.9830,15960,Rest,HAZIRLANIYOR...,0,408,0,0,782,6,1
3.9830,15961,Rest,HAZIRLANIYOR...,0,480,0,0,759,8,0
3.9830,15962,Rest,HAZIRLANIYOR...,0,533,0,0,739,2,0
3.9830,15963,Rest,HAZIRLANIYOR...,0,565,0,0,716,0,0
3.9830,15964,Rest,HAZIRLANIYOR...,0,583,0,0,637,0,0
3.9830,15965,Rest,HAZIRLANIYOR...,0,590,0,0,479,0,0
3.9830,15966,Rest,HAZIRLANIYOR...,0,580,0,0,282,0,0
3.9831,15967,Rest,HAZIRLANIYOR...,0,543,0,0,94,0,0
3.9831,15968,Rest,HAZIRLANIYOR...,0,482,0,0,0,0,0
3.9980,15969,Rest,HAZIRLANIYOR...,0,406,0,0,0,0,0
3.9981,15970,Rest,HAZIRLANIYOR...,0,322,0,5,0,0,0
3.9981,15971,Rest,HAZIRLANIYOR...,0,231,0,28,0,1,0
3.9982,15972,Rest,HAZIRLANIYOR...,0,136,0,48,0,0,0
3.9982,15973,Rest,HAZIRLANIYOR...,0,39,0,65,0,0,0
3.9982,15974,Rest,HAZIRLANIYOR...,0,0,0,81,0,0,1
3.9983,15975,Rest,HAZIRLANIYOR...,0,0,216,98,0,0,5
3.9983,15976,Rest,HAZIRLANIYOR...,0,0,440,114,0,0,6
3.9983,15977,Rest,HAZIRLANIYOR...,0,0,653,127,0,0,0
3.9983,15978,Rest,HAZIRLANIYOR...,0,0,844,136,0,2,0
3.9983,15979,Rest,HAZIRLANIYOR...,0,0,1003,142,0,8,0
3.9984,15980,Rest,HAZIRLANIYOR...,0,0,1131,144,0,12,0
3.9984,15981,Rest,HAZIRLANIYOR...,0,0,1229,141,0,10,0
3.9984,15982,Rest,HAZIRLANIYOR...,0,0,1298,132,0,5,3
3.9984,15983,Rest,HAZIRLANIYOR...,0,0,1336,113,0,0,5
3.9984,15984,Rest,HAZIRLANIYOR...,0,0,1343,86,0,1,6
3.9984,15985,Rest,HAZIRLANIYOR...,0,0,1313,57,44,4,9
3.9985,15986,Rest,HAZIRLANIYOR...,0,0,1243,28,127,5,12
3.9985,15987,Rest,HAZIRLANIYOR...,0,0,1137,1,203,4,10
3.9985,15988,Rest,HAZIRLANIYOR...,0,0,996,0,275,3,2
3.9985,15989,Rest,HAZIRLANIYOR...,0,0,816,0,349,3,0
3.9985,15990,Rest,HAZIRLANIYOR...,0,0,593,0,436,5,0
3.9985,15991,Rest,HAZIRLANIYOR...,0,0,330,0,538,6,0
3.9985,15992,Rest,HAZIRLANIYOR...,0,45,41,0,640,5,0
3.9986,15993,Rest,HAZIRLANIYOR...,0,145,0,0,721,3,0
3.9986,15994,Rest,HAZIRLANIYOR...,0,245,0,0,768,2,4
3.9986,15995,Rest,HAZIRLANIYOR...,0,340,0,0,775,0,9
3.9987,15996,Rest,HAZIRLANIYOR...,0,424,0,0,753,0,4
4.0139,15997,Rest,HAZIRLANIYOR...,0,494,0,0,732,0,0
4.0140,15998,Rest,HAZIRLANIYOR...,0,547,0,0,722,0,0
4.0140,15999,Rest,HAZIRLANIYOR...,0,583,0,0,681,0,0
4.0140,16000,Rest,HAZIRLANIYOR...,0,602,0,0,560,0,0
4.0140,16001,Rest,HAZIRLANIYOR...,0,601,0,0,373,0,0
4.0140,16002,Rest,HAZIRLANIYOR...,0,580,0,0,178,0,0
4.0140,16003,Rest,HAZIRLANIYOR...,0,539,0,0,8,0,0
4.0140,16004,Rest,HAZIRLANIYOR...,0,479,0,0,0,0,0
4.0140,16005,Rest,HAZIRLANIYOR...,0,402,0,0,0,0,0
4.0140,16006,Rest,HAZIRLANIYOR...,0,311,0,19,0,0,0
4.0140,16007,Rest,HAZIRLANIYOR...,0,213,0,42,0,0,0
4.0140,16008,Rest,HAZIRLANIYOR...,0,111,0,65,0,1,0
4.0141,16009,Rest,HAZIRLANIYOR...,0,8,0,84,0,1,0
4.0141,16010,Rest,HAZIRLANIYOR...,0,0,88,99,0,0,5
4.0141,16011,Rest,HAZIRLANIYOR...,0,0,320,113,0,0,2
4.0141,16012,Rest,HAZIRLANIYOR...,0,0,540,127,0,0,0
4.0141,16013,Rest,HAZIRLANIYOR...,0,0,742,139,0,0,0
4.0141,16014,Rest,HAZIRLANIYOR...,0,0,920,147,0,0,5
4.0141,16015,Rest,HAZIRLANIYOR...,0,0,1066,151,0,0,8
4.0141,16016,Rest,HAZIRLANIYOR...,0,0,1179,148,0,1,6
4.0141,16017,Rest,HAZIRLANIYOR...,0,0,1260,137,0,4,0
4.0141,16018,Rest,HAZIRLANIYOR...,0,0,1312,120,0,4,0
4.0141,16019,Rest,HAZIRLANIYOR...,0,0,1332,97,0,5,0
4.0141,16020,Rest,HAZIRLANIYOR...,0,0,1321,72,4,9,0
4.0142,16021,Rest,HAZIRLANIYOR...,0,0,1274,43,90,13,0
4.0142,16022,Rest,HAZIRLANIYOR...,0,0,1189,13,166,14,0
4.0142,16023,Rest,HAZIRLANIYOR...,0,0,1066,0,238,12,0
4.0289,16024,Rest,HAZIRLANIYOR...,0,0,906,0,311,9,2
4.0290,16025,Rest,HAZIRLANIYOR...,0,0,704,0,393,7,2
4.0290,16026,Rest,HAZIRLANIYOR...,0,0,463,0,493,6,2
4.0291,16027,Rest,HAZIRLANIYOR...,0,39,192,0,601,7,2
4.0291,16028,Rest,HAZIRLANIYOR...,0,136,0,0,692,9,4
4.0291,16029,Rest,HAZIRLANIYOR...,0,233,0,0,749,11,5
4.0291,16030,Rest,HAZIRLANIYOR...,0,327,0,0,774,9,3
4.0291,16031,Rest,HAZIRLANIYOR...,0,413,0,0,770,4,0
4.0292,16032,Rest,HAZIRLANIYOR...,0,485,0,0,745,1,0
4.0292,16033,Rest,HAZIRLANIYOR...,0,538,0,0,721,1,0
4.0292,16034,Rest,HAZIRLANIYOR...,0,570,0,0,692,0,1
4.0292,16035,Rest,HAZIRLANIYOR...,0,586,0,0,614,0,0
4.0294,16036,Rest,HAZIRLANIYOR...,0,588,0,0,461,0,0
4.0294,16037,Rest,HAZIRLANIYOR...,0,570,0,0,266,0,0
4.0295,16038,Rest,HAZIRLANIYOR...,0,526,0,0,77,0,0
4.0295,16039,Rest,HAZIRLANIYOR...,0,463,0,0,0,0,0
4.0295,16040,Rest,HAZIRLANIYOR...,0,388,0,0,0,0,0
4.0295,16041,Rest,HAZIRLANIYOR...,0,305,0,13,0,0,0
4.0295,16042,Rest,HAZIRLANIYOR...,0,215,0,35,0,0,0
4.0296,16043,Rest,HAZIRLANIYOR...,0,116,0,55,0,0,0
4.0296,16044,Rest,HAZIRLANIYOR...,0,10,0,73,0,0,0
4.0296,16045,Rest,HAZIRLANIYOR...,0,0,0,90,0,0,0
4.0296,16046,Rest,HAZIRLANIYOR...,0,0,216,103,0,0,0
4.0296,16047,Rest,HAZIRLANIYOR...,0,0,439,115,0,3,1
4.0296,16048,Rest,HAZIRLANIYOR...,0,0,647,127,0,8,2
4.0296,16049,Rest,HAZIRLANIYOR...,0,0,832,138,0,4,1
4.0297,16050,Rest,HAZIRLANIYOR...,0,0,990,145,0,0,1
4.0297,16051,Rest,HAZIRLANIYOR...,0,0,1119,145,0,0,2
4.0448,16052,Rest,HAZIRLANIYOR...,0,0,1216,139,0,4,3
4.0450,16053,Rest,HAZIRLANIYOR...,0,0,1282,129,0,9,3
4.0450,16054,Rest,HAZIRLANIYOR...,0,0,1318,110,0,10,3
4.0451,16055,Rest,HAZIRLANIYOR...,0,0,1323,83,0,9,4
4.0451,16056,Rest,HAZIRLANIYOR...,0,0,1292,53,56,7,5
4.0451,16057,Rest,HAZIRLANIYOR...,0,0,1222,24,137,4,4
4.0451,16058,Rest,HAZIRLANIYOR...,0,0,1114,0,210,4,2
4.0452,16059,Rest,HAZIRLANIYOR...,0,0,971,0,281,6,1
4.0452,16060,Rest,HAZIRLANIYOR...,0,0,792,0,356,8,1
4.0452,16061,Rest,HAZIRLANIYOR...,0,0,572,0,443,9,1
4.0452,16062,Rest,HAZIRLANIYOR...,0,0,313,0,544,8,1
4.0453,16063,Rest,HAZIRLANIYOR...,0,99,25,0,644,7,0
4.0453,16064,Rest,HAZIRLANIYOR...,0,203,0,0,721,6,0
4.0453,16065,Rest,HAZIRLANIYOR...,0,305,0,0,763,3,2
4.0453,16066,Rest,HAZIRLANIYOR...,0,398,0,0,771,3,2
4.0454,16067,Rest,HAZIRLANIYOR...,0,478,0,0,756,6,2
4.0454,16068,Rest,HAZIRLANIYOR...,0,539,0,0,736,9,7
4.0454,16069,Rest,HAZIRLANIYOR...,0,583,0,0,716,2,12
4.0454,16070,Rest,HAZIRLANIYOR...,0,613,0,0,664,0,7
4.0454,16071,Rest,HAZIRLANIYOR...,0,627,0,0,542,0,0
4.0454,16072,Rest,HAZIRLANIYOR...,0,620,0,0,360,0,0
4.0454,16073,Rest,HAZIRLANIYOR...,0,592,0,0,166,0,0
4.0454,16074,Rest,HAZIRLANIYOR...,0,543,0,0,0,0,0
4.0454,16075,Rest,HAZIRLANIYOR...,0,475,0,0,0,0,0
4.0454,16076,Rest,HAZIRLANIYOR...,0,393,0,5,0,0,0
4.0455,16077,Rest,HAZIRLANIYOR...,0,302,0,28,0,0,0
4.0455,16078,Rest,HAZIRLANIYOR...,0,209,0,48,0,0,0
4.0455,16079,Rest,HAZIRLANIYOR...,0,112,0,65,0,0,0
4.0608,16080,Rest,HAZIRLANIYOR...,0,11,0,81,0,0,0
4.0610,16081,Rest,HAZIRLANIYOR...,0,0,105,98,0,0,0
4.0610,16082,Rest,HAZIRLANIYOR...,0,0,336,115,0,0,0
4.0610,16083,Rest,HAZIRLANIYOR...,0,0,552,129,0,0,0
4.0611,16084,Rest,HAZIRLANIYOR...,0,0,748,140,0,0,0
4.0611,16085,Rest,HAZIRLANIYOR...,0,0,920,146,0,2,0
4.0611,16086,Rest,HAZIRLANIYOR...,0,0,1063,147,0,4,0
4.0611,16087,Rest,HAZIRLANIYOR...,0,0,1173,144,0,6,0
4.0611,16088,Rest,HAZIRLANIYOR...,0,0,1252,137,0,6,0
4.0612,16089,Rest,HAZIRLANIYOR...,0,0,1303,120,0,6,0
4.0612,16090,Rest,HAZIRLANIYOR...,0,0,1325,93,0,7,1
4.0612,16091,Rest,HAZIRLANIYOR...,0,0,1310,63,15,11,4
4.0612,16092,Rest,HAZIRLANIYOR...,0,0,1257,34,100,15,5
4.0612,16093,Rest,HAZIRLANIYOR...,0,0,1168,8,177,16,6
4.0613,16094,Rest,HAZIRLANIYOR...,0,0,1044,0,251,11,6
4.0613,16095,Rest,HAZIRLANIYOR...,0,0,882,0,325,5,2
4.0613,16096,Rest,HAZIRLANIYOR...,0,0,679,0,404,4,0
4.0613,16097,Rest,HAZIRLANIYOR...,0,0,437,0,498,6,0
4.0614,16098,Rest,HAZIRLANIYOR...,0,40,164,0,604,8,1
4.0614,16099,Rest,HAZIRLANIYOR...,0,142,0,0,694,7,3
4.0614,16100,Rest,HAZIRLANIYOR...,0,243,0,0,749,6,4
4.0614,16101,Rest,HAZIRLANIYOR...,0,337,0,0,766,3,6
4.0614,16102,Rest,HAZIRLANIYOR...,0,419,0,0,757,1,7
4.0615,16103,Rest,HAZIRLANIYOR...,0,485,0,0,736,0,1
4.0615,16104,Rest,HAZIRLANIYOR...,0,532,0,0,719,0,0
4.0615,16105,Rest,HAZIRLANIYOR...,0,564,0,0,690,0,0
4.0617,16106,Rest,HAZIRLANIYOR...,0,581,0,0,608,0,0
4.0617,16107,Rest,HAZIRLANIYOR...,0,579,0,0,457,0,0
4.0761,16108,Rest,HAZIRLANIYOR...,0,556,0,0,270,0,0
4.0762,16109,Rest,HAZIRLANIYOR...,0,513,0,0,84,0,0
4.0762,16110,Rest,HAZIRLANIYOR...,0,451,0,0,0,0,0
4.0762,16111,Rest,HAZIRLANIYOR...,0,374,0,0,0,0,0
4.0762,16112,Rest,HAZIRLANIYOR...,0,286,0,11,0,0,4
4.0763,16113,Rest,HAZIRLANIYOR...,0,189,0,34,0,0,7
4.0763,16114,Rest,HAZIRLANIYOR...,0,88,0,53,0,0,1
4.0763,16115,Rest,HAZIRLANIYOR...,0,0,0,71,0,0,0
4.0763,16116,Rest,HAZIRLANIYOR...,0,0,0,87,0,0,0
4.0763,16117,Rest,HAZIRLANIYOR...,0,0,233,101,0,0,0
4.0764,16118,Rest,HAZIRLANIYOR...,0,0,459,113,0,0,0
4.0764,16119,Rest,HAZIRLANIYOR...,0,0,666,126,0,0,0
4.0764,16120,Rest,HAZIRLANIYOR...,0,0,848,137,0,0,5
4.0764,16121,Rest,HAZIRLANIYOR...,0,0,1004,144,0,1,10
4.0765,16122,Rest,HAZIRLANIYOR...,0,0,1129,145,0,5,8
4.0765,16123,Rest,HAZIRLANIYOR...,0,0,1223,139,0,5,3
4.0765,16124,Rest,HAZIRLANIYOR...,0,0,1289,127,0,5,0
4.0765,16125,Rest,HAZIRLANIYOR...,0,0,1328,107,0,6,0
4.0765,16126,Rest,HAZIRLANIYOR...,0,0,1332,81,0,8,0
4.0765,16127,Rest,HAZIRLANIYOR...,0,0,1298,50,62,8,2
4.0765,16128,Rest,HAZIRLANIYOR...,0,0,1225,20,143,6,1
4.0765,16129,Rest,HAZIRLANIYOR...,0,0,1115,0,217,12,0
4.0765,16130,Rest,HAZIRLANIYOR...,0,0,969,0,290,22,0
4.0766,16131,Rest,HAZIRLANIYOR...,0,0,785,0,372,21,0
4.0766,16132,Rest,HAZIRLANIYOR...,0,0,562,0,464,7,1
4.0766,16133,Rest,HAZIRLANIYOR...,0,5,303,0,560,0,0
4.0766,16134,Rest,HAZIRLANIYOR...,0,100,18,0,647,0,0
4.0914,16135,Rest,HAZIRLANIYOR...,0,198,0,0,712,5,0
4.0915,16136,Rest,HAZIRLANIYOR...,0,295,0,0,745,3,0
4.0915,16137,Rest,HAZIRLANIYOR...,0,385,0,0,747,0,0
4.0915,16138,Rest,HAZIRLANIYOR...,0,461,0,0,734,0,0
4.0916,16139,Rest,HAZIRLANIYOR...,0,520,0,0,721,0,0
4.0916,16140,Rest,HAZIRLANIYOR...,0,562,0,0,707,1,0
4.0916,16141,Rest,HAZIRLANIYOR...,0,593,0,0,661,0,0
4.0916,16142,Rest,HAZIRLANIYOR...,0,608,0,0,551,0,1
4.0916,16143,Rest,HAZIRLANIYOR...,0,603,0,0,380,0,1
4.0916,16144,Rest,HAZIRLANIYOR...,0,573,0,0,184,0,0
4.0917,16145,Rest,HAZIRLANIYOR...,0,523,0,0,1,0,0
4.0917,16146,Rest,HAZIRLANIYOR...,0,458,0,0,0,0,0
4.0917,16147,Rest,HAZIRLANIYOR...,0,382,0,0,0,0,0
4.0917,16148,Rest,HAZIRLANIYOR...,0,296,0,22,0,0,1
4.0917,16149,Rest,HAZIRLANIYOR...,0,203,0,44,0,0,0
4.0917,16150,Rest,HAZIRLANIYOR...,0,105,0,62,0,0,0
4.0917,16151,Rest,HAZIRLANIYOR...,0,6,0,77,0,0,0
4.0918,16152,Rest,HAZIRLANIYOR...,0,0,114,93,0,0,0
4.0918,16153,Rest,HAZIRLANIYOR...,0,0,348,109,0,0,1
4.0918,16154,Rest,HAZIRLANIYOR...,0,0,567,123,0,4,1
4.0918,16155,Rest,HAZIRLANIYOR...,0,0,761,135,0,3,0
4.0918,16156,Rest,HAZIRLANIYOR...,0,0,930,143,0,0,1
4.0918,16157,Rest,HAZIRLANIYOR...,0,0,1071,147,0,0,3
4.0918,16158,Rest,HAZIRLANIYOR...,0,0,1179,145,0,5,4
4.0918,16159,Rest,HAZIRLANIYOR...,0,0,1255,136,0,9,4
4.0918,16160,Rest,HAZIRLANIYOR...,0,0,1302,120,0,9,3
4.1066,16161,Rest,HAZIRLANIYOR...,0,0,1321,96,0,10,3
4.1067,16162,Rest,HAZIRLANIYOR...,0,0,1308,67,14,14,5
4.1067,16163,Rest,HAZIRLANIYOR...,0,0,1255,39,100,16,6
4.1067,16164,Rest,HAZIRLANIYOR...,0,0,1163,13,176,8,5
4.1068,16165,Rest,HAZIRLANIYOR...,0,0,1034,0,250,0,3
4.1068,16166,Rest,HAZIRLANIYOR...,0,0,868,0,323,1,4
4.1068,16167,Rest,HAZIRLANIYOR...,0,0,663,0,404,12,10
4.1068,16168,Rest,HAZIRLANIYOR...,0,0,421,0,494,17,13
4.1068,16169,Rest,HAZIRLANIYOR...,0,15,151,0,584,9,5
4.1068,16170,Rest,HAZIRLANIYOR...,0,115,0,0,659,0,0
4.1069,16171,Rest,HAZIRLANIYOR...,0,211,0,0,713,0,0
4.1069,16172,Rest,HAZIRLANIYOR...,0,300,0,0,741,4,0
4.1069,16173,Rest,HAZIRLANIYOR...,0,379,0,0,742,5,4
4.1069,16174,Rest,HAZIRLANIYOR...,0,445,0,0,726,0,7
4.1069,16175,Rest,HAZIRLANIYOR...,0,496,0,0,708,0,8
4.1069,16176,Rest,HAZIRLANIYOR...,0,530,0,0,688,0,0
4.1069,16177,Rest,HAZIRLANIYOR...,0,547,0,0,633,1,0
4.1069,16178,Rest,HAZIRLANIYOR...,0,547,0,0,509,0,0
4.1070,16179,Rest,HAZIRLANIYOR...,0,530,0,0,323,0,0
4.1070,16180,Rest,HAZIRLANIYOR...,0,494,0,0,122,0,0
4.1070,16181,Rest,HAZIRLANIYOR...,0,438,0,0,0,0,0
4.1070,16182,Rest,HAZIRLANIYOR...,0,369,0,0,0,0,0
4.1070,16183,Rest,HAZIRLANIYOR...,0,289,0,16,0,0,0
4.1070,16184,Rest,HAZIRLANIYOR...,0,200,0,35,0,0,0
4.1070,16185,Rest,HAZIRLANIYOR...,0,106,0,50,0,0,0
4.1071,16186,Rest,HAZIRLANIYOR...,0,8,0,64,0,0,0
4.1071,16187,Rest,HAZIRLANIYOR...,0,0,0,79,0,0,0
4.1071,16188,Rest,HAZIRLANIYOR...,0,0,217,96,0,0,0
4.1220,16189,Rest,HAZIRLANIYOR...,0,0,446,112,0,0,0
4.1221,16190,Rest,HAZIRLANIYOR...,0,0,657,126,0,6,0
4.1221,16191,Rest,HAZIRLANIYOR...,0,0,845,134,0,3,0
4.1221,16192,Rest,HAZIRLANIYOR...,0,0,1005,138,0,0,0
4.1222,16193,Rest,HAZIRLANIYOR...,0,0,1135,139,0,0,0
4.1222,16194,Rest,HAZIRLANIYOR...,0,0,1234,136,0,5,2
4.1223,16195,Rest,HAZIRLANIYOR...,0,0,1302,124,0,9,4
4.1223,16196,Rest,HAZIRLANIYOR...,0,0,1339,104,0,8,2
4.1223,16197,Rest,HAZIRLANIYOR...,0,0,1341,76,0,7,2
4.1224,16198,Rest,HAZIRLANIYOR...,0,0,1307,46,53,7,3
4.1224,16199,Rest,HAZIRLANIYOR...,0,0,1232,19,134,9,2
4.1224,16200,Rest,HAZIRLANIYOR...,0,0,1120,0,209,12,0
4.1224,16201,Rest,HAZIRLANIYOR...,0,0,974,0,285,13,0
4.1224,16202,Rest,HAZIRLANIYOR...,0,0,791,0,366,6,3
4.1225,16203,Rest,HAZIRLANIYOR...,0,0,568,0,458,0,6
4.1225,16204,Rest,HAZIRLANIYOR...,0,0,307,0,559,0,4
4.1227,16205,Rest,HAZIRLANIYOR...,0,94,18,0,654,4,2
4.1227,16206,Rest,HAZIRLANIYOR...,0,200,0,0,722,6,2
4.1227,16207,Rest,HAZIRLANIYOR...,0,303,0,0,757,3,3
4.1227,16208,Rest,HAZIRLANIYOR...,0,399,0,0,762,0,2
4.1227,16209,Rest,HAZIRLANIYOR...,0,481,0,0,747,0,1
4.1228,16210,Rest,HAZIRLANIYOR...,0,549,0,0,730,1,1
4.1228,16211,Rest,HAZIRLANIYOR...,0,602,0,0,714,7,0
4.1228,16212,Rest,HAZIRLANIYOR...,0,636,0,0,663,7,0
4.1228,16213,Rest,HAZIRLANIYOR...,0,650,0,0,542,0,0
4.1228,16214,Rest,HAZIRLANIYOR...,0,641,0,0,361,0,0
4.1229,16215,Rest,HAZIRLANIYOR...,0,610,0,0,164,0,0
4.1229,16216,Rest,HAZIRLANIYOR...,0,558,0,0,0,0,0
4.1371,16217,Rest,HAZIRLANIYOR...,0,486,0,0,0,0,0
4.1372,16218,Rest,HAZIRLANIYOR...,0,400,0,6,0,0,0
4.1372,16219,Rest,HAZIRLANIYOR...,0,306,0,29,0,0,0
4.1372,16220,Rest,HAZIRLANIYOR...,0,205,0,46,0,0,0
4.1373,16221,Rest,HAZIRLANIYOR...,0,100,0,60,0,0,0
4.1373,16222,Rest,HAZIRLANIYOR...,0,0,0,74,0,0,0
4.1373,16223,Rest,HAZIRLANIYOR...,0,0,130,90,0,0,0
4.1373,16224,Rest,HAZIRLANIYOR...,0,0,361,105,0,0,0
4.1373,16225,Rest,HAZIRLANIYOR...,0,0,576,120,0,0,1
4.1373,16226,Rest,HAZIRLANIYOR...,0,0,769,133,0,4,6
4.1373,16227,Rest,HAZIRLANIYOR...,0,0,939,142,0,5,11
4.1374,16228,Rest,HAZIRLANIYOR...,0,0,1081,145,0,7,6
4.1374,16229,Rest,HAZIRLANIYOR...,0,0,1191,142,0,9,0
4.1374,16230,Rest,HAZIRLANIYOR...,0,0,1267,132,0,9,0
4.1374,16231,Rest,HAZIRLANIYOR...,0,0,1310,116,0,9,1
4.1374,16232,Rest,HAZIRLANIYOR...,0,0,1323,94,0,10,3
4.1374,16233,Rest,HAZIRLANIYOR...,0,0,1305,67,15,11,2
4.1374,16234,Rest,HAZIRLANIYOR...,0,0,1250,40,102,12,2
4.1374,16235,Rest,HAZIRLANIYOR...,0,0,1155,15,179,15,1
4.1374,16236,Rest,HAZIRLANIYOR...,0,0,1021,0,254,20,0
4.1375,16237,Rest,HAZIRLANIYOR...,0,0,849,0,331,18,0
4.1375,16238,Rest,HAZIRLANIYOR...,0,0,641,0,417,7,0
4.1375,16239,Rest,HAZIRLANIYOR...,0,0,397,0,519,0,2
4.1375,16240,Rest,HAZIRLANIYOR...,0,45,122,0,625,6,3
4.1375,16241,Rest,HAZIRLANIYOR...,0,148,0,0,711,13,2
4.1376,16242,Rest,HAZIRLANIYOR...,0,248,0,0,765,7,2
4.1523,16243,Rest,HAZIRLANIYOR...,0,342,0,0,784,0,2
4.1526,16244,Rest,HAZIRLANIYOR...,0,426,0,0,776,0,1
4.1526,16245,Rest,HAZIRLANIYOR...,0,496,0,0,757,0,0
4.1527,16246,Rest,HAZIRLANIYOR...,0,546,0,0,740,0,0
4.1527,16247,Rest,HAZIRLANIYOR...,0,579,0,0,707,0,0
4.1527,16248,Rest,HAZIRLANIYOR...,0,598,0,0,615,0,0
4.1527,16249,Rest,HAZIRLANIYOR...,0,600,0,0,453,0,0
4.1527,16250,Rest,HAZIRLANIYOR...,0,579,0,0,256,0,0
4.1528,16251,Rest,HAZIRLANIYOR...,0,533,0,0,68,0,0
4.1528,16252,Rest,HAZIRLANIYOR...,0,469,0,0,0,0,0
4.1528,16253,Rest,HAZIRLANIYOR...,0,391,0,0,0,0,0
4.1528,16254,Rest,HAZIRLANIYOR...,0,301,0,21,0,0,0
4.1528,16255,Rest,HAZIRLANIYOR...,0,204,0,40,0,0,0
4.1528,16256,Rest,HAZIRLANIYOR...,0,102,0,57,0,0,0
4.1528,16257,Rest,HAZIRLANIYOR...,0,1,0,74,0,0,0
4.1528,16258,Rest,HAZIRLANIYOR...,0,0,29,89,0,0,0
4.1529,16259,Rest,HAZIRLANIYOR...,0,0,264,105,0,0,0
4.1529,16260,Rest,HAZIRLANIYOR...,0,0,487,120,0,0,1
4.1529,16261,Rest,HAZIRLANIYOR...,0,0,694,134,0,0,0
4.1529,16262,Rest,HAZIRLANIYOR...,0,0,877,142,0,3,0
4.1529,16263,Rest,HAZIRLANIYOR...,0,0,1030,144,0,9,0
4.1529,16264,Rest,HAZIRLANIYOR...,0,0,1150,143,0,11,6
4.1529,16265,Rest,HAZIRLANIYOR...,0,0,1238,139,0,11,10
4.1530,16266,Rest,HAZIRLANIYOR...,0,0,1298,128,0,11,4
4.1530,16267,Rest,HAZIRLANIYOR...,0,0,1330,106,0,11,0
4.1530,16268,Rest,HAZIRLANIYOR...,0,0,1328,76,0,12,0
4.1531,16269,Rest,HAZIRLANIYOR...,0,0,1288,44,63,12,0
4.1532,16270,Rest,HAZIRLANIYOR...,0,0,1212,16,144,11,0
4.1678,16271,Rest,HAZIRLANIYOR...,0,0,1100,0,221,9,0
4.1679,16272,Rest,HAZIRLANIYOR...,0,0,949,0,296,8,0
4.1679,16273,Rest,HAZIRLANIYOR...,0,0,757,0,373,9,0
4.1680,16274,Rest,HAZIRLANIYOR...,0,0,525,0,459,9,5
4.1680,16275,Rest,HAZIRLANIYOR...,0,0,258,0,563,8,5
4.1680,16276,Rest,HAZIRLANIYOR...,0,94,0,0,667,6,2
4.1680,16277,Rest,HAZIRLANIYOR...,0,197,0,0,743,4,0
4.1680,16278,Rest,HAZIRLANIYOR...,0,293,0,0,779,1,0
4.1681,16279,Rest,HAZIRLANIYOR...,0,377,0,0,782,2,1
4.1681,16280,Rest,HAZIRLANIYOR...,0,449,0,0,763,7,7
4.1681,16281,Rest,HAZIRLANIYOR...,0,509,0,0,743,11,9
4.1681,16282,Rest,HAZIRLANIYOR...,0,559,0,0,724,9,2
4.1682,16283,Rest,HAZIRLANIYOR...,0,592,0,0,661,0,0
4.1682,16284,Rest,HAZIRLANIYOR...,0,600,0,0,520,0,0
4.1682,16285,Rest,HAZIRLANIYOR...,0,583,0,0,329,0,0
4.1682,16286,Rest,HAZIRLANIYOR...,0,547,0,0,138,0,0
4.1683,16287,Rest,HAZIRLANIYOR...,0,494,0,0,0,0,0
4.1683,16288,Rest,HAZIRLANIYOR...,0,423,0,0,0,0,3
4.1683,16289,Rest,HAZIRLANIYOR...,0,338,0,9,0,0,0
4.1683,16290,Rest,HAZIRLANIYOR...,0,246,0,28,0,0,0
4.1683,16291,Rest,HAZIRLANIYOR...,0,148,0,46,0,0,0
4.1683,16292,Rest,HAZIRLANIYOR...,0,46,0,62,0,0,0
4.1683,16293,Rest,HAZIRLANIYOR...,0,0,0,78,0,0,3
4.1684,16294,Rest,HAZIRLANIYOR...,0,0,146,94,0,0,9
4.1684,16295,Rest,HAZIRLANIYOR...,0,0,379,110,0,0,2
4.1685,16296,Rest,HAZIRLANIYOR...,0,0,596,123,0,0,0
4.1686,16297,Rest,HAZIRLANIYOR...,0,0,790,133,0,0,0
4.1832,16298,Rest,HAZIRLANIYOR...,0,0,959,141,0,7,0
4.1833,16299,Rest,HAZIRLANIYOR...,0,0,1099,145,0,14,0
4.1833,16300,Rest,HAZIRLANIYOR...,0,0,1207,142,0,18,0
4.1834,16301,Rest,HAZIRLANIYOR...,0,0,1281,131,0,13,0
4.1834,16302,Rest,HAZIRLANIYOR...,0,0,1323,114,0,5,1
4.1834,16303,Rest,HAZIRLANIYOR...,0,0,1335,92,0,3,5
4.1834,16304,Rest,HAZIRLANIYOR...,0,0,1316,64,23,7,5
4.1834,16305,Rest,HAZIRLANIYOR...,0,0,1261,34,107,9,4
4.1834,16306,Rest,HAZIRLANIYOR...,0,0,1169,5,182,7,3
4.1834,16307,Rest,HAZIRLANIYOR...,0,0,1040,0,255,5,3
4.1834,16308,Rest,HAZIRLANIYOR...,0,0,870,0,329,4,3
4.1835,16309,Rest,HAZIRLANIYOR...,0,0,660,0,413,3,4
4.1835,16310,Rest,HAZIRLANIYOR...,0,0,410,0,517,4,4
4.1835,16311,Rest,HAZIRLANIYOR...,0,64,129,0,625,6,3
4.1835,16312,Rest,HAZIRLANIYOR...,0,171,0,0,711,6,2
4.1835,16313,Rest,HAZIRLANIYOR...,0,276,0,0,760,4,2
4.1835,16314,Rest,HAZIRLANIYOR...,0,375,0,0,775,1,4
4.1835,16315,Rest,HAZIRLANIYOR...,0,463,0,0,764,0,10
4.1836,16316,Rest,HAZIRLANIYOR...,0,534,0,0,747,0,13
4.1836,16317,Rest,HAZIRLANIYOR...,0,584,0,0,733,1,7
4.1836,16318,Rest,HAZIRLANIYOR...,0,618,0,0,695,3,2
4.1836,16319,Rest,HAZIRLANIYOR...,0,635,0,0,591,2,3
4.1836,16320,Rest,HAZIRLANIYOR...,0,632,0,0,422,0,0
4.1836,16321,Rest,HAZIRLANIYOR...,0,605,0,0,233,0,0
4.1836,16322,Rest,HAZIRLANIYOR...,0,558,0,0,54,0,0
4.1836,16323,Rest,HAZIRLANIYOR...,0,495,0,0,0,0,0
4.1992,16324,Rest,HAZIRLANIYOR...,0,420,0,0,0,0,0
4.1992,16325,Rest,HAZIRLANIYOR...,0,333,0,13,0,0,0
4.1993,16326,Rest,HAZIRLANIYOR...,0,241,0,33,0,0,0
4.1993,16327,Rest,HAZIRLANIYOR...,0,147,0,51,0,0,0
4.1993,16328,Rest,HAZIRLANIYOR...,0,53,0,68,0,0,0
4.1993,16329,Rest,HAZIRLANIYOR...,0,0,30,86,0,3,0
4.1993,16330,Rest,HAZIRLANIYOR...,0,0,262,101,0,0,0
4.1993,16331,Rest,HAZIRLANIYOR...,0,0,482,116,0,0,0
4.1993,16332,Rest,HAZIRLANIYOR...,0,0,686,130,0,0,0
4.1993,16333,Rest,HAZIRLANIYOR...,0,0,867,140,0,1,0
4.1993,16334,Rest,HAZIRLANIYOR...,0,0,1018,146,0,4,3
4.1994,16335,Rest,HAZIRLANIYOR...,0,0,1137,148,0,5,6
4.1994,16336,Rest,HAZIRLANIYOR...,0,0,1225,143,0,8,7
4.1994,16337,Rest,HAZIRLANIYOR...,0,0,1285,131,0,11,3
4.1994,16338,Rest,HAZIRLANIYOR...,0,0,1319,114,0,13,0
4.1994,16339,Rest,HAZIRLANIYOR...,0,0,1321,90,0,13,0
4.1994,16340,Rest,HAZIRLANIYOR...,0,0,1285,62,70,11,0
4.1994,16341,Rest,HAZIRLANIYOR...,0,0,1210,33,149,11,8
4.1995,16342,Rest,HAZIRLANIYOR...,0,0,1100,8,221,15,12
4.1995,16343,Rest,HAZIRLANIYOR...,0,0,950,0,292,16,7
4.1995,16344,Rest,HAZIRLANIYOR...,0,0,759,0,373,10,2
4.1995,16345,Rest,HAZIRLANIYOR...,0,0,527,0,475,2,2
4.1995,16346,Rest,HAZIRLANIYOR...,0,25,263,0,584,1,0
4.1995,16347,Rest,HAZIRLANIYOR...,0,122,0,0,672,4,0
4.1995,16348,Rest,HAZIRLANIYOR...,0,218,0,0,728,5,0
4.1995,16349,Rest,HAZIRLANIYOR...,0,308,0,0,758,2,0
4.1995,16350,Rest,HAZIRLANIYOR...,0,389,0,0,765,0,0
4.1996,16351,Rest,HAZIRLANIYOR...,0,460,0,0,751,0,0
4.1997,16352,Rest,HAZIRLANIYOR...,0,517,0,0,733,0,0
4.2148,16353,Rest,HAZIRLANIYOR...,0,554,0,0,711,0,0
4.2149,16354,Rest,HAZIRLANIYOR...,0,570,0,0,654,0,0
4.2150,16355,Rest,HAZIRLANIYOR...,0,566,0,0,524,0,0
4.2150,16356,Rest,HAZIRLANIYOR...,0,545,0,0,332,0,0
4.2150,16357,Rest,HAZIRLANIYOR...,0,505,0,0,128,0,0
4.2151,16358,Rest,HAZIRLANIYOR...,0,445,0,0,0,0,0
4.2151,16359,Rest,HAZIRLANIYOR...,0,369,0,0,0,0,0
4.2152,16360,Rest,HAZIRLANIYOR...,0,282,0,0,0,0,4
4.2153,16361,Rest,HAZIRLANIYOR...,0,187,0,21,0,0,8
4.2153,16362,Rest,HAZIRLANIYOR...,0,86,0,42,0,0,3
4.2153,16363,Rest,HAZIRLANIYOR...,0,0,0,58,0,0,0
4.2153,16364,Rest,HAZIRLANIYOR...,0,0,0,74,0,0,0
4.2153,16365,Rest,HAZIRLANIYOR...,0,0,151,91,0,0,13
4.2153,16366,Rest,HAZIRLANIYOR...,0,0,380,107,0,0,12
4.2153,16367,Rest,HAZIRLANIYOR...,0,0,594,120,0,0,0
4.2153,16368,Rest,HAZIRLANIYOR...,0,0,787,131,0,0,0
4.2154,16369,Rest,HAZIRLANIYOR...,0,0,953,138,0,3,0
4.2154,16370,Rest,HAZIRLANIYOR...,0,0,1089,139,0,6,0
4.2154,16371,Rest,HAZIRLANIYOR...,0,0,1194,136,0,8,1
4.2154,16372,Rest,HAZIRLANIYOR...,0,0,1266,130,0,10,0
4.2155,16373,Rest,HAZIRLANIYOR...,0,0,1309,115,0,12,0
4.2155,16374,Rest,HAZIRLANIYOR...,0,0,1323,90,0,12,0
4.2155,16375,Rest,HAZIRLANIYOR...,0,0,1303,60,29,12,1
4.2155,16376,Rest,HAZIRLANIYOR...,0,0,1244,31,113,11,0
4.2155,16377,Rest,HAZIRLANIYOR...,0,0,1149,5,190,9,1
4.2155,16378,Rest,HAZIRLANIYOR...,0,0,1018,0,263,10,7
4.2155,16379,Rest,HAZIRLANIYOR...,0,0,848,0,337,13,13
4.2157,16380,Rest,HAZIRLANIYOR...,0,0,635,0,427,10,9
4.2307,16381,Rest,HAZIRLANIYOR...,0,0,383,0,531,4,0
4.2308,16382,Rest,HAZIRLANIYOR...,0,53,102,0,627,2,0
4.2308,16383,Rest,HAZIRLANIYOR...,0,162,0,0,697,4,0
4.2308,16384,Rest,HAZIRLANIYOR...,0,269,0,0,743,5,2
4.2308,16385,Rest,HAZIRLANIYOR...,0,369,0,0,764,2,1
4.2308,16386,Rest,HAZIRLANIYOR...,0,457,0,0,759,0,0
4.2309,16387,Rest,HAZIRLANIYOR...,0,528,0,0,741,0,5
4.2309,16388,Rest,HAZIRLANIYOR...,0,580,0,0,718,0,9
4.2309,16389,Rest,HAZIRLANIYOR...,0,617,0,0,677,0,4
4.2309,16390,Rest,HAZIRLANIYOR...,0,638,0,0,584,0,0
4.2309,16391,Rest,HAZIRLANIYOR...,0,637,0,0,427,0,0
4.2309,16392,Rest,HAZIRLANIYOR...,0,612,0,0,233,0,0
4.2309,16393,Rest,HAZIRLANIYOR...,0,563,0,0,46,0,0
4.2310,16394,Rest,HAZIRLANIYOR...,0,496,0,0,0,0,0
4.2310,16395,Rest,HAZIRLANIYOR...,0,416,0,0,0,0,0
4.2310,16396,Rest,HAZIRLANIYOR...,0,325,0,22,0,0,0
4.2310,16397,Rest,HAZIRLANIYOR...,0,227,0,43,0,0,0
4.2310,16398,Rest,HAZIRLANIYOR...,0,123,0,63,0,0,0
4.2310,16399,Rest,HAZIRLANIYOR...,0,19,0,82,0,0,0
4.2311,16400,Rest,HAZIRLANIYOR...,0,0,49,98,0,0,0
4.2311,16401,Rest,HAZIRLANIYOR...,0,0,281,111,0,0,0
4.2311,16402,Rest,HAZIRLANIYOR...,0,0,503,123,0,0,0
4.2311,16403,Rest,HAZIRLANIYOR...,0,0,709,134,0,0,1
4.2311,16404,Rest,HAZIRLANIYOR...,0,0,888,144,0,0,6
4.2311,16405,Rest,HAZIRLANIYOR...,0,0,1035,149,0,4,9
4.2311,16406,Rest,HAZIRLANIYOR...,0,0,1154,148,0,7,4
4.2311,16407,Rest,HAZIRLANIYOR...,0,0,1246,139,0,11,0
4.2312,16408,Rest,HAZIRLANIYOR...,0,0,1306,123,0,12,0
4.2461,16409,Rest,HAZIRLANIYOR...,0,0,1332,102,0,10,0
4.2462,16410,Rest,HAZIRLANIYOR...,0,0,1325,75,0,8,1
4.2462,16411,Rest,HAZIRLANIYOR...,0,0,1284,46,73,6,3
4.2463,16412,Rest,HAZIRLANIYOR...,0,0,1207,16,154,6,3
4.2463,16413,Rest,HAZIRLANIYOR...,0,0,1092,0,230,6,3
4.2463,16414,Rest,HAZIRLANIYOR...,0,0,939,0,304,7,4
4.2463,16415,Rest,HAZIRLANIYOR...,0,0,747,0,380,9,3
4.2463,16416,Rest,HAZIRLANIYOR...,0,0,513,0,468,14,1
4.2463,16417,Rest,HAZIRLANIYOR...,0,0,245,0,568,17,0
4.2464,16418,Rest,HAZIRLANIYOR...,0,97,0,0,659,11,0
4.2464,16419,Rest,HAZIRLANIYOR...,0,198,0,0,721,2,2
4.2464,16420,Rest,HAZIRLANIYOR...,0,297,0,0,750,4,3
4.2464,16421,Rest,HAZIRLANIYOR...,0,389,0,0,751,9,2
4.2464,16422,Rest,HAZIRLANIYOR...,0,466,0,0,736,3,1
4.2465,16423,Rest,HAZIRLANIYOR...,0,529,0,0,727,0,0
4.2465,16424,Rest,HAZIRLANIYOR...,0,577,0,0,711,0,0
4.2465,16425,Rest,HAZIRLANIYOR...,0,608,0,0,644,0,0
4.2465,16426,Rest,HAZIRLANIYOR...,0,616,0,0,507,0,0
4.2465,16427,Rest,HAZIRLANIYOR...,0,602,0,0,327,0,0
4.2465,16428,Rest,HAZIRLANIYOR...,0,568,0,0,140,0,0
4.2466,16429,Rest,HAZIRLANIYOR...,0,516,0,0,0,0,0
4.2466,16430,Rest,HAZIRLANIYOR...,0,448,0,0,0,0,0
4.2466,16431,Rest,HAZIRLANIYOR...,0,367,0,14,0,0,0
4.2466,16432,Rest,HAZIRLANIYOR...,0,278,0,36,0,0,0
4.2466,16433,Rest,HAZIRLANIYOR...,0,188,0,56,0,0,0
4.2467,16434,Rest,HAZIRLANIYOR...,0,93,0,76,0,0,0
4.2468,16435,Rest,HAZIRLANIYOR...,0,0,0,92,0,0,2
4.2471,16436,Rest,HAZIRLANIYOR...,0,0,169,105,0,0,5
4.2622,16437,Rest,HAZIRLANIYOR...,0,0,397,117,0,0,3
4.2623,16438,Rest,HAZIRLANIYOR...,0,0,609,127,0,0,3
4.2623,16439,Rest,HAZIRLANIYOR...,0,0,799,137,0,5,9
4.2623,16440,Rest,HAZIRLANIYOR...,0,0,964,143,0,9,7
4.2623,16441,Rest,HAZIRLANIYOR...,0,0,1102,143,0,4,1
4.2623,16442,Rest,HAZIRLANIYOR...,0,0,1209,137,0,2,0
4.2624,16443,Rest,HAZIRLANIYOR...,0,0,1282,125,0,7,0
4.2624,16444,Rest,HAZIRLANIYOR...,0,0,1323,107,0,13,0
4.2624,16445,Rest,HAZIRLANIYOR...,0,0,1335,82,0,18,0
4.2624,16446,Rest,HAZIRLANIYOR...,0,0,1312,54,41,17,9
4.2624,16447,Rest,HAZIRLANIYOR...,0,0,1249,32,125,8,10
4.2625,16448,Rest,HAZIRLANIYOR...,0,0,1149,12,200,0,0
4.2625,16449,Rest,HAZIRLANIYOR...,0,0,1014,0,273,1,0
4.2625,16450,Rest,HAZIRLANIYOR...,0,0,839,0,346,7,0
4.2625,16451,Rest,HAZIRLANIYOR...,0,0,621,0,426,10,0
4.2625,16452,Rest,HAZIRLANIYOR...,0,0,366,0,514,9,0
4.2625,16453,Rest,HAZIRLANIYOR...,0,61,85,0,601,7,3
4.2625,16454,Rest,HAZIRLANIYOR...,0,162,0,0,673,6,8
4.2625,16455,Rest,HAZIRLANIYOR...,0,259,0,0,720,4,0
4.2626,16456,Rest,HAZIRLANIYOR...,0,348,0,0,737,3,0
4.2626,16457,Rest,HAZIRLANIYOR...,0,426,0,0,725,1,0
4.2626,16458,Rest,HAZIRLANIYOR...,0,489,0,0,706,0,0
4.2626,16459,Rest,HAZIRLANIYOR...,0,533,0,0,695,0,9
4.2626,16460,Rest,HAZIRLANIYOR...,0,559,0,0,674,0,8
4.2626,16461,Rest,HAZIRLANIYOR...,0,571,0,0,600,0,0
4.2626,16462,Rest,HAZIRLANIYOR...,0,565,0,0,457,0,0
4.2626,16463,Rest,HAZIRLANIYOR...,0,535,0,0,271,0,0
4.2783,16464,Rest,HAZIRLANIYOR...,0,485,0,0,82,0,0
4.2784,16465,Rest,HAZIRLANIYOR...,0,420,0,0,0,0,0
4.2784,16466,Rest,HAZIRLANIYOR...,0,343,0,6,0,0,0
4.2784,16467,Rest,HAZIRLANIYOR...,0,253,0,27,0,0,0
4.2784,16468,Rest,HAZIRLANIYOR...,0,157,0,47,0,0,0
4.2784,16469,Rest,HAZIRLANIYOR...,0,60,0,64,0,0,0
4.2784,16470,Rest,HAZIRLANIYOR...,0,0,0,76,0,0,0
4.2784,16471,Rest,HAZIRLANIYOR...,0,0,44,87,0,0,0
4.2785,16472,Rest,HAZIRLANIYOR...,0,0,283,101,0,0,0
4.2785,16473,Rest,HAZIRLANIYOR...,0,0,510,116,0,0,0
4.2785,16474,Rest,HAZIRLANIYOR...,0,0,718,128,0,0,2
4.2785,16475,Rest,HAZIRLANIYOR...,0,0,902,134,0,0,5
4.2785,16476,Rest,HAZIRLANIYOR...,0,0,1054,134,0,1,8
4.2785,16477,Rest,HAZIRLANIYOR...,0,0,1173,130,0,2,9
4.2785,16478,Rest,HAZIRLANIYOR...,0,0,1262,122,0,4,4
4.2786,16479,Rest,HAZIRLANIYOR...,0,0,1322,106,0,5,0
4.2786,16480,Rest,HAZIRLANIYOR...,0,0,1351,82,0,6,0
4.2786,16481,Rest,HAZIRLANIYOR...,0,0,1345,54,0,7,2
4.2786,16482,Rest,HAZIRLANIYOR...,0,0,1302,26,72,7,3
4.2786,16483,Rest,HAZIRLANIYOR...,0,0,1222,1,153,8,2
4.2786,16484,Rest,HAZIRLANIYOR...,0,0,1106,0,230,8,2
4.2787,16485,Rest,HAZIRLANIYOR...,0,0,952,0,303,7,4
4.2787,16486,Rest,HAZIRLANIYOR...,0,0,754,0,378,4,5
4.2787,16487,Rest,HAZIRLANIYOR...,0,0,516,0,464,3,3
4.2787,16488,Rest,HAZIRLANIYOR...,0,12,246,0,559,4,1
4.2787,16489,Rest,HAZIRLANIYOR...,0,116,0,0,644,10,1
4.2787,16490,Rest,HAZIRLANIYOR...,0,216,0,0,698,16,2
4.2787,16491,Rest,HAZIRLANIYOR...,0,315,0,0,718,13,2
4.2788,16492,Rest,HAZIRLANIYOR...,0,408,0,0,710,1,1
4.2935,16493,Rest,HAZIRLANIYOR...,0,489,0,0,675,0,0
4.2936,16494,Rest,HAZIRLANIYOR...,0,554,0,0,629,0,0
4.2936,16495,Rest,HAZIRLANIYOR...,0,600,0,0,588,0,1
4.2937,16496,Rest,HAZIRLANIYOR...,0,627,0,0,545,0,0
4.2937,16497,Rest,HAZIRLANIYOR...,0,632,0,0,478,0,0
4.2937,16498,Rest,HAZIRLANIYOR...,0,618,0,0,368,0,0
4.2937,16499,Rest,HAZIRLANIYOR...,0,588,0,0,216,0,2
4.2937,16500,Rest,HAZIRLANIYOR...,0,537,0,0,51,0,1
4.2937,16501,Rest,HAZIRLANIYOR...,0,465,0,0,0,0,0
4.2937,16502,Rest,HAZIRLANIYOR...,0,378,0,22,0,0,0
4.2937,16503,Rest,HAZIRLANIYOR...,0,288,0,42,0,0,0
4.2938,16504,Rest,HAZIRLANIYOR...,0,195,0,59,0,0,6
4.2938,16505,Rest,HAZIRLANIYOR...,0,97,0,73,0,0,9
4.2938,16506,Rest,HAZIRLANIYOR...,0,0,0,84,0,0,1
4.2938,16507,Rest,HAZIRLANIYOR...,0,0,127,95,0,0,0
4.2938,16508,Rest,HAZIRLANIYOR...,0,0,361,105,0,0,0
4.2939,16509,Rest,HAZIRLANIYOR...,0,0,580,116,0,0,0
4.2939,16510,Rest,HAZIRLANIYOR...,0,0,779,126,0,0,0
4.2939,16511,Rest,HAZIRLANIYOR...,0,0,953,132,0,6,0
4.2939,16512,Rest,HAZIRLANIYOR...,0,0,1096,132,0,11,0
4.2939,16513,Rest,HAZIRLANIYOR...,0,0,1206,127,0,8,0
4.2939,16514,Rest,HAZIRLANIYOR...,0,0,1283,119,0,1,3
4.2940,16515,Rest,HAZIRLANIYOR...,0,0,1330,102,0,2,9
4.2940,16516,Rest,HAZIRLANIYOR...,0,0,1347,77,0,7,11
4.2940,16517,Rest,HAZIRLANIYOR...,0,0,1329,47,22,10,3
4.2940,16518,Rest,HAZIRLANIYOR...,0,0,1270,18,108,8,0
4.2941,16519,Rest,HAZIRLANIYOR...,0,0,1171,0,187,6,0
4.3097,16520,Rest,HAZIRLANIYOR...,0,0,1037,0,262,6,0
4.3098,16521,Rest,HAZIRLANIYOR...,0,0,864,0,336,5,2
4.3098,16522,Rest,HAZIRLANIYOR...,0,0,649,0,413,6,2
4.3098,16523,Rest,HAZIRLANIYOR...,0,0,393,0,499,9,5
4.3098,16524,Rest,HAZIRLANIYOR...,0,38,109,0,587,12,6
4.3098,16525,Rest,HAZIRLANIYOR...,0,136,0,0,662,7,1
4.3098,16526,Rest,HAZIRLANIYOR...,0,232,0,0,711,0,0
4.3098,16527,Rest,HAZIRLANIYOR...,0,324,0,0,725,0,0
4.3099,16528,Rest,HAZIRLANIYOR...,0,404,0,0,702,0,4
4.3099,16529,Rest,HAZIRLANIYOR...,0,466,0,0,660,0,1
4.3099,16530,Rest,HAZIRLANIYOR...,0,510,0,0,620,0,0
4.3099,16531,Rest,HAZIRLANIYOR...,0,539,0,0,582,0,0
4.3099,16532,Rest,HAZIRLANIYOR...,0,552,0,0,521,1,0
4.3099,16533,Rest,HAZIRLANIYOR...,0,548,0,0,422,2,2
4.3099,16534,Rest,HAZIRLANIYOR...,0,523,0,0,286,0,0
4.3099,16535,Rest,HAZIRLANIYOR...,0,478,0,0,132,0,0
4.3100,16536,Rest,HAZIRLANIYOR...,0,415,0,0,0,0,0
4.3100,16537,Rest,HAZIRLANIYOR...,0,339,0,17,0,0,0
4.3100,16538,Rest,HAZIRLANIYOR...,0,252,0,38,0,0,0
4.3100,16539,Rest,HAZIRLANIYOR...,0,156,0,56,0,0,0
4.3100,16540,Rest,HAZIRLANIYOR...,0,55,0,72,0,0,0
4.3100,16541,Rest,HAZIRLANIYOR...,0,0,0,85,0,0,0
4.3100,16542,Rest,HAZIRLANIYOR...,0,0,20,96,0,0,0
4.3100,16543,Rest,HAZIRLANIYOR...,0,0,260,107,0,0,0
4.3101,16544,Rest,HAZIRLANIYOR...,0,0,488,117,0,0,0
4.3101,16545,Rest,HAZIRLANIYOR...,0,0,697,125,0,0,0
4.3101,16546,Rest,HAZIRLANIYOR...,0,0,883,129,0,0,2
4.3101,16547,Rest,HAZIRLANIYOR...,0,0,1042,129,0,0,0
4.3252,16548,Rest,HAZIRLANIYOR...,0,0,1170,127,0,3,0
4.3253,16549,Rest,HAZIRLANIYOR...,0,0,1264,121,0,7,3
4.3253,16550,Rest,HAZIRLANIYOR...,0,0,1323,106,0,11,9
4.3254,16551,Rest,HAZIRLANIYOR...,0,0,1353,81,0,13,6
4.3254,16552,Rest,HAZIRLANIYOR...,0,0,1352,52,0,18,0
4.3254,16553,Rest,HAZIRLANIYOR...,0,0,1311,24,58,20,0
4.3254,16554,Rest,HAZIRLANIYOR...,0,0,1227,0,142,13,0
4.3254,16555,Rest,HAZIRLANIYOR...,0,0,1104,0,221,5,0
4.3254,16556,Rest,HAZIRLANIYOR...,0,0,946,0,297,5,0
4.3254,16557,Rest,HAZIRLANIYOR...,0,0,747,0,373,10,0
4.3255,16558,Rest,HAZIRLANIYOR...,0,0,506,0,459,11,0
4.3255,16559,Rest,HAZIRLANIYOR...,0,33,231,0,554,10,0
4.3255,16560,Rest,HAZIRLANIYOR...,0,142,0,0,642,11,0
4.3255,16561,Rest,HAZIRLANIYOR...,0,249,0,0,704,11,2
4.3255,16562,Rest,HAZIRLANIYOR...,0,347,0,0,729,7,2
4.3255,16563,Rest,HAZIRLANIYOR...,0,435,0,0,717,0,1
4.3255,16564,Rest,HAZIRLANIYOR...,0,513,0,0,678,0,0
4.3255,16565,Rest,HAZIRLANIYOR...,0,574,0,0,633,0,0
4.3255,16566,Rest,HAZIRLANIYOR...,0,612,0,0,594,0,0
4.3256,16567,Rest,HAZIRLANIYOR...,0,631,0,0,549,0,0
4.3256,16568,Rest,HAZIRLANIYOR...,0,634,0,0,473,0,0
4.3256,16569,Rest,HAZIRLANIYOR...,0,619,0,0,357,0,1
4.3256,16570,Rest,HAZIRLANIYOR...,0,585,0,0,212,0,1
4.3256,16571,Rest,HAZIRLANIYOR...,0,534,0,0,58,0,0
4.3256,16572,Rest,HAZIRLANIYOR...,0,468,0,4,0,0,0
4.3256,16573,Rest,HAZIRLANIYOR...,0,390,0,28,0,0,0
4.3256,16574,Rest,HAZIRLANIYOR...,0,304,0,49,0,0,3
4.3257,16575,Rest,HAZIRLANIYOR...,0,211,0,67,0,0,3
4.3402,16576,Rest,HAZIRLANIYOR...,0,114,0,81,0,0,0
4.3403,16577,Rest,HAZIRLANIYOR...,0,14,0,92,0,0,0
4.3403,16578,Rest,HAZIRLANIYOR...,0,0,144,104,0,0,0
4.3403,16579,Rest,HAZIRLANIYOR...,0,0,380,117,0,0,0
4.3404,16580,Rest,HAZIRLANIYOR...,0,0,602,126,0,0,0
4.3404,16581,Rest,HAZIRLANIYOR...,0,0,803,129,0,0,0
4.3404,16582,Rest,HAZIRLANIYOR...,0,0,977,130,0,1,0
4.3404,16583,Rest,HAZIRLANIYOR...,0,0,1120,129,0,4,0
4.3404,16584,Rest,HAZIRLANIYOR...,0,0,1230,124,0,6,1
4.3404,16585,Rest,HAZIRLANIYOR...,0,0,1306,113,0,8,3
4.3404,16586,Rest,HAZIRLANIYOR...,0,0,1349,93,0,9,5
4.3404,16587,Rest,HAZIRLANIYOR...,0,0,1362,66,0,11,6
4.3405,16588,Rest,HAZIRLANIYOR...,0,0,1341,37,9,14,6
4.3405,16589,Rest,HAZIRLANIYOR...,0,0,1279,9,96,14,4
4.3405,16590,Rest,HAZIRLANIYOR...,0,0,1176,0,176,6,3
4.3405,16591,Rest,HAZIRLANIYOR...,0,0,1038,0,254,0,1
4.3405,16592,Rest,HAZIRLANIYOR...,0,0,862,0,336,1,2
4.3405,16593,Rest,HAZIRLANIYOR...,0,0,644,0,424,5,2
4.3405,16594,Rest,HAZIRLANIYOR...,0,0,383,0,510,6,1
4.3406,16595,Rest,HAZIRLANIYOR...,0,30,92,0,591,5,2
4.3406,16596,Rest,HAZIRLANIYOR...,0,132,0,0,664,4,8
4.3406,16597,Rest,HAZIRLANIYOR...,0,230,0,0,724,2,12
4.3406,16598,Rest,HAZIRLANIYOR...,0,320,0,0,750,0,6
4.3406,16599,Rest,HAZIRLANIYOR...,0,399,0,0,735,0,0
4.3406,16600,Rest,HAZIRLANIYOR...,0,464,0,0,702,0,0
4.3406,16601,Rest,HAZIRLANIYOR...,0,512,0,0,678,0,0
4.3408,16602,Rest,HAZIRLANIYOR...,0,545,0,0,646,1,0
4.3556,16603,Rest,HAZIRLANIYOR...,0,562,0,0,572,2,0
4.3557,16604,Rest,HAZIRLANIYOR...,0,560,0,0,445,0,0
4.3557,16605,Rest,HAZIRLANIYOR...,0,536,0,0,274,0,0
4.3557,16606,Rest,HAZIRLANIYOR...,0,492,0,0,88,0,0
4.3557,16607,Rest,HAZIRLANIYOR...,0,429,0,0,0,0,0
4.3557,16608,Rest,HAZIRLANIYOR...,0,349,0,13,0,0,0
4.3558,16609,Rest,HAZIRLANIYOR...,0,260,0,34,0,0,0
4.3558,16610,Rest,HAZIRLANIYOR...,0,165,0,49,0,0,3
4.3558,16611,Rest,HAZIRLANIYOR...,0,60,0,63,0,0,5
4.3558,16612,Rest,HAZIRLANIYOR...,0,0,0,75,0,0,0
4.3558,16613,Rest,HAZIRLANIYOR...,0,0,49,86,0,0,0
4.3558,16614,Rest,HAZIRLANIYOR...,0,0,291,96,0,0,0
4.3559,16615,Rest,HAZIRLANIYOR...,0,0,522,107,0,0,0
4.3559,16616,Rest,HAZIRLANIYOR...,0,0,733,117,0,0,0
4.3559,16617,Rest,HAZIRLANIYOR...,0,0,917,123,0,1,2
4.3559,16618,Rest,HAZIRLANIYOR...,0,0,1071,122,0,3,4
4.3559,16619,Rest,HAZIRLANIYOR...,0,0,1190,117,0,6,2
4.3559,16620,Rest,HAZIRLANIYOR...,0,0,1277,109,0,10,0
4.3560,16621,Rest,HAZIRLANIYOR...,0,0,1337,97,0,13,0
4.3560,16622,Rest,HAZIRLANIYOR...,0,0,1367,77,0,11,0
4.3560,16623,Rest,HAZIRLANIYOR...,0,0,1361,50,0,13,2
4.3560,16624,Rest,HAZIRLANIYOR...,0,0,1314,21,59,21,7
4.3560,16625,Rest,HAZIRLANIYOR...,0,0,1227,0,145,23,7
4.3560,16626,Rest,HAZIRLANIYOR...,0,0,1107,0,226,12,0
4.3561,16627,Rest,HAZIRLANIYOR...,0,0,953,0,297,4,0
4.3563,16628,Rest,HAZIRLANIYOR...,0,0,755,0,369,5,0
4.3563,16629,Rest,HAZIRLANIYOR...,0,0,508,0,457,5,0
4.3715,16630,Rest,HAZIRLANIYOR...,0,67,226,0,554,0,3
4.3716,16631,Rest,HAZIRLANIYOR...,0,163,0,0,636,0,1
4.3716,16632,Rest,HAZIRLANIYOR...,0,260,0,0,691,0,0
4.3716,16633,Rest,HAZIRLANIYOR...,0,353,0,0,719,0,0
4.3716,16634,Rest,HAZIRLANIYOR...,0,436,0,0,717,0,0
4.3716,16635,Rest,HAZIRLANIYOR...,0,500,0,0,686,0,0
4.3717,16636,Rest,HAZIRLANIYOR...,0,547,0,0,644,0,0
4.3717,16637,Rest,HAZIRLANIYOR...,0,577,0,0,605,0,2
4.3717,16638,Rest,HAZIRLANIYOR...,0,594,0,0,558,0,3
4.3717,16639,Rest,HAZIRLANIYOR...,0,595,0,0,479,0,0
4.3717,16640,Rest,HAZIRLANIYOR...,0,576,0,0,360,0,0
4.3717,16641,Rest,HAZIRLANIYOR...,0,537,0,0,212,0,0
4.3718,16642,Rest,HAZIRLANIYOR...,0,483,0,0,58,0,0
4.3718,16643,Rest,HAZIRLANIYOR...,0,415,0,20,0,0,0
4.3718,16644,Rest,HAZIRLANIYOR...,0,335,0,43,0,0,0
4.3718,16645,Rest,HAZIRLANIYOR...,0,244,0,62,0,0,0
4.3718,16646,Rest,HAZIRLANIYOR...,0,147,0,77,0,0,0
4.3718,16647,Rest,HAZIRLANIYOR...,0,48,0,88,0,0,0
4.3718,16648,Rest,HAZIRLANIYOR...,0,0,0,97,0,0,0
4.3718,16649,Rest,HAZIRLANIYOR...,0,0,149,106,0,0,0
4.3718,16650,Rest,HAZIRLANIYOR...,0,0,386,113,0,0,0
4.3718,16651,Rest,HAZIRLANIYOR...,0,0,607,117,0,0,0
4.3718,16652,Rest,HAZIRLANIYOR...,0,0,807,121,0,1,1
4.3718,16653,Rest,HAZIRLANIYOR...,0,0,982,121,0,4,2
4.3718,16654,Rest,HAZIRLANIYOR...,0,0,1123,116,0,6,2
4.3718,16655,Rest,HAZIRLANIYOR...,0,0,1232,107,0,8,1
4.3719,16656,Rest,HAZIRLANIYOR...,0,0,1312,92,0,9,1
4.3719,16657,Rest,HAZIRLANIYOR...,0,0,1361,72,0,11,4
4.3868,16658,Rest,HAZIRLANIYOR...,0,0,1376,46,0,11,8
4.3869,16659,Rest,HAZIRLANIYOR...,0,0,1350,16,14,11,8
4.3869,16660,Rest,HAZIRLANIYOR...,0,0,1284,0,100,10,4
4.3869,16661,Rest,HAZIRLANIYOR...,0,0,1182,0,183,9,1
4.3870,16662,Rest,HAZIRLANIYOR...,0,0,1045,0,260,9,0
4.3870,16663,Rest,HAZIRLANIYOR...,0,0,865,0,327,9,1
4.3870,16664,Rest,HAZIRLANIYOR...,0,0,640,0,401,8,1
4.3870,16665,Rest,HAZIRLANIYOR...,0,0,377,0,493,7,1
4.3870,16666,Rest,HAZIRLANIYOR...,0,38,91,0,582,6,7
4.3870,16667,Rest,HAZIRLANIYOR...,0,143,0,0,647,7,12
4.3871,16668,Rest,HAZIRLANIYOR...,0,245,0,0,689,11,6
4.3871,16669,Rest,HAZIRLANIYOR...,0,342,0,0,707,13,0
4.3872,16670,Rest,HAZIRLANIYOR...,0,430,0,0,692,6,0
4.3872,16671,Rest,HAZIRLANIYOR...,0,505,0,0,645,0,0
4.3872,16672,Rest,HAZIRLANIYOR...,0,559,0,0,600,0,0
4.3872,16673,Rest,HAZIRLANIYOR...,0,594,0,0,568,1,0
4.3872,16674,Rest,HAZIRLANIYOR...,0,611,0,0,511,5,0
4.3873,16675,Rest,HAZIRLANIYOR...,0,610,0,0,399,0,0
4.3873,16676,Rest,HAZIRLANIYOR...,0,588,0,0,251,0,1
4.3873,16677,Rest,HAZIRLANIYOR...,0,544,0,0,102,0,4
4.3873,16678,Rest,HAZIRLANIYOR...,0,483,0,19,0,0,0
4.3873,16679,Rest,HAZIRLANIYOR...,0,409,0,42,0,0,0
4.3873,16680,Rest,HAZIRLANIYOR...,0,324,0,61,0,0,0
4.3873,16681,Rest,HAZIRLANIYOR...,0,232,0,78,0,0,0
4.3873,16682,Rest,HAZIRLANIYOR...,0,134,0,92,0,0,0
4.3874,16683,Rest,HAZIRLANIYOR...,0,34,0,101,0,0,0
4.3874,16684,Rest,HAZIRLANIYOR...,0,0,28,108,0,0,0
4.3875,16685,Rest,HAZIRLANIYOR...,0,0,268,115,0,0,0
4.4018,16686,Rest,HAZIRLANIYOR...,0,0,497,121,0,0,2
4.4019,16687,Rest,HAZIRLANIYOR...,0,0,708,125,0,0,5
4.4020,16688,Rest,HAZIRLANIYOR...,0,0,896,126,0,0,5
4.4020,16689,Rest,HAZIRLANIYOR...,0,0,1056,124,0,2,0
4.4020,16690,Rest,HAZIRLANIYOR...,0,0,1183,118,0,4,0
4.4020,16691,Rest,HAZIRLANIYOR...,0,0,1275,107,0,4,0
4.4020,16692,Rest,HAZIRLANIYOR...,0,0,1335,88,0,3,0
4.4020,16693,Rest,HAZIRLANIYOR...,0,0,1365,62,0,3,1
4.4021,16694,Rest,HAZIRLANIYOR...,0,0,1362,32,0,5,0
4.4021,16695,Rest,HAZIRLANIYOR...,0,0,1322,3,58,10,0
4.4021,16696,Rest,HAZIRLANIYOR...,0,0,1239,0,137,16,1
4.4021,16697,Rest,HAZIRLANIYOR...,0,0,1118,0,213,18,3
4.4021,16698,Rest,HAZIRLANIYOR...,0,0,958,0,287,12,3
4.4021,16699,Rest,HAZIRLANIYOR...,0,0,758,0,365,2,1
4.4021,16700,Rest,HAZIRLANIYOR...,0,0,517,0,452,0,1
4.4022,16701,Rest,HAZIRLANIYOR...,0,4,239,0,541,5,2
4.4022,16702,Rest,HAZIRLANIYOR...,0,103,0,0,621,9,5
4.4022,16703,Rest,HAZIRLANIYOR...,0,200,0,0,680,8,4
4.4022,16704,Rest,HAZIRLANIYOR...,0,293,0,0,709,1,0
4.4022,16705,Rest,HAZIRLANIYOR...,0,378,0,0,704,0,0
4.4022,16706,Rest,HAZIRLANIYOR...,0,449,0,0,673,0,0
4.4023,16707,Rest,HAZIRLANIYOR...,0,504,0,0,634,0,0
4.4023,16708,Rest,HAZIRLANIYOR...,0,542,0,0,590,0,1
4.4023,16709,Rest,HAZIRLANIYOR...,0,564,0,0,532,0,0
4.4023,16710,Rest,HAZIRLANIYOR...,0,567,0,0,450,0,0
4.4024,16711,Rest,HAZIRLANIYOR...,0,553,0,0,338,0,0
4.4171,16712,Rest,HAZIRLANIYOR...,0,521,0,0,199,0,0
4.4172,16713,Rest,HAZIRLANIYOR...,0,470,0,0,46,0,0
4.4172,16714,Rest,HAZIRLANIYOR...,0,403,0,10,0,0,0
4.4172,16715,Rest,HAZIRLANIYOR...,0,325,0,33,0,0,0
4.4172,16716,Rest,HAZIRLANIYOR...,0,241,0,52,0,0,0
4.4172,16717,Rest,HAZIRLANIYOR...,0,152,0,66,0,0,0
4.4173,16718,Rest,HAZIRLANIYOR...,0,59,0,77,0,0,0
4.4173,16719,Rest,HAZIRLANIYOR...,0,0,0,87,0,0,0
4.4173,16720,Rest,HAZIRLANIYOR...,0,0,159,98,0,2,0
4.4173,16721,Rest,HAZIRLANIYOR...,0,0,395,105,0,0,0
4.4174,16722,Rest,HAZIRLANIYOR...,0,0,612,108,0,0,3
4.4174,16723,Rest,HAZIRLANIYOR...,0,0,811,111,0,0,3
4.4174,16724,Rest,HAZIRLANIYOR...,0,0,985,116,0,4,2
4.4174,16725,Rest,HAZIRLANIYOR...,0,0,1127,117,0,7,3
4.4174,16726,Rest,HAZIRLANIYOR...,0,0,1232,110,0,6,5
4.4174,16727,Rest,HAZIRLANIYOR...,0,0,1307,95,0,7,4
4.4174,16728,Rest,HAZIRLANIYOR...,0,0,1353,75,0,9,3
4.4174,16729,Rest,HAZIRLANIYOR...,0,0,1365,51,0,11,3
4.4175,16730,Rest,HAZIRLANIYOR...,0,0,1338,23,22,11,3
4.4175,16731,Rest,HAZIRLANIYOR...,0,0,1271,0,106,9,3
4.4175,16732,Rest,HAZIRLANIYOR...,0,0,1168,0,188,8,4
4.4175,16733,Rest,HAZIRLANIYOR...,0,0,1027,0,269,8,5
4.4175,16734,Rest,HAZIRLANIYOR...,0,0,843,0,344,7,4
4.4175,16735,Rest,HAZIRLANIYOR...,0,0,615,0,424,6,3
4.4175,16736,Rest,HAZIRLANIYOR...,0,10,351,0,518,6,2
4.4176,16737,Rest,HAZIRLANIYOR...,0,105,59,0,607,6,0
4.4177,16738,Rest,HAZIRLANIYOR...,0,200,0,0,670,4,0
4.4329,16739,Rest,HAZIRLANIYOR...,0,293,0,0,705,2,0
4.4330,16740,Rest,HAZIRLANIYOR...,0,379,0,0,712,0,0
4.4330,16741,Rest,HAZIRLANIYOR...,0,452,0,0,687,0,1
4.4330,16742,Rest,HAZIRLANIYOR...,0,509,0,0,646,0,2
4.4330,16743,Rest,HAZIRLANIYOR...,0,552,0,0,612,0,0
4.4330,16744,Rest,HAZIRLANIYOR...,0,578,0,0,576,0,0
4.4330,16745,Rest,HAZIRLANIYOR...,0,585,0,0,511,0,2
4.4330,16746,Rest,HAZIRLANIYOR...,0,571,0,0,401,0,7
4.4331,16747,Rest,HAZIRLANIYOR...,0,533,0,0,254,0,9
4.4331,16748,Rest,HAZIRLANIYOR...,0,478,0,0,89,0,2
4.4331,16749,Rest,HAZIRLANIYOR...,0,409,0,17,0,0,0
4.4331,16750,Rest,HAZIRLANIYOR...,0,329,0,38,0,0,0
4.4331,16751,Rest,HAZIRLANIYOR...,0,237,0,58,0,0,0
4.4331,16752,Rest,HAZIRLANIYOR...,0,137,0,74,0,0,0
4.4331,16753,Rest,HAZIRLANIYOR...,0,36,0,87,0,0,0
4.4331,16754,Rest,HAZIRLANIYOR...,0,0,0,98,0,0,0
4.4332,16755,Rest,HAZIRLANIYOR...,0,0,73,108,0,0,0
4.4332,16756,Rest,HAZIRLANIYOR...,0,0,315,116,0,0,0
4.4332,16757,Rest,HAZIRLANIYOR...,0,0,546,121,0,4,0
4.4332,16758,Rest,HAZIRLANIYOR...,0,0,754,124,0,5,0
4.4332,16759,Rest,HAZIRLANIYOR...,0,0,936,126,0,7,0
4.4332,16760,Rest,HAZIRLANIYOR...,0,0,1086,126,0,10,0
4.4332,16761,Rest,HAZIRLANIYOR...,0,0,1201,120,0,8,0
4.4332,16762,Rest,HAZIRLANIYOR...,0,0,1281,107,0,2,0
4.4332,16763,Rest,HAZIRLANIYOR...,0,0,1333,88,0,1,0
4.4332,16764,Rest,HAZIRLANIYOR...,0,0,1356,64,0,5,5
4.4332,16765,Rest,HAZIRLANIYOR...,0,0,1346,36,0,8,11
4.4332,16766,Rest,HAZIRLANIYOR...,0,0,1299,6,75,7,12
4.4484,16767,Rest,HAZIRLANIYOR...,0,0,1212,0,155,5,4
4.4485,16768,Rest,HAZIRLANIYOR...,0,0,1085,0,233,4,0
4.4485,16769,Rest,HAZIRLANIYOR...,0,0,919,0,310,4,0
4.4485,16770,Rest,HAZIRLANIYOR...,0,0,714,0,390,6,1
4.4485,16771,Rest,HAZIRLANIYOR...,0,0,471,0,476,12,2
4.4485,16772,Rest,HAZIRLANIYOR...,0,0,193,0,557,14,0
4.4486,16773,Rest,HAZIRLANIYOR...,0,89,0,0,625,7,0
4.4486,16774,Rest,HAZIRLANIYOR...,0,195,0,0,677,0,0
4.4486,16775,Rest,HAZIRLANIYOR...,0,295,0,0,706,0,0
4.4486,16776,Rest,HAZIRLANIYOR...,0,383,0,0,699,5,0
4.4486,16777,Rest,HAZIRLANIYOR...,0,457,0,0,663,2,0
4.4486,16778,Rest,HAZIRLANIYOR...,0,516,0,0,623,0,0
4.4486,16779,Rest,HAZIRLANIYOR...,0,558,0,0,590,0,0
4.4486,16780,Rest,HAZIRLANIYOR...,0,581,0,0,546,0,1
4.4486,16781,Rest,HAZIRLANIYOR...,0,586,0,0,461,0,0
4.4487,16782,Rest,HAZIRLANIYOR...,0,572,0,0,334,0,0
4.4487,16783,Rest,HAZIRLANIYOR...,0,540,0,0,184,0,0
4.4487,16784,Rest,HAZIRLANIYOR...,0,492,0,0,32,0,0
4.4487,16785,Rest,HAZIRLANIYOR...,0,428,0,20,0,0,2
4.4487,16786,Rest,HAZIRLANIYOR...,0,352,0,44,0,0,7
4.4487,16787,Rest,HAZIRLANIYOR...,0,266,0,63,0,0,2
4.4488,16788,Rest,HAZIRLANIYOR...,0,174,0,78,0,0,0
4.4488,16789,Rest,HAZIRLANIYOR...,0,81,0,91,0,0,0
4.4488,16790,Rest,HAZIRLANIYOR...,0,0,0,101,0,0,0
4.4488,16791,Rest,HAZIRLANIYOR...,0,0,185,104,0,0,0
4.4488,16792,Rest,HAZIRLANIYOR...,0,0,421,103,0,0,0
4.4488,16793,Rest,HAZIRLANIYOR...,0,0,641,106,0,0,0
4.4489,16794,Rest,HAZIRLANIYOR...,0,0,840,112,0,0,0
4.4637,16795,Rest,HAZIRLANIYOR...,0,0,1013,115,0,2,0
4.4638,16796,Rest,HAZIRLANIYOR...,0,0,1151,110,0,3,0
4.4638,16797,Rest,HAZIRLANIYOR...,0,0,1254,99,0,3,2
4.4638,16798,Rest,HAZIRLANIYOR...,0,0,1326,85,0,5,3
4.4638,16799,Rest,HAZIRLANIYOR...,0,0,1369,64,0,7,2
4.4639,16800,Rest,HAZIRLANIYOR...,0,0,1377,35,0,9,3
4.4639,16801,Rest,HAZIRLANIYOR...,0,0,1347,4,28,11,5
4.4639,16802,Rest,HAZIRLANIYOR...,0,0,1279,0,112,11,7
4.4639,16803,Rest,HAZIRLANIYOR...,0,0,1175,0,189,10,10
4.4639,16804,Rest,HAZIRLANIYOR...,0,0,1031,0,261,9,12
4.4639,16805,Rest,HAZIRLANIYOR...,0,0,844,0,335,9,7
4.4640,16806,Rest,HAZIRLANIYOR...,0,0,612,0,423,9,0
4.4640,16807,Rest,HAZIRLANIYOR...,0,3,342,0,517,10,0
4.4640,16808,Rest,HAZIRLANIYOR...,0,100,48,0,594,13,0
4.4640,16809,Rest,HAZIRLANIYOR...,0,198,0,0,647,13,0
4.4640,16810,Rest,HAZIRLANIYOR...,0,292,0,0,685,6,5
4.4640,16811,Rest,HAZIRLANIYOR...,0,380,0,0,698,0,7
4.4640,16812,Rest,HAZIRLANIYOR...,0,456,0,0,676,0,2
4.4641,16813,Rest,HAZIRLANIYOR...,0,512,0,0,633,0,0
4.4641,16814,Rest,HAZIRLANIYOR...,0,549,0,0,591,0,0
4.4641,16815,Rest,HAZIRLANIYOR...,0,569,0,0,550,0,0
4.4641,16816,Rest,HAZIRLANIYOR...,0,574,0,0,487,3,0
4.4641,16817,Rest,HAZIRLANIYOR...,0,561,0,0,390,8,0
4.4641,16818,Rest,HAZIRLANIYOR...,0,532,0,0,258,3,0
4.4641,16819,Rest,HAZIRLANIYOR...,0,486,0,0,102,0,2
4.4641,16820,Rest,HAZIRLANIYOR...,0,425,0,21,0,0,5
4.4642,16821,Rest,HAZIRLANIYOR...,0,351,0,42,0,0,0
4.4786,16822,Rest,HAZIRLANIYOR...,0,268,0,60,0,0,0
4.4787,16823,Rest,HAZIRLANIYOR...,0,179,0,78,0,0,0
4.4788,16824,Rest,HAZIRLANIYOR...,0,85,0,94,0,0,0
4.4789,16825,Rest,HAZIRLANIYOR...,0,0,0,103,0,0,0
4.4789,16826,Rest,HAZIRLANIYOR...,0,0,71,110,0,0,0
4.4789,16827,Rest,HAZIRLANIYOR...,0,0,314,117,0,0,0
4.4789,16828,Rest,HAZIRLANIYOR...,0,0,537,127,0,0,0
4.4790,16829,Rest,HAZIRLANIYOR...,0,0,739,133,0,2,0
4.4790,16830,Rest,HAZIRLANIYOR...,0,0,922,135,0,3,0
4.4790,16831,Rest,HAZIRLANIYOR...,0,0,1076,131,0,0,0
4.4790,16832,Rest,HAZIRLANIYOR...,0,0,1197,125,0,0,0
4.4790,16833,Rest,HAZIRLANIYOR...,0,0,1284,115,0,4,1
4.4790,16834,Rest,HAZIRLANIYOR...,0,0,1341,97,0,8,3
4.4790,16835,Rest,HAZIRLANIYOR...,0,0,1368,72,0,9,3
4.4791,16836,Rest,HAZIRLANIYOR...,0,0,1360,41,0,9,2
4.4791,16837,Rest,HAZIRLANIYOR...,0,0,1312,8,79,8,1
4.4791,16838,Rest,HAZIRLANIYOR...,0,0,1225,0,162,7,2
4.4791,16839,Rest,HAZIRLANIYOR...,0,0,1100,0,233,6,2
4.4791,16840,Rest,HAZIRLANIYOR...,0,0,934,0,299,5,2
4.4791,16841,Rest,HAZIRLANIYOR...,0,0,727,0,380,5,1
4.4791,16842,Rest,HAZIRLANIYOR...,0,0,479,0,487,6,2
4.4792,16843,Rest,HAZIRLANIYOR...,0,6,197,0,601,7,3
4.4792,16844,Rest,HAZIRLANIYOR...,0,107,0,0,694,6,3
4.4792,16845,Rest,HAZIRLANIYOR...,0,209,0,0,751,4,0
4.4792,16846,Rest,HAZIRLANIYOR...,0,306,0,0,772,3,0
4.4793,16847,Rest,HAZIRLANIYOR...,0,391,0,0,766,6,0
4.4793,16848,Rest,HAZIRLANIYOR...,0,462,0,0,753,10,0
4.4938,16849,Rest,HAZIRLANIYOR...,0,517,0,0,740,6,0
4.4939,16850,Rest,HAZIRLANIYOR...,0,554,0,0,690,0,2
4.4939,16851,Rest,HAZIRLANIYOR...,0,573,0,0,561,0,8
4.4939,16852,Rest,HAZIRLANIYOR...,0,574,0,0,376,0,10
4.4940,16853,Rest,HAZIRLANIYOR...,0,558,0,0,191,0,0
4.4940,16854,Rest,HAZIRLANIYOR...,0,522,0,0,28,0,0
4.4940,16855,Rest,HAZIRLANIYOR...,0,468,0,0,0,0,0
4.4940,16856,Rest,HAZIRLANIYOR...,0,397,0,14,0,0,0
4.4940,16857,Rest,HAZIRLANIYOR...,0,316,0,35,0,0,10
4.4940,16858,Rest,HAZIRLANIYOR...,0,228,0,52,0,0,13
4.4940,16859,Rest,HAZIRLANIYOR...,0,136,0,63,0,0,3
4.4941,16860,Rest,HAZIRLANIYOR...,0,41,0,74,0,0,0
4.4941,16861,Rest,HAZIRLANIYOR...,0,0,17,85,0,0,0
4.4941,16862,Rest,HAZIRLANIYOR...,0,0,258,95,0,0,0
4.4941,16863,Rest,HAZIRLANIYOR...,0,0,489,102,0,0,0
4.4941,16864,Rest,HAZIRLANIYOR...,0,0,701,110,0,0,0
4.4941,16865,Rest,HAZIRLANIYOR...,0,0,888,116,0,5,0
4.4941,16866,Rest,HAZIRLANIYOR...,0,0,1046,118,0,7,0
4.4942,16867,Rest,HAZIRLANIYOR...,0,0,1175,116,0,8,0
4.4942,16868,Rest,HAZIRLANIYOR...,0,0,1272,110,0,9,0
4.4942,16869,Rest,HAZIRLANIYOR...,0,0,1334,99,0,9,3
4.4942,16870,Rest,HAZIRLANIYOR...,0,0,1366,79,0,6,3
4.4942,16871,Rest,HAZIRLANIYOR...,0,0,1368,52,0,5,1
4.4943,16872,Rest,HAZIRLANIYOR...,0,0,1333,23,51,9,0
4.4943,16873,Rest,HAZIRLANIYOR...,0,0,1257,0,132,14,2
4.4944,16874,Rest,HAZIRLANIYOR...,0,0,1145,0,209,15,3
4.5097,16875,Rest,HAZIRLANIYOR...,0,0,997,0,285,12,1
4.5098,16876,Rest,HAZIRLANIYOR...,0,0,805,0,362,9,0
4.5099,16877,Rest,HAZIRLANIYOR...,0,0,566,0,445,9,0
4.5099,16878,Rest,HAZIRLANIYOR...,0,0,287,0,532,9,2
4.5099,16879,Rest,HAZIRLANIYOR...,0,93,0,0,613,9,2
4.5100,16880,Rest,HAZIRLANIYOR...,0,192,0,0,675,7,3
4.5100,16881,Rest,HAZIRLANIYOR...,0,288,0,0,714,5,4
4.5100,16882,Rest,HAZIRLANIYOR...,0,377,0,0,727,3,2
4.5100,16883,Rest,HAZIRLANIYOR...,0,453,0,0,710,1,0
4.5100,16884,Rest,HAZIRLANIYOR...,0,513,0,0,665,0,0
4.5100,16885,Rest,HAZIRLANIYOR...,0,554,0,0,612,0,0
4.5100,16886,Rest,HAZIRLANIYOR...,0,579,0,0,566,0,0
4.5100,16887,Rest,HAZIRLANIYOR...,0,588,0,0,506,0,2
4.5101,16888,Rest,HAZIRLANIYOR...,0,580,0,0,407,0,6
4.5101,16889,Rest,HAZIRLANIYOR...,0,551,0,0,270,0,9
4.5101,16890,Rest,HAZIRLANIYOR...,0,503,0,0,120,0,7
4.5101,16891,Rest,HAZIRLANIYOR...,0,442,0,13,0,0,2
4.5101,16892,Rest,HAZIRLANIYOR...,0,368,0,33,0,0,0
4.5101,16893,Rest,HAZIRLANIYOR...,0,285,0,51,0,0,0
4.5101,16894,Rest,HAZIRLANIYOR...,0,196,0,66,0,0,0
4.5102,16895,Rest,HAZIRLANIYOR...,0,100,0,77,0,0,0
4.5102,16896,Rest,HAZIRLANIYOR...,0,0,0,84,0,0,0
4.5102,16897,Rest,HAZIRLANIYOR...,0,0,71,91,0,0,0
4.5102,16898,Rest,HAZIRLANIYOR...,0,0,313,99,0,0,1
4.5102,16899,Rest,HAZIRLANIYOR...,0,0,542,108,0,0,0
4.5102,16900,Rest,HAZIRLANIYOR...,0,0,753,114,0,0,0
4.5102,16901,Rest,HAZIRLANIYOR...,0,0,936,117,0,1,3
4.5103,16902,Rest,HAZIRLANIYOR...,0,0,1087,115,0,3,1
4.5104,16903,Rest,HAZIRLANIYOR...,0,0,1207,108,0,4,0
4.5259,16904,Rest,HAZIRLANIYOR...,0,0,1297,94,0,7,0
4.5260,16905,Rest,HAZIRLANIYOR...,0,0,1356,75,0,9,0
4.5260,16906,Rest,HAZIRLANIYOR...,0,0,1382,50,0,11,8
4.5260,16907,Rest,HAZIRLANIYOR...,0,0,1371,24,0,10,11
4.5260,16908,Rest,HAZIRLANIYOR...,0,0,1319,0,78,7,4
4.5260,16909,Rest,HAZIRLANIYOR...,0,0,1228,0,153,6,0
4.5261,16910,Rest,HAZIRLANIYOR...,0,0,1100,0,223,6,0
4.5261,16911,Rest,HAZIRLANIYOR...,0,0,934,0,294,7,0
4.5261,16912,Rest,HAZIRLANIYOR...,0,0,726,0,375,8,0
4.5261,16913,Rest,HAZIRLANIYOR...,0,0,473,0,467,8,2
4.5261,16914,Rest,HAZIRLANIYOR...,0,0,188,0,555,6,2
4.5261,16915,Rest,HAZIRLANIYOR...,0,95,0,0,625,5,0
4.5262,16916,Rest,HAZIRLANIYOR...,0,191,0,0,672,9,0
4.5262,16917,Rest,HAZIRLANIYOR...,0,281,0,0,694,10,0
4.5262,16918,Rest,HAZIRLANIYOR...,0,361,0,0,682,2,0
4.5262,16919,Rest,HAZIRLANIYOR...,0,427,0,0,644,0,0
4.5262,16920,Rest,HAZIRLANIYOR...,0,478,0,0,602,0,2
4.5262,16921,Rest,HAZIRLANIYOR...,0,510,0,0,566,0,1
4.5262,16922,Rest,HAZIRLANIYOR...,0,524,0,0,510,0,0
4.5262,16923,Rest,HAZIRLANIYOR...,0,522,0,0,414,0,0
4.5262,16924,Rest,HAZIRLANIYOR...,0,504,0,0,288,0,0
4.5263,16925,Rest,HAZIRLANIYOR...,0,471,0,0,144,0,0
4.5263,16926,Rest,HAZIRLANIYOR...,0,422,0,5,0,0,0
4.5263,16927,Rest,HAZIRLANIYOR...,0,358,0,27,0,0,0
4.5263,16928,Rest,HAZIRLANIYOR...,0,283,0,47,0,0,0
4.5263,16929,Rest,HAZIRLANIYOR...,0,202,0,65,0,0,0
4.5263,16930,Rest,HAZIRLANIYOR...,0,119,0,80,0,0,0
4.5264,16931,Rest,HAZIRLANIYOR...,0,31,0,90,0,0,0
4.5417,16932,Rest,HAZIRLANIYOR...,0,0,0,97,0,0,0
4.5418,16933,Rest,HAZIRLANIYOR...,0,0,215,105,0,0,0
4.5419,16934,Rest,HAZIRLANIYOR...,0,0,451,112,0,0,0
4.5420,16935,Rest,HAZIRLANIYOR...,0,0,665,120,0,0,0
4.5420,16936,Rest,HAZIRLANIYOR...,0,0,853,125,0,0,3
4.5420,16937,Rest,HAZIRLANIYOR...,0,0,1014,125,0,0,10
4.5420,16938,Rest,HAZIRLANIYOR...,0,0,1147,117,0,1,14
4.5421,16939,Rest,HAZIRLANIYOR...,0,0,1251,103,0,3,5
4.5421,16940,Rest,HAZIRLANIYOR...,0,0,1322,86,0,6,0
4.5421,16941,Rest,HAZIRLANIYOR...,0,0,1360,64,0,8,0
4.5422,16942,Rest,HAZIRLANIYOR...,0,0,1362,37,0,9,2
4.5422,16943,Rest,HAZIRLANIYOR...,0,0,1327,8,35,9,6
4.5423,16944,Rest,HAZIRLANIYOR...,0,0,1254,0,117,8,4
4.5423,16945,Rest,HAZIRLANIYOR...,0,0,1145,0,194,8,3
4.5424,16946,Rest,HAZIRLANIYOR...,0,0,995,0,268,7,3
4.5424,16947,Rest,HAZIRLANIYOR...,0,0,801,0,342,5,3
4.5424,16948,Rest,HAZIRLANIYOR...,0,0,566,0,426,3,0
4.5424,16949,Rest,HAZIRLANIYOR...,0,9,296,0,524,5,0
4.5424,16950,Rest,HAZIRLANIYOR...,0,111,4,0,613,10,0
4.5425,16951,Rest,HAZIRLANIYOR...,0,210,0,0,670,14,6
4.5425,16952,Rest,HAZIRLANIYOR...,0,301,0,0,693,11,7
4.5425,16953,Rest,HAZIRLANIYOR...,0,384,0,0,692,4,3
4.5425,16954,Rest,HAZIRLANIYOR...,0,456,0,0,668,0,0
4.5426,16955,Rest,HAZIRLANIYOR...,0,513,0,0,625,0,0
4.5426,16956,Rest,HAZIRLANIYOR...,0,550,0,0,580,0,0
4.5426,16957,Rest,HAZIRLANIYOR...,0,565,0,0,535,0,0
4.5426,16958,Rest,HAZIRLANIYOR...,0,564,0,0,470,0,0
4.5427,16959,Rest,HAZIRLANIYOR...,0,550,0,0,366,0,0
4.5428,16960,Rest,HAZIRLANIYOR...,0,518,0,0,232,0,0
4.5573,16961,Rest,HAZIRLANIYOR...,0,465,0,0,87,0,0
4.5574,16962,Rest,HAZIRLANIYOR...,0,396,0,25,0,0,0
4.5574,16963,Rest,HAZIRLANIYOR...,0,319,0,43,0,0,0
4.5574,16964,Rest,HAZIRLANIYOR...,0,236,0,59,0,0,0
4.5574,16965,Rest,HAZIRLANIYOR...,0,144,0,77,0,0,0
4.5574,16966,Rest,HAZIRLANIYOR...,0,46,0,92,0,0,0
4.5574,16967,Rest,HAZIRLANIYOR...,0,0,0,100,0,0,0
4.5574,16968,Rest,HAZIRLANIYOR...,0,0,105,107,0,2,0
4.5575,16969,Rest,HAZIRLANIYOR...,0,0,345,115,0,11,7
4.5575,16970,Rest,HAZIRLANIYOR...,0,0,570,123,0,9,9
4.5575,16971,Rest,HAZIRLANIYOR...,0,0,773,128,0,0,4
4.5575,16972,Rest,HAZIRLANIYOR...,0,0,950,129,0,0,0
4.5575,16973,Rest,HAZIRLANIYOR...,0,0,1099,125,0,0,0
4.5575,16974,Rest,HAZIRLANIYOR...,0,0,1214,118,0,5,0
4.5575,16975,Rest,HAZIRLANIYOR...,0,0,1294,105,0,8,0
4.5576,16976,Rest,HAZIRLANIYOR...,0,0,1343,86,0,7,0
4.5576,16977,Rest,HAZIRLANIYOR...,0,0,1364,60,0,8,0
4.5576,16978,Rest,HAZIRLANIYOR...,0,0,1352,32,4,10,0
4.5576,16979,Rest,HAZIRLANIYOR...,0,0,1298,4,89,10,0
4.5577,16980,Rest,HAZIRLANIYOR...,0,0,1203,0,170,8,1
4.5577,16981,Rest,HAZIRLANIYOR...,0,0,1071,0,251,7,2
4.5577,16982,Rest,HAZIRLANIYOR...,0,0,899,0,329,7,2
4.5577,16983,Rest,HAZIRLANIYOR...,0,0,686,0,409,7,2
4.5578,16984,Rest,HAZIRLANIYOR...,0,26,432,0,507,7,2
4.5578,16985,Rest,HAZIRLANIYOR...,0,121,142,0,609,7,1
4.5578,16986,Rest,HAZIRLANIYOR...,0,217,0,0,678,6,1
4.5579,16987,Rest,HAZIRLANIYOR...,0,310,0,0,709,5,0
4.5728,16988,Rest,HAZIRLANIYOR...,0,394,0,0,716,2,0
4.5729,16989,Rest,HAZIRLANIYOR...,0,465,0,0,704,0,0
4.5729,16990,Rest,HAZIRLANIYOR...,0,518,0,0,674,0,0
4.5730,16991,Rest,HAZIRLANIYOR...,0,553,0,0,637,0,0
4.5730,16992,Rest,HAZIRLANIYOR...,0,572,0,0,598,0,0
4.5730,16993,Rest,HAZIRLANIYOR...,0,576,0,0,538,0,0
4.5730,16994,Rest,HAZIRLANIYOR...,0,563,0,0,440,0,0
4.5730,16995,Rest,HAZIRLANIYOR...,0,531,0,0,297,0,0
4.5730,16996,Rest,HAZIRLANIYOR...,0,480,0,0,123,0,0
4.5730,16997,Rest,HAZIRLANIYOR...,0,411,0,3,0,0,0
4.5731,16998,Rest,HAZIRLANIYOR...,0,330,0,25,0,0,0
4.5731,16999,Rest,HAZIRLANIYOR...,0,241,0,45,0,0,0
4.5731,17000,Rest,HAZIRLANIYOR...,0,148,0,63,0,0,0
4.5731,17001,Rest,HAZIRLANIYOR...,0,50,0,78,0,0,0
4.5731,17002,Rest,HAZIRLANIYOR...,0,0,0,90,0,0,0
4.5731,17003,Rest,HAZIRLANIYOR...,0,0,2,100,0,0,0
4.5731,17004,Rest,HAZIRLANIYOR...,0,0,244,109,0,0,0
4.5731,17005,Rest,HAZIRLANIYOR...,0,0,477,116,0,0,0
4.5732,17006,Rest,HAZIRLANIYOR...,0,0,692,120,0,0,0
4.5732,17007,Rest,HAZIRLANIYOR...,0,0,880,122,0,2,0
4.5732,17008,Rest,HAZIRLANIYOR...,0,0,1039,124,0,5,0
4.5732,17009,Rest,HAZIRLANIYOR...,0,0,1170,124,0,5,2
4.5732,17010,Rest,HAZIRLANIYOR...,0,0,1269,119,0,6,3
4.5732,17011,Rest,HAZIRLANIYOR...,0,0,1332,104,0,7,6
4.5732,17012,Rest,HAZIRLANIYOR...,0,0,1362,74,0,8,9
4.5732,17013,Rest,HAZIRLANIYOR...,0,0,1362,40,0,8,6
4.5733,17014,Rest,HAZIRLANIYOR...,0,0,1327,13,52,9,1
4.5888,17015,Rest,HAZIRLANIYOR...,0,0,1253,0,133,9,4
4.5889,17016,Rest,HAZIRLANIYOR...,0,0,1139,0,210,6,11
4.5889,17017,Rest,HAZIRLANIYOR...,0,0,985,0,284,6,6
4.5889,17018,Rest,HAZIRLANIYOR...,0,0,789,0,360,7,0
4.5890,17019,Rest,HAZIRLANIYOR...,0,0,549,0,450,8,0
4.5890,17020,Rest,HAZIRLANIYOR...,0,0,275,0,545,7,0
4.5890,17021,Rest,HAZIRLANIYOR...,0,75,0,0,624,5,1
4.5890,17022,Rest,HAZIRLANIYOR...,0,175,0,0,678,3,0
4.5890,17023,Rest,HAZIRLANIYOR...,0,269,0,0,715,1,0
4.5890,17024,Rest,HAZIRLANIYOR...,0,353,0,0,724,1,0
4.5890,17025,Rest,HAZIRLANIYOR...,0,427,0,0,690,1,0
4.5891,17026,Rest,HAZIRLANIYOR...,0,486,0,0,635,0,0
4.5891,17027,Rest,HAZIRLANIYOR...,0,527,0,0,591,0,0
4.5891,17028,Rest,HAZIRLANIYOR...,0,550,0,0,554,0,0
4.5891,17029,Rest,HAZIRLANIYOR...,0,557,0,0,492,0,0
4.5891,17030,Rest,HAZIRLANIYOR...,0,550,0,0,385,0,0
4.5891,17031,Rest,HAZIRLANIYOR...,0,526,0,0,237,0,0
4.5891,17032,Rest,HAZIRLANIYOR...,0,481,0,0,75,0,0
4.5892,17033,Rest,HAZIRLANIYOR...,0,420,0,11,0,0,0
4.5892,17034,Rest,HAZIRLANIYOR...,0,352,0,33,0,0,3
4.5892,17035,Rest,HAZIRLANIYOR...,0,275,0,53,0,0,6
4.5892,17036,Rest,HAZIRLANIYOR...,0,189,0,67,0,0,1
4.5892,17037,Rest,HAZIRLANIYOR...,0,99,0,75,0,0,0
4.5892,17038,Rest,HAZIRLANIYOR...,0,10,0,81,0,0,0
4.5892,17039,Rest,HAZIRLANIYOR...,0,0,118,88,0,0,0
4.5892,17040,Rest,HAZIRLANIYOR...,0,0,361,96,0,0,0
4.5892,17041,Rest,HAZIRLANIYOR...,0,0,591,102,0,0,0
4.5893,17042,Rest,HAZIRLANIYOR...,0,0,796,106,0,0,0
4.5893,17043,Rest,HAZIRLANIYOR...,0,0,973,107,0,0,0
4.6048,17044,Rest,HAZIRLANIYOR...,0,0,1118,104,0,3,1
4.6050,17045,Rest,HAZIRLANIYOR...,0,0,1232,97,0,6,2
4.6050,17046,Rest,HAZIRLANIYOR...,0,0,1314,87,0,8,2
4.6050,17047,Rest,HAZIRLANIYOR...,0,0,1367,72,0,9,1
4.6050,17048,Rest,HAZIRLANIYOR...,0,0,1388,48,0,9,1
4.6050,17049,Rest,HAZIRLANIYOR...,0,0,1373,20,1,9,2
4.6051,17050,Rest,HAZIRLANIYOR...,0,0,1316,0,85,9,2
4.6051,17051,Rest,HAZIRLANIYOR...,0,0,1221,0,165,8,1
4.6051,17052,Rest,HAZIRLANIYOR...,0,0,1089,0,243,8,1
4.6051,17053,Rest,HAZIRLANIYOR...,0,0,915,0,317,10,1
4.6051,17054,Rest,HAZIRLANIYOR...,0,0,698,0,390,12,2
4.6052,17055,Rest,HAZIRLANIYOR...,0,34,439,0,473,9,2
4.6052,17056,Rest,HAZIRLANIYOR...,0,130,146,0,564,4,1
4.6052,17057,Rest,HAZIRLANIYOR...,0,223,0,0,642,5,0
4.6052,17058,Rest,HAZIRLANIYOR...,0,310,0,0,690,7,0
4.6052,17059,Rest,HAZIRLANIYOR...,0,392,0,0,701,3,6
4.6052,17060,Rest,HAZIRLANIYOR...,0,467,0,0,681,0,13
4.6053,17061,Rest,HAZIRLANIYOR...,0,528,0,0,644,0,8
4.6053,17062,Rest,HAZIRLANIYOR...,0,567,0,0,607,4,0
4.6053,17063,Rest,HAZIRLANIYOR...,0,587,0,0,571,0,0
4.6053,17064,Rest,HAZIRLANIYOR...,0,592,0,0,514,0,0
4.6053,17065,Rest,HAZIRLANIYOR...,0,583,0,0,415,0,0
4.6053,17066,Rest,HAZIRLANIYOR...,0,557,0,0,283,0,0
4.6053,17067,Rest,HAZIRLANIYOR...,0,511,0,0,141,0,0
4.6053,17068,Rest,HAZIRLANIYOR...,0,448,0,11,0,0,5
4.6053,17069,Rest,HAZIRLANIYOR...,0,372,0,37,0,0,8
4.6054,17070,Rest,HAZIRLANIYOR...,0,284,0,58,0,0,0
4.6054,17071,Rest,HAZIRLANIYOR...,0,188,0,74,0,0,0
4.6190,17072,Rest,HAZIRLANIYOR...,0,92,0,85,0,0,0
4.6192,17073,Rest,HAZIRLANIYOR...,0,0,0,93,0,0,0
4.6192,17074,Rest,HAZIRLANIYOR...,0,0,0,102,0,0,0
4.6192,17075,Rest,HAZIRLANIYOR...,0,0,235,113,0,0,0
4.6192,17076,Rest,HAZIRLANIYOR...,0,0,467,120,0,0,0
4.6192,17077,Rest,HAZIRLANIYOR...,0,0,682,124,0,0,0
4.6193,17078,Rest,HAZIRLANIYOR...,0,0,875,125,0,1,0
4.6193,17079,Rest,HAZIRLANIYOR...,0,0,1040,122,0,3,1
4.6193,17080,Rest,HAZIRLANIYOR...,0,0,1169,116,0,4,1
4.6193,17081,Rest,HAZIRLANIYOR...,0,0,1265,108,0,3,0
4.6193,17082,Rest,HAZIRLANIYOR...,0,0,1331,94,0,4,0
4.6193,17083,Rest,HAZIRLANIYOR...,0,0,1368,71,0,11,0
4.6193,17084,Rest,HAZIRLANIYOR...,0,0,1370,42,0,19,7
4.6194,17085,Rest,HAZIRLANIYOR...,0,0,1333,13,42,19,21
4.6194,17086,Rest,HAZIRLANIYOR...,0,0,1257,0,123,8,14
4.6194,17087,Rest,HAZIRLANIYOR...,0,0,1140,0,202,0,0
4.6194,17088,Rest,HAZIRLANIYOR...,0,0,985,0,281,1,0
4.6194,17089,Rest,HAZIRLANIYOR...,0,0,789,0,365,7,0
4.6194,17090,Rest,HAZIRLANIYOR...,0,0,551,0,459,9,0
4.6194,17091,Rest,HAZIRLANIYOR...,0,0,273,0,564,8,0
4.6194,17092,Rest,HAZIRLANIYOR...,0,34,0,0,661,7,0
4.6194,17093,Rest,HAZIRLANIYOR...,0,134,0,0,723,7,2
4.6195,17094,Rest,HAZIRLANIYOR...,0,228,0,0,743,9,4
4.6195,17095,Rest,HAZIRLANIYOR...,0,314,0,0,730,8,3
4.6196,17096,Rest,HAZIRLANIYOR...,0,389,0,0,700,0,0
4.6342,17097,Rest,HAZIRLANIYOR...,0,450,0,0,668,0,0
4.6343,17098,Rest,HAZIRLANIYOR...,0,495,0,0,638,0,0
4.6344,17099,Rest,HAZIRLANIYOR...,0,521,0,0,587,0,0
4.6344,17100,Rest,HAZIRLANIYOR...,0,529,0,0,491,0,0
4.6344,17101,Rest,HAZIRLANIYOR...,0,517,0,0,341,0,0
4.6344,17102,Rest,HAZIRLANIYOR...,0,489,0,0,154,0,0
4.6344,17103,Rest,HAZIRLANIYOR...,0,444,0,0,0,0,0
4.6345,17104,Rest,HAZIRLANIYOR...,0,382,0,6,0,0,0
4.6345,17105,Rest,HAZIRLANIYOR...,0,307,0,27,0,0,0
4.6345,17106,Rest,HAZIRLANIYOR...,0,225,0,45,0,0,3
4.6345,17107,Rest,HAZIRLANIYOR...,0,140,0,60,0,0,6
4.6345,17108,Rest,HAZIRLANIYOR...,0,53,0,71,0,0,2
4.6345,17109,Rest,HAZIRLANIYOR...,0,0,0,80,0,0,0
4.6345,17110,Rest,HAZIRLANIYOR...,0,0,172,90,0,0,0
4.6346,17111,Rest,HAZIRLANIYOR...,0,0,407,102,0,0,0
4.6346,17112,Rest,HAZIRLANIYOR...,0,0,625,112,0,5,3
4.6346,17113,Rest,HAZIRLANIYOR...,0,0,820,118,0,11,7
4.6346,17114,Rest,HAZIRLANIYOR...,0,0,988,120,0,7,2
4.6346,17115,Rest,HAZIRLANIYOR...,0,0,1126,119,0,0,0
4.6346,17116,Rest,HAZIRLANIYOR...,0,0,1232,115,0,0,0
4.6347,17117,Rest,HAZIRLANIYOR...,0,0,1305,105,0,6,0
4.6347,17118,Rest,HAZIRLANIYOR...,0,0,1346,88,0,9,1
4.6347,17119,Rest,HAZIRLANIYOR...,0,0,1354,64,0,10,0
4.6347,17120,Rest,HAZIRLANIYOR...,0,0,1328,37,18,15,0
4.6347,17121,Rest,HAZIRLANIYOR...,0,0,1267,10,103,20,0
4.6347,17122,Rest,HAZIRLANIYOR...,0,0,1170,0,181,15,1
4.6348,17123,Rest,HAZIRLANIYOR...,0,0,1034,0,256,4,3
4.6495,17124,Rest,HAZIRLANIYOR...,0,0,855,0,330,0,3
4.6495,17125,Rest,HAZIRLANIYOR...,0,0,632,0,412,0,2
4.6496,17126,Rest,HAZIRLANIYOR...,0,21,369,0,502,2,1
4.6496,17127,Rest,HAZIRLANIYOR...,0,110,80,0,590,2,2
4.6496,17128,Rest,HAZIRLANIYOR...,0,199,0,0,661,0,7
4.6496,17129,Rest,HAZIRLANIYOR...,0,286,0,0,708,0,14
4.6496,17130,Rest,HAZIRLANIYOR...,0,366,0,0,725,0,12
4.6497,17131,Rest,HAZIRLANIYOR...,0,433,0,0,705,0,0
4.6497,17132,Rest,HAZIRLANIYOR...,0,486,0,0,663,0,0
4.6497,17133,Rest,HAZIRLANIYOR...,0,524,0,0,624,0,0
4.6497,17134,Rest,HAZIRLANIYOR...,0,545,0,0,597,0,0
4.6498,17135,Rest,HAZIRLANIYOR...,0,549,0,0,551,0,0
4.6498,17136,Rest,HAZIRLANIYOR...,0,538,0,0,453,0,0
4.6499,17137,Rest,HAZIRLANIYOR...,0,511,0,0,305,0,0
4.6499,17138,Rest,HAZIRLANIYOR...,0,464,0,0,144,0,0
4.6499,17139,Rest,HAZIRLANIYOR...,0,402,0,0,0,0,0
4.6499,17140,Rest,HAZIRLANIYOR...,0,328,0,23,0,0,0
4.6499,17141,Rest,HAZIRLANIYOR...,0,246,0,44,0,0,0
4.6499,17142,Rest,HAZIRLANIYOR...,0,160,0,65,0,1,0
4.6499,17143,Rest,HAZIRLANIYOR...,0,70,0,82,0,0,0
4.6499,17144,Rest,HAZIRLANIYOR...,0,0,0,92,0,0,0
4.6499,17145,Rest,HAZIRLANIYOR...,0,0,10,97,0,0,0
4.6500,17146,Rest,HAZIRLANIYOR...,0,0,256,102,0,0,5
4.6500,17147,Rest,HAZIRLANIYOR...,0,0,489,112,0,0,12
4.6500,17148,Rest,HAZIRLANIYOR...,0,0,702,120,0,0,7
4.6500,17149,Rest,HAZIRLANIYOR...,0,0,891,123,0,0,0
4.6501,17150,Rest,HAZIRLANIYOR...,0,0,1051,122,0,2,0
4.6502,17151,Rest,HAZIRLANIYOR...,0,0,1179,119,0,6,0
4.6655,17152,Rest,HAZIRLANIYOR...,0,0,1273,111,0,14,1
4.6656,17153,Rest,HAZIRLANIYOR...,0,0,1336,93,0,18,2
4.6656,17154,Rest,HAZIRLANIYOR...,0,0,1370,69,0,12,2
4.6657,17155,Rest,HAZIRLANIYOR...,0,0,1372,44,0,6,1
4.6657,17156,Rest,HAZIRLANIYOR...,0,0,1336,18,59,8,3
4.6657,17157,Rest,HAZIRLANIYOR...,0,0,1261,0,140,9,7
4.6657,17158,Rest,HAZIRLANIYOR...,0,0,1147,0,212,4,6
4.6657,17159,Rest,HAZIRLANIYOR...,0,0,992,0,280,0,0
4.6658,17160,Rest,HAZIRLANIYOR...,0,0,795,0,352,1,0
4.6658,17161,Rest,HAZIRLANIYOR...,0,0,558,0,437,4,0
4.6658,17162,Rest,HAZIRLANIYOR...,0,43,283,0,529,6,1
4.6658,17163,Rest,HAZIRLANIYOR...,0,142,0,0,611,5,1
4.6658,17164,Rest,HAZIRLANIYOR...,0,236,0,0,670,3,0
4.6659,17165,Rest,HAZIRLANIYOR...,0,327,0,0,698,0,0
4.6659,17166,Rest,HAZIRLANIYOR...,0,410,0,0,692,0,0
4.6659,17167,Rest,HAZIRLANIYOR...,0,482,0,0,657,0,0
4.6659,17168,Rest,HAZIRLANIYOR...,0,538,0,0,611,0,0
4.6659,17169,Rest,HAZIRLANIYOR...,0,571,0,0,572,0,0
4.6660,17170,Rest,HAZIRLANIYOR...,0,583,0,0,530,0,0
4.6660,17171,Rest,HAZIRLANIYOR...,0,580,0,0,462,0,0
4.6660,17172,Rest,HAZIRLANIYOR...,0,558,0,0,353,0,0
4.6660,17173,Rest,HAZIRLANIYOR...,0,516,0,0,208,0,0
4.6661,17174,Rest,HAZIRLANIYOR...,0,455,0,0,50,0,0
4.6661,17175,Rest,HAZIRLANIYOR...,0,379,0,11,0,0,1
4.6661,17176,Rest,HAZIRLANIYOR...,0,294,0,31,0,0,14
4.6661,17177,Rest,HAZIRLANIYOR...,0,204,0,49,0,2,14
4.6661,17178,Rest,HAZIRLANIYOR...,0,111,0,65,0,0,0
4.6663,17179,Rest,HAZIRLANIYOR...,0,14,0,82,0,0,0
4.6664,17180,Rest,HAZIRLANIYOR...,0,0,0,96,0,0,0
4.6808,17181,Rest,HAZIRLANIYOR...,0,0,128,105,0,0,10
4.6809,17182,Rest,HAZIRLANIYOR...,0,0,365,111,0,0,10
4.6809,17183,Rest,HAZIRLANIYOR...,0,0,587,118,0,0,0
4.6809,17184,Rest,HAZIRLANIYOR...,0,0,789,125,0,0,0
4.6809,17185,Rest,HAZIRLANIYOR...,0,0,964,128,0,0,0
4.6809,17186,Rest,HAZIRLANIYOR...,0,0,1107,125,0,4,6
4.6809,17187,Rest,HAZIRLANIYOR...,0,0,1217,116,0,7,1
4.6810,17188,Rest,HAZIRLANIYOR...,0,0,1297,101,0,6,0
4.6810,17189,Rest,HAZIRLANIYOR...,0,0,1348,81,0,6,0
4.6810,17190,Rest,HAZIRLANIYOR...,0,0,1365,57,0,8,0
4.6810,17191,Rest,HAZIRLANIYOR...,0,0,1342,30,9,11,2
4.6810,17192,Rest,HAZIRLANIYOR...,0,0,1278,1,98,11,1
4.6810,17193,Rest,HAZIRLANIYOR...,0,0,1178,0,180,10,0
4.6811,17194,Rest,HAZIRLANIYOR...,0,0,1041,0,250,8,0
4.6811,17195,Rest,HAZIRLANIYOR...,0,0,863,0,316,7,1
4.6811,17196,Rest,HAZIRLANIYOR...,0,0,640,0,404,7,2
4.6811,17197,Rest,HAZIRLANIYOR...,0,0,378,0,519,8,1
4.6811,17198,Rest,HAZIRLANIYOR...,0,79,86,0,636,8,0
4.6811,17199,Rest,HAZIRLANIYOR...,0,192,0,0,726,7,0
4.6812,17200,Rest,HAZIRLANIYOR...,0,296,0,0,771,8,0
4.6812,17201,Rest,HAZIRLANIYOR...,0,387,0,0,778,11,2
4.6812,17202,Rest,HAZIRLANIYOR...,0,466,0,0,762,12,7
4.6812,17203,Rest,HAZIRLANIYOR...,0,532,0,0,742,3,11
4.6812,17204,Rest,HAZIRLANIYOR...,0,580,0,0,717,0,5
4.6813,17205,Rest,HAZIRLANIYOR...,0,608,0,0,647,0,0
4.6813,17206,Rest,HAZIRLANIYOR...,0,616,0,0,505,0,0
4.6960,17207,Rest,HAZIRLANIYOR...,0,605,0,0,318,0,0
4.6961,17208,Rest,HAZIRLANIYOR...,0,573,0,0,135,0,0
4.6961,17209,Rest,HAZIRLANIYOR...,0,520,0,0,0,0,3
4.6961,17210,Rest,HAZIRLANIYOR...,0,450,0,0,0,0,6
4.6962,17211,Rest,HAZIRLANIYOR...,0,367,0,17,0,0,6
4.6962,17212,Rest,HAZIRLANIYOR...,0,278,0,43,0,0,1
4.6962,17213,Rest,HAZIRLANIYOR...,0,184,0,63,0,0,0
4.6962,17214,Rest,HAZIRLANIYOR...,0,88,0,77,0,0,0
4.6962,17215,Rest,HAZIRLANIYOR...,0,0,0,89,0,0,0
4.6962,17216,Rest,HAZIRLANIYOR...,0,0,98,102,0,0,3
4.6962,17217,Rest,HAZIRLANIYOR...,0,0,331,113,0,0,0
4.6963,17218,Rest,HAZIRLANIYOR...,0,0,550,121,0,0,0
4.6963,17219,Rest,HAZIRLANIYOR...,0,0,752,127,0,0,0
4.6963,17220,Rest,HAZIRLANIYOR...,0,0,933,131,0,0,0
4.6963,17221,Rest,HAZIRLANIYOR...,0,0,1083,133,0,0,0
4.6963,17222,Rest,HAZIRLANIYOR...,0,0,1197,130,0,3,0
4.6963,17223,Rest,HAZIRLANIYOR...,0,0,1281,120,0,8,0
4.6963,17224,Rest,HAZIRLANIYOR...,0,0,1334,103,0,12,1
4.6963,17225,Rest,HAZIRLANIYOR...,0,0,1354,79,0,17,9
4.6963,17226,Rest,HAZIRLANIYOR...,0,0,1342,50,0,21,13
4.6964,17227,Rest,HAZIRLANIYOR...,0,0,1298,21,83,15,7
4.6964,17228,Rest,HAZIRLANIYOR...,0,0,1219,0,162,4,0
4.6964,17229,Rest,HAZIRLANIYOR...,0,0,1098,0,236,3,0
4.6964,17230,Rest,HAZIRLANIYOR...,0,0,934,0,310,9,0
4.6964,17231,Rest,HAZIRLANIYOR...,0,0,729,0,386,12,3
4.6964,17232,Rest,HAZIRLANIYOR...,0,0,484,0,472,5,2
4.6965,17233,Rest,HAZIRLANIYOR...,0,29,202,0,564,0,1
4.7112,17234,Rest,HAZIRLANIYOR...,0,132,0,0,645,0,0
4.7113,17235,Rest,HAZIRLANIYOR...,0,233,0,0,705,3,1
4.7113,17236,Rest,HAZIRLANIYOR...,0,327,0,0,741,3,0
4.7113,17237,Rest,HAZIRLANIYOR...,0,412,0,0,746,0,0
4.7114,17238,Rest,HAZIRLANIYOR...,0,482,0,0,707,0,0
4.7114,17239,Rest,HAZIRLANIYOR...,0,534,0,0,644,0,0
4.7114,17240,Rest,HAZIRLANIYOR...,0,568,0,0,592,0,2
4.7114,17241,Rest,HAZIRLANIYOR...,0,587,0,0,553,0,2
4.7114,17242,Rest,HAZIRLANIYOR...,0,593,0,0,487,0,0
4.7114,17243,Rest,HAZIRLANIYOR...,0,581,0,0,369,0,0
4.7115,17244,Rest,HAZIRLANIYOR...,0,550,0,0,219,0,0
4.7115,17245,Rest,HAZIRLANIYOR...,0,497,0,0,72,0,0
4.7115,17246,Rest,HAZIRLANIYOR...,0,429,0,15,0,0,0
4.7115,17247,Rest,HAZIRLANIYOR...,0,349,0,38,0,0,0
4.7115,17248,Rest,HAZIRLANIYOR...,0,264,0,55,0,0,0
4.7115,17249,Rest,HAZIRLANIYOR...,0,172,0,69,0,0,0
4.7116,17250,Rest,HAZIRLANIYOR...,0,75,0,80,0,0,4
4.7116,17251,Rest,HAZIRLANIYOR...,0,0,0,89,0,0,10
4.7116,17252,Rest,HAZIRLANIYOR...,0,0,147,96,0,0,6
4.7116,17253,Rest,HAZIRLANIYOR...,0,0,384,104,0,0,0
4.7116,17254,Rest,HAZIRLANIYOR...,0,0,606,115,0,0,0
4.7116,17255,Rest,HAZIRLANIYOR...,0,0,808,122,0,3,0
4.7116,17256,Rest,HAZIRLANIYOR...,0,0,981,119,0,7,0
4.7116,17257,Rest,HAZIRLANIYOR...,0,0,1121,112,0,8,0
4.7117,17258,Rest,HAZIRLANIYOR...,0,0,1232,104,0,9,0
4.7117,17259,Rest,HAZIRLANIYOR...,0,0,1313,93,0,12,0
4.7117,17260,Rest,HAZIRLANIYOR...,0,0,1359,74,0,18,0
4.7276,17261,Rest,HAZIRLANIYOR...,0,0,1370,48,0,21,2
4.7277,17262,Rest,HAZIRLANIYOR...,0,0,1345,19,26,15,4
4.7277,17263,Rest,HAZIRLANIYOR...,0,0,1283,0,107,6,4
4.7277,17264,Rest,HAZIRLANIYOR...,0,0,1186,0,181,4,4
4.7277,17265,Rest,HAZIRLANIYOR...,0,0,1052,0,253,6,4
4.7277,17266,Rest,HAZIRLANIYOR...,0,0,876,0,332,6,4
4.7277,17267,Rest,HAZIRLANIYOR...,0,0,655,0,420,4,4
4.7277,17268,Rest,HAZIRLANIYOR...,0,0,395,0,502,4,3
4.7277,17269,Rest,HAZIRLANIYOR...,0,60,107,0,570,4,3
4.7278,17270,Rest,HAZIRLANIYOR...,0,161,0,0,628,5,2
4.7280,17271,Rest,HAZIRLANIYOR...,0,259,0,0,675,9,1
4.7280,17272,Rest,HAZIRLANIYOR...,0,349,0,0,690,10,1
4.7280,17273,Rest,HAZIRLANIYOR...,0,428,0,0,665,2,1
4.7280,17274,Rest,HAZIRLANIYOR...,0,494,0,0,618,0,1
4.7280,17275,Rest,HAZIRLANIYOR...,0,545,0,0,579,0,0
4.7280,17276,Rest,HAZIRLANIYOR...,0,577,0,0,550,0,0
4.7281,17277,Rest,HAZIRLANIYOR...,0,586,0,0,496,0,1
4.7281,17278,Rest,HAZIRLANIYOR...,0,575,0,0,388,0,2
4.7281,17279,Rest,HAZIRLANIYOR...,0,551,0,0,243,0,1
4.7281,17280,Rest,HAZIRLANIYOR...,0,510,0,0,93,0,0
4.7281,17281,Rest,HAZIRLANIYOR...,0,451,0,7,0,0,0
4.7281,17282,Rest,HAZIRLANIYOR...,0,376,0,31,0,0,0
4.7281,17283,Rest,HAZIRLANIYOR...,0,292,0,51,0,0,0
4.7282,17284,Rest,HAZIRLANIYOR...,0,201,0,69,0,0,0
4.7282,17285,Rest,HAZIRLANIYOR...,0,105,0,84,0,0,0
4.7282,17286,Rest,HAZIRLANIYOR...,0,5,0,96,0,0,0
4.7282,17287,Rest,HAZIRLANIYOR...,0,0,31,105,0,0,0
4.7283,17288,Rest,HAZIRLANIYOR...,0,0,274,112,0,0,0
4.7284,17289,Rest,HAZIRLANIYOR...,0,0,505,120,0,0,0
4.7287,17290,Rest,HAZIRLANIYOR...,0,0,715,127,0,0,0
4.7438,17291,Rest,HAZIRLANIYOR...,0,0,899,130,0,0,0
4.7439,17292,Rest,HAZIRLANIYOR...,0,0,1050,129,0,2,0
4.7439,17293,Rest,HAZIRLANIYOR...,0,0,1169,124,0,12,0
4.7439,17294,Rest,HAZIRLANIYOR...,0,0,1262,114,0,17,0
4.7439,17295,Rest,HAZIRLANIYOR...,0,0,1326,99,0,14,3
4.7439,17296,Rest,HAZIRLANIYOR...,0,0,1358,76,0,11,2
4.7439,17297,Rest,HAZIRLANIYOR...,0,0,1352,48,0,13,0
4.7439,17298,Rest,HAZIRLANIYOR...,0,0,1303,19,61,12,0
4.7440,17299,Rest,HAZIRLANIYOR...,0,0,1214,0,141,4,1
4.7440,17300,Rest,HAZIRLANIYOR...,0,0,1092,0,218,0,4
4.7440,17301,Rest,HAZIRLANIYOR...,0,0,933,0,294,1,5
4.7440,17302,Rest,HAZIRLANIYOR...,0,0,732,0,373,3,4
4.7440,17303,Rest,HAZIRLANIYOR...,0,0,491,0,459,3,3
4.7440,17304,Rest,HAZIRLANIYOR...,0,0,217,0,550,2,3
4.7441,17305,Rest,HAZIRLANIYOR...,0,87,0,0,630,2,2
4.7441,17306,Rest,HAZIRLANIYOR...,0,184,0,0,686,1,1
4.7441,17307,Rest,HAZIRLANIYOR...,0,277,0,0,711,0,1
4.7441,17308,Rest,HAZIRLANIYOR...,0,363,0,0,704,0,1
4.7441,17309,Rest,HAZIRLANIYOR...,0,436,0,0,669,0,1
4.7441,17310,Rest,HAZIRLANIYOR...,0,490,0,0,624,0,0
4.7441,17311,Rest,HAZIRLANIYOR...,0,524,0,0,583,0,0
4.7442,17312,Rest,HAZIRLANIYOR...,0,540,0,0,535,0,0
4.7442,17313,Rest,HAZIRLANIYOR...,0,541,0,0,456,0,0
4.7442,17314,Rest,HAZIRLANIYOR...,0,526,0,0,340,0,0
4.7442,17315,Rest,HAZIRLANIYOR...,0,496,0,0,199,0,0
4.7442,17316,Rest,HAZIRLANIYOR...,0,448,0,0,48,0,0
4.7443,17317,Rest,HAZIRLANIYOR...,0,383,0,12,0,0,0
4.7443,17318,Rest,HAZIRLANIYOR...,0,307,0,35,0,0,0
4.7588,17319,Rest,HAZIRLANIYOR...,0,223,0,54,0,0,0
4.7590,17320,Rest,HAZIRLANIYOR...,0,134,0,70,0,0,0
4.7590,17321,Rest,HAZIRLANIYOR...,0,42,0,81,0,0,0
4.7590,17322,Rest,HAZIRLANIYOR...,0,0,0,90,0,0,3
4.7590,17323,Rest,HAZIRLANIYOR...,0,0,167,100,0,0,7
4.7590,17324,Rest,HAZIRLANIYOR...,0,0,401,110,0,0,6
4.7590,17325,Rest,HAZIRLANIYOR...,0,0,618,118,0,0,0
4.7591,17326,Rest,HAZIRLANIYOR...,0,0,815,123,0,8,0
4.7591,17327,Rest,HAZIRLANIYOR...,0,0,986,125,0,12,0
4.7591,17328,Rest,HAZIRLANIYOR...,0,0,1126,125,0,5,0
4.7591,17329,Rest,HAZIRLANIYOR...,0,0,1232,118,0,2,4
4.7591,17330,Rest,HAZIRLANIYOR...,0,0,1306,103,0,9,5
4.7592,17331,Rest,HAZIRLANIYOR...,0,0,1349,82,0,13,0
4.7592,17332,Rest,HAZIRLANIYOR...,0,0,1359,56,0,9,0
4.7592,17333,Rest,HAZIRLANIYOR...,0,0,1333,27,28,7,0
4.7592,17334,Rest,HAZIRLANIYOR...,0,0,1269,0,114,9,0
4.7592,17335,Rest,HAZIRLANIYOR...,0,0,1166,0,194,11,0
4.7592,17336,Rest,HAZIRLANIYOR...,0,0,1025,0,271,8,0
4.7592,17337,Rest,HAZIRLANIYOR...,0,0,843,0,348,6,0
4.7593,17338,Rest,HAZIRLANIYOR...,0,0,614,0,437,5,1
4.7594,17339,Rest,HAZIRLANIYOR...,0,15,345,0,540,5,1
4.7594,17340,Rest,HAZIRLANIYOR...,0,119,50,0,635,5,4
4.7594,17341,Rest,HAZIRLANIYOR...,0,225,0,0,702,5,8
4.7594,17342,Rest,HAZIRLANIYOR...,0,325,0,0,737,4,4
4.7594,17343,Rest,HAZIRLANIYOR...,0,412,0,0,733,2,0
4.7595,17344,Rest,HAZIRLANIYOR...,0,483,0,0,698,0,0
4.7742,17345,Rest,HAZIRLANIYOR...,0,541,0,0,659,0,0
4.7743,17346,Rest,HAZIRLANIYOR...,0,586,0,0,633,0,0
4.7743,17347,Rest,HAZIRLANIYOR...,0,613,0,0,599,0,0
4.7743,17348,Rest,HAZIRLANIYOR...,0,619,0,0,527,0,0
4.7743,17349,Rest,HAZIRLANIYOR...,0,605,0,0,408,0,0
4.7744,17350,Rest,HAZIRLANIYOR...,0,574,0,0,250,0,0
4.7744,17351,Rest,HAZIRLANIYOR...,0,525,0,0,73,0,0
4.7744,17352,Rest,HAZIRLANIYOR...,0,459,0,3,0,0,0
4.7744,17353,Rest,HAZIRLANIYOR...,0,379,0,25,0,0,0
4.7744,17354,Rest,HAZIRLANIYOR...,0,289,0,45,0,0,0
4.7744,17355,Rest,HAZIRLANIYOR...,0,189,0,64,0,0,0
4.7744,17356,Rest,HAZIRLANIYOR...,0,84,0,76,0,0,0
4.7745,17357,Rest,HAZIRLANIYOR...,0,0,0,84,0,2,0
4.7745,17358,Rest,HAZIRLANIYOR...,0,0,77,93,0,0,0
4.7745,17359,Rest,HAZIRLANIYOR...,0,0,318,103,0,0,0
4.7745,17360,Rest,HAZIRLANIYOR...,0,0,549,111,0,0,1
4.7745,17361,Rest,HAZIRLANIYOR...,0,0,758,117,0,0,3
4.7745,17362,Rest,HAZIRLANIYOR...,0,0,940,123,0,7,3
4.7745,17363,Rest,HAZIRLANIYOR...,0,0,1092,129,0,3,8
4.7745,17364,Rest,HAZIRLANIYOR...,0,0,1212,127,0,0,18
4.7746,17365,Rest,HAZIRLANIYOR...,0,0,1300,115,0,0,17
4.7746,17366,Rest,HAZIRLANIYOR...,0,0,1356,96,0,4,3
4.7746,17367,Rest,HAZIRLANIYOR...,0,0,1379,71,0,8,0
4.7746,17368,Rest,HAZIRLANIYOR...,0,0,1369,43,0,9,0
4.7746,17369,Rest,HAZIRLANIYOR...,0,0,1319,14,74,9,0
4.7747,17370,Rest,HAZIRLANIYOR...,0,0,1232,0,155,5,1
4.7748,17371,Rest,HAZIRLANIYOR...,0,0,1109,0,235,2,0
4.7748,17372,Rest,HAZIRLANIYOR...,0,0,944,0,311,2,0
4.7891,17373,Rest,HAZIRLANIYOR...,0,0,735,0,388,4,0
4.7891,17374,Rest,HAZIRLANIYOR...,0,0,485,0,474,5,1
4.7891,17375,Rest,HAZIRLANIYOR...,0,6,203,0,566,5,1
4.7891,17376,Rest,HAZIRLANIYOR...,0,112,0,0,645,3,0
4.7892,17377,Rest,HAZIRLANIYOR...,0,216,0,0,699,3,0
4.7892,17378,Rest,HAZIRLANIYOR...,0,312,0,0,723,2,0
4.7892,17379,Rest,HAZIRLANIYOR...,0,394,0,0,714,0,0
4.7892,17380,Rest,HAZIRLANIYOR...,0,461,0,0,678,0,1
4.7892,17381,Rest,HAZIRLANIYOR...,0,510,0,0,635,0,2
4.7892,17382,Rest,HAZIRLANIYOR...,0,542,0,0,599,0,2
4.7892,17383,Rest,HAZIRLANIYOR...,0,554,0,0,558,0,0
4.7893,17384,Rest,HAZIRLANIYOR...,0,548,0,0,486,0,0
4.7893,17385,Rest,HAZIRLANIYOR...,0,528,0,0,359,0,0
4.7893,17386,Rest,HAZIRLANIYOR...,0,494,0,0,191,0,0
4.7893,17387,Rest,HAZIRLANIYOR...,0,444,0,0,22,0,1
4.7893,17388,Rest,HAZIRLANIYOR...,0,377,0,14,0,0,0
4.7893,17389,Rest,HAZIRLANIYOR...,0,299,0,35,0,0,0
4.7893,17390,Rest,HAZIRLANIYOR...,0,215,0,56,0,0,0
4.7893,17391,Rest,HAZIRLANIYOR...,0,125,0,71,0,0,3
4.7894,17392,Rest,HAZIRLANIYOR...,0,30,0,81,0,0,7
4.7894,17393,Rest,HAZIRLANIYOR...,0,0,0,89,0,0,4
4.7894,17394,Rest,HAZIRLANIYOR...,0,0,173,97,0,0,0
4.7894,17395,Rest,HAZIRLANIYOR...,0,0,410,108,0,0,0
4.7894,17396,Rest,HAZIRLANIYOR...,0,0,632,118,0,0,0
4.7894,17397,Rest,HAZIRLANIYOR...,0,0,831,123,0,0,0
4.7895,17398,Rest,HAZIRLANIYOR...,0,0,1001,123,0,5,0
4.8046,17399,Rest,HAZIRLANIYOR...,0,0,1141,119,0,7,0
4.8047,17400,Rest,HAZIRLANIYOR...,0,0,1248,109,0,7,0
4.8047,17401,Rest,HAZIRLANIYOR...,0,0,1322,94,0,9,0
4.8047,17402,Rest,HAZIRLANIYOR...,0,0,1364,73,0,17,0
4.8047,17403,Rest,HAZIRLANIYOR...,0,0,1375,48,0,23,1
4.8048,17404,Rest,HAZIRLANIYOR...,0,0,1348,21,25,18,0
4.8048,17405,Rest,HAZIRLANIYOR...,0,0,1283,0,114,5,0
4.8048,17406,Rest,HAZIRLANIYOR...,0,0,1181,0,195,0,0
4.8048,17407,Rest,HAZIRLANIYOR...,0,0,1039,0,262,1,3
4.8048,17408,Rest,HAZIRLANIYOR...,0,0,854,0,327,5,3
4.8048,17409,Rest,HAZIRLANIYOR...,0,0,628,0,408,10,0
4.8048,17410,Rest,HAZIRLANIYOR...,0,0,365,0,504,14,0
4.8048,17411,Rest,HAZIRLANIYOR...,0,76,73,0,594,10,0
4.8049,17412,Rest,HAZIRLANIYOR...,0,175,0,0,660,2,2
4.8049,17413,Rest,HAZIRLANIYOR...,0,274,0,0,699,0,2
4.8049,17414,Rest,HAZIRLANIYOR...,0,371,0,0,709,1,0
4.8049,17415,Rest,HAZIRLANIYOR...,0,456,0,0,684,0,0
4.8049,17416,Rest,HAZIRLANIYOR...,0,523,0,0,636,0,1
4.8049,17417,Rest,HAZIRLANIYOR...,0,569,0,0,589,0,2
4.8049,17418,Rest,HAZIRLANIYOR...,0,598,0,0,550,0,2
4.8049,17419,Rest,HAZIRLANIYOR...,0,612,0,0,494,0,1
4.8050,17420,Rest,HAZIRLANIYOR...,0,609,0,0,395,0,0
4.8050,17421,Rest,HAZIRLANIYOR...,0,586,0,0,258,0,0
4.8050,17422,Rest,HAZIRLANIYOR...,0,541,0,0,107,0,0
4.8050,17423,Rest,HAZIRLANIYOR...,0,478,0,22,0,0,0
4.8050,17424,Rest,HAZIRLANIYOR...,0,403,0,42,0,0,0
4.8051,17425,Rest,HAZIRLANIYOR...,0,320,0,57,0,0,0
4.8052,17426,Rest,HAZIRLANIYOR...,0,231,0,73,0,0,3
4.8208,17427,Rest,HAZIRLANIYOR...,0,136,0,91,0,0,5
4.8209,17428,Rest,HAZIRLANIYOR...,0,40,0,101,0,0,0
4.8210,17429,Rest,HAZIRLANIYOR...,0,0,65,106,0,0,0
4.8210,17430,Rest,HAZIRLANIYOR...,0,0,304,111,0,0,0
4.8210,17431,Rest,HAZIRLANIYOR...,0,0,528,119,0,0,0
4.8210,17432,Rest,HAZIRLANIYOR...,0,0,735,126,0,0,1
4.8210,17433,Rest,HAZIRLANIYOR...,0,0,918,128,0,0,2
4.8210,17434,Rest,HAZIRLANIYOR...,0,0,1069,124,0,0,2
4.8211,17435,Rest,HAZIRLANIYOR...,0,0,1186,118,0,0,0
4.8211,17436,Rest,HAZIRLANIYOR...,0,0,1270,109,0,2,0
4.8211,17437,Rest,HAZIRLANIYOR...,0,0,1326,92,0,5,4
4.8211,17438,Rest,HAZIRLANIYOR...,0,0,1351,68,0,8,9
4.8211,17439,Rest,HAZIRLANIYOR...,0,0,1341,40,0,10,3
4.8212,17440,Rest,HAZIRLANIYOR...,0,0,1292,12,67,10,0
4.8212,17441,Rest,HAZIRLANIYOR...,0,0,1206,0,152,9,0
4.8212,17442,Rest,HAZIRLANIYOR...,0,0,1083,0,236,7,0
4.8212,17443,Rest,HAZIRLANIYOR...,0,0,920,0,311,7,0
4.8212,17444,Rest,HAZIRLANIYOR...,0,0,712,0,378,6,0
4.8216,17445,Rest,HAZIRLANIYOR...,0,0,464,0,456,4,0
4.8216,17446,Rest,HAZIRLANIYOR...,0,20,183,0,546,3,0
4.8216,17447,Rest,HAZIRLANIYOR...,0,110,0,0,629,4,0
4.8216,17448,Rest,HAZIRLANIYOR...,0,198,0,0,684,7,0
4.8216,17449,Rest,HAZIRLANIYOR...,0,281,0,0,706,10,0
4.8216,17450,Rest,HAZIRLANIYOR...,0,353,0,0,698,9,2
4.8217,17451,Rest,HAZIRLANIYOR...,0,411,0,0,664,2,4
4.8217,17452,Rest,HAZIRLANIYOR...,0,454,0,0,620,0,0
4.8217,17453,Rest,HAZIRLANIYOR...,0,482,0,0,582,0,0
4.8218,17454,Rest,HAZIRLANIYOR...,0,495,0,0,544,0,0
4.8218,17455,Rest,HAZIRLANIYOR...,0,492,0,0,482,0,0
4.8359,17456,Rest,HAZIRLANIYOR...,0,471,0,0,373,0,0
4.8360,17457,Rest,HAZIRLANIYOR...,0,436,0,0,213,0,0
4.8360,17458,Rest,HAZIRLANIYOR...,0,387,0,0,29,0,0
4.8360,17459,Rest,HAZIRLANIYOR...,0,321,0,12,0,0,0
4.8360,17460,Rest,HAZIRLANIYOR...,0,241,0,32,0,0,0
4.8360,17461,Rest,HAZIRLANIYOR...,0,155,0,51,0,0,0
4.8360,17462,Rest,HAZIRLANIYOR...,0,67,0,68,0,0,0
4.8360,17463,Rest,HAZIRLANIYOR...,0,0,0,80,0,0,0
4.8361,17464,Rest,HAZIRLANIYOR...,0,0,0,86,0,1,0
4.8361,17465,Rest,HAZIRLANIYOR...,0,0,199,91,0,3,0
4.8361,17466,Rest,HAZIRLANIYOR...,0,0,433,101,0,1,0
4.8361,17467,Rest,HAZIRLANIYOR...,0,0,649,112,0,0,0
4.8361,17468,Rest,HAZIRLANIYOR...,0,0,843,117,0,0,3
4.8361,17469,Rest,HAZIRLANIYOR...,0,0,1012,118,0,4,2
4.8361,17470,Rest,HAZIRLANIYOR...,0,0,1147,116,0,5,1
4.8361,17471,Rest,HAZIRLANIYOR...,0,0,1249,111,0,4,6
4.8362,17472,Rest,HAZIRLANIYOR...,0,0,1319,98,0,5,13
4.8362,17473,Rest,HAZIRLANIYOR...,0,0,1359,77,0,1,9
4.8362,17474,Rest,HAZIRLANIYOR...,0,0,1365,48,0,0,1
4.8362,17475,Rest,HAZIRLANIYOR...,0,0,1336,19,30,0,1
4.8362,17476,Rest,HAZIRLANIYOR...,0,0,1267,0,115,0,10
4.8362,17477,Rest,HAZIRLANIYOR...,0,0,1159,0,194,1,13
4.8362,17478,Rest,HAZIRLANIYOR...,0,0,1010,0,266,2,5
4.8362,17479,Rest,HAZIRLANIYOR...,0,0,818,0,339,5,0
4.8362,17480,Rest,HAZIRLANIYOR...,0,0,586,0,426,14,0
4.8363,17481,Rest,HAZIRLANIYOR...,0,0,317,0,529,18,0
4.8513,17482,Rest,HAZIRLANIYOR...,0,75,21,0,623,11,0
4.8514,17483,Rest,HAZIRLANIYOR...,0,174,0,0,685,0,2
4.8514,17484,Rest,HAZIRLANIYOR...,0,269,0,0,717,0,0
4.8514,17485,Rest,HAZIRLANIYOR...,0,355,0,0,724,0,0
4.8514,17486,Rest,HAZIRLANIYOR...,0,433,0,0,699,0,0
4.8514,17487,Rest,HAZIRLANIYOR...,0,500,0,0,659,0,0
4.8514,17488,Rest,HAZIRLANIYOR...,0,552,0,0,626,3,0
4.8514,17489,Rest,HAZIRLANIYOR...,0,586,0,0,586,7,0
4.8514,17490,Rest,HAZIRLANIYOR...,0,601,0,0,510,1,0
4.8515,17491,Rest,HAZIRLANIYOR...,0,601,0,0,396,0,0
4.8515,17492,Rest,HAZIRLANIYOR...,0,586,0,0,257,0,0
4.8515,17493,Rest,HAZIRLANIYOR...,0,553,0,0,101,0,0
4.8515,17494,Rest,HAZIRLANIYOR...,0,500,0,15,0,0,0
4.8515,17495,Rest,HAZIRLANIYOR...,0,430,0,39,0,0,0
4.8516,17496,Rest,HAZIRLANIYOR...,0,347,0,60,0,0,0
4.8516,17497,Rest,HAZIRLANIYOR...,0,257,0,76,0,0,0
4.8516,17498,Rest,HAZIRLANIYOR...,0,162,0,84,0,0,0
4.8516,17499,Rest,HAZIRLANIYOR...,0,65,0,89,0,0,0
4.8516,17500,Rest,HAZIRLANIYOR...,0,0,96,97,0,0,0
4.8516,17501,Rest,HAZIRLANIYOR...,0,0,336,108,0,0,0
4.8516,17502,Rest,HAZIRLANIYOR...,0,0,561,115,0,3,5
4.8516,17503,Rest,HAZIRLANIYOR...,0,0,765,119,0,6,8
4.8516,17504,Rest,HAZIRLANIYOR...,0,0,942,122,0,3,6
4.8517,17505,Rest,HAZIRLANIYOR...,0,0,1089,124,0,0,6
4.8517,17506,Rest,HAZIRLANIYOR...,0,0,1206,119,0,3,8
4.8517,17507,Rest,HAZIRLANIYOR...,0,0,1291,107,0,7,5
4.8518,17508,Rest,HAZIRLANIYOR...,0,0,1345,88,0,5,0
4.8664,17509,Rest,HAZIRLANIYOR...,0,0,1367,65,0,4,0
4.8666,17510,Rest,HAZIRLANIYOR...,0,0,1353,38,0,7,0
4.8666,17511,Rest,HAZIRLANIYOR...,0,0,1300,12,79,12,0
4.8666,17512,Rest,HAZIRLANIYOR...,0,0,1212,0,159,12,0
4.8666,17513,Rest,HAZIRLANIYOR...,0,0,1089,0,235,10,0
4.8666,17514,Rest,HAZIRLANIYOR...,0,0,924,0,308,9,1
4.8666,17515,Rest,HAZIRLANIYOR...,0,0,711,0,385,9,1
4.8667,17516,Rest,HAZIRLANIYOR...,0,0,456,0,474,9,1
4.8667,17517,Rest,HAZIRLANIYOR...,0,6,172,0,569,9,1
4.8667,17518,Rest,HAZIRLANIYOR...,0,97,0,0,650,8,0
4.8667,17519,Rest,HAZIRLANIYOR...,0,188,0,0,706,7,0
4.8667,17520,Rest,HAZIRLANIYOR...,0,274,0,0,730,5,0
4.8667,17521,Rest,HAZIRLANIYOR...,0,349,0,0,712,1,0
4.8668,17522,Rest,HAZIRLANIYOR...,0,410,0,0,664,0,0
4.8668,17523,Rest,HAZIRLANIYOR...,0,455,0,0,619,0,0
4.8668,17524,Rest,HAZIRLANIYOR...,0,484,0,0,585,0,0
4.8668,17525,Rest,HAZIRLANIYOR...,0,495,0,0,538,0,2
4.8668,17526,Rest,HAZIRLANIYOR...,0,490,0,0,451,0,1
4.8668,17527,Rest,HAZIRLANIYOR...,0,471,0,0,327,0,0
4.8668,17528,Rest,HAZIRLANIYOR...,0,436,0,0,183,0,0
4.8668,17529,Rest,HAZIRLANIYOR...,0,385,0,0,33,0,3
4.8668,17530,Rest,HAZIRLANIYOR...,0,319,0,18,0,0,6
4.8669,17531,Rest,HAZIRLANIYOR...,0,242,0,41,0,0,0
4.8669,17532,Rest,HAZIRLANIYOR...,0,157,0,60,0,0,0
4.8669,17533,Rest,HAZIRLANIYOR...,0,67,0,76,0,0,0
4.8669,17534,Rest,HAZIRLANIYOR...,0,0,0,89,0,0,0
4.8670,17535,Rest,HAZIRLANIYOR...,0,0,0,100,0,0,0
4.8818,17536,Rest,HAZIRLANIYOR...,0,0,193,108,0,0,0
4.8819,17537,Rest,HAZIRLANIYOR...,0,0,427,116,0,0,0
4.8820,17538,Rest,HAZIRLANIYOR...,0,0,644,124,0,2,0
4.8820,17539,Rest,HAZIRLANIYOR...,0,0,838,130,0,0,0
4.8820,17540,Rest,HAZIRLANIYOR...,0,0,1003,132,0,0,1
4.8821,17541,Rest,HAZIRLANIYOR...,0,0,1136,129,0,0,6
4.8821,17542,Rest,HAZIRLANIYOR...,0,0,1237,120,0,1,8
4.8821,17543,Rest,HAZIRLANIYOR...,0,0,1309,104,0,6,4
4.8821,17544,Rest,HAZIRLANIYOR...,0,0,1349,81,0,12,0
4.8821,17545,Rest,HAZIRLANIYOR...,0,0,1354,54,0,16,0
4.8821,17546,Rest,HAZIRLANIYOR...,0,0,1322,26,35,12,3
4.8822,17547,Rest,HAZIRLANIYOR...,0,0,1253,0,117,3,4
4.8822,17548,Rest,HAZIRLANIYOR...,0,0,1148,0,193,0,2
4.8822,17549,Rest,HAZIRLANIYOR...,0,0,1005,0,267,1,1
4.8822,17550,Rest,HAZIRLANIYOR...,0,0,816,0,343,2,1
4.8822,17551,Rest,HAZIRLANIYOR...,0,0,582,0,429,2,4
4.8822,17552,Rest,HAZIRLANIYOR...,0,8,311,0,523,3,10
4.8822,17553,Rest,HAZIRLANIYOR...,0,109,20,0,610,3,13
4.8822,17554,Rest,HAZIRLANIYOR...,0,213,0,0,677,2,6
4.8823,17555,Rest,HAZIRLANIYOR...,0,314,0,0,716,1,0
4.8823,17556,Rest,HAZIRLANIYOR...,0,406,0,0,721,1,0
4.8823,17557,Rest,HAZIRLANIYOR...,0,486,0,0,690,4,0
4.8823,17558,Rest,HAZIRLANIYOR...,0,549,0,0,644,6,0
4.8823,17559,Rest,HAZIRLANIYOR...,0,593,0,0,607,0,0
4.8823,17560,Rest,HAZIRLANIYOR...,0,619,0,0,568,0,6
4.8823,17561,Rest,HAZIRLANIYOR...,0,626,0,0,495,0,7
4.8824,17562,Rest,HAZIRLANIYOR...,0,613,0,0,379,0,0
4.8825,17563,Rest,HAZIRLANIYOR...,0,582,0,0,238,0,0
4.8970,17564,Rest,HAZIRLANIYOR...,0,536,0,0,91,0,0
4.8971,17565,Rest,HAZIRLANIYOR...,0,471,0,0,0,0,0
4.8972,17566,Rest,HAZIRLANIYOR...,0,390,0,35,0,0,0
4.8972,17567,Rest,HAZIRLANIYOR...,0,301,0,56,0,0,0
4.8972,17568,Rest,HAZIRLANIYOR...,0,204,0,67,0,0,0
4.8972,17569,Rest,HAZIRLANIYOR...,0,100,0,78,0,0,0
4.8972,17570,Rest,HAZIRLANIYOR...,0,0,0,90,0,0,0
4.8972,17571,Rest,HAZIRLANIYOR...,0,0,91,101,0,0,0
4.8972,17572,Rest,HAZIRLANIYOR...,0,0,330,110,0,0,0
4.8972,17573,Rest,HAZIRLANIYOR...,0,0,554,120,0,0,0
4.8973,17574,Rest,HAZIRLANIYOR...,0,0,758,127,0,0,0
4.8973,17575,Rest,HAZIRLANIYOR...,0,0,936,130,0,0,0
4.8973,17576,Rest,HAZIRLANIYOR...,0,0,1081,132,0,0,0
4.8973,17577,Rest,HAZIRLANIYOR...,0,0,1192,131,0,4,2
4.8973,17578,Rest,HAZIRLANIYOR...,0,0,1273,123,0,8,3
4.8974,17579,Rest,HAZIRLANIYOR...,0,0,1326,105,0,14,4
4.8974,17580,Rest,HAZIRLANIYOR...,0,0,1349,81,0,18,4
4.8974,17581,Rest,HAZIRLANIYOR...,0,0,1336,54,0,14,3
4.8974,17582,Rest,HAZIRLANIYOR...,0,0,1282,26,76,6,2
4.8974,17583,Rest,HAZIRLANIYOR...,0,0,1190,0,155,4,1
4.8974,17584,Rest,HAZIRLANIYOR...,0,0,1061,0,233,7,0
4.8974,17585,Rest,HAZIRLANIYOR...,0,0,893,0,310,8,0
4.8975,17586,Rest,HAZIRLANIYOR...,0,0,683,0,393,6,0
4.8975,17587,Rest,HAZIRLANIYOR...,0,0,434,0,488,5,3
4.8977,17588,Rest,HAZIRLANIYOR...,0,27,156,0,585,7,6
4.8977,17589,Rest,HAZIRLANIYOR...,0,128,0,0,659,9,5
4.9122,17590,Rest,HAZIRLANIYOR...,0,227,0,0,703,6,3
4.9122,17591,Rest,HAZIRLANIYOR...,0,317,0,0,723,1,2
4.9122,17592,Rest,HAZIRLANIYOR...,0,394,0,0,714,0,1
4.9123,17593,Rest,HAZIRLANIYOR...,0,459,0,0,677,0,1
4.9123,17594,Rest,HAZIRLANIYOR...,0,509,0,0,633,0,0
4.9123,17595,Rest,HAZIRLANIYOR...,0,544,0,0,593,0,0
4.9123,17596,Rest,HAZIRLANIYOR...,0,560,0,0,542,0,0
4.9123,17597,Rest,HAZIRLANIYOR...,0,556,0,0,457,0,0
4.9123,17598,Rest,HAZIRLANIYOR...,0,534,0,0,325,0,1
4.9123,17599,Rest,HAZIRLANIYOR...,0,495,0,0,164,0,2
4.9126,17600,Rest,HAZIRLANIYOR...,0,442,0,0,3,0,1
4.9126,17601,Rest,HAZIRLANIYOR...,0,375,0,3,0,0,1
4.9126,17602,Rest,HAZIRLANIYOR...,0,295,0,26,0,0,5
4.9127,17603,Rest,HAZIRLANIYOR...,0,206,0,44,0,0,7
4.9127,17604,Rest,HAZIRLANIYOR...,0,118,0,60,0,0,0
4.9127,17605,Rest,HAZIRLANIYOR...,0,29,0,76,0,0,0
4.9127,17606,Rest,HAZIRLANIYOR...,0,0,0,91,0,0,0
4.9127,17607,Rest,HAZIRLANIYOR...,0,0,219,104,0,0,0
4.9127,17608,Rest,HAZIRLANIYOR...,0,0,448,115,0,0,0
4.9127,17609,Rest,HAZIRLANIYOR...,0,0,660,126,0,0,1
4.9127,17610,Rest,HAZIRLANIYOR...,0,0,849,135,0,0,2
4.9128,17611,Rest,HAZIRLANIYOR...,0,0,1008,138,0,0,1
4.9128,17612,Rest,HAZIRLANIYOR...,0,0,1137,136,0,0,0
4.9128,17613,Rest,HAZIRLANIYOR...,0,0,1233,129,0,4,0
4.9128,17614,Rest,HAZIRLANIYOR...,0,0,1300,114,0,5,0
4.9128,17615,Rest,HAZIRLANIYOR...,0,0,1337,93,0,3,0
4.9129,17616,Rest,HAZIRLANIYOR...,0,0,1339,67,0,3,0
4.9130,17617,Rest,HAZIRLANIYOR...,0,0,1303,42,41,6,0
4.9273,17618,Rest,HAZIRLANIYOR...,0,0,1227,16,126,11,0
4.9273,17619,Rest,HAZIRLANIYOR...,0,0,1116,0,205,15,0
4.9273,17620,Rest,HAZIRLANIYOR...,0,0,967,0,281,16,0
4.9274,17621,Rest,HAZIRLANIYOR...,0,0,776,0,361,12,0
4.9274,17622,Rest,HAZIRLANIYOR...,0,0,542,0,459,9,3
4.9274,17623,Rest,HAZIRLANIYOR...,0,0,273,0,568,5,3
4.9274,17624,Rest,HAZIRLANIYOR...,0,98,0,0,660,2,3
4.9274,17625,Rest,HAZIRLANIYOR...,0,204,0,0,716,0,7
4.9274,17626,Rest,HAZIRLANIYOR...,0,306,0,0,739,0,10
4.9274,17627,Rest,HAZIRLANIYOR...,0,397,0,0,737,0,2
4.9275,17628,Rest,HAZIRLANIYOR...,0,475,0,0,712,0,0
4.9275,17629,Rest,HAZIRLANIYOR...,0,538,0,0,681,0,0
4.9275,17630,Rest,HAZIRLANIYOR...,0,583,0,0,652,0,0
4.9275,17631,Rest,HAZIRLANIYOR...,0,611,0,0,608,0,0
4.9275,17632,Rest,HAZIRLANIYOR...,0,623,0,0,526,0,0
4.9275,17633,Rest,HAZIRLANIYOR...,0,615,0,0,392,0,0
4.9275,17634,Rest,HAZIRLANIYOR...,0,587,0,0,217,0,0
4.9275,17635,Rest,HAZIRLANIYOR...,0,536,0,0,29,0,0
4.9275,17636,Rest,HAZIRLANIYOR...,0,467,0,0,0,0,0
4.9275,17637,Rest,HAZIRLANIYOR...,0,383,0,19,0,0,0
4.9276,17638,Rest,HAZIRLANIYOR...,0,289,0,44,0,0,0
4.9276,17639,Rest,HAZIRLANIYOR...,0,190,0,61,0,0,0
4.9276,17640,Rest,HAZIRLANIYOR...,0,86,0,76,0,0,0
4.9276,17641,Rest,HAZIRLANIYOR...,0,0,0,92,0,0,0
4.9277,17642,Rest,HAZIRLANIYOR...,0,0,135,107,0,0,0
4.9277,17643,Rest,HAZIRLANIYOR...,0,0,367,119,0,0,0
4.9424,17644,Rest,HAZIRLANIYOR...,0,0,584,129,0,0,4
4.9425,17645,Rest,HAZIRLANIYOR...,0,0,781,140,0,0,8
4.9425,17646,Rest,HAZIRLANIYOR...,0,0,952,148,0,0,2
4.9425,17647,Rest,HAZIRLANIYOR...,0,0,1094,151,0,3,0
4.9425,17648,Rest,HAZIRLANIYOR...,0,0,1205,147,0,4,0
4.9425,17649,Rest,HAZIRLANIYOR...,0,0,1283,135,0,5,1
4.9425,17650,Rest,HAZIRLANIYOR...,0,0,1330,116,0,7,1
4.9426,17651,Rest,HAZIRLANIYOR...,0,0,1345,91,0,10,0
4.9426,17652,Rest,HAZIRLANIYOR...,0,0,1324,63,11,11,0
4.9426,17653,Rest,HAZIRLANIYOR...,0,0,1265,33,97,11,1
4.9426,17654,Rest,HAZIRLANIYOR...,0,0,1170,4,177,10,3
4.9426,17655,Rest,HAZIRLANIYOR...,0,0,1037,0,255,8,5
4.9426,17656,Rest,HAZIRLANIYOR...,0,0,863,0,332,7,5
4.9426,17657,Rest,HAZIRLANIYOR...,0,0,648,0,408,7,4
4.9426,17658,Rest,HAZIRLANIYOR...,0,0,398,0,494,6,4
4.9427,17659,Rest,HAZIRLANIYOR...,0,74,118,0,588,5,4
4.9427,17660,Rest,HAZIRLANIYOR...,0,162,0,0,669,5,3
4.9427,17661,Rest,HAZIRLANIYOR...,0,245,0,0,721,5,1
4.9427,17662,Rest,HAZIRLANIYOR...,0,325,0,0,741,5,0
4.9427,17663,Rest,HAZIRLANIYOR...,0,399,0,0,726,6,0
4.9427,17664,Rest,HAZIRLANIYOR...,0,459,0,0,686,4,0
4.9427,17665,Rest,HAZIRLANIYOR...,0,502,0,0,642,0,1
4.9427,17666,Rest,HAZIRLANIYOR...,0,528,0,0,601,0,8
4.9428,17667,Rest,HAZIRLANIYOR...,0,540,0,0,546,0,12
4.9428,17668,Rest,HAZIRLANIYOR...,0,535,0,0,454,0,5
4.9428,17669,Rest,HAZIRLANIYOR...,0,510,0,0,322,0,0
4.9429,17670,Rest,HAZIRLANIYOR...,0,469,0,0,164,0,0
4.9575,17671,Rest,HAZIRLANIYOR...,0,413,0,0,7,0,0
4.9576,17672,Rest,HAZIRLANIYOR...,0,345,0,1,0,0,0
4.9576,17673,Rest,HAZIRLANIYOR...,0,264,0,26,0,0,0
4.9576,17674,Rest,HAZIRLANIYOR...,0,174,0,46,0,0,0
4.9576,17675,Rest,HAZIRLANIYOR...,0,80,0,62,0,0,0
4.9577,17676,Rest,HAZIRLANIYOR...,0,0,0,77,0,0,0
4.9577,17677,Rest,HAZIRLANIYOR...,0,0,0,93,0,0,1
4.9577,17678,Rest,HAZIRLANIYOR...,0,0,217,106,0,0,0
4.9577,17679,Rest,HAZIRLANIYOR...,0,0,447,117,0,0,0
4.9577,17680,Rest,HAZIRLANIYOR...,0,0,659,127,0,0,0
4.9577,17681,Rest,HAZIRLANIYOR...,0,0,847,136,0,9,8
4.9578,17682,Rest,HAZIRLANIYOR...,0,0,1007,140,0,11,13
4.9578,17683,Rest,HAZIRLANIYOR...,0,0,1137,138,0,3,5
4.9578,17684,Rest,HAZIRLANIYOR...,0,0,1235,131,0,0,0
4.9578,17685,Rest,HAZIRLANIYOR...,0,0,1302,121,0,9,0
4.9578,17686,Rest,HAZIRLANIYOR...,0,0,1337,104,0,18,2
4.9578,17687,Rest,HAZIRLANIYOR...,0,0,1341,79,0,14,9
4.9578,17688,Rest,HAZIRLANIYOR...,0,0,1308,46,54,4,10
4.9578,17689,Rest,HAZIRLANIYOR...,0,0,1235,10,138,1,3
4.9579,17690,Rest,HAZIRLANIYOR...,0,0,1123,0,215,5,0
4.9579,17691,Rest,HAZIRLANIYOR...,0,0,973,0,289,6,0
4.9579,17692,Rest,HAZIRLANIYOR...,0,0,782,0,366,4,0
4.9579,17693,Rest,HAZIRLANIYOR...,0,0,549,0,451,6,1
4.9579,17694,Rest,HAZIRLANIYOR...,0,36,282,0,537,8,1
4.9579,17695,Rest,HAZIRLANIYOR...,0,127,0,0,617,5,0
4.9579,17696,Rest,HAZIRLANIYOR...,0,221,0,0,681,0,0
4.9729,17697,Rest,HAZIRLANIYOR...,0,309,0,0,716,0,0
4.9730,17698,Rest,HAZIRLANIYOR...,0,384,0,0,716,0,0
4.9730,17699,Rest,HAZIRLANIYOR...,0,447,0,0,688,0,0
4.9730,17700,Rest,HAZIRLANIYOR...,0,497,0,0,647,0,0
4.9731,17701,Rest,HAZIRLANIYOR...,0,533,0,0,601,0,0
4.9731,17702,Rest,HAZIRLANIYOR...,0,547,0,0,549,0,0
4.9731,17703,Rest,HAZIRLANIYOR...,0,543,0,0,478,0,0
4.9731,17704,Rest,HAZIRLANIYOR...,0,524,0,0,371,0,0
4.9731,17705,Rest,HAZIRLANIYOR...,0,491,0,0,226,0,0
4.9731,17706,Rest,HAZIRLANIYOR...,0,442,0,0,66,0,0
4.9731,17707,Rest,HAZIRLANIYOR...,0,375,0,0,0,0,0
4.9732,17708,Rest,HAZIRLANIYOR...,0,295,0,18,0,0,0
4.9732,17709,Rest,HAZIRLANIYOR...,0,206,0,42,0,0,0
4.9732,17710,Rest,HAZIRLANIYOR...,0,112,0,60,0,0,0
4.9732,17711,Rest,HAZIRLANIYOR...,0,12,0,75,0,0,1
4.9732,17712,Rest,HAZIRLANIYOR...,0,0,0,91,0,0,2
4.9732,17713,Rest,HAZIRLANIYOR...,0,0,111,107,0,0,0
4.9732,17714,Rest,HAZIRLANIYOR...,0,0,345,122,0,0,0
4.9732,17715,Rest,HAZIRLANIYOR...,0,0,564,134,0,0,0
4.9733,17716,Rest,HAZIRLANIYOR...,0,0,762,144,0,3,0
4.9733,17717,Rest,HAZIRLANIYOR...,0,0,934,152,0,6,0
4.9733,17718,Rest,HAZIRLANIYOR...,0,0,1077,154,0,6,0
4.9733,17719,Rest,HAZIRLANIYOR...,0,0,1190,149,0,10,0
4.9733,17720,Rest,HAZIRLANIYOR...,0,0,1269,137,0,17,7
4.9733,17721,Rest,HAZIRLANIYOR...,0,0,1316,118,0,20,12
4.9733,17722,Rest,HAZIRLANIYOR...,0,0,1334,93,0,14,6
4.9734,17723,Rest,HAZIRLANIYOR...,0,0,1317,64,3,5,0
4.9734,17724,Rest,HAZIRLANIYOR...,0,0,1259,34,91,3,0
4.9891,17725,Rest,HAZIRLANIYOR...,0,0,1162,7,172,4,2
4.9892,17726,Rest,HAZIRLANIYOR...,0,0,1029,0,248,2,1
4.9892,17727,Rest,HAZIRLANIYOR...,0,0,859,0,326,2,1
4.9892,17728,Rest,HAZIRLANIYOR...,0,0,645,0,418,5,7
4.9893,17729,Rest,HAZIRLANIYOR...,0,0,390,0,530,9,11
4.9893,17730,Rest,HAZIRLANIYOR...,0,74,107,0,649,9,8
4.9893,17731,Rest,HAZIRLANIYOR...,0,183,0,0,746,6,5
4.9893,17732,Rest,HAZIRLANIYOR...,0,288,0,0,804,5,7
4.9893,17733,Rest,HAZIRLANIYOR...,0,386,0,0,820,8,3
4.9893,17734,Rest,HAZIRLANIYOR...,0,474,0,0,806,8,0
4.9894,17735,Rest,HAZIRLANIYOR...,0,545,0,0,782,0,0
4.9894,17736,Rest,HAZIRLANIYOR...,0,593,0,0,750,0,0
4.9894,17737,Rest,HAZIRLANIYOR...,0,622,0,0,678,0,0
4.9894,17738,Rest,HAZIRLANIYOR...,0,636,0,0,539,0,0
4.9894,17739,Rest,HAZIRLANIYOR...,0,629,0,0,359,0,2
4.9894,17740,Rest,HAZIRLANIYOR...,0,596,0,0,175,0,2
4.9894,17741,Rest,HAZIRLANIYOR...,0,541,0,0,0,0,0
4.9894,17742,Rest,HAZIRLANIYOR...,0,470,0,0,0,0,0
4.9895,17743,Rest,HAZIRLANIYOR...,0,386,0,0,0,0,0
4.9895,17744,Rest,HAZIRLANIYOR...,0,291,0,8,0,0,0
4.9895,17745,Rest,HAZIRLANIYOR...,0,191,0,33,0,0,0
4.9895,17746,Rest,HAZIRLANIYOR...,0,90,0,53,0,0,0
4.9895,17747,Rest,HAZIRLANIYOR...,0,0,0,70,0,0,0
4.9895,17748,Rest,HAZIRLANIYOR...,0,0,66,90,0,0,0
4.9895,17749,Rest,HAZIRLANIYOR...,0,0,295,111,0,0,0
4.9896,17750,Rest,HAZIRLANIYOR...,0,0,513,129,0,0,0
4.9896,17751,Rest,HAZIRLANIYOR...,0,0,714,142,0,0,0
4.9897,17752,Rest,HAZIRLANIYOR...,0,0,890,154,0,1,0
4.9897,17753,Rest,HAZIRLANIYOR...,0,0,1034,163,0,4,0
5.0053,17754,Rest,HAZIRLANIYOR...,0,0,1146,166,0,6,0
5.0056,17755,Rest,HAZIRLANIYOR...,0,0,1231,159,0,8,0
5.0056,17756,Rest,HAZIRLANIYOR...,0,0,1289,144,0,9,3
5.0056,17757,Rest,HAZIRLANIYOR...,0,0,1316,123,0,10,5
5.0056,17758,Rest,HAZIRLANIYOR...,0,0,1310,97,0,12,4
5.0057,17759,Rest,HAZIRLANIYOR...,0,0,1268,66,79,18,3
5.0057,17760,Rest,HAZIRLANIYOR...,0,0,1187,34,162,24,3
5.0057,17761,Rest,HAZIRLANIYOR...,0,0,1069,5,244,21,1
5.0057,17762,Rest,HAZIRLANIYOR...,0,0,915,0,322,11,0
5.0057,17763,Rest,HAZIRLANIYOR...,0,0,721,0,392,4,1
5.0057,17764,Rest,HAZIRLANIYOR...,0,0,487,0,470,1,3
5.0057,17765,Rest,HAZIRLANIYOR...,0,11,220,0,565,0,5
5.0057,17766,Rest,HAZIRLANIYOR...,0,121,0,0,656,0,7
5.0058,17767,Rest,HAZIRLANIYOR...,0,229,0,0,720,0,7
5.0058,17768,Rest,HAZIRLANIYOR...,0,330,0,0,750,5,9
5.0058,17769,Rest,HAZIRLANIYOR...,0,424,0,0,746,8,10
5.0058,17770,Rest,HAZIRLANIYOR...,0,503,0,0,715,3,5
5.0058,17771,Rest,HAZIRLANIYOR...,0,562,0,0,674,0,0
5.0059,17772,Rest,HAZIRLANIYOR...,0,599,0,0,636,0,0
5.0059,17773,Rest,HAZIRLANIYOR...,0,621,0,0,590,0,0
5.0059,17774,Rest,HAZIRLANIYOR...,0,628,0,0,517,0,0
5.0059,17775,Rest,HAZIRLANIYOR...,0,618,0,0,404,0,0
5.0059,17776,Rest,HAZIRLANIYOR...,0,586,0,0,258,0,0
5.0059,17777,Rest,HAZIRLANIYOR...,0,533,0,0,97,0,0
5.0060,17778,Rest,HAZIRLANIYOR...,0,465,0,0,0,0,0
5.0060,17779,Rest,HAZIRLANIYOR...,0,387,0,1,0,0,0
5.0060,17780,Rest,HAZIRLANIYOR...,0,301,0,23,0,0,0
5.0061,17781,Rest,HAZIRLANIYOR...,0,204,0,44,0,0,0
5.0061,17782,Rest,HAZIRLANIYOR...,0,99,0,65,0,0,0
5.0204,17783,Rest,HAZIRLANIYOR...,0,0,0,84,0,0,0
5.0205,17784,Rest,HAZIRLANIYOR...,0,0,114,102,0,0,0
5.0205,17785,Rest,HAZIRLANIYOR...,0,0,348,119,0,0,0
5.0205,17786,Rest,HAZIRLANIYOR...,0,0,566,131,0,0,0
5.0206,17787,Rest,HAZIRLANIYOR...,0,0,759,140,0,0,0
5.0206,17788,Rest,HAZIRLANIYOR...,0,0,926,148,0,2,6
5.0206,17789,Rest,HAZIRLANIYOR...,0,0,1069,153,0,4,11
5.0206,17790,Rest,HAZIRLANIYOR...,0,0,1180,153,0,6,11
5.0207,17791,Rest,HAZIRLANIYOR...,0,0,1257,143,0,5,4
5.0207,17792,Rest,HAZIRLANIYOR...,0,0,1302,122,0,5,0
5.0207,17793,Rest,HAZIRLANIYOR...,0,0,1317,94,0,9,0
5.0207,17794,Rest,HAZIRLANIYOR...,0,0,1299,64,20,16,2
5.0207,17795,Rest,HAZIRLANIYOR...,0,0,1243,37,103,19,1
5.0207,17796,Rest,HAZIRLANIYOR...,0,0,1147,10,180,12,0
5.0207,17797,Rest,HAZIRLANIYOR...,0,0,1014,0,253,1,0
5.0207,17798,Rest,HAZIRLANIYOR...,0,0,845,0,327,0,0
5.0207,17799,Rest,HAZIRLANIYOR...,0,0,637,0,407,3,0
5.0208,17800,Rest,HAZIRLANIYOR...,0,0,390,0,497,6,0
5.0208,17801,Rest,HAZIRLANIYOR...,0,70,116,0,585,6,6
5.0208,17802,Rest,HAZIRLANIYOR...,0,174,0,0,658,5,12
5.0208,17803,Rest,HAZIRLANIYOR...,0,275,0,0,703,4,7
5.0208,17804,Rest,HAZIRLANIYOR...,0,368,0,0,715,3,0
5.0208,17805,Rest,HAZIRLANIYOR...,0,449,0,0,695,2,0
5.0208,17806,Rest,HAZIRLANIYOR...,0,516,0,0,656,0,0
5.0208,17807,Rest,HAZIRLANIYOR...,0,563,0,0,614,0,0
5.0209,17808,Rest,HAZIRLANIYOR...,0,591,0,0,573,0,0
5.0356,17809,Rest,HAZIRLANIYOR...,0,601,0,0,513,0,0
5.0357,17810,Rest,HAZIRLANIYOR...,0,594,0,0,415,0,0
5.0357,17811,Rest,HAZIRLANIYOR...,0,569,0,0,281,0,0
5.0357,17812,Rest,HAZIRLANIYOR...,0,526,0,0,126,0,0
5.0357,17813,Rest,HAZIRLANIYOR...,0,466,0,0,0,0,0
5.0357,17814,Rest,HAZIRLANIYOR...,0,391,0,0,0,0,0
5.0357,17815,Rest,HAZIRLANIYOR...,0,303,0,20,0,0,0
5.0358,17816,Rest,HAZIRLANIYOR...,0,205,0,42,0,0,0
5.0358,17817,Rest,HAZIRLANIYOR...,0,102,0,60,0,0,0
5.0358,17818,Rest,HAZIRLANIYOR...,0,0,0,77,0,0,0
5.0358,17819,Rest,HAZIRLANIYOR...,0,0,30,95,0,0,0
5.0358,17820,Rest,HAZIRLANIYOR...,0,0,264,111,0,0,0
5.0358,17821,Rest,HAZIRLANIYOR...,0,0,487,124,0,0,0
5.0358,17822,Rest,HAZIRLANIYOR...,0,0,692,134,0,0,0
5.0358,17823,Rest,HAZIRLANIYOR...,0,0,872,142,0,2,0
5.0359,17824,Rest,HAZIRLANIYOR...,0,0,1021,147,0,8,0
5.0359,17825,Rest,HAZIRLANIYOR...,0,0,1140,147,0,9,0
5.0359,17826,Rest,HAZIRLANIYOR...,0,0,1231,141,0,7,0
5.0359,17827,Rest,HAZIRLANIYOR...,0,0,1294,126,0,7,2
5.0359,17828,Rest,HAZIRLANIYOR...,0,0,1325,104,0,9,4
5.0359,17829,Rest,HAZIRLANIYOR...,0,0,1320,77,0,11,5
5.0359,17830,Rest,HAZIRLANIYOR...,0,0,1273,47,56,11,5
5.0359,17831,Rest,HAZIRLANIYOR...,0,0,1189,17,139,10,4
5.0360,17832,Rest,HAZIRLANIYOR...,0,0,1072,0,218,8,4
5.0360,17833,Rest,HAZIRLANIYOR...,0,0,917,0,295,7,9
5.0360,17834,Rest,HAZIRLANIYOR...,0,0,721,0,373,7,12
5.0362,17835,Rest,HAZIRLANIYOR...,0,0,485,0,461,8,7
5.0510,17836,Rest,HAZIRLANIYOR...,0,0,218,0,554,7,0
5.0511,17837,Rest,HAZIRLANIYOR...,0,95,0,0,637,6,0
5.0511,17838,Rest,HAZIRLANIYOR...,0,197,0,0,698,3,0
5.0511,17839,Rest,HAZIRLANIYOR...,0,295,0,0,732,2,0
5.0511,17840,Rest,HAZIRLANIYOR...,0,385,0,0,733,0,0
5.0512,17841,Rest,HAZIRLANIYOR...,0,463,0,0,704,0,0
5.0512,17842,Rest,HAZIRLANIYOR...,0,525,0,0,674,0,6
5.0512,17843,Rest,HAZIRLANIYOR...,0,570,0,0,664,0,10
5.0512,17844,Rest,HAZIRLANIYOR...,0,598,0,0,647,0,2
5.0512,17845,Rest,HAZIRLANIYOR...,0,610,0,0,568,1,0
5.0512,17846,Rest,HAZIRLANIYOR...,0,607,0,0,409,2,0
5.0512,17847,Rest,HAZIRLANIYOR...,0,583,0,0,206,0,0
5.0512,17848,Rest,HAZIRLANIYOR...,0,536,0,0,12,0,1
5.0513,17849,Rest,HAZIRLANIYOR...,0,469,0,0,0,0,3
5.0513,17850,Rest,HAZIRLANIYOR...,0,388,0,2,0,0,0
5.0513,17851,Rest,HAZIRLANIYOR...,0,297,0,26,0,0,0
5.0513,17852,Rest,HAZIRLANIYOR...,0,199,0,47,0,0,0
5.0513,17853,Rest,HAZIRLANIYOR...,0,97,0,66,0,7,0
5.0513,17854,Rest,HAZIRLANIYOR...,0,0,0,85,0,9,0
5.0513,17855,Rest,HAZIRLANIYOR...,0,0,161,103,0,0,0
5.0513,17856,Rest,HAZIRLANIYOR...,0,0,391,120,0,0,0
5.0514,17857,Rest,HAZIRLANIYOR...,0,0,605,135,0,0,0
5.0514,17858,Rest,HAZIRLANIYOR...,0,0,797,147,0,0,0
5.0514,17859,Rest,HAZIRLANIYOR...,0,0,963,156,0,0,2
5.0514,17860,Rest,HAZIRLANIYOR...,0,0,1100,161,0,0,1
5.0514,17861,Rest,HAZIRLANIYOR...,0,0,1204,160,0,2,0
5.0515,17862,Rest,HAZIRLANIYOR...,0,0,1276,151,0,5,0
5.0662,17863,Rest,HAZIRLANIYOR...,0,0,1317,133,0,6,2
5.0663,17864,Rest,HAZIRLANIYOR...,0,0,1326,108,0,6,5
5.0663,17865,Rest,HAZIRLANIYOR...,0,0,1298,79,27,7,5
5.0663,17866,Rest,HAZIRLANIYOR...,0,0,1233,48,115,9,4
5.0663,17867,Rest,HAZIRLANIYOR...,0,0,1132,19,194,12,5
5.0663,17868,Rest,HAZIRLANIYOR...,0,0,993,0,271,16,9
5.0663,17869,Rest,HAZIRLANIYOR...,0,0,814,0,349,21,12
5.0664,17870,Rest,HAZIRLANIYOR...,0,0,595,0,434,18,6
5.0664,17871,Rest,HAZIRLANIYOR...,0,0,342,0,528,5,0
5.0664,17872,Rest,HAZIRLANIYOR...,0,30,65,0,619,0,0
5.0664,17873,Rest,HAZIRLANIYOR...,0,126,0,0,691,0,0
5.0664,17874,Rest,HAZIRLANIYOR...,0,221,0,0,737,0,1
5.0664,17875,Rest,HAZIRLANIYOR...,0,309,0,0,755,0,1
5.0664,17876,Rest,HAZIRLANIYOR...,0,388,0,0,736,0,6
5.0664,17877,Rest,HAZIRLANIYOR...,0,452,0,0,692,0,15
5.0664,17878,Rest,HAZIRLANIYOR...,0,499,0,0,647,0,13
5.0665,17879,Rest,HAZIRLANIYOR...,0,527,0,0,607,0,0
5.0665,17880,Rest,HAZIRLANIYOR...,0,537,0,0,547,0,0
5.0665,17881,Rest,HAZIRLANIYOR...,0,532,0,0,447,0,0
5.0665,17882,Rest,HAZIRLANIYOR...,0,512,0,0,311,0,0
5.0665,17883,Rest,HAZIRLANIYOR...,0,476,0,0,162,0,0
5.0665,17884,Rest,HAZIRLANIYOR...,0,420,0,0,12,0,0
5.0665,17885,Rest,HAZIRLANIYOR...,0,349,0,0,0,4,0
5.0665,17886,Rest,HAZIRLANIYOR...,0,267,0,13,0,1,1
5.0665,17887,Rest,HAZIRLANIYOR...,0,180,0,36,0,0,0
5.0666,17888,Rest,HAZIRLANIYOR...,0,88,0,54,0,0,0
5.0666,17889,Rest,HAZIRLANIYOR...,0,0,0,70,0,0,0
5.0817,17890,Rest,HAZIRLANIYOR...,0,0,32,88,0,0,0
5.0818,17891,Rest,HAZIRLANIYOR...,0,0,264,107,0,0,6
5.0818,17892,Rest,HAZIRLANIYOR...,0,0,487,124,0,0,0
5.0819,17893,Rest,HAZIRLANIYOR...,0,0,693,137,0,0,0
5.0819,17894,Rest,HAZIRLANIYOR...,0,0,877,145,0,0,0
5.0819,17895,Rest,HAZIRLANIYOR...,0,0,1030,153,0,8,0
5.0819,17896,Rest,HAZIRLANIYOR...,0,0,1149,161,0,16,0
5.0819,17897,Rest,HAZIRLANIYOR...,0,0,1237,159,0,12,3
5.0819,17898,Rest,HAZIRLANIYOR...,0,0,1296,140,0,5,8
5.0820,17899,Rest,HAZIRLANIYOR...,0,0,1328,112,0,6,12
5.0820,17900,Rest,HAZIRLANIYOR...,0,0,1324,85,0,12,9
5.0820,17901,Rest,HAZIRLANIYOR...,0,0,1277,60,71,19,2
5.0820,17902,Rest,HAZIRLANIYOR...,0,0,1191,34,152,18,0
5.0820,17903,Rest,HAZIRLANIYOR...,0,0,1069,8,229,8,0
5.0820,17904,Rest,HAZIRLANIYOR...,0,0,912,0,304,1,0
5.0821,17905,Rest,HAZIRLANIYOR...,0,0,715,0,386,8,0
5.0821,17906,Rest,HAZIRLANIYOR...,0,0,480,0,481,17,0
5.0821,17907,Rest,HAZIRLANIYOR...,0,71,217,0,577,13,0
5.0821,17908,Rest,HAZIRLANIYOR...,0,173,0,0,656,2,0
5.0822,17909,Rest,HAZIRLANIYOR...,0,276,0,0,712,0,0
5.0822,17910,Rest,HAZIRLANIYOR...,0,373,0,0,743,2,0
5.0822,17911,Rest,HAZIRLANIYOR...,0,457,0,0,743,3,0
5.0822,17912,Rest,HAZIRLANIYOR...,0,525,0,0,708,1,0
5.0822,17913,Rest,HAZIRLANIYOR...,0,576,0,0,657,1,0
5.0823,17914,Rest,HAZIRLANIYOR...,0,608,0,0,611,4,0
5.0823,17915,Rest,HAZIRLANIYOR...,0,622,0,0,566,0,0
5.0823,17916,Rest,HAZIRLANIYOR...,0,620,0,0,491,0,0
5.0824,17917,Rest,HAZIRLANIYOR...,0,598,0,0,371,0,0
5.0968,17918,Rest,HAZIRLANIYOR...,0,557,0,0,215,0,0
5.0969,17919,Rest,HAZIRLANIYOR...,0,497,0,0,51,0,0
5.0970,17920,Rest,HAZIRLANIYOR...,0,424,0,0,0,0,0
5.0970,17921,Rest,HAZIRLANIYOR...,0,337,0,0,0,0,0
5.0970,17922,Rest,HAZIRLANIYOR...,0,239,0,19,0,0,0
5.0970,17923,Rest,HAZIRLANIYOR...,0,135,0,37,0,0,0
5.0970,17924,Rest,HAZIRLANIYOR...,0,28,0,55,0,0,0
5.0970,17925,Rest,HAZIRLANIYOR...,0,0,0,74,0,0,5
5.0971,17926,Rest,HAZIRLANIYOR...,0,0,156,93,0,0,12
5.0971,17927,Rest,HAZIRLANIYOR...,0,0,382,109,0,0,8
5.0971,17928,Rest,HAZIRLANIYOR...,0,0,596,124,0,0,0
5.0971,17929,Rest,HAZIRLANIYOR...,0,0,790,137,0,3,2
5.0971,17930,Rest,HAZIRLANIYOR...,0,0,957,146,0,6,8
5.0971,17931,Rest,HAZIRLANIYOR...,0,0,1092,150,0,0,5
5.0972,17932,Rest,HAZIRLANIYOR...,0,0,1194,148,0,0,0
5.0972,17933,Rest,HAZIRLANIYOR...,0,0,1264,139,0,1,0
5.0972,17934,Rest,HAZIRLANIYOR...,0,0,1306,123,0,10,3
5.0972,17935,Rest,HAZIRLANIYOR...,0,0,1317,99,0,13,7
5.0972,17936,Rest,HAZIRLANIYOR...,0,0,1290,70,17,10,7
5.0972,17937,Rest,HAZIRLANIYOR...,0,0,1222,41,103,8,8
5.0972,17938,Rest,HAZIRLANIYOR...,0,0,1117,15,182,8,10
5.0973,17939,Rest,HAZIRLANIYOR...,0,0,976,0,262,10,4
5.0973,17940,Rest,HAZIRLANIYOR...,0,0,798,0,346,10,0
5.0973,17941,Rest,HAZIRLANIYOR...,0,0,581,0,436,10,0
5.0973,17942,Rest,HAZIRLANIYOR...,0,0,332,0,531,9,0
5.0974,17943,Rest,HAZIRLANIYOR...,0,64,59,0,622,9,5
5.0975,17944,Rest,HAZIRLANIYOR...,0,174,0,0,695,7,5
5.1123,17945,Rest,HAZIRLANIYOR...,0,281,0,0,743,3,0
5.1124,17946,Rest,HAZIRLANIYOR...,0,384,0,0,762,1,0
5.1124,17947,Rest,HAZIRLANIYOR...,0,473,0,0,759,0,0
5.1124,17948,Rest,HAZIRLANIYOR...,0,543,0,0,758,0,0
5.1124,17949,Rest,HAZIRLANIYOR...,0,595,0,0,763,3,0
5.1125,17950,Rest,HAZIRLANIYOR...,0,630,0,0,739,7,0
5.1125,17951,Rest,HAZIRLANIYOR...,0,645,0,0,638,3,0
5.1125,17952,Rest,HAZIRLANIYOR...,0,641,0,0,461,0,0
5.1125,17953,Rest,HAZIRLANIYOR...,0,615,0,0,258,0,0
5.1125,17954,Rest,HAZIRLANIYOR...,0,567,0,0,69,0,0
5.1125,17955,Rest,HAZIRLANIYOR...,0,497,0,0,0,0,0
5.1125,17956,Rest,HAZIRLANIYOR...,0,409,0,0,0,0,0
5.1125,17957,Rest,HAZIRLANIYOR...,0,310,0,2,0,0,0
5.1126,17958,Rest,HAZIRLANIYOR...,0,206,0,25,0,0,0
5.1126,17959,Rest,HAZIRLANIYOR...,0,101,0,48,0,0,0
5.1126,17960,Rest,HAZIRLANIYOR...,0,0,0,68,0,0,0
5.1126,17961,Rest,HAZIRLANIYOR...,0,0,85,88,0,0,0
5.1126,17962,Rest,HAZIRLANIYOR...,0,0,315,107,0,0,0
5.1126,17963,Rest,HAZIRLANIYOR...,0,0,532,125,0,0,0
5.1126,17964,Rest,HAZIRLANIYOR...,0,0,729,141,0,0,0
5.1126,17965,Rest,HAZIRLANIYOR...,0,0,902,156,0,0,1
5.1126,17966,Rest,HAZIRLANIYOR...,0,0,1047,166,0,3,2
5.1127,17967,Rest,HAZIRLANIYOR...,0,0,1160,169,0,5,2
5.1127,17968,Rest,HAZIRLANIYOR...,0,0,1239,165,0,8,3
5.1127,17969,Rest,HAZIRLANIYOR...,0,0,1289,153,0,10,3
5.1127,17970,Rest,HAZIRLANIYOR...,0,0,1309,132,0,11,3
5.1128,17971,Rest,HAZIRLANIYOR...,0,0,1297,104,0,11,3
5.1284,17972,Rest,HAZIRLANIYOR...,0,0,1249,75,74,8,4
5.1286,17973,Rest,HAZIRLANIYOR...,0,0,1163,47,157,7,5
5.1286,17974,Rest,HAZIRLANIYOR...,0,0,1039,21,240,8,3
5.1286,17975,Rest,HAZIRLANIYOR...,0,0,874,0,327,8,0
5.1286,17976,Rest,HAZIRLANIYOR...,0,0,669,0,411,7,0
5.1286,17977,Rest,HAZIRLANIYOR...,0,0,429,0,493,6,3
5.1287,17978,Rest,HAZIRLANIYOR...,0,49,162,0,579,6,4
5.1287,17979,Rest,HAZIRLANIYOR...,0,154,0,0,665,5,5
5.1287,17980,Rest,HAZIRLANIYOR...,0,257,0,0,731,5,8
5.1287,17981,Rest,HAZIRLANIYOR...,0,351,0,0,765,8,11
5.1288,17982,Rest,HAZIRLANIYOR...,0,434,0,0,762,10,5
5.1288,17983,Rest,HAZIRLANIYOR...,0,504,0,0,727,2,0
5.1288,17984,Rest,HAZIRLANIYOR...,0,558,0,0,683,0,0
5.1288,17985,Rest,HAZIRLANIYOR...,0,594,0,0,643,0,0
5.1288,17986,Rest,HAZIRLANIYOR...,0,612,0,0,595,0,0
5.1289,17987,Rest,HAZIRLANIYOR...,0,613,0,0,516,0,0
5.1289,17988,Rest,HAZIRLANIYOR...,0,598,0,0,397,0,0
5.1289,17989,Rest,HAZIRLANIYOR...,0,563,0,0,244,0,0
5.1289,17990,Rest,HAZIRLANIYOR...,0,508,0,0,70,0,0
5.1289,17991,Rest,HAZIRLANIYOR...,0,438,0,0,0,0,0
5.1289,17992,Rest,HAZIRLANIYOR...,0,356,0,0,0,0,0
5.1289,17993,Rest,HAZIRLANIYOR...,0,262,0,13,0,0,4
5.1289,17994,Rest,HAZIRLANIYOR...,0,161,0,35,0,0,4
5.1290,17995,Rest,HAZIRLANIYOR...,0,58,0,56,0,0,0
5.1290,17996,Rest,HAZIRLANIYOR...,0,0,0,75,0,0,0
5.1290,17997,Rest,HAZIRLANIYOR...,0,0,168,92,0,0,0
5.1291,17998,Rest,HAZIRLANIYOR...,0,0,394,109,0,0,0
5.1291,17999,Rest,HAZIRLANIYOR...,0,0,605,127,0,0,0
5.1292,18000,Rest,HAZIRLANIYOR...,0,0,798,144,0,0,0
5.1437,18001,Rest,HAZIRLANIYOR...,0,0,964,156,0,0,0
5.1437,18002,Rest,HAZIRLANIYOR...,0,0,1096,161,0,3,0
5.1438,18003,Rest,HAZIRLANIYOR...,0,0,1195,159,0,5,0
5.1438,18004,Rest,HAZIRLANIYOR...,0,0,1267,150,0,7,0
5.1438,18005,Rest,HAZIRLANIYOR...,0,0,1310,134,0,9,0
5.1438,18006,Rest,HAZIRLANIYOR...,0,0,1321,110,0,11,1
5.1438,18007,Rest,HAZIRLANIYOR...,0,0,1295,81,29,12,4
5.1438,18008,Rest,HAZIRLANIYOR...,0,0,1232,50,115,11,6
5.1439,18009,Rest,HAZIRLANIYOR...,0,0,1130,22,193,9,5
5.1439,18010,Rest,HAZIRLANIYOR...,0,0,988,0,270,9,3
5.1439,18011,Rest,HAZIRLANIYOR...,0,0,810,0,350,13,3
5.1439,18012,Rest,HAZIRLANIYOR...,0,0,594,0,437,16,3
5.1439,18013,Rest,HAZIRLANIYOR...,0,0,343,0,536,11,2
5.1439,18014,Rest,HAZIRLANIYOR...,0,36,66,0,634,3,0
5.1439,18015,Rest,HAZIRLANIYOR...,0,139,0,0,711,1,1
5.1439,18016,Rest,HAZIRLANIYOR...,0,238,0,0,749,5,4
5.1439,18017,Rest,HAZIRLANIYOR...,0,332,0,0,756,9,5
5.1440,18018,Rest,HAZIRLANIYOR...,0,417,0,0,734,12,2
5.1440,18019,Rest,HAZIRLANIYOR...,0,484,0,0,688,5,0
5.1440,18020,Rest,HAZIRLANIYOR...,0,528,0,0,641,0,0
5.1440,18021,Rest,HAZIRLANIYOR...,0,553,0,0,601,0,1
5.1440,18022,Rest,HAZIRLANIYOR...,0,566,0,0,536,0,1
5.1440,18023,Rest,HAZIRLANIYOR...,0,563,0,0,423,0,0
5.1440,18024,Rest,HAZIRLANIYOR...,0,539,0,0,273,0,0
5.1441,18025,Rest,HAZIRLANIYOR...,0,497,0,0,113,0,3
5.1441,18026,Rest,HAZIRLANIYOR...,0,439,0,0,0,0,7
5.1597,18027,Rest,HAZIRLANIYOR...,0,366,0,0,0,0,2
5.1598,18028,Rest,HAZIRLANIYOR...,0,281,0,13,0,0,0
5.1598,18029,Rest,HAZIRLANIYOR...,0,190,0,38,0,0,0
5.1598,18030,Rest,HAZIRLANIYOR...,0,93,0,61,0,0,0
5.1598,18031,Rest,HAZIRLANIYOR...,0,0,0,82,0,0,0
5.1598,18032,Rest,HAZIRLANIYOR...,0,0,48,102,0,0,0
5.1599,18033,Rest,HAZIRLANIYOR...,0,0,277,121,0,0,0
5.1599,18034,Rest,HAZIRLANIYOR...,0,0,497,139,0,0,0
5.1599,18035,Rest,HAZIRLANIYOR...,0,0,699,155,0,0,6
5.1599,18036,Rest,HAZIRLANIYOR...,0,0,876,168,0,1,9
5.1599,18037,Rest,HAZIRLANIYOR...,0,0,1023,174,0,3,4
5.1599,18038,Rest,HAZIRLANIYOR...,0,0,1139,173,0,6,0
5.1600,18039,Rest,HAZIRLANIYOR...,0,0,1225,163,0,13,0
5.1600,18040,Rest,HAZIRLANIYOR...,0,0,1281,148,0,18,3
5.1600,18041,Rest,HAZIRLANIYOR...,0,0,1308,128,0,14,11
5.1600,18042,Rest,HAZIRLANIYOR...,0,0,1299,102,0,4,7
5.1600,18043,Rest,HAZIRLANIYOR...,0,0,1251,72,70,2,0
5.1600,18044,Rest,HAZIRLANIYOR...,0,0,1162,38,153,7,1
5.1601,18045,Rest,HAZIRLANIYOR...,0,0,1039,7,232,10,1
5.1601,18046,Rest,HAZIRLANIYOR...,0,0,881,0,313,9,0
5.1601,18047,Rest,HAZIRLANIYOR...,0,0,684,0,404,7,0
5.1601,18048,Rest,HAZIRLANIYOR...,0,0,450,0,515,8,0
5.1601,18049,Rest,HAZIRLANIYOR...,0,40,183,0,635,10,0
5.1601,18050,Rest,HAZIRLANIYOR...,0,148,0,0,738,11,0
5.1601,18051,Rest,HAZIRLANIYOR...,0,255,0,0,804,9,0
5.1601,18052,Rest,HAZIRLANIYOR...,0,358,0,0,831,5,0
5.1602,18053,Rest,HAZIRLANIYOR...,0,453,0,0,827,1,0
5.1602,18054,Rest,HAZIRLANIYOR...,0,531,0,0,810,0,0
5.1602,18055,Rest,HAZIRLANIYOR...,0,589,0,0,789,0,0
5.1751,18056,Rest,HAZIRLANIYOR...,0,627,0,0,734,0,0
5.1752,18057,Rest,HAZIRLANIYOR...,0,648,0,0,605,0,0
5.1752,18058,Rest,HAZIRLANIYOR...,0,649,0,0,420,0,0
5.1752,18059,Rest,HAZIRLANIYOR...,0,628,0,0,229,0,0
5.1752,18060,Rest,HAZIRLANIYOR...,0,587,0,0,52,0,0
5.1752,18061,Rest,HAZIRLANIYOR...,0,525,0,0,0,0,0
5.1753,18062,Rest,HAZIRLANIYOR...,0,445,0,0,0,0,0
5.1753,18063,Rest,HAZIRLANIYOR...,0,354,0,0,0,0,0
5.1754,18064,Rest,HAZIRLANIYOR...,0,255,0,10,0,0,0
5.1755,18065,Rest,HAZIRLANIYOR...,0,149,0,38,0,0,0
5.1755,18066,Rest,HAZIRLANIYOR...,0,40,0,64,0,0,0
5.1755,18067,Rest,HAZIRLANIYOR...,0,0,12,87,0,0,0
5.1755,18068,Rest,HAZIRLANIYOR...,0,0,237,108,0,2,0
5.1755,18069,Rest,HAZIRLANIYOR...,0,0,452,129,0,0,0
5.1755,18070,Rest,HAZIRLANIYOR...,0,0,654,151,0,0,3
5.1756,18071,Rest,HAZIRLANIYOR...,0,0,836,169,0,0,5
5.1756,18072,Rest,HAZIRLANIYOR...,0,0,989,181,0,0,8
5.1756,18073,Rest,HAZIRLANIYOR...,0,0,1109,186,0,4,10
5.1756,18074,Rest,HAZIRLANIYOR...,0,0,1196,184,0,4,7
5.1756,18075,Rest,HAZIRLANIYOR...,0,0,1254,175,0,4,5
5.1757,18076,Rest,HAZIRLANIYOR...,0,0,1286,157,0,7,7
5.1757,18077,Rest,HAZIRLANIYOR...,0,0,1288,131,0,9,4
5.1757,18078,Rest,HAZIRLANIYOR...,0,0,1252,99,60,10,0
5.1757,18079,Rest,HAZIRLANIYOR...,0,0,1180,66,145,9,0
5.1757,18080,Rest,HAZIRLANIYOR...,0,0,1074,34,222,6,0
5.1757,18081,Rest,HAZIRLANIYOR...,0,0,928,4,298,4,3
5.1758,18082,Rest,HAZIRLANIYOR...,0,0,740,0,377,4,1
5.1759,18083,Rest,HAZIRLANIYOR...,0,0,514,0,465,7,0
5.1911,18084,Rest,HAZIRLANIYOR...,0,0,258,0,562,15,6
5.1912,18085,Rest,HAZIRLANIYOR...,0,91,0,0,654,18,10
5.1913,18086,Rest,HAZIRLANIYOR...,0,196,0,0,726,11,4
5.1913,18087,Rest,HAZIRLANIYOR...,0,295,0,0,768,0,0
5.1913,18088,Rest,HAZIRLANIYOR...,0,386,0,0,776,0,0
5.1913,18089,Rest,HAZIRLANIYOR...,0,465,0,0,754,0,0
5.1913,18090,Rest,HAZIRLANIYOR...,0,527,0,0,715,0,0
5.1913,18091,Rest,HAZIRLANIYOR...,0,570,0,0,674,0,0
5.1913,18092,Rest,HAZIRLANIYOR...,0,596,0,0,627,0,1
5.1914,18093,Rest,HAZIRLANIYOR...,0,605,0,0,558,2,7
5.1914,18094,Rest,HAZIRLANIYOR...,0,595,0,0,452,0,4
5.1914,18095,Rest,HAZIRLANIYOR...,0,567,0,0,307,0,1
5.1914,18096,Rest,HAZIRLANIYOR...,0,522,0,0,144,0,2
5.1914,18097,Rest,HAZIRLANIYOR...,0,460,0,0,0,0,0
5.1914,18098,Rest,HAZIRLANIYOR...,0,383,0,0,0,0,0
5.1914,18099,Rest,HAZIRLANIYOR...,0,295,0,1,0,0,0
5.1914,18100,Rest,HAZIRLANIYOR...,0,199,0,30,0,0,0
5.1915,18101,Rest,HAZIRLANIYOR...,0,100,0,53,0,0,0
5.1915,18102,Rest,HAZIRLANIYOR...,0,0,0,71,0,0,0
5.1915,18103,Rest,HAZIRLANIYOR...,0,0,66,90,0,0,0
5.1915,18104,Rest,HAZIRLANIYOR...,0,0,292,113,0,0,0
5.1915,18105,Rest,HAZIRLANIYOR...,0,0,511,133,0,0,0
5.1915,18106,Rest,HAZIRLANIYOR...,0,0,715,148,0,0,0
5.1915,18107,Rest,HAZIRLANIYOR...,0,0,893,159,0,2,0
5.1915,18108,Rest,HAZIRLANIYOR...,0,0,1039,166,0,5,0
5.1916,18109,Rest,HAZIRLANIYOR...,0,0,1152,164,0,7,1
5.1916,18110,Rest,HAZIRLANIYOR...,0,0,1236,154,0,9,1
5.1916,18111,Rest,HAZIRLANIYOR...,0,0,1291,143,0,10,1
5.2072,18112,Rest,HAZIRLANIYOR...,0,0,1315,127,0,10,1
5.2073,18113,Rest,HAZIRLANIYOR...,0,0,1305,101,0,10,1
5.2074,18114,Rest,HAZIRLANIYOR...,0,0,1258,69,87,10,0
5.2074,18115,Rest,HAZIRLANIYOR...,0,0,1171,36,167,10,0
5.2074,18116,Rest,HAZIRLANIYOR...,0,0,1044,5,247,11,4
5.2074,18117,Rest,HAZIRLANIYOR...,0,0,883,0,325,9,11
5.2074,18118,Rest,HAZIRLANIYOR...,0,0,690,0,401,7,13
5.2074,18119,Rest,HAZIRLANIYOR...,0,0,461,0,483,6,7
5.2074,18120,Rest,HAZIRLANIYOR...,0,26,199,0,576,6,2
5.2074,18121,Rest,HAZIRLANIYOR...,0,130,0,0,661,5,4
5.2075,18122,Rest,HAZIRLANIYOR...,0,232,0,0,717,3,9
5.2075,18123,Rest,HAZIRLANIYOR...,0,325,0,0,738,0,9
5.2075,18124,Rest,HAZIRLANIYOR...,0,410,0,0,725,0,0
5.2075,18125,Rest,HAZIRLANIYOR...,0,482,0,0,690,0,0
5.2075,18126,Rest,HAZIRLANIYOR...,0,536,0,0,648,0,0
5.2075,18127,Rest,HAZIRLANIYOR...,0,574,0,0,605,0,0
5.2075,18128,Rest,HAZIRLANIYOR...,0,594,0,0,549,0,0
5.2075,18129,Rest,HAZIRLANIYOR...,0,595,0,0,464,0,0
5.2075,18130,Rest,HAZIRLANIYOR...,0,576,0,0,340,0,0
5.2076,18131,Rest,HAZIRLANIYOR...,0,536,0,0,183,0,0
5.2076,18132,Rest,HAZIRLANIYOR...,0,477,0,0,9,0,0
5.2076,18133,Rest,HAZIRLANIYOR...,0,403,0,0,0,0,0
5.2076,18134,Rest,HAZIRLANIYOR...,0,318,0,0,0,0,0
5.2076,18135,Rest,HAZIRLANIYOR...,0,227,0,24,0,0,0
5.2076,18136,Rest,HAZIRLANIYOR...,0,129,0,51,0,0,0
5.2076,18137,Rest,HAZIRLANIYOR...,0,25,0,77,0,0,0
5.2076,18138,Rest,HAZIRLANIYOR...,0,0,0,100,0,0,0
5.2077,18139,Rest,HAZIRLANIYOR...,0,0,184,121,0,0,0
5.2225,18140,Rest,HAZIRLANIYOR...,0,0,405,140,0,0,0
5.2226,18141,Rest,HAZIRLANIYOR...,0,0,611,159,0,0,1
5.2226,18142,Rest,HAZIRLANIYOR...,0,0,794,174,0,2,1
5.2226,18143,Rest,HAZIRLANIYOR...,0,0,951,184,0,4,1
5.2226,18144,Rest,HAZIRLANIYOR...,0,0,1080,186,0,0,1
5.2226,18145,Rest,HAZIRLANIYOR...,0,0,1177,182,0,0,1
5.2227,18146,Rest,HAZIRLANIYOR...,0,0,1244,172,0,3,1
5.2227,18147,Rest,HAZIRLANIYOR...,0,0,1281,155,0,8,3
5.2227,18148,Rest,HAZIRLANIYOR...,0,0,1287,131,0,9,5
5.2227,18149,Rest,HAZIRLANIYOR...,0,0,1257,100,46,9,6
5.2227,18150,Rest,HAZIRLANIYOR...,0,0,1189,67,139,8,5
5.2227,18151,Rest,HAZIRLANIYOR...,0,0,1082,31,220,8,3
5.2227,18152,Rest,HAZIRLANIYOR...,0,0,939,0,288,7,3
5.2228,18153,Rest,HAZIRLANIYOR...,0,0,760,0,361,5,3
5.2228,18154,Rest,HAZIRLANIYOR...,0,0,545,0,463,5,4
5.2228,18155,Rest,HAZIRLANIYOR...,0,0,293,0,590,7,4
5.2228,18156,Rest,HAZIRLANIYOR...,0,65,14,0,709,9,3
5.2228,18157,Rest,HAZIRLANIYOR...,0,175,0,0,793,9,2
5.2228,18158,Rest,HAZIRLANIYOR...,0,282,0,0,839,5,1
5.2228,18159,Rest,HAZIRLANIYOR...,0,382,0,0,852,1,4
5.2228,18160,Rest,HAZIRLANIYOR...,0,469,0,0,831,0,7
5.2229,18161,Rest,HAZIRLANIYOR...,0,537,0,0,789,0,8
5.2229,18162,Rest,HAZIRLANIYOR...,0,586,0,0,735,1,6
5.2229,18163,Rest,HAZIRLANIYOR...,0,616,0,0,643,1,0
5.2229,18164,Rest,HAZIRLANIYOR...,0,628,0,0,490,0,0
5.2229,18165,Rest,HAZIRLANIYOR...,0,619,0,0,297,0,0
5.2230,18166,Rest,HAZIRLANIYOR...,0,587,0,0,104,0,0
5.2376,18167,Rest,HAZIRLANIYOR...,0,534,0,0,0,0,0
5.2376,18168,Rest,HAZIRLANIYOR...,0,462,0,0,0,0,0
5.2376,18169,Rest,HAZIRLANIYOR...,0,376,0,0,0,0,0
5.2377,18170,Rest,HAZIRLANIYOR...,0,281,0,0,0,0,0
5.2377,18171,Rest,HAZIRLANIYOR...,0,182,0,24,0,0,0
5.2377,18172,Rest,HAZIRLANIYOR...,0,79,0,47,0,0,0
5.2377,18173,Rest,HAZIRLANIYOR...,0,0,0,67,0,0,0
5.2377,18174,Rest,HAZIRLANIYOR...,0,0,153,86,0,0,0
5.2377,18175,Rest,HAZIRLANIYOR...,0,0,376,109,0,0,0
5.2378,18176,Rest,HAZIRLANIYOR...,0,0,585,131,0,0,0
5.2378,18177,Rest,HAZIRLANIYOR...,0,0,772,149,0,0,0
5.2378,18178,Rest,HAZIRLANIYOR...,0,0,933,163,0,3,0
5.2378,18179,Rest,HAZIRLANIYOR...,0,0,1065,172,0,6,1
5.2378,18180,Rest,HAZIRLANIYOR...,0,0,1166,175,0,8,7
5.2378,18181,Rest,HAZIRLANIYOR...,0,0,1238,170,0,9,7
5.2378,18182,Rest,HAZIRLANIYOR...,0,0,1280,157,0,9,4
5.2379,18183,Rest,HAZIRLANIYOR...,0,0,1292,137,0,9,2
5.2379,18184,Rest,HAZIRLANIYOR...,0,0,1269,112,29,14,3
5.2379,18185,Rest,HAZIRLANIYOR...,0,0,1213,84,119,18,3
5.2379,18186,Rest,HAZIRLANIYOR...,0,0,1123,55,199,13,3
5.2379,18187,Rest,HAZIRLANIYOR...,0,0,996,26,277,6,2
5.2379,18188,Rest,HAZIRLANIYOR...,0,0,827,0,357,4,2
5.2380,18189,Rest,HAZIRLANIYOR...,0,0,616,0,453,6,2
5.2380,18190,Rest,HAZIRLANIYOR...,0,0,366,0,568,9,2
5.2380,18191,Rest,HAZIRLANIYOR...,0,76,91,0,685,9,2
5.2380,18192,Rest,HAZIRLANIYOR...,0,182,0,0,783,8,2
5.2381,18193,Rest,HAZIRLANIYOR...,0,286,0,0,852,6,2
5.2527,18194,Rest,HAZIRLANIYOR...,0,383,0,0,882,4,1
5.2529,18195,Rest,HAZIRLANIYOR...,0,472,0,0,870,2,0
5.2530,18196,Rest,HAZIRLANIYOR...,0,548,0,0,840,0,0
5.2530,18197,Rest,HAZIRLANIYOR...,0,605,0,0,804,0,0
5.2530,18198,Rest,HAZIRLANIYOR...,0,638,0,0,737,0,0
5.2531,18199,Rest,HAZIRLANIYOR...,0,651,0,0,607,0,0
5.2531,18200,Rest,HAZIRLANIYOR...,0,643,0,0,427,0,0
5.2531,18201,Rest,HAZIRLANIYOR...,0,614,0,0,231,0,0
5.2531,18202,Rest,HAZIRLANIYOR...,0,563,0,0,44,0,0
5.2531,18203,Rest,HAZIRLANIYOR...,0,494,0,0,0,0,0
5.2532,18204,Rest,HAZIRLANIYOR...,0,408,0,0,0,0,0
5.2532,18205,Rest,HAZIRLANIYOR...,0,313,0,0,0,0,0
5.2532,18206,Rest,HAZIRLANIYOR...,0,216,0,7,0,0,5
5.2532,18207,Rest,HAZIRLANIYOR...,0,113,0,31,0,0,8
5.2533,18208,Rest,HAZIRLANIYOR...,0,5,0,55,0,0,7
5.2533,18209,Rest,HAZIRLANIYOR...,0,0,49,79,0,0,4
5.2533,18210,Rest,HAZIRLANIYOR...,0,0,279,105,0,0,0
5.2534,18211,Rest,HAZIRLANIYOR...,0,0,495,128,0,0,0
5.2534,18212,Rest,HAZIRLANIYOR...,0,0,693,148,0,2,0
5.2534,18213,Rest,HAZIRLANIYOR...,0,0,868,162,0,0,0
5.2534,18214,Rest,HAZIRLANIYOR...,0,0,1016,173,0,0,0
5.2535,18215,Rest,HAZIRLANIYOR...,0,0,1131,176,0,0,0
5.2535,18216,Rest,HAZIRLANIYOR...,0,0,1216,173,0,5,0
5.2535,18217,Rest,HAZIRLANIYOR...,0,0,1274,162,0,7,0
5.2535,18218,Rest,HAZIRLANIYOR...,0,0,1303,144,0,7,0
5.2536,18219,Rest,HAZIRLANIYOR...,0,0,1299,118,0,10,0
5.2537,18220,Rest,HAZIRLANIYOR...,0,0,1259,89,75,17,0
5.2537,18221,Rest,HAZIRLANIYOR...,0,0,1183,59,156,21,0
5.2681,18222,Rest,HAZIRLANIYOR...,0,0,1071,28,229,15,0
5.2682,18223,Rest,HAZIRLANIYOR...,0,0,923,0,303,4,2
5.2683,18224,Rest,HAZIRLANIYOR...,0,0,737,0,388,0,2
5.2683,18225,Rest,HAZIRLANIYOR...,0,0,512,0,495,5,3
5.2683,18226,Rest,HAZIRLANIYOR...,0,0,252,0,616,9,4
5.2683,18227,Rest,HAZIRLANIYOR...,0,78,0,0,724,10,4
5.2684,18228,Rest,HAZIRLANIYOR...,0,188,0,0,792,7,3
5.2684,18229,Rest,HAZIRLANIYOR...,0,293,0,0,823,4,2
5.2684,18230,Rest,HAZIRLANIYOR...,0,386,0,0,826,2,0
5.2684,18231,Rest,HAZIRLANIYOR...,0,467,0,0,809,1,0
5.2684,18232,Rest,HAZIRLANIYOR...,0,531,0,0,782,0,0
5.2685,18233,Rest,HAZIRLANIYOR...,0,576,0,0,743,0,0
5.2685,18234,Rest,HAZIRLANIYOR...,0,604,0,0,655,0,0
5.2685,18235,Rest,HAZIRLANIYOR...,0,613,0,0,500,0,0
5.2685,18236,Rest,HAZIRLANIYOR...,0,601,0,0,307,0,0
5.2685,18237,Rest,HAZIRLANIYOR...,0,566,0,0,118,0,4
5.2686,18238,Rest,HAZIRLANIYOR...,0,510,0,0,0,0,4
5.2686,18239,Rest,HAZIRLANIYOR...,0,437,0,0,0,0,0
5.2686,18240,Rest,HAZIRLANIYOR...,0,355,0,0,0,0,0
5.2686,18241,Rest,HAZIRLANIYOR...,0,264,0,0,0,0,0
5.2686,18242,Rest,HAZIRLANIYOR...,0,166,0,28,0,0,0
5.2686,18243,Rest,HAZIRLANIYOR...,0,64,0,54,0,0,0
5.2687,18244,Rest,HAZIRLANIYOR...,0,0,0,80,0,0,0
5.2687,18245,Rest,HAZIRLANIYOR...,0,0,167,106,0,0,0
5.2687,18246,Rest,HAZIRLANIYOR...,0,0,386,129,0,0,0
5.2688,18247,Rest,HAZIRLANIYOR...,0,0,593,151,0,0,5
5.2690,18248,Rest,HAZIRLANIYOR...,0,0,780,169,0,0,10
5.2831,18249,Rest,HAZIRLANIYOR...,0,0,941,183,0,1,4
5.2832,18250,Rest,HAZIRLANIYOR...,0,0,1071,190,0,4,0
5.2832,18251,Rest,HAZIRLANIYOR...,0,0,1169,188,0,10,0
5.2833,18252,Rest,HAZIRLANIYOR...,0,0,1238,179,0,14,1
5.2833,18253,Rest,HAZIRLANIYOR...,0,0,1279,167,0,10,6
5.2833,18254,Rest,HAZIRLANIYOR...,0,0,1292,150,0,3,12
5.2833,18255,Rest,HAZIRLANIYOR...,0,0,1272,123,38,3,19
5.2834,18256,Rest,HAZIRLANIYOR...,0,0,1215,90,121,10,15
5.2834,18257,Rest,HAZIRLANIYOR...,0,0,1121,57,196,12,0
5.2834,18258,Rest,HAZIRLANIYOR...,0,0,993,26,268,8,0
5.2834,18259,Rest,HAZIRLANIYOR...,0,0,826,0,342,2,0
5.2834,18260,Rest,HAZIRLANIYOR...,0,0,618,0,420,2,0
5.2834,18261,Rest,HAZIRLANIYOR...,0,0,372,0,509,3,0
5.2834,18262,Rest,HAZIRLANIYOR...,0,48,101,0,601,5,0
5.2835,18263,Rest,HAZIRLANIYOR...,0,153,0,0,680,4,0
5.2835,18264,Rest,HAZIRLANIYOR...,0,258,0,0,733,3,1
5.2835,18265,Rest,HAZIRLANIYOR...,0,357,0,0,755,2,0
5.2835,18266,Rest,HAZIRLANIYOR...,0,444,0,0,739,0,0
5.2835,18267,Rest,HAZIRLANIYOR...,0,516,0,0,696,0,0
5.2835,18268,Rest,HAZIRLANIYOR...,0,574,0,0,650,0,0
5.2835,18269,Rest,HAZIRLANIYOR...,0,614,0,0,613,0,0
5.2835,18270,Rest,HAZIRLANIYOR...,0,633,0,0,562,2,2
5.2835,18271,Rest,HAZIRLANIYOR...,0,634,0,0,474,0,1
5.2836,18272,Rest,HAZIRLANIYOR...,0,619,0,0,345,0,0
5.2836,18273,Rest,HAZIRLANIYOR...,0,586,0,0,186,0,0
5.2836,18274,Rest,HAZIRLANIYOR...,0,533,0,0,14,0,0
5.2984,18275,Rest,HAZIRLANIYOR...,0,465,0,0,0,0,0
5.2985,18276,Rest,HAZIRLANIYOR...,0,382,0,0,0,0,0
5.2985,18277,Rest,HAZIRLANIYOR...,0,289,0,10,0,0,0
5.2985,18278,Rest,HAZIRLANIYOR...,0,190,0,35,0,0,0
5.2985,18279,Rest,HAZIRLANIYOR...,0,86,0,60,0,0,0
5.2986,18280,Rest,HAZIRLANIYOR...,0,0,0,86,0,0,0
5.2986,18281,Rest,HAZIRLANIYOR...,0,0,210,110,0,0,1
5.2986,18282,Rest,HAZIRLANIYOR...,0,0,433,132,0,0,0
5.2986,18283,Rest,HAZIRLANIYOR...,0,0,640,150,0,5,0
5.2986,18284,Rest,HAZIRLANIYOR...,0,0,823,164,0,15,0
5.2986,18285,Rest,HAZIRLANIYOR...,0,0,976,172,0,15,0
5.2986,18286,Rest,HAZIRLANIYOR...,0,0,1099,174,0,5,3
5.2987,18287,Rest,HAZIRLANIYOR...,0,0,1193,171,0,0,4
5.2987,18288,Rest,HAZIRLANIYOR...,0,0,1258,160,0,1,3
5.2987,18289,Rest,HAZIRLANIYOR...,0,0,1293,139,0,10,2
5.2987,18290,Rest,HAZIRLANIYOR...,0,0,1295,113,0,15,1
5.2987,18291,Rest,HAZIRLANIYOR...,0,0,1260,86,68,14,2
5.2987,18292,Rest,HAZIRLANIYOR...,0,0,1186,58,149,6,4
5.2987,18293,Rest,HAZIRLANIYOR...,0,0,1075,27,222,0,6
5.2987,18294,Rest,HAZIRLANIYOR...,0,0,931,0,295,0,4
5.2988,18295,Rest,HAZIRLANIYOR...,0,0,752,0,370,6,2
5.2988,18296,Rest,HAZIRLANIYOR...,0,0,534,0,458,8,3
5.2988,18297,Rest,HAZIRLANIYOR...,0,0,278,0,555,6,6
5.2988,18298,Rest,HAZIRLANIYOR...,0,96,0,0,644,5,6
5.2988,18299,Rest,HAZIRLANIYOR...,0,201,0,0,707,4,5
5.2988,18300,Rest,HAZIRLANIYOR...,0,301,0,0,736,3,3
5.2989,18301,Rest,HAZIRLANIYOR...,0,393,0,0,735,2,2
5.3139,18302,Rest,HAZIRLANIYOR...,0,470,0,0,704,1,0
5.3140,18303,Rest,HAZIRLANIYOR...,0,528,0,0,657,4,0
5.3140,18304,Rest,HAZIRLANIYOR...,0,566,0,0,614,7,0
5.3141,18305,Rest,HAZIRLANIYOR...,0,585,0,0,575,3,1
5.3141,18306,Rest,HAZIRLANIYOR...,0,586,0,0,507,0,10
5.3141,18307,Rest,HAZIRLANIYOR...,0,570,0,0,384,0,11
5.3141,18308,Rest,HAZIRLANIYOR...,0,535,0,0,220,0,1
5.3141,18309,Rest,HAZIRLANIYOR...,0,482,0,0,54,0,0
5.3141,18310,Rest,HAZIRLANIYOR...,0,413,0,0,0,0,0
5.3141,18311,Rest,HAZIRLANIYOR...,0,330,0,0,0,0,0
5.3142,18312,Rest,HAZIRLANIYOR...,0,239,0,8,0,0,0
5.3142,18313,Rest,HAZIRLANIYOR...,0,142,0,34,0,0,0
5.3142,18314,Rest,HAZIRLANIYOR...,0,41,0,59,0,0,0
5.3142,18315,Rest,HAZIRLANIYOR...,0,0,0,81,0,0,0
5.3142,18316,Rest,HAZIRLANIYOR...,0,0,115,102,0,0,0
5.3142,18317,Rest,HAZIRLANIYOR...,0,0,340,123,0,0,0
5.3143,18318,Rest,HAZIRLANIYOR...,0,0,552,144,0,0,0
5.3143,18319,Rest,HAZIRLANIYOR...,0,0,742,162,0,3,0
5.3143,18320,Rest,HAZIRLANIYOR...,0,0,908,173,0,5,0
5.3143,18321,Rest,HAZIRLANIYOR...,0,0,1047,179,0,6,0
5.3143,18322,Rest,HAZIRLANIYOR...,0,0,1154,176,0,11,0
5.3143,18323,Rest,HAZIRLANIYOR...,0,0,1227,167,0,18,0
5.3144,18324,Rest,HAZIRLANIYOR...,0,0,1269,152,0,22,0
5.3144,18325,Rest,HAZIRLANIYOR...,0,0,1285,129,0,16,0
5.3144,18326,Rest,HAZIRLANIYOR...,0,0,1266,100,22,8,0
5.3144,18327,Rest,HAZIRLANIYOR...,0,0,1209,69,112,11,2
5.3145,18328,Rest,HAZIRLANIYOR...,0,0,1115,38,194,17,5
5.3146,18329,Rest,HAZIRLANIYOR...,0,0,984,7,273,13,5
5.3290,18330,Rest,HAZIRLANIYOR...,0,0,814,0,355,2,3
5.3292,18331,Rest,HAZIRLANIYOR...,0,0,603,0,441,1,4
5.3292,18332,Rest,HAZIRLANIYOR...,0,0,358,0,531,10,6
5.3292,18333,Rest,HAZIRLANIYOR...,0,23,91,0,623,15,7
5.3292,18334,Rest,HAZIRLANIYOR...,0,128,0,0,704,7,4
5.3292,18335,Rest,HAZIRLANIYOR...,0,230,0,0,752,0,1
5.3293,18336,Rest,HAZIRLANIYOR...,0,326,0,0,760,0,0
5.3293,18337,Rest,HAZIRLANIYOR...,0,414,0,0,739,0,0
5.3293,18338,Rest,HAZIRLANIYOR...,0,488,0,0,699,0,0
5.3293,18339,Rest,HAZIRLANIYOR...,0,545,0,0,654,0,0
5.3293,18340,Rest,HAZIRLANIYOR...,0,582,0,0,610,0,0
5.3293,18341,Rest,HAZIRLANIYOR...,0,602,0,0,551,0,1
5.3293,18342,Rest,HAZIRLANIYOR...,0,606,0,0,457,0,1
5.3293,18343,Rest,HAZIRLANIYOR...,0,589,0,0,322,0,0
5.3294,18344,Rest,HAZIRLANIYOR...,0,551,0,0,158,0,0
5.3294,18345,Rest,HAZIRLANIYOR...,0,493,0,0,0,0,0
5.3294,18346,Rest,HAZIRLANIYOR...,0,420,0,0,0,0,0
5.3294,18347,Rest,HAZIRLANIYOR...,0,334,0,5,0,0,2
5.3294,18348,Rest,HAZIRLANIYOR...,0,237,0,31,0,0,7
5.3294,18349,Rest,HAZIRLANIYOR...,0,136,0,51,0,0,5
5.3294,18350,Rest,HAZIRLANIYOR...,0,32,0,70,0,0,0
5.3294,18351,Rest,HAZIRLANIYOR...,0,0,24,90,0,0,0
5.3295,18352,Rest,HAZIRLANIYOR...,0,0,255,109,0,0,0
5.3295,18353,Rest,HAZIRLANIYOR...,0,0,477,125,0,0,6
5.3295,18354,Rest,HAZIRLANIYOR...,0,0,681,139,0,0,0
5.3296,18355,Rest,HAZIRLANIYOR...,0,0,860,150,0,0,0
5.3440,18356,Rest,HAZIRLANIYOR...,0,0,1010,157,0,0,0
5.3441,18357,Rest,HAZIRLANIYOR...,0,0,1130,159,0,0,0
5.3441,18358,Rest,HAZIRLANIYOR...,0,0,1221,155,0,5,0
5.3441,18359,Rest,HAZIRLANIYOR...,0,0,1282,145,0,9,0
5.3441,18360,Rest,HAZIRLANIYOR...,0,0,1310,127,0,9,0
5.3442,18361,Rest,HAZIRLANIYOR...,0,0,1307,100,0,9,0
5.3442,18362,Rest,HAZIRLANIYOR...,0,0,1268,70,68,9,1
5.3442,18363,Rest,HAZIRLANIYOR...,0,0,1191,41,155,9,0
5.3442,18364,Rest,HAZIRLANIYOR...,0,0,1072,14,237,8,1
5.3442,18365,Rest,HAZIRLANIYOR...,0,0,912,0,316,8,6
5.3442,18366,Rest,HAZIRLANIYOR...,0,0,714,0,394,10,11
5.3443,18367,Rest,HAZIRLANIYOR...,0,0,485,0,483,12,11
5.3443,18368,Rest,HAZIRLANIYOR...,0,25,227,0,583,12,6
5.3443,18369,Rest,HAZIRLANIYOR...,0,129,0,0,673,6,0
5.3443,18370,Rest,HAZIRLANIYOR...,0,231,0,0,736,0,0
5.3443,18371,Rest,HAZIRLANIYOR...,0,327,0,0,768,0,0
5.3443,18372,Rest,HAZIRLANIYOR...,0,415,0,0,769,3,0
5.3444,18373,Rest,HAZIRLANIYOR...,0,490,0,0,737,4,0
5.3444,18374,Rest,HAZIRLANIYOR...,0,550,0,0,689,0,0
5.3444,18375,Rest,HAZIRLANIYOR...,0,590,0,0,644,0,0
5.3444,18376,Rest,HAZIRLANIYOR...,0,613,0,0,596,0,5
5.3445,18377,Rest,HAZIRLANIYOR...,0,620,0,0,520,0,9
5.3445,18378,Rest,HAZIRLANIYOR...,0,610,0,0,401,0,2
5.3445,18379,Rest,HAZIRLANIYOR...,0,580,0,0,245,0,0
5.3445,18380,Rest,HAZIRLANIYOR...,0,530,0,0,76,0,0
5.3445,18381,Rest,HAZIRLANIYOR...,0,462,0,0,0,0,0
5.3446,18382,Rest,HAZIRLANIYOR...,0,382,0,0,0,0,0
5.3594,18383,Rest,HAZIRLANIYOR...,0,295,0,15,0,0,0
5.3596,18384,Rest,HAZIRLANIYOR...,0,200,0,37,0,0,0
5.3596,18385,Rest,HAZIRLANIYOR...,0,100,0,56,0,0,0
5.3596,18386,Rest,HAZIRLANIYOR...,0,0,0,75,0,0,0
5.3596,18387,Rest,HAZIRLANIYOR...,0,0,140,94,0,0,0
5.3596,18388,Rest,HAZIRLANIYOR...,0,0,370,113,0,0,0
5.3596,18389,Rest,HAZIRLANIYOR...,0,0,585,130,0,0,0
5.3596,18390,Rest,HAZIRLANIYOR...,0,0,780,146,0,0,1
5.3596,18391,Rest,HAZIRLANIYOR...,0,0,951,157,0,2,2
5.3597,18392,Rest,HAZIRLANIYOR...,0,0,1089,163,0,6,3
5.3597,18393,Rest,HAZIRLANIYOR...,0,0,1194,164,0,11,3
5.3597,18394,Rest,HAZIRLANIYOR...,0,0,1267,160,0,16,3
5.3597,18395,Rest,HAZIRLANIYOR...,0,0,1313,144,0,12,4
5.3597,18396,Rest,HAZIRLANIYOR...,0,0,1328,119,0,5,4
5.3597,18397,Rest,HAZIRLANIYOR...,0,0,1305,90,7,3,6
5.3597,18398,Rest,HAZIRLANIYOR...,0,0,1241,60,98,6,11
5.3597,18399,Rest,HAZIRLANIYOR...,0,0,1141,32,179,8,13
5.3598,18400,Rest,HAZIRLANIYOR...,0,0,1005,7,259,6,6
5.3598,18401,Rest,HAZIRLANIYOR...,0,0,832,0,338,4,0
5.3598,18402,Rest,HAZIRLANIYOR...,0,0,619,0,425,4,0
5.3598,18403,Rest,HAZIRLANIYOR...,0,0,368,0,525,5,11
5.3598,18404,Rest,HAZIRLANIYOR...,0,40,90,0,629,4,16
5.3598,18405,Rest,HAZIRLANIYOR...,0,146,0,0,711,3,6
5.3598,18406,Rest,HAZIRLANIYOR...,0,250,0,0,755,2,0
5.3598,18407,Rest,HAZIRLANIYOR...,0,350,0,0,763,2,0
5.3598,18408,Rest,HAZIRLANIYOR...,0,438,0,0,745,6,3
5.3599,18409,Rest,HAZIRLANIYOR...,0,510,0,0,710,8,7
5.3746,18410,Rest,HAZIRLANIYOR...,0,561,0,0,674,1,1
5.3747,18411,Rest,HAZIRLANIYOR...,0,589,0,0,637,0,0
5.3747,18412,Rest,HAZIRLANIYOR...,0,598,0,0,572,0,0
5.3747,18413,Rest,HAZIRLANIYOR...,0,589,0,0,464,0,0
5.3747,18414,Rest,HAZIRLANIYOR...,0,563,0,0,324,0,0
5.3748,18415,Rest,HAZIRLANIYOR...,0,519,0,0,168,0,0
5.3748,18416,Rest,HAZIRLANIYOR...,0,459,0,0,6,0,0
5.3748,18417,Rest,HAZIRLANIYOR...,0,382,0,0,0,0,0
5.3748,18418,Rest,HAZIRLANIYOR...,0,293,0,0,0,0,0
5.3748,18419,Rest,HAZIRLANIYOR...,0,196,0,24,0,0,0
5.3748,18420,Rest,HAZIRLANIYOR...,0,94,0,52,0,0,0
5.3748,18421,Rest,HAZIRLANIYOR...,0,0,0,74,0,0,0
5.3748,18422,Rest,HAZIRLANIYOR...,0,0,20,92,0,0,0
5.3749,18423,Rest,HAZIRLANIYOR...,0,0,255,111,0,0,0
5.3749,18424,Rest,HAZIRLANIYOR...,0,0,479,132,0,0,0
5.3749,18425,Rest,HAZIRLANIYOR...,0,0,683,151,0,2,0
5.3749,18426,Rest,HAZIRLANIYOR...,0,0,863,163,0,4,2
5.3749,18427,Rest,HAZIRLANIYOR...,0,0,1016,170,0,6,5
5.3750,18428,Rest,HAZIRLANIYOR...,0,0,1137,172,0,13,8
5.3750,18429,Rest,HAZIRLANIYOR...,0,0,1228,169,0,18,10
5.3750,18430,Rest,HAZIRLANIYOR...,0,0,1291,157,0,11,3
5.3750,18431,Rest,HAZIRLANIYOR...,0,0,1324,136,0,3,0
5.3750,18432,Rest,HAZIRLANIYOR...,0,0,1321,108,0,6,0
5.3750,18433,Rest,HAZIRLANIYOR...,0,0,1277,78,50,16,0
5.3750,18434,Rest,HAZIRLANIYOR...,0,0,1195,49,135,18,0
5.3750,18435,Rest,HAZIRLANIYOR...,0,0,1078,19,212,9,0
5.3751,18436,Rest,HAZIRLANIYOR...,0,0,922,0,290,0,5
5.3904,18437,Rest,HAZIRLANIYOR...,0,0,727,0,379,0,7
5.3905,18438,Rest,HAZIRLANIYOR...,0,0,495,0,480,6,5
5.3905,18439,Rest,HAZIRLANIYOR...,0,0,233,0,578,7,5
5.3905,18440,Rest,HAZIRLANIYOR...,0,72,0,0,658,5,12
5.3905,18441,Rest,HAZIRLANIYOR...,0,173,0,0,719,2,16
5.3905,18442,Rest,HAZIRLANIYOR...,0,270,0,0,758,2,8
5.3905,18443,Rest,HAZIRLANIYOR...,0,360,0,0,763,1,0
5.3905,18444,Rest,HAZIRLANIYOR...,0,438,0,0,733,0,0
5.3905,18445,Rest,HAZIRLANIYOR...,0,499,0,0,688,0,0
5.3906,18446,Rest,HAZIRLANIYOR...,0,543,0,0,649,0,0
5.3906,18447,Rest,HAZIRLANIYOR...,0,570,0,0,604,0,0
5.3906,18448,Rest,HAZIRLANIYOR...,0,581,0,0,526,0,0
5.3906,18449,Rest,HAZIRLANIYOR...,0,575,0,0,407,0,1
5.3906,18450,Rest,HAZIRLANIYOR...,0,551,0,0,257,0,4
5.3906,18451,Rest,HAZIRLANIYOR...,0,507,0,0,95,0,0
5.3907,18452,Rest,HAZIRLANIYOR...,0,443,0,0,0,1,0
5.3907,18453,Rest,HAZIRLANIYOR...,0,366,0,0,0,0,0
5.3907,18454,Rest,HAZIRLANIYOR...,0,280,0,6,0,0,0
5.3907,18455,Rest,HAZIRLANIYOR...,0,189,0,29,0,0,0
5.3907,18456,Rest,HAZIRLANIYOR...,0,95,0,49,0,0,0
5.3907,18457,Rest,HAZIRLANIYOR...,0,0,0,68,0,0,0
5.3907,18458,Rest,HAZIRLANIYOR...,0,0,144,86,0,0,0
5.3907,18459,Rest,HAZIRLANIYOR...,0,0,369,105,0,0,6
5.3908,18460,Rest,HAZIRLANIYOR...,0,0,581,124,0,0,4
5.3908,18461,Rest,HAZIRLANIYOR...,0,0,775,142,0,0,0
5.3908,18462,Rest,HAZIRLANIYOR...,0,0,942,154,0,6,0
5.3908,18463,Rest,HAZIRLANIYOR...,0,0,1077,159,0,5,0
5.3909,18464,Rest,HAZIRLANIYOR...,0,0,1180,157,0,0,0
5.4057,18465,Rest,HAZIRLANIYOR...,0,0,1255,149,0,0,0
5.4058,18466,Rest,HAZIRLANIYOR...,0,0,1301,135,0,3,0
5.4058,18467,Rest,HAZIRLANIYOR...,0,0,1312,112,0,8,1
5.4059,18468,Rest,HAZIRLANIYOR...,0,0,1284,84,1,8,5
5.4059,18469,Rest,HAZIRLANIYOR...,0,0,1222,57,91,6,7
5.4059,18470,Rest,HAZIRLANIYOR...,0,0,1126,29,172,6,6
5.4059,18471,Rest,HAZIRLANIYOR...,0,0,990,2,252,6,4
5.4060,18472,Rest,HAZIRLANIYOR...,0,0,812,0,331,4,9
5.4060,18473,Rest,HAZIRLANIYOR...,0,0,597,0,415,1,13
5.4060,18474,Rest,HAZIRLANIYOR...,0,0,349,0,511,0,5
5.4060,18475,Rest,HAZIRLANIYOR...,0,92,80,0,613,2,0
5.4062,18476,Rest,HAZIRLANIYOR...,0,196,0,0,699,5,0
5.4062,18477,Rest,HAZIRLANIYOR...,0,299,0,0,751,4,0
5.4062,18478,Rest,HAZIRLANIYOR...,0,397,0,0,767,2,0
5.4062,18479,Rest,HAZIRLANIYOR...,0,483,0,0,751,0,0
5.4062,18480,Rest,HAZIRLANIYOR...,0,553,0,0,716,0,0
5.4062,18481,Rest,HAZIRLANIYOR...,0,603,0,0,680,0,0
5.4063,18482,Rest,HAZIRLANIYOR...,0,633,0,0,640,0,0
5.4063,18483,Rest,HAZIRLANIYOR...,0,641,0,0,574,0,0
5.4063,18484,Rest,HAZIRLANIYOR...,0,630,0,0,465,0,0
5.4063,18485,Rest,HAZIRLANIYOR...,0,602,0,0,319,0,0
5.4063,18486,Rest,HAZIRLANIYOR...,0,556,0,0,156,0,0
5.4064,18487,Rest,HAZIRLANIYOR...,0,491,0,0,0,0,0
5.4064,18488,Rest,HAZIRLANIYOR...,0,410,0,0,0,0,1
5.4064,18489,Rest,HAZIRLANIYOR...,0,317,0,4,0,0,2
5.4064,18490,Rest,HAZIRLANIYOR...,0,217,0,32,0,0,0
5.4066,18491,Rest,HAZIRLANIYOR...,0,113,0,54,0,0,0
5.4066,18492,Rest,HAZIRLANIYOR...,0,6,0,73,0,0,0
5.4211,18493,Rest,HAZIRLANIYOR...,0,0,26,91,0,0,0
5.4211,18494,Rest,HAZIRLANIYOR...,0,0,254,109,0,0,0
5.4211,18495,Rest,HAZIRLANIYOR...,0,0,474,129,0,0,0
5.4212,18496,Rest,HAZIRLANIYOR...,0,0,678,147,0,0,1
5.4212,18497,Rest,HAZIRLANIYOR...,0,0,859,161,0,0,6
5.4212,18498,Rest,HAZIRLANIYOR...,0,0,1009,169,0,2,7
5.4212,18499,Rest,HAZIRLANIYOR...,0,0,1129,172,0,3,5
5.4212,18500,Rest,HAZIRLANIYOR...,0,0,1221,170,0,4,6
5.4212,18501,Rest,HAZIRLANIYOR...,0,0,1281,159,0,6,5
5.4213,18502,Rest,HAZIRLANIYOR...,0,0,1309,140,0,9,0
5.4213,18503,Rest,HAZIRLANIYOR...,0,0,1302,113,0,11,0
5.4213,18504,Rest,HAZIRLANIYOR...,0,0,1259,84,53,12,0
5.4213,18505,Rest,HAZIRLANIYOR...,0,0,1180,54,139,12,3
5.4213,18506,Rest,HAZIRLANIYOR...,0,0,1061,26,223,12,3
5.4213,18507,Rest,HAZIRLANIYOR...,0,0,902,0,307,11,1
5.4213,18508,Rest,HAZIRLANIYOR...,0,0,706,0,390,10,1
5.4213,18509,Rest,HAZIRLANIYOR...,0,0,478,0,478,9,1
5.4214,18510,Rest,HAZIRLANIYOR...,0,0,219,0,569,9,1
5.4214,18511,Rest,HAZIRLANIYOR...,0,93,0,0,652,8,2
5.4214,18512,Rest,HAZIRLANIYOR...,0,196,0,0,717,6,6
5.4214,18513,Rest,HAZIRLANIYOR...,0,295,0,0,755,4,9
5.4214,18514,Rest,HAZIRLANIYOR...,0,387,0,0,757,2,4
5.4214,18515,Rest,HAZIRLANIYOR...,0,465,0,0,725,0,0
5.4214,18516,Rest,HAZIRLANIYOR...,0,526,0,0,681,0,0
5.4214,18517,Rest,HAZIRLANIYOR...,0,567,0,0,640,0,0
5.4215,18518,Rest,HAZIRLANIYOR...,0,591,0,0,591,0,0
5.4364,18519,Rest,HAZIRLANIYOR...,0,598,0,0,509,0,0
5.4366,18520,Rest,HAZIRLANIYOR...,0,589,0,0,387,0,0
5.4366,18521,Rest,HAZIRLANIYOR...,0,560,0,0,234,0,0
5.4366,18522,Rest,HAZIRLANIYOR...,0,507,0,0,69,0,0
5.4367,18523,Rest,HAZIRLANIYOR...,0,436,0,0,0,0,0
5.4367,18524,Rest,HAZIRLANIYOR...,0,355,0,0,0,0,0
5.4367,18525,Rest,HAZIRLANIYOR...,0,266,0,6,0,0,2
5.4367,18526,Rest,HAZIRLANIYOR...,0,165,0,29,0,0,3
5.4367,18527,Rest,HAZIRLANIYOR...,0,56,0,52,0,0,0
5.4369,18528,Rest,HAZIRLANIYOR...,0,0,0,74,0,0,0
5.4369,18529,Rest,HAZIRLANIYOR...,0,0,141,96,0,0,0
5.4370,18530,Rest,HAZIRLANIYOR...,0,0,365,117,0,0,0
5.4370,18531,Rest,HAZIRLANIYOR...,0,0,577,136,0,0,0
5.4370,18532,Rest,HAZIRLANIYOR...,0,0,769,150,0,0,0
5.4371,18533,Rest,HAZIRLANIYOR...,0,0,933,158,0,1,0
5.4371,18534,Rest,HAZIRLANIYOR...,0,0,1066,163,0,5,5
5.4371,18535,Rest,HAZIRLANIYOR...,0,0,1169,162,0,7,7
5.4371,18536,Rest,HAZIRLANIYOR...,0,0,1242,154,0,8,3
5.4372,18537,Rest,HAZIRLANIYOR...,0,0,1285,138,0,10,1
5.4372,18538,Rest,HAZIRLANIYOR...,0,0,1297,113,0,12,4
5.4372,18539,Rest,HAZIRLANIYOR...,0,0,1275,84,16,12,7
5.4372,18540,Rest,HAZIRLANIYOR...,0,0,1214,53,104,10,10
5.4373,18541,Rest,HAZIRLANIYOR...,0,0,1112,24,184,9,8
5.4373,18542,Rest,HAZIRLANIYOR...,0,0,974,0,262,8,2
5.4373,18543,Rest,HAZIRLANIYOR...,0,0,801,0,342,7,0
5.4373,18544,Rest,HAZIRLANIYOR...,0,0,589,0,432,7,1
5.4374,18545,Rest,HAZIRLANIYOR...,0,0,341,0,530,8,5
5.4374,18546,Rest,HAZIRLANIYOR...,0,78,71,0,624,8,6
5.4515,18547,Rest,HAZIRLANIYOR...,0,181,0,0,699,7,6
5.4517,18548,Rest,HAZIRLANIYOR...,0,277,0,0,745,6,8
5.4517,18549,Rest,HAZIRLANIYOR...,0,372,0,0,760,3,4
5.4517,18550,Rest,HAZIRLANIYOR...,0,459,0,0,741,0,0
5.4517,18551,Rest,HAZIRLANIYOR...,0,529,0,0,701,0,0
5.4517,18552,Rest,HAZIRLANIYOR...,0,580,0,0,659,4,2
5.4517,18553,Rest,HAZIRLANIYOR...,0,615,0,0,617,0,8
5.4517,18554,Rest,HAZIRLANIYOR...,0,633,0,0,555,0,1
5.4517,18555,Rest,HAZIRLANIYOR...,0,629,0,0,451,0,0
5.4518,18556,Rest,HAZIRLANIYOR...,0,604,0,0,304,0,0
5.4518,18557,Rest,HAZIRLANIYOR...,0,558,0,0,138,0,0
5.4518,18558,Rest,HAZIRLANIYOR...,0,493,0,0,0,0,0
5.4518,18559,Rest,HAZIRLANIYOR...,0,415,0,0,0,0,0
5.4518,18560,Rest,HAZIRLANIYOR...,0,325,0,3,0,0,0
5.4518,18561,Rest,HAZIRLANIYOR...,0,229,0,28,0,0,0
5.4518,18562,Rest,HAZIRLANIYOR...,0,127,0,52,0,0,0
5.4519,18563,Rest,HAZIRLANIYOR...,0,24,0,74,0,0,0
5.4519,18564,Rest,HAZIRLANIYOR...,0,0,37,93,0,0,0
5.4519,18565,Rest,HAZIRLANIYOR...,0,0,266,114,0,0,0
5.4519,18566,Rest,HAZIRLANIYOR...,0,0,484,135,0,0,0
5.4519,18567,Rest,HAZIRLANIYOR...,0,0,686,155,0,0,1
5.4519,18568,Rest,HAZIRLANIYOR...,0,0,864,167,0,0,0
5.4519,18569,Rest,HAZIRLANIYOR...,0,0,1012,172,0,2,0
5.4520,18570,Rest,HAZIRLANIYOR...,0,0,1128,172,0,7,5
5.4520,18571,Rest,HAZIRLANIYOR...,0,0,1214,168,0,10,10
5.4521,18572,Rest,HAZIRLANIYOR...,0,0,1272,156,0,12,6
5.4521,18573,Rest,HAZIRLANIYOR...,0,0,1300,134,0,12,1
5.4668,18574,Rest,HAZIRLANIYOR...,0,0,1292,107,0,12,6
5.4670,18575,Rest,HAZIRLANIYOR...,0,0,1247,78,67,11,13
5.4670,18576,Rest,HAZIRLANIYOR...,0,0,1164,45,151,11,7
5.4670,18577,Rest,HAZIRLANIYOR...,0,0,1047,13,229,10,0
5.4670,18578,Rest,HAZIRLANIYOR...,0,0,892,0,309,9,0
5.4670,18579,Rest,HAZIRLANIYOR...,0,0,697,0,396,8,4
5.4670,18580,Rest,HAZIRLANIYOR...,0,0,463,0,498,7,8
5.4671,18581,Rest,HAZIRLANIYOR...,0,46,198,0,602,6,1
5.4671,18582,Rest,HAZIRLANIYOR...,0,145,0,0,686,5,0
5.4671,18583,Rest,HAZIRLANIYOR...,0,242,0,0,744,6,0
5.4671,18584,Rest,HAZIRLANIYOR...,0,334,0,0,776,6,0
5.4671,18585,Rest,HAZIRLANIYOR...,0,418,0,0,774,3,0
5.4671,18586,Rest,HAZIRLANIYOR...,0,491,0,0,736,0,0
5.4671,18587,Rest,HAZIRLANIYOR...,0,548,0,0,688,0,0
5.4671,18588,Rest,HAZIRLANIYOR...,0,585,0,0,651,0,0
5.4672,18589,Rest,HAZIRLANIYOR...,0,600,0,0,604,0,0
5.4672,18590,Rest,HAZIRLANIYOR...,0,594,0,0,517,0,2
5.4672,18591,Rest,HAZIRLANIYOR...,0,572,0,0,382,0,3
5.4672,18592,Rest,HAZIRLANIYOR...,0,534,0,0,208,0,0
5.4672,18593,Rest,HAZIRLANIYOR...,0,478,0,0,12,0,0
5.4672,18594,Rest,HAZIRLANIYOR...,0,402,0,0,0,0,0
5.4673,18595,Rest,HAZIRLANIYOR...,0,313,0,0,0,0,0
5.4673,18596,Rest,HAZIRLANIYOR...,0,215,0,15,0,0,0
5.4673,18597,Rest,HAZIRLANIYOR...,0,114,0,41,0,1,0
5.4673,18598,Rest,HAZIRLANIYOR...,0,13,0,67,0,0,0
5.4674,18599,Rest,HAZIRLANIYOR...,0,0,0,89,0,0,0
5.4674,18600,Rest,HAZIRLANIYOR...,0,0,174,107,0,0,0
5.4830,18601,Rest,HAZIRLANIYOR...,0,0,398,126,0,0,0
5.4831,18602,Rest,HAZIRLANIYOR...,0,0,609,148,0,5,0
5.4831,18603,Rest,HAZIRLANIYOR...,0,0,796,169,0,14,0
5.4832,18604,Rest,HAZIRLANIYOR...,0,0,953,182,0,11,0
5.4832,18605,Rest,HAZIRLANIYOR...,0,0,1081,186,0,0,0
5.4832,18606,Rest,HAZIRLANIYOR...,0,0,1180,182,0,0,3
5.4832,18607,Rest,HAZIRLANIYOR...,0,0,1249,172,0,0,2
5.4833,18608,Rest,HAZIRLANIYOR...,0,0,1288,155,0,6,3
5.4833,18609,Rest,HAZIRLANIYOR...,0,0,1295,131,0,8,12
5.4833,18610,Rest,HAZIRLANIYOR...,0,0,1266,103,37,6,19
5.4833,18611,Rest,HAZIRLANIYOR...,0,0,1199,74,125,6,13
5.4833,18612,Rest,HAZIRLANIYOR...,0,0,1093,43,203,6,2
5.4833,18613,Rest,HAZIRLANIYOR...,0,0,952,12,280,7,0
5.4834,18614,Rest,HAZIRLANIYOR...,0,0,774,0,361,10,3
5.4834,18615,Rest,HAZIRLANIYOR...,0,0,557,0,450,13,4
5.4834,18616,Rest,HAZIRLANIYOR...,0,0,308,0,547,9,2
5.4834,18617,Rest,HAZIRLANIYOR...,0,74,39,0,638,0,0
5.4835,18618,Rest,HAZIRLANIYOR...,0,181,0,0,710,0,0
5.4835,18619,Rest,HAZIRLANIYOR...,0,284,0,0,756,0,0
5.4835,18620,Rest,HAZIRLANIYOR...,0,378,0,0,771,1,0
5.4835,18621,Rest,HAZIRLANIYOR...,0,462,0,0,750,0,0
5.4835,18622,Rest,HAZIRLANIYOR...,0,529,0,0,710,0,0
5.4835,18623,Rest,HAZIRLANIYOR...,0,578,0,0,670,0,0
5.4835,18624,Rest,HAZIRLANIYOR...,0,608,0,0,623,0,3
5.4836,18625,Rest,HAZIRLANIYOR...,0,618,0,0,550,0,3
5.4836,18626,Rest,HAZIRLANIYOR...,0,610,0,0,441,0,0
5.4836,18627,Rest,HAZIRLANIYOR...,0,584,0,0,298,0,0
5.4837,18628,Rest,HAZIRLANIYOR...,0,542,0,0,135,0,0
5.4981,18629,Rest,HAZIRLANIYOR...,0,480,0,0,0,0,0
5.4982,18630,Rest,HAZIRLANIYOR...,0,402,0,0,0,0,0
5.4982,18631,Rest,HAZIRLANIYOR...,0,313,0,0,0,0,0
5.4982,18632,Rest,HAZIRLANIYOR...,0,218,0,28,0,0,0
5.4982,18633,Rest,HAZIRLANIYOR...,0,119,0,51,0,0,0
5.4982,18634,Rest,HAZIRLANIYOR...,0,16,0,69,0,0,0
5.4982,18635,Rest,HAZIRLANIYOR...,0,0,55,86,0,0,0
5.4982,18636,Rest,HAZIRLANIYOR...,0,0,285,107,0,0,1
5.4983,18637,Rest,HAZIRLANIYOR...,0,0,502,129,0,0,9
5.4983,18638,Rest,HAZIRLANIYOR...,0,0,698,149,0,0,5
5.4983,18639,Rest,HAZIRLANIYOR...,0,0,872,163,0,5,0
5.4983,18640,Rest,HAZIRLANIYOR...,0,0,1018,170,0,12,0
5.4983,18641,Rest,HAZIRLANIYOR...,0,0,1134,171,0,15,0
5.4983,18642,Rest,HAZIRLANIYOR...,0,0,1219,166,0,9,0
5.4983,18643,Rest,HAZIRLANIYOR...,0,0,1274,153,0,2,0
5.4983,18644,Rest,HAZIRLANIYOR...,0,0,1300,130,0,4,0
5.4983,18645,Rest,HAZIRLANIYOR...,0,0,1292,101,0,9,2
5.4984,18646,Rest,HAZIRLANIYOR...,0,0,1245,73,78,10,7
5.4984,18647,Rest,HAZIRLANIYOR...,0,0,1159,44,159,8,12
5.4984,18648,Rest,HAZIRLANIYOR...,0,0,1035,13,237,5,17
5.4984,18649,Rest,HAZIRLANIYOR...,0,0,875,0,314,5,13
5.4984,18650,Rest,HAZIRLANIYOR...,0,0,678,0,398,5,0
5.4984,18651,Rest,HAZIRLANIYOR...,0,0,446,0,493,8,0
5.4984,18652,Rest,HAZIRLANIYOR...,0,19,184,0,591,15,0
5.4984,18653,Rest,HAZIRLANIYOR...,0,126,0,0,676,18,0
5.4985,18654,Rest,HAZIRLANIYOR...,0,234,0,0,739,12,0
5.4985,18655,Rest,HAZIRLANIYOR...,0,334,0,0,771,1,0
5.5140,18656,Rest,HAZIRLANIYOR...,0,423,0,0,765,0,3
5.5141,18657,Rest,HAZIRLANIYOR...,0,498,0,0,722,0,8
5.5141,18658,Rest,HAZIRLANIYOR...,0,555,0,0,666,0,7
5.5142,18659,Rest,HAZIRLANIYOR...,0,594,0,0,620,0,0
5.5142,18660,Rest,HAZIRLANIYOR...,0,613,0,0,573,0,0
5.5142,18661,Rest,HAZIRLANIYOR...,0,612,0,0,493,0,0
5.5142,18662,Rest,HAZIRLANIYOR...,0,593,0,0,363,0,0
5.5142,18663,Rest,HAZIRLANIYOR...,0,556,0,0,199,0,0
5.5142,18664,Rest,HAZIRLANIYOR...,0,501,0,0,29,0,0
5.5142,18665,Rest,HAZIRLANIYOR...,0,429,0,0,0,0,0
5.5142,18666,Rest,HAZIRLANIYOR...,0,341,0,0,0,0,0
5.5143,18667,Rest,HAZIRLANIYOR...,0,245,0,14,0,0,0
5.5143,18668,Rest,HAZIRLANIYOR...,0,146,0,45,0,0,0
5.5143,18669,Rest,HAZIRLANIYOR...,0,43,0,76,0,0,0
5.5143,18670,Rest,HAZIRLANIYOR...,0,0,0,100,0,0,0
5.5144,18671,Rest,HAZIRLANIYOR...,0,0,172,119,0,0,0
5.5144,18672,Rest,HAZIRLANIYOR...,0,0,396,136,0,0,0
5.5144,18673,Rest,HAZIRLANIYOR...,0,0,606,155,0,0,0
5.5144,18674,Rest,HAZIRLANIYOR...,0,0,793,171,0,0,0
5.5144,18675,Rest,HAZIRLANIYOR...,0,0,953,182,0,2,0
5.5144,18676,Rest,HAZIRLANIYOR...,0,0,1084,185,0,4,0
5.5145,18677,Rest,HAZIRLANIYOR...,0,0,1185,182,0,6,1
5.5145,18678,Rest,HAZIRLANIYOR...,0,0,1258,171,0,9,5
5.5145,18679,Rest,HAZIRLANIYOR...,0,0,1297,153,0,11,7
5.5145,18680,Rest,HAZIRLANIYOR...,0,0,1302,128,0,11,6
5.5145,18681,Rest,HAZIRLANIYOR...,0,0,1272,100,35,9,3
5.5147,18682,Rest,HAZIRLANIYOR...,0,0,1205,69,122,10,3
5.5148,18683,Rest,HAZIRLANIYOR...,0,0,1101,33,201,14,4
5.5149,18684,Rest,HAZIRLANIYOR...,0,0,960,0,278,17,4
5.5301,18685,Rest,HAZIRLANIYOR...,0,0,779,0,361,11,5
5.5303,18686,Rest,HAZIRLANIYOR...,0,0,559,0,464,3,6
5.5303,18687,Rest,HAZIRLANIYOR...,0,0,305,0,590,3,6
5.5303,18688,Rest,HAZIRLANIYOR...,0,94,28,0,716,7,5
5.5303,18689,Rest,HAZIRLANIYOR...,0,204,0,0,807,8,3
5.5303,18690,Rest,HAZIRLANIYOR...,0,313,0,0,846,4,3
5.5303,18691,Rest,HAZIRLANIYOR...,0,410,0,0,847,0,3
5.5303,18692,Rest,HAZIRLANIYOR...,0,488,0,0,833,0,2
5.5303,18693,Rest,HAZIRLANIYOR...,0,546,0,0,814,0,1
5.5304,18694,Rest,HAZIRLANIYOR...,0,592,0,0,772,0,2
5.5304,18695,Rest,HAZIRLANIYOR...,0,623,0,0,676,0,6
5.5304,18696,Rest,HAZIRLANIYOR...,0,635,0,0,515,0,7
5.5304,18697,Rest,HAZIRLANIYOR...,0,621,0,0,322,0,1
5.5304,18698,Rest,HAZIRLANIYOR...,0,583,0,0,130,0,0
5.5304,18699,Rest,HAZIRLANIYOR...,0,525,0,0,0,0,0
5.5304,18700,Rest,HAZIRLANIYOR...,0,452,0,0,0,0,0
5.5304,18701,Rest,HAZIRLANIYOR...,0,362,0,0,0,0,0
5.5305,18702,Rest,HAZIRLANIYOR...,0,262,0,0,0,0,0
5.5306,18703,Rest,HAZIRLANIYOR...,0,158,0,17,0,0,0
5.5306,18704,Rest,HAZIRLANIYOR...,0,56,0,40,0,0,0
5.5306,18705,Rest,HAZIRLANIYOR...,0,0,0,66,0,0,0
5.5306,18706,Rest,HAZIRLANIYOR...,0,0,134,91,0,0,0
5.5306,18707,Rest,HAZIRLANIYOR...,0,0,352,112,0,0,1
5.5306,18708,Rest,HAZIRLANIYOR...,0,0,559,132,0,0,7
5.5306,18709,Rest,HAZIRLANIYOR...,0,0,751,152,0,0,6
5.5306,18710,Rest,HAZIRLANIYOR...,0,0,918,169,0,2,0
5.5455,18711,Rest,HAZIRLANIYOR...,0,0,1053,179,0,5,0
5.5456,18712,Rest,HAZIRLANIYOR...,0,0,1154,181,0,11,0
5.5456,18713,Rest,HAZIRLANIYOR...,0,0,1224,177,0,15,0
5.5456,18714,Rest,HAZIRLANIYOR...,0,0,1264,165,0,10,0
5.5456,18715,Rest,HAZIRLANIYOR...,0,0,1279,144,0,3,0
5.5456,18716,Rest,HAZIRLANIYOR...,0,0,1262,114,12,2,0
5.5456,18717,Rest,HAZIRLANIYOR...,0,0,1207,83,104,7,3
5.5457,18718,Rest,HAZIRLANIYOR...,0,0,1115,52,184,9,5
5.5457,18719,Rest,HAZIRLANIYOR...,0,0,989,20,260,6,4
5.5457,18720,Rest,HAZIRLANIYOR...,0,0,826,0,338,3,3
5.5457,18721,Rest,HAZIRLANIYOR...,0,0,623,0,424,1,2
5.5457,18722,Rest,HAZIRLANIYOR...,0,0,385,0,521,2,1
5.5457,18723,Rest,HAZIRLANIYOR...,0,33,119,0,620,4,0
5.5457,18724,Rest,HAZIRLANIYOR...,0,140,0,0,704,4,1
5.5457,18725,Rest,HAZIRLANIYOR...,0,245,0,0,765,3,1
5.5458,18726,Rest,HAZIRLANIYOR...,0,345,0,0,792,3,0
5.5458,18727,Rest,HAZIRLANIYOR...,0,437,0,0,783,4,0
5.5458,18728,Rest,HAZIRLANIYOR...,0,518,0,0,745,2,0
5.5458,18729,Rest,HAZIRLANIYOR...,0,582,0,0,699,0,0
5.5458,18730,Rest,HAZIRLANIYOR...,0,625,0,0,656,0,0
5.5458,18731,Rest,HAZIRLANIYOR...,0,649,0,0,603,4,0
5.5458,18732,Rest,HAZIRLANIYOR...,0,657,0,0,519,6,2
5.5458,18733,Rest,HAZIRLANIYOR...,0,645,0,0,391,0,5
5.5459,18734,Rest,HAZIRLANIYOR...,0,612,0,0,229,0,0
5.5459,18735,Rest,HAZIRLANIYOR...,0,556,0,0,56,0,0
5.5459,18736,Rest,HAZIRLANIYOR...,0,480,0,0,0,0,0
5.5459,18737,Rest,HAZIRLANIYOR...,0,390,0,0,0,0,0
5.5459,18738,Rest,HAZIRLANIYOR...,0,295,0,12,0,0,0
5.5460,18739,Rest,HAZIRLANIYOR...,0,197,0,38,0,0,0
5.5615,18740,Rest,HAZIRLANIYOR...,0,97,0,63,0,0,0
5.5615,18741,Rest,HAZIRLANIYOR...,0,0,0,88,0,0,0
5.5616,18742,Rest,HAZIRLANIYOR...,0,0,185,109,0,0,0
5.5616,18743,Rest,HAZIRLANIYOR...,0,0,410,127,0,0,0
5.5616,18744,Rest,HAZIRLANIYOR...,0,0,617,145,0,5,0
5.5616,18745,Rest,HAZIRLANIYOR...,0,0,801,160,0,8,0
5.5617,18746,Rest,HAZIRLANIYOR...,0,0,959,171,0,6,0
5.5617,18747,Rest,HAZIRLANIYOR...,0,0,1089,176,0,1,0
5.5617,18748,Rest,HAZIRLANIYOR...,0,0,1187,176,0,2,0
5.5617,18749,Rest,HAZIRLANIYOR...,0,0,1256,166,0,7,2
5.5617,18750,Rest,HAZIRLANIYOR...,0,0,1295,147,0,10,5
5.5617,18751,Rest,HAZIRLANIYOR...,0,0,1302,121,0,10,7
5.5617,18752,Rest,HAZIRLANIYOR...,0,0,1271,91,49,8,5
5.5617,18753,Rest,HAZIRLANIYOR...,0,0,1201,60,132,7,4
5.5618,18754,Rest,HAZIRLANIYOR...,0,0,1095,29,209,7,3
5.5618,18755,Rest,HAZIRLANIYOR...,0,0,953,1,284,7,4
5.5618,18756,Rest,HAZIRLANIYOR...,0,0,774,0,361,6,4
5.5618,18757,Rest,HAZIRLANIYOR...,0,0,557,0,448,6,3
5.5618,18758,Rest,HAZIRLANIYOR...,0,0,308,0,546,6,2
5.5618,18759,Rest,HAZIRLANIYOR...,0,48,36,0,638,5,1
5.5618,18760,Rest,HAZIRLANIYOR...,0,155,0,0,706,4,0
5.5618,18761,Rest,HAZIRLANIYOR...,0,258,0,0,745,2,0
5.5618,18762,Rest,HAZIRLANIYOR...,0,352,0,0,753,1,1
5.5619,18763,Rest,HAZIRLANIYOR...,0,434,0,0,725,0,8
5.5619,18764,Rest,HAZIRLANIYOR...,0,502,0,0,678,0,12
5.5619,18765,Rest,HAZIRLANIYOR...,0,552,0,0,634,0,2
5.5619,18766,Rest,HAZIRLANIYOR...,0,581,0,0,590,0,0
5.5619,18767,Rest,HAZIRLANIYOR...,0,591,0,0,520,0,0
5.5775,18768,Rest,HAZIRLANIYOR...,0,584,0,0,404,0,0
5.5776,18769,Rest,HAZIRLANIYOR...,0,560,0,0,251,0,0
5.5776,18770,Rest,HAZIRLANIYOR...,0,515,0,0,83,0,0
5.5776,18771,Rest,HAZIRLANIYOR...,0,451,0,0,0,0,0
5.5777,18772,Rest,HAZIRLANIYOR...,0,373,0,0,0,0,0
5.5777,18773,Rest,HAZIRLANIYOR...,0,284,0,0,0,0,0
5.5777,18774,Rest,HAZIRLANIYOR...,0,186,0,28,0,0,0
5.5777,18775,Rest,HAZIRLANIYOR...,0,83,0,53,0,0,0
5.5778,18776,Rest,HAZIRLANIYOR...,0,0,0,75,0,0,0
5.5778,18777,Rest,HAZIRLANIYOR...,0,0,83,99,0,0,0
5.5778,18778,Rest,HAZIRLANIYOR...,0,0,306,124,0,0,0
5.5778,18779,Rest,HAZIRLANIYOR...,0,0,518,148,0,2,1
5.5778,18780,Rest,HAZIRLANIYOR...,0,0,717,167,0,7,7
5.5778,18781,Rest,HAZIRLANIYOR...,0,0,891,178,0,5,4
5.5779,18782,Rest,HAZIRLANIYOR...,0,0,1032,184,0,1,0
5.5779,18783,Rest,HAZIRLANIYOR...,0,0,1142,185,0,4,0
5.5779,18784,Rest,HAZIRLANIYOR...,0,0,1222,179,0,10,9
5.5779,18785,Rest,HAZIRLANIYOR...,0,0,1274,163,0,8,13
5.5779,18786,Rest,HAZIRLANIYOR...,0,0,1295,141,0,5,3
5.5779,18787,Rest,HAZIRLANIYOR...,0,0,1281,114,0,7,0
5.5779,18788,Rest,HAZIRLANIYOR...,0,0,1229,81,86,7,0
5.5779,18789,Rest,HAZIRLANIYOR...,0,0,1140,46,168,1,0
5.5780,18790,Rest,HAZIRLANIYOR...,0,0,1015,16,248,0,3
5.5780,18791,Rest,HAZIRLANIYOR...,0,0,852,0,327,0,7
5.5780,18792,Rest,HAZIRLANIYOR...,0,0,652,0,411,2,9
5.5780,18793,Rest,HAZIRLANIYOR...,0,0,418,0,507,3,3
5.5780,18794,Rest,HAZIRLANIYOR...,0,58,157,0,607,4,0
5.5780,18795,Rest,HAZIRLANIYOR...,0,167,0,0,692,8,0
5.5781,18796,Rest,HAZIRLANIYOR...,0,275,0,0,748,11,0
5.5928,18797,Rest,HAZIRLANIYOR...,0,379,0,0,770,6,1
5.5929,18798,Rest,HAZIRLANIYOR...,0,471,0,0,762,0,2
5.5929,18799,Rest,HAZIRLANIYOR...,0,545,0,0,743,0,6
5.5929,18800,Rest,HAZIRLANIYOR...,0,600,0,0,739,0,10
5.5929,18801,Rest,HAZIRLANIYOR...,0,638,0,0,733,0,5
5.5930,18802,Rest,HAZIRLANIYOR...,0,659,0,0,675,0,0
5.5930,18803,Rest,HAZIRLANIYOR...,0,660,0,0,538,0,0
5.5930,18804,Rest,HAZIRLANIYOR...,0,639,0,0,342,0,0
5.5930,18805,Rest,HAZIRLANIYOR...,0,596,0,0,133,0,0
5.5930,18806,Rest,HAZIRLANIYOR...,0,531,0,0,0,0,0
5.5930,18807,Rest,HAZIRLANIYOR...,0,446,0,0,0,0,0
5.5930,18808,Rest,HAZIRLANIYOR...,0,346,0,0,0,0,0
5.5930,18809,Rest,HAZIRLANIYOR...,0,241,0,13,0,0,0
5.5931,18810,Rest,HAZIRLANIYOR...,0,133,0,40,0,0,0
5.5931,18811,Rest,HAZIRLANIYOR...,0,25,0,68,0,0,0
5.5931,18812,Rest,HAZIRLANIYOR...,0,0,0,93,0,0,0
5.5931,18813,Rest,HAZIRLANIYOR...,0,0,218,115,0,0,0
5.5931,18814,Rest,HAZIRLANIYOR...,0,0,435,136,0,0,0
5.5931,18815,Rest,HAZIRLANIYOR...,0,0,638,156,0,0,0
5.5931,18816,Rest,HAZIRLANIYOR...,0,0,821,174,0,2,0
5.5931,18817,Rest,HAZIRLANIYOR...,0,0,976,185,0,5,0
5.5931,18818,Rest,HAZIRLANIYOR...,0,0,1098,188,0,8,0
5.5932,18819,Rest,HAZIRLANIYOR...,0,0,1188,184,0,9,0
5.5932,18820,Rest,HAZIRLANIYOR...,0,0,1250,173,0,9,4
5.5932,18821,Rest,HAZIRLANIYOR...,0,0,1284,155,0,9,10
5.5932,18822,Rest,HAZIRLANIYOR...,0,0,1284,130,0,11,9
5.5933,18823,Rest,HAZIRLANIYOR...,0,0,1246,98,58,11,2
5.6081,18824,Rest,HAZIRLANIYOR...,0,0,1167,66,146,8,0
5.6082,18825,Rest,HAZIRLANIYOR...,0,0,1054,35,226,4,2
5.6082,18826,Rest,HAZIRLANIYOR...,0,0,907,6,304,4,2
5.6082,18827,Rest,HAZIRLANIYOR...,0,0,722,0,384,8,1
5.6083,18828,Rest,HAZIRLANIYOR...,0,0,503,0,476,10,0
5.6083,18829,Rest,HAZIRLANIYOR...,0,0,254,0,577,10,1
5.6084,18830,Rest,HAZIRLANIYOR...,0,66,0,0,668,9,2
5.6084,18831,Rest,HAZIRLANIYOR...,0,177,0,0,736,7,6
5.6084,18832,Rest,HAZIRLANIYOR...,0,281,0,0,777,5,13
5.6085,18833,Rest,HAZIRLANIYOR...,0,376,0,0,787,3,12
5.6085,18834,Rest,HAZIRLANIYOR...,0,460,0,0,760,1,0
5.6085,18835,Rest,HAZIRLANIYOR...,0,526,0,0,711,0,0
5.6085,18836,Rest,HAZIRLANIYOR...,0,573,0,0,665,0,0
5.6088,18837,Rest,HAZIRLANIYOR...,0,602,0,0,621,0,0
5.6089,18838,Rest,HAZIRLANIYOR...,0,614,0,0,550,0,0
5.6089,18839,Rest,HAZIRLANIYOR...,0,604,0,0,434,0,0
5.6089,18840,Rest,HAZIRLANIYOR...,0,575,0,0,279,0,0
5.6089,18841,Rest,HAZIRLANIYOR...,0,529,0,0,107,0,0
5.6089,18842,Rest,HAZIRLANIYOR...,0,466,0,0,0,0,0
5.6089,18843,Rest,HAZIRLANIYOR...,0,387,0,0,0,0,0
5.6089,18844,Rest,HAZIRLANIYOR...,0,297,0,0,0,0,0
5.6089,18845,Rest,HAZIRLANIYOR...,0,197,0,20,0,0,0
5.6089,18846,Rest,HAZIRLANIYOR...,0,92,0,47,0,0,0
5.6090,18847,Rest,HAZIRLANIYOR...,0,0,0,72,0,0,0
5.6090,18848,Rest,HAZIRLANIYOR...,0,0,105,94,0,0,0
5.6090,18849,Rest,HAZIRLANIYOR...,0,0,331,115,0,0,0
5.6090,18850,Rest,HAZIRLANIYOR...,0,0,543,136,0,0,2
5.6091,18851,Rest,HAZIRLANIYOR...,0,0,736,158,0,0,4
5.6230,18852,Rest,HAZIRLANIYOR...,0,0,907,174,0,0,4
5.6231,18853,Rest,HAZIRLANIYOR...,0,0,1050,181,0,2,2
5.6231,18854,Rest,HAZIRLANIYOR...,0,0,1159,182,0,3,2
5.6231,18855,Rest,HAZIRLANIYOR...,0,0,1236,177,0,6,5
5.6231,18856,Rest,HAZIRLANIYOR...,0,0,1284,165,0,8,12
5.6231,18857,Rest,HAZIRLANIYOR...,0,0,1305,143,0,8,16
5.6231,18858,Rest,HAZIRLANIYOR...,0,0,1290,116,12,7,10
5.6231,18859,Rest,HAZIRLANIYOR...,0,0,1234,87,102,7,1
5.6231,18860,Rest,HAZIRLANIYOR...,0,0,1140,57,183,7,0
5.6231,18861,Rest,HAZIRLANIYOR...,0,0,1012,27,261,8,1
5.6231,18862,Rest,HAZIRLANIYOR...,0,0,847,0,338,8,2
5.6231,18863,Rest,HAZIRLANIYOR...,0,0,641,0,420,7,1
5.6231,18864,Rest,HAZIRLANIYOR...,0,0,400,0,513,6,0
5.6231,18865,Rest,HAZIRLANIYOR...,0,34,135,0,614,4,1
5.6232,18866,Rest,HAZIRLANIYOR...,0,145,0,0,706,3,2
5.6232,18867,Rest,HAZIRLANIYOR...,0,254,0,0,768,4,1
5.6232,18868,Rest,HAZIRLANIYOR...,0,358,0,0,782,3,0
5.6232,18869,Rest,HAZIRLANIYOR...,0,451,0,0,754,1,0
5.6232,18870,Rest,HAZIRLANIYOR...,0,525,0,0,708,0,0
5.6232,18871,Rest,HAZIRLANIYOR...,0,580,0,0,668,0,1
5.6232,18872,Rest,HAZIRLANIYOR...,0,619,0,0,630,0,6
5.6232,18873,Rest,HAZIRLANIYOR...,0,642,0,0,574,0,11
5.6232,18874,Rest,HAZIRLANIYOR...,0,647,0,0,478,0,8
5.6232,18875,Rest,HAZIRLANIYOR...,0,633,0,0,338,0,0
5.6233,18876,Rest,HAZIRLANIYOR...,0,598,0,0,171,0,0
5.6381,18877,Rest,HAZIRLANIYOR...,0,542,0,0,0,0,0
5.6381,18878,Rest,HAZIRLANIYOR...,0,469,0,0,0,0,0
5.6381,18879,Rest,HAZIRLANIYOR...,0,384,0,0,0,0,0
5.6382,18880,Rest,HAZIRLANIYOR...,0,292,0,15,0,0,0
5.6382,18881,Rest,HAZIRLANIYOR...,0,193,0,40,0,0,0
5.6382,18882,Rest,HAZIRLANIYOR...,0,86,0,63,0,0,0
5.6382,18883,Rest,HAZIRLANIYOR...,0,0,0,87,0,0,0
5.6382,18884,Rest,HAZIRLANIYOR...,0,0,214,111,0,0,0
5.6382,18885,Rest,HAZIRLANIYOR...,0,0,436,131,0,0,0
5.6382,18886,Rest,HAZIRLANIYOR...,0,0,642,147,0,0,0
5.6382,18887,Rest,HAZIRLANIYOR...,0,0,825,160,0,0,0
5.6383,18888,Rest,HAZIRLANIYOR...,0,0,977,173,0,2,0
5.6383,18889,Rest,HAZIRLANIYOR...,0,0,1099,179,0,4,0
5.6383,18890,Rest,HAZIRLANIYOR...,0,0,1192,176,0,6,0
5.6383,18891,Rest,HAZIRLANIYOR...,0,0,1258,165,0,8,1
5.6383,18892,Rest,HAZIRLANIYOR...,0,0,1292,146,0,9,0
5.6383,18893,Rest,HAZIRLANIYOR...,0,0,1290,118,0,9,0
5.6383,18894,Rest,HAZIRLANIYOR...,0,0,1252,86,51,9,0
5.6383,18895,Rest,HAZIRLANIYOR...,0,0,1178,57,140,10,2
5.6383,18896,Rest,HAZIRLANIYOR...,0,0,1067,29,218,9,6
5.6383,18897,Rest,HAZIRLANIYOR...,0,0,917,0,292,9,9
5.6383,18898,Rest,HAZIRLANIYOR...,0,0,729,0,372,8,8
5.6384,18899,Rest,HAZIRLANIYOR...,0,0,509,0,468,7,4
5.6384,18900,Rest,HAZIRLANIYOR...,0,0,259,0,572,6,0
5.6384,18901,Rest,HAZIRLANIYOR...,0,80,0,0,670,6,0
5.6384,18902,Rest,HAZIRLANIYOR...,0,185,0,0,752,7,1
5.6384,18903,Rest,HAZIRLANIYOR...,0,289,0,0,810,6,1
5.6543,18904,Rest,HAZIRLANIYOR...,0,383,0,0,831,3,0
5.6543,18905,Rest,HAZIRLANIYOR...,0,463,0,0,823,0,0
5.6544,18906,Rest,HAZIRLANIYOR...,0,525,0,0,811,1,0
5.6544,18907,Rest,HAZIRLANIYOR...,0,572,0,0,793,1,0
5.6544,18908,Rest,HAZIRLANIYOR...,0,604,0,0,720,0,0
5.6544,18909,Rest,HAZIRLANIYOR...,0,618,0,0,563,0,0
5.6544,18910,Rest,HAZIRLANIYOR...,0,609,0,0,356,0,0
5.6544,18911,Rest,HAZIRLANIYOR...,0,575,0,0,152,0,0
5.6545,18912,Rest,HAZIRLANIYOR...,0,520,0,0,0,0,0
5.6545,18913,Rest,HAZIRLANIYOR...,0,447,0,0,0,0,0
5.6545,18914,Rest,HAZIRLANIYOR...,0,356,0,0,0,0,0
5.6545,18915,Rest,HAZIRLANIYOR...,0,253,0,1,0,0,0
5.6545,18916,Rest,HAZIRLANIYOR...,0,145,0,30,0,0,0
5.6545,18917,Rest,HAZIRLANIYOR...,0,38,0,55,0,0,0
5.6545,18918,Rest,HAZIRLANIYOR...,0,0,0,81,0,0,0
5.6546,18919,Rest,HAZIRLANIYOR...,0,0,160,109,0,0,0
5.6546,18920,Rest,HAZIRLANIYOR...,0,0,383,136,0,0,2
5.6546,18921,Rest,HAZIRLANIYOR...,0,0,591,159,0,0,4
5.6546,18922,Rest,HAZIRLANIYOR...,0,0,778,178,0,0,1
5.6547,18923,Rest,HAZIRLANIYOR...,0,0,942,192,0,3,0
5.6547,18924,Rest,HAZIRLANIYOR...,0,0,1075,198,0,5,0
5.6547,18925,Rest,HAZIRLANIYOR...,0,0,1175,199,0,6,0
5.6547,18926,Rest,HAZIRLANIYOR...,0,0,1243,195,0,7,2
5.6547,18927,Rest,HAZIRLANIYOR...,0,0,1283,183,0,8,5
5.6547,18928,Rest,HAZIRLANIYOR...,0,0,1295,160,0,7,6
5.6548,18929,Rest,HAZIRLANIYOR...,0,0,1273,128,22,8,3
5.6548,18930,Rest,HAZIRLANIYOR...,0,0,1212,94,113,10,0
5.6548,18931,Rest,HAZIRLANIYOR...,0,0,1111,59,195,11,0
5.6549,18932,Rest,HAZIRLANIYOR...,0,0,974,24,272,10,1
5.6698,18933,Rest,HAZIRLANIYOR...,0,0,802,0,351,9,4
5.6700,18934,Rest,HAZIRLANIYOR...,0,0,596,0,438,9,6
5.6700,18935,Rest,HAZIRLANIYOR...,0,0,355,0,540,8,6
5.6701,18936,Rest,HAZIRLANIYOR...,0,54,86,0,642,6,4
5.6701,18937,Rest,HAZIRLANIYOR...,0,167,0,0,718,5,2
5.6701,18938,Rest,HAZIRLANIYOR...,0,278,0,0,766,6,1
5.6702,18939,Rest,HAZIRLANIYOR...,0,384,0,0,792,5,1
5.6702,18940,Rest,HAZIRLANIYOR...,0,474,0,0,784,3,0
5.6702,18941,Rest,HAZIRLANIYOR...,0,545,0,0,738,2,0
5.6702,18942,Rest,HAZIRLANIYOR...,0,601,0,0,684,5,0
5.6703,18943,Rest,HAZIRLANIYOR...,0,640,0,0,644,6,0
5.6703,18944,Rest,HAZIRLANIYOR...,0,659,0,0,594,0,0
5.6703,18945,Rest,HAZIRLANIYOR...,0,658,0,0,500,0,0
5.6703,18946,Rest,HAZIRLANIYOR...,0,638,0,0,357,0,0
5.6703,18947,Rest,HAZIRLANIYOR...,0,598,0,0,190,0,0
5.6704,18948,Rest,HAZIRLANIYOR...,0,541,0,0,19,0,0
5.6704,18949,Rest,HAZIRLANIYOR...,0,467,0,0,0,0,1
5.6705,18950,Rest,HAZIRLANIYOR...,0,379,0,0,0,0,5
5.6705,18951,Rest,HAZIRLANIYOR...,0,282,0,15,0,0,1
5.6705,18952,Rest,HAZIRLANIYOR...,0,180,0,42,0,0,0
5.6705,18953,Rest,HAZIRLANIYOR...,0,74,0,66,0,0,0
5.6706,18954,Rest,HAZIRLANIYOR...,0,0,0,92,0,0,0
5.6706,18955,Rest,HAZIRLANIYOR...,0,0,209,117,0,0,0
5.6706,18956,Rest,HAZIRLANIYOR...,0,0,434,137,0,0,4
5.6707,18957,Rest,HAZIRLANIYOR...,0,0,644,153,0,0,9
5.6707,18958,Rest,HAZIRLANIYOR...,0,0,829,170,0,0,2
5.6709,18959,Rest,HAZIRLANIYOR...,0,0,983,183,0,0,0
5.6709,18960,Rest,HAZIRLANIYOR...,0,0,1106,188,0,7,0
5.6711,18961,Rest,HAZIRLANIYOR...,0,0,1201,184,0,10,0
5.6858,18962,Rest,HAZIRLANIYOR...,0,0,1268,171,0,9,1
5.6860,18963,Rest,HAZIRLANIYOR...,0,0,1303,150,0,8,2
5.6860,18964,Rest,HAZIRLANIYOR...,0,0,1303,123,0,9,2
5.6860,18965,Rest,HAZIRLANIYOR...,0,0,1266,95,63,11,2
5.6861,18966,Rest,HAZIRLANIYOR...,0,0,1193,65,145,12,2
5.6861,18967,Rest,HAZIRLANIYOR...,0,0,1084,31,221,11,1
5.6861,18968,Rest,HAZIRLANIYOR...,0,0,937,0,299,9,1
5.6861,18969,Rest,HAZIRLANIYOR...,0,0,753,0,382,7,0
5.6861,18970,Rest,HAZIRLANIYOR...,0,0,534,0,471,7,2
5.6862,18971,Rest,HAZIRLANIYOR...,0,0,283,0,565,6,3
5.6862,18972,Rest,HAZIRLANIYOR...,0,69,4,0,654,5,2
5.6862,18973,Rest,HAZIRLANIYOR...,0,171,0,0,723,1,1
5.6862,18974,Rest,HAZIRLANIYOR...,0,272,0,0,762,0,0
5.6862,18975,Rest,HAZIRLANIYOR...,0,367,0,0,765,0,0
5.6863,18976,Rest,HAZIRLANIYOR...,0,447,0,0,732,0,0
5.6863,18977,Rest,HAZIRLANIYOR...,0,506,0,0,683,0,0
5.6863,18978,Rest,HAZIRLANIYOR...,0,545,0,0,639,0,0
5.6863,18979,Rest,HAZIRLANIYOR...,0,568,0,0,593,0,0
5.6863,18980,Rest,HAZIRLANIYOR...,0,575,0,0,517,0,0
5.6863,18981,Rest,HAZIRLANIYOR...,0,568,0,0,396,0,0
5.6864,18982,Rest,HAZIRLANIYOR...,0,543,0,0,238,0,0
5.6864,18983,Rest,HAZIRLANIYOR...,0,499,0,0,65,0,0
5.6864,18984,Rest,HAZIRLANIYOR...,0,437,0,0,0,0,0
5.6864,18985,Rest,HAZIRLANIYOR...,0,357,0,0,0,0,0
5.6864,18986,Rest,HAZIRLANIYOR...,0,266,0,5,0,0,0
5.6865,18987,Rest,HAZIRLANIYOR...,0,169,0,32,0,0,0
5.6866,18988,Rest,HAZIRLANIYOR...,0,68,0,57,0,0,0
5.7018,18989,Rest,HAZIRLANIYOR...,0,0,0,83,0,0,0
5.7018,18990,Rest,HAZIRLANIYOR...,0,0,104,110,0,0,0
5.7018,18991,Rest,HAZIRLANIYOR...,0,0,325,135,0,0,0
5.7023,18992,Rest,HAZIRLANIYOR...,0,0,538,157,0,0,8
5.7023,18993,Rest,HAZIRLANIYOR...,0,0,731,174,0,0,12
5.7024,18994,Rest,HAZIRLANIYOR...,0,0,897,185,0,0,3
5.7024,18995,Rest,HAZIRLANIYOR...,0,0,1033,191,0,4,0
5.7024,18996,Rest,HAZIRLANIYOR...,0,0,1137,192,0,6,0
5.7024,18997,Rest,HAZIRLANIYOR...,0,0,1210,186,0,6,5
5.7024,18998,Rest,HAZIRLANIYOR...,0,0,1257,170,0,7,14
5.7024,18999,Rest,HAZIRLANIYOR...,0,0,1276,145,0,13,7
5.7025,19000,Rest,HAZIRLANIYOR...,0,0,1259,116,9,18,0
5.7025,19001,Rest,HAZIRLANIYOR...,0,0,1202,85,98,14,0
5.7025,19002,Rest,HAZIRLANIYOR...,0,0,1106,52,179,5,11
5.7025,19003,Rest,HAZIRLANIYOR...,0,0,975,19,258,2,10
5.7025,19004,Rest,HAZIRLANIYOR...,0,0,809,0,337,4,0
5.7025,19005,Rest,HAZIRLANIYOR...,0,0,605,0,422,6,0
5.7025,19006,Rest,HAZIRLANIYOR...,0,0,369,0,522,5,3
5.7026,19007,Rest,HAZIRLANIYOR...,0,66,109,0,624,3,13
5.7026,19008,Rest,HAZIRLANIYOR...,0,174,0,0,706,1,14
5.7026,19009,Rest,HAZIRLANIYOR...,0,279,0,0,757,0,8
5.7026,19010,Rest,HAZIRLANIYOR...,0,375,0,0,776,0,3
5.7027,19011,Rest,HAZIRLANIYOR...,0,460,0,0,770,0,0
5.7027,19012,Rest,HAZIRLANIYOR...,0,530,0,0,764,0,0
5.7027,19013,Rest,HAZIRLANIYOR...,0,583,0,0,770,5,0
5.7027,19014,Rest,HAZIRLANIYOR...,0,619,0,0,757,11,0
5.7027,19015,Rest,HAZIRLANIYOR...,0,638,0,0,673,6,0
5.7028,19016,Rest,HAZIRLANIYOR...,0,637,0,0,505,0,0
5.7028,19017,Rest,HAZIRLANIYOR...,0,616,0,0,293,0,0
5.7172,19018,Rest,HAZIRLANIYOR...,0,573,0,0,87,0,0
5.7174,19019,Rest,HAZIRLANIYOR...,0,510,0,0,0,0,0
5.7174,19020,Rest,HAZIRLANIYOR...,0,432,0,0,0,0,0
5.7174,19021,Rest,HAZIRLANIYOR...,0,341,0,0,0,0,2
5.7174,19022,Rest,HAZIRLANIYOR...,0,240,0,20,0,0,0
5.7175,19023,Rest,HAZIRLANIYOR...,0,130,0,44,0,0,0
5.7175,19024,Rest,HAZIRLANIYOR...,0,15,0,67,0,0,0
5.7175,19025,Rest,HAZIRLANIYOR...,0,0,47,92,0,0,7
5.7175,19026,Rest,HAZIRLANIYOR...,0,0,272,116,0,0,8
5.7175,19027,Rest,HAZIRLANIYOR...,0,0,485,138,0,0,0
5.7176,19028,Rest,HAZIRLANIYOR...,0,0,681,158,0,0,0
5.7176,19029,Rest,HAZIRLANIYOR...,0,0,855,174,0,0,0
5.7176,19030,Rest,HAZIRLANIYOR...,0,0,1001,184,0,5,0
5.7176,19031,Rest,HAZIRLANIYOR...,0,0,1114,187,0,11,0
5.7176,19032,Rest,HAZIRLANIYOR...,0,0,1198,184,0,12,0
5.7176,19033,Rest,HAZIRLANIYOR...,0,0,1256,172,0,11,0
5.7177,19034,Rest,HAZIRLANIYOR...,0,0,1285,152,0,12,3
5.7177,19035,Rest,HAZIRLANIYOR...,0,0,1280,126,0,13,3
5.7177,19036,Rest,HAZIRLANIYOR...,0,0,1236,99,72,14,2
5.7177,19037,Rest,HAZIRLANIYOR...,0,0,1156,70,157,13,4
5.7177,19038,Rest,HAZIRLANIYOR...,0,0,1041,39,235,11,6
5.7178,19039,Rest,HAZIRLANIYOR...,0,0,890,8,312,8,6
5.7178,19040,Rest,HAZIRLANIYOR...,0,0,697,0,395,5,5
5.7178,19041,Rest,HAZIRLANIYOR...,0,0,467,0,489,6,4
5.7178,19042,Rest,HAZIRLANIYOR...,0,3,209,0,592,8,3
5.7178,19043,Rest,HAZIRLANIYOR...,0,118,0,0,685,8,3
5.7179,19044,Rest,HAZIRLANIYOR...,0,229,0,0,752,7,2
5.7322,19045,Rest,HAZIRLANIYOR...,0,334,0,0,787,7,3
5.7323,19046,Rest,HAZIRLANIYOR...,0,430,0,0,785,7,5
5.7323,19047,Rest,HAZIRLANIYOR...,0,510,0,0,753,4,5
5.7324,19048,Rest,HAZIRLANIYOR...,0,570,0,0,707,0,3
5.7324,19049,Rest,HAZIRLANIYOR...,0,614,0,0,665,0,2
5.7324,19050,Rest,HAZIRLANIYOR...,0,643,0,0,619,0,1
5.7324,19051,Rest,HAZIRLANIYOR...,0,650,0,0,546,0,2
5.7325,19052,Rest,HAZIRLANIYOR...,0,632,0,0,426,0,5
5.7325,19053,Rest,HAZIRLANIYOR...,0,593,0,0,260,0,7
5.7325,19054,Rest,HAZIRLANIYOR...,0,540,0,0,86,0,2
5.7325,19055,Rest,HAZIRLANIYOR...,0,471,0,0,0,0,0
5.7325,19056,Rest,HAZIRLANIYOR...,0,388,0,0,0,0,0
5.7326,19057,Rest,HAZIRLANIYOR...,0,294,0,0,0,0,0
5.7326,19058,Rest,HAZIRLANIYOR...,0,194,0,26,0,0,0
5.7326,19059,Rest,HAZIRLANIYOR...,0,89,0,53,0,0,0
5.7326,19060,Rest,HAZIRLANIYOR...,0,0,0,80,0,0,0
5.7327,19061,Rest,HAZIRLANIYOR...,0,0,121,106,0,0,0
5.7327,19062,Rest,HAZIRLANIYOR...,0,0,346,128,0,0,0
5.7327,19063,Rest,HAZIRLANIYOR...,0,0,558,148,0,4,0
5.7327,19064,Rest,HAZIRLANIYOR...,0,0,749,168,0,11,2
5.7328,19065,Rest,HAZIRLANIYOR...,0,0,913,183,0,5,5
5.7328,19066,Rest,HAZIRLANIYOR...,0,0,1047,191,0,0,4
5.7328,19067,Rest,HAZIRLANIYOR...,0,0,1152,191,0,4,2
5.7328,19068,Rest,HAZIRLANIYOR...,0,0,1227,182,0,19,2
5.7328,19069,Rest,HAZIRLANIYOR...,0,0,1271,165,0,19,4
5.7330,19070,Rest,HAZIRLANIYOR...,0,0,1286,140,0,7,9
5.7330,19071,Rest,HAZIRLANIYOR...,0,0,1267,111,27,2,12
5.7482,19072,Rest,HAZIRLANIYOR...,0,0,1209,82,116,6,5
5.7483,19073,Rest,HAZIRLANIYOR...,0,0,1108,50,195,15,0
5.7483,19074,Rest,HAZIRLANIYOR...,0,0,972,18,272,22,0
5.7483,19075,Rest,HAZIRLANIYOR...,0,0,805,0,352,19,0
5.7483,19076,Rest,HAZIRLANIYOR...,0,0,601,0,442,12,5
5.7483,19077,Rest,HAZIRLANIYOR...,0,0,358,0,540,10,11
5.7483,19078,Rest,HAZIRLANIYOR...,0,56,90,0,634,7,5
5.7483,19079,Rest,HAZIRLANIYOR...,0,162,0,0,710,0,0
5.7483,19080,Rest,HAZIRLANIYOR...,0,264,0,0,761,0,0
5.7483,19081,Rest,HAZIRLANIYOR...,0,357,0,0,776,0,1
5.7484,19082,Rest,HAZIRLANIYOR...,0,441,0,0,753,0,1
5.7484,19083,Rest,HAZIRLANIYOR...,0,513,0,0,707,0,0
5.7484,19084,Rest,HAZIRLANIYOR...,0,566,0,0,662,0,0
5.7484,19085,Rest,HAZIRLANIYOR...,0,596,0,0,624,0,0
5.7484,19086,Rest,HAZIRLANIYOR...,0,606,0,0,567,0,0
5.7484,19087,Rest,HAZIRLANIYOR...,0,600,0,0,463,0,0
5.7484,19088,Rest,HAZIRLANIYOR...,0,576,0,0,311,0,0
5.7484,19089,Rest,HAZIRLANIYOR...,0,534,0,0,136,0,0
5.7484,19090,Rest,HAZIRLANIYOR...,0,474,0,0,0,0,0
5.7485,19091,Rest,HAZIRLANIYOR...,0,399,0,0,0,0,5
5.7485,19092,Rest,HAZIRLANIYOR...,0,312,0,0,0,0,6
5.7485,19093,Rest,HAZIRLANIYOR...,0,213,0,20,0,0,0
5.7485,19094,Rest,HAZIRLANIYOR...,0,109,0,46,0,0,0
5.7485,19095,Rest,HAZIRLANIYOR...,0,5,0,71,0,0,0
5.7485,19096,Rest,HAZIRLANIYOR...,0,0,33,97,0,0,0
5.7485,19097,Rest,HAZIRLANIYOR...,0,0,260,121,0,0,0
5.7485,19098,Rest,HAZIRLANIYOR...,0,0,477,143,0,0,0
5.7633,19099,Rest,HAZIRLANIYOR...,0,0,675,163,0,0,0
5.7634,19100,Rest,HAZIRLANIYOR...,0,0,849,180,0,0,0
5.7634,19101,Rest,HAZIRLANIYOR...,0,0,997,190,0,4,0
5.7634,19102,Rest,HAZIRLANIYOR...,0,0,1115,193,0,6,2
5.7634,19103,Rest,HAZIRLANIYOR...,0,0,1202,189,0,6,1
5.7634,19104,Rest,HAZIRLANIYOR...,0,0,1258,178,0,7,0
5.7634,19105,Rest,HAZIRLANIYOR...,0,0,1284,157,0,13,0
5.7635,19106,Rest,HAZIRLANIYOR...,0,0,1278,131,0,19,0
5.7635,19107,Rest,HAZIRLANIYOR...,0,0,1233,101,66,18,3
5.7635,19108,Rest,HAZIRLANIYOR...,0,0,1150,68,151,11,5
5.7635,19109,Rest,HAZIRLANIYOR...,0,0,1032,33,231,6,10
5.7635,19110,Rest,HAZIRLANIYOR...,0,0,881,0,311,6,11
5.7635,19111,Rest,HAZIRLANIYOR...,0,0,694,0,396,9,4
5.7635,19112,Rest,HAZIRLANIYOR...,0,0,467,0,490,11,0
5.7636,19113,Rest,HAZIRLANIYOR...,0,18,210,0,591,10,0
5.7636,19114,Rest,HAZIRLANIYOR...,0,125,0,0,684,9,0
5.7636,19115,Rest,HAZIRLANIYOR...,0,229,0,0,750,8,1
5.7636,19116,Rest,HAZIRLANIYOR...,0,326,0,0,781,7,1
5.7636,19117,Rest,HAZIRLANIYOR...,0,414,0,0,780,6,0
5.7636,19118,Rest,HAZIRLANIYOR...,0,487,0,0,754,3,0
5.7636,19119,Rest,HAZIRLANIYOR...,0,542,0,0,722,2,0
5.7636,19120,Rest,HAZIRLANIYOR...,0,581,0,0,706,3,0
5.7637,19121,Rest,HAZIRLANIYOR...,0,603,0,0,688,3,0
5.7637,19122,Rest,HAZIRLANIYOR...,0,609,0,0,608,0,0
5.7637,19123,Rest,HAZIRLANIYOR...,0,593,0,0,435,0,0
5.7637,19124,Rest,HAZIRLANIYOR...,0,559,0,0,210,0,0
5.7637,19125,Rest,HAZIRLANIYOR...,0,506,0,0,0,0,0
5.7785,19126,Rest,HAZIRLANIYOR...,0,435,0,0,0,0,0
5.7786,19127,Rest,HAZIRLANIYOR...,0,348,0,0,0,0,2
5.7786,19128,Rest,HAZIRLANIYOR...,0,251,0,4,0,0,0
5.7786,19129,Rest,HAZIRLANIYOR...,0,149,0,33,0,0,0
5.7786,19130,Rest,HAZIRLANIYOR...,0,45,0,59,0,0,0
5.7787,19131,Rest,HAZIRLANIYOR...,0,0,0,82,0,0,6
5.7787,19132,Rest,HAZIRLANIYOR...,0,0,161,103,0,0,1
5.7787,19133,Rest,HAZIRLANIYOR...,0,0,383,126,0,0,0
5.7787,19134,Rest,HAZIRLANIYOR...,0,0,590,150,0,0,0
5.7787,19135,Rest,HAZIRLANIYOR...,0,0,776,170,0,6,0
5.7787,19136,Rest,HAZIRLANIYOR...,0,0,936,183,0,12,0
5.7787,19137,Rest,HAZIRLANIYOR...,0,0,1066,191,0,11,0
5.7787,19138,Rest,HAZIRLANIYOR...,0,0,1163,195,0,8,0
5.7788,19139,Rest,HAZIRLANIYOR...,0,0,1228,190,0,8,9
5.7788,19140,Rest,HAZIRLANIYOR...,0,0,1266,170,0,9,13
5.7788,19141,Rest,HAZIRLANIYOR...,0,0,1278,140,0,4,4
5.7788,19142,Rest,HAZIRLANIYOR...,0,0,1255,109,30,0,0
5.7788,19143,Rest,HAZIRLANIYOR...,0,0,1190,80,120,1,0
5.7788,19144,Rest,HAZIRLANIYOR...,0,0,1086,48,200,5,1
5.7788,19145,Rest,HAZIRLANIYOR...,0,0,948,17,276,6,4
5.7790,19146,Rest,HAZIRLANIYOR...,0,0,775,0,356,4,4
5.7791,19147,Rest,HAZIRLANIYOR...,0,0,565,0,452,3,6
5.7791,19148,Rest,HAZIRLANIYOR...,0,0,320,0,564,2,9
5.7791,19149,Rest,HAZIRLANIYOR...,0,89,51,0,666,1,6
5.7791,19150,Rest,HAZIRLANIYOR...,0,201,0,0,736,1,0
5.7791,19151,Rest,HAZIRLANIYOR...,0,306,0,0,774,0,0
5.7792,19152,Rest,HAZIRLANIYOR...,0,405,0,0,783,0,0
5.7792,19153,Rest,HAZIRLANIYOR...,0,494,0,0,763,0,0
5.7944,19154,Rest,HAZIRLANIYOR...,0,566,0,0,723,1,0
5.7945,19155,Rest,HAZIRLANIYOR...,0,617,0,0,683,4,0
5.7945,19156,Rest,HAZIRLANIYOR...,0,648,0,0,645,0,0
5.7946,19157,Rest,HAZIRLANIYOR...,0,661,0,0,582,0,0
5.7946,19158,Rest,HAZIRLANIYOR...,0,659,0,0,475,0,0
5.7946,19159,Rest,HAZIRLANIYOR...,0,640,0,0,329,0,0
5.7946,19160,Rest,HAZIRLANIYOR...,0,596,0,0,161,0,0
5.7947,19161,Rest,HAZIRLANIYOR...,0,531,0,0,0,0,0
5.7947,19162,Rest,HAZIRLANIYOR...,0,451,0,0,0,0,0
5.7947,19163,Rest,HAZIRLANIYOR...,0,359,0,0,0,0,7
5.7947,19164,Rest,HAZIRLANIYOR...,0,259,0,14,0,0,5
5.7948,19165,Rest,HAZIRLANIYOR...,0,151,0,42,0,0,0
5.7948,19166,Rest,HAZIRLANIYOR...,0,40,0,67,0,0,0
5.7948,19167,Rest,HAZIRLANIYOR...,0,0,36,93,0,0,0
5.7948,19168,Rest,HAZIRLANIYOR...,0,0,265,119,0,0,0
5.7948,19169,Rest,HAZIRLANIYOR...,0,0,482,143,0,0,0
5.7948,19170,Rest,HAZIRLANIYOR...,0,0,681,161,0,0,0
5.7949,19171,Rest,HAZIRLANIYOR...,0,0,857,175,0,1,1
5.7949,19172,Rest,HAZIRLANIYOR...,0,0,1004,186,0,4,1
5.7949,19173,Rest,HAZIRLANIYOR...,0,0,1119,192,0,6,0
5.7949,19174,Rest,HAZIRLANIYOR...,0,0,1204,190,0,8,0
5.7950,19175,Rest,HAZIRLANIYOR...,0,0,1262,179,0,13,1
5.7950,19176,Rest,HAZIRLANIYOR...,0,0,1292,158,0,18,6
5.7950,19177,Rest,HAZIRLANIYOR...,0,0,1288,131,0,17,9
5.7950,19178,Rest,HAZIRLANIYOR...,0,0,1244,99,76,11,3
5.7950,19179,Rest,HAZIRLANIYOR...,0,0,1163,65,159,7,0
5.7951,19180,Rest,HAZIRLANIYOR...,0,0,1045,31,238,6,1
5.7951,19181,Rest,HAZIRLANIYOR...,0,0,888,0,317,6,5
5.8098,19182,Rest,HAZIRLANIYOR...,0,0,692,0,406,5,4
5.8098,19183,Rest,HAZIRLANIYOR...,0,0,465,0,507,4,1
5.8099,19184,Rest,HAZIRLANIYOR...,0,17,213,0,603,4,1
5.8099,19185,Rest,HAZIRLANIYOR...,0,123,0,0,679,4,3
5.8099,19186,Rest,HAZIRLANIYOR...,0,229,0,0,737,4,3
5.8099,19187,Rest,HAZIRLANIYOR...,0,328,0,0,771,3,2
5.8099,19188,Rest,HAZIRLANIYOR...,0,410,0,0,770,0,1
5.8100,19189,Rest,HAZIRLANIYOR...,0,472,0,0,733,0,0
5.8100,19190,Rest,HAZIRLANIYOR...,0,523,0,0,686,3,0
5.8100,19191,Rest,HAZIRLANIYOR...,0,569,0,0,643,6,0
5.8100,19192,Rest,HAZIRLANIYOR...,0,598,0,0,591,0,0
5.8100,19193,Rest,HAZIRLANIYOR...,0,598,0,0,507,0,0
5.8101,19194,Rest,HAZIRLANIYOR...,0,576,0,0,380,0,0
5.8101,19195,Rest,HAZIRLANIYOR...,0,541,0,0,221,0,0
5.8101,19196,Rest,HAZIRLANIYOR...,0,492,0,0,49,0,0
5.8101,19197,Rest,HAZIRLANIYOR...,0,425,0,0,0,0,0
5.8101,19198,Rest,HAZIRLANIYOR...,0,341,0,0,0,0,0
5.8104,19199,Rest,HAZIRLANIYOR...,0,249,0,11,0,0,0
5.8104,19200,Rest,HAZIRLANIYOR...,0,151,0,36,0,0,0
5.8105,19201,Rest,HAZIRLANIYOR...,0,46,0,62,0,0,0
5.8105,19202,Rest,HAZIRLANIYOR...,0,0,0,87,0,0,0
5.8105,19203,Rest,HAZIRLANIYOR...,0,0,149,111,0,0,0
5.8105,19204,Rest,HAZIRLANIYOR...,0,0,372,135,0,1,0
5.8105,19205,Rest,HAZIRLANIYOR...,0,0,582,157,0,10,0
5.8106,19206,Rest,HAZIRLANIYOR...,0,0,770,176,0,13,4
5.8106,19207,Rest,HAZIRLANIYOR...,0,0,929,188,0,9,8
5.8108,19208,Rest,HAZIRLANIYOR...,0,0,1060,193,0,4,10
5.8108,19209,Rest,HAZIRLANIYOR...,0,0,1162,191,0,1,6
5.8257,19210,Rest,HAZIRLANIYOR...,0,0,1234,182,0,1,0
5.8257,19211,Rest,HAZIRLANIYOR...,0,0,1275,164,0,4,0
5.8257,19212,Rest,HAZIRLANIYOR...,0,0,1285,140,0,7,0
5.8257,19213,Rest,HAZIRLANIYOR...,0,0,1260,113,26,8,0
5.8258,19214,Rest,HAZIRLANIYOR...,0,0,1194,82,115,8,0
5.8258,19215,Rest,HAZIRLANIYOR...,0,0,1091,49,195,7,0
5.8258,19216,Rest,HAZIRLANIYOR...,0,0,953,17,273,7,0
5.8258,19217,Rest,HAZIRLANIYOR...,0,0,778,0,355,7,0
5.8258,19218,Rest,HAZIRLANIYOR...,0,0,563,0,449,6,1
5.8258,19219,Rest,HAZIRLANIYOR...,0,0,317,0,552,8,1
5.8258,19220,Rest,HAZIRLANIYOR...,0,32,51,0,648,13,4
5.8259,19221,Rest,HAZIRLANIYOR...,0,141,0,0,719,15,9
5.8259,19222,Rest,HAZIRLANIYOR...,0,247,0,0,764,6,11
5.8259,19223,Rest,HAZIRLANIYOR...,0,348,0,0,777,0,1
5.8259,19224,Rest,HAZIRLANIYOR...,0,439,0,0,755,0,0
5.8259,19225,Rest,HAZIRLANIYOR...,0,510,0,0,712,0,0
5.8259,19226,Rest,HAZIRLANIYOR...,0,559,0,0,669,0,0
5.8259,19227,Rest,HAZIRLANIYOR...,0,590,0,0,629,0,3
5.8260,19228,Rest,HAZIRLANIYOR...,0,607,0,0,565,0,0
5.8260,19229,Rest,HAZIRLANIYOR...,0,608,0,0,455,0,0
5.8260,19230,Rest,HAZIRLANIYOR...,0,588,0,0,302,0,0
5.8260,19231,Rest,HAZIRLANIYOR...,0,546,0,0,131,0,0
5.8260,19232,Rest,HAZIRLANIYOR...,0,485,0,0,0,0,3
5.8260,19233,Rest,HAZIRLANIYOR...,0,413,0,0,0,0,0
5.8260,19234,Rest,HAZIRLANIYOR...,0,333,0,0,0,0,0
5.8260,19235,Rest,HAZIRLANIYOR...,0,243,0,22,0,0,0
5.8262,19236,Rest,HAZIRLANIYOR...,0,147,0,47,0,0,4
5.8407,19237,Rest,HAZIRLANIYOR...,0,50,0,72,0,0,0
5.8408,19238,Rest,HAZIRLANIYOR...,0,0,45,99,0,0,0
5.8408,19239,Rest,HAZIRLANIYOR...,0,0,270,124,0,0,0
5.8409,19240,Rest,HAZIRLANIYOR...,0,0,484,142,0,0,0
5.8409,19241,Rest,HAZIRLANIYOR...,0,0,679,158,0,0,0
5.8409,19242,Rest,HAZIRLANIYOR...,0,0,851,174,0,2,2
5.8409,19243,Rest,HAZIRLANIYOR...,0,0,995,187,0,5,4
5.8409,19244,Rest,HAZIRLANIYOR...,0,0,1110,190,0,6,5
5.8409,19245,Rest,HAZIRLANIYOR...,0,0,1194,186,0,7,4
5.8410,19246,Rest,HAZIRLANIYOR...,0,0,1249,175,0,9,0
5.8410,19247,Rest,HAZIRLANIYOR...,0,0,1275,154,0,10,0
5.8410,19248,Rest,HAZIRLANIYOR...,0,0,1268,125,0,9,0
5.8410,19249,Rest,HAZIRLANIYOR...,0,0,1222,94,79,8,0
5.8410,19250,Rest,HAZIRLANIYOR...,0,0,1138,64,165,10,1
5.8410,19251,Rest,HAZIRLANIYOR...,0,0,1018,34,242,12,9
5.8411,19252,Rest,HAZIRLANIYOR...,0,0,862,5,318,9,13
5.8411,19253,Rest,HAZIRLANIYOR...,0,0,667,0,409,6,8
5.8411,19254,Rest,HAZIRLANIYOR...,0,0,437,0,526,6,0
5.8411,19255,Rest,HAZIRLANIYOR...,0,53,179,0,655,8,0
5.8411,19256,Rest,HAZIRLANIYOR...,0,161,0,0,767,9,1
5.8411,19257,Rest,HAZIRLANIYOR...,0,268,0,0,840,9,3
5.8412,19258,Rest,HAZIRLANIYOR...,0,367,0,0,869,11,2
5.8412,19259,Rest,HAZIRLANIYOR...,0,452,0,0,863,13,2
5.8412,19260,Rest,HAZIRLANIYOR...,0,524,0,0,839,12,5
5.8412,19261,Rest,HAZIRLANIYOR...,0,587,0,0,810,5,8
5.8412,19262,Rest,HAZIRLANIYOR...,0,635,0,0,751,0,8
5.8569,19263,Rest,HAZIRLANIYOR...,0,656,0,0,623,0,3
5.8570,19264,Rest,HAZIRLANIYOR...,0,650,0,0,437,0,0
5.8570,19265,Rest,HAZIRLANIYOR...,0,623,0,0,240,0,0
5.8570,19266,Rest,HAZIRLANIYOR...,0,578,0,0,57,0,0
5.8570,19267,Rest,HAZIRLANIYOR...,0,512,0,0,0,0,0
5.8571,19268,Rest,HAZIRLANIYOR...,0,430,0,0,0,0,0
5.8571,19269,Rest,HAZIRLANIYOR...,0,335,0,0,0,0,2
5.8571,19270,Rest,HAZIRLANIYOR...,0,233,0,3,0,0,3
5.8571,19271,Rest,HAZIRLANIYOR...,0,123,0,35,0,0,0
5.8571,19272,Rest,HAZIRLANIYOR...,0,8,0,61,0,0,0
5.8572,19273,Rest,HAZIRLANIYOR...,0,0,8,84,0,0,0
5.8572,19274,Rest,HAZIRLANIYOR...,0,0,232,112,0,0,0
5.8572,19275,Rest,HAZIRLANIYOR...,0,0,447,139,0,0,0
5.8572,19276,Rest,HAZIRLANIYOR...,0,0,644,161,0,0,2
5.8572,19277,Rest,HAZIRLANIYOR...,0,0,818,176,0,0,9
5.8573,19278,Rest,HAZIRLANIYOR...,0,0,967,189,0,0,5
5.8573,19279,Rest,HAZIRLANIYOR...,0,0,1085,197,0,2,0
5.8573,19280,Rest,HAZIRLANIYOR...,0,0,1173,198,0,8,0
5.8573,19281,Rest,HAZIRLANIYOR...,0,0,1232,190,0,14,0
5.8573,19282,Rest,HAZIRLANIYOR...,0,0,1264,172,0,20,2
5.8573,19283,Rest,HAZIRLANIYOR...,0,0,1269,145,0,22,3
5.8573,19284,Rest,HAZIRLANIYOR...,0,0,1240,112,55,14,1
5.8573,19285,Rest,HAZIRLANIYOR...,0,0,1172,78,142,5,4
5.8573,19286,Rest,HAZIRLANIYOR...,0,0,1065,45,221,5,8
5.8573,19287,Rest,HAZIRLANIYOR...,0,0,922,13,297,10,5
5.8574,19288,Rest,HAZIRLANIYOR...,0,0,741,0,378,11,0
5.8574,19289,Rest,HAZIRLANIYOR...,0,0,523,0,469,9,0
5.8574,19290,Rest,HAZIRLANIYOR...,0,0,273,0,573,7,0
5.8574,19291,Rest,HAZIRLANIYOR...,0,79,2,0,670,7,1
5.8717,19292,Rest,HAZIRLANIYOR...,0,187,0,0,744,9,0
5.8719,19293,Rest,HAZIRLANIYOR...,0,293,0,0,786,12,1
5.8719,19294,Rest,HAZIRLANIYOR...,0,390,0,0,796,13,8
5.8719,19295,Rest,HAZIRLANIYOR...,0,474,0,0,777,4,19
5.8719,19296,Rest,HAZIRLANIYOR...,0,542,0,0,741,0,15
5.8719,19297,Rest,HAZIRLANIYOR...,0,589,0,0,701,0,0
5.8720,19298,Rest,HAZIRLANIYOR...,0,616,0,0,649,0,0
5.8720,19299,Rest,HAZIRLANIYOR...,0,626,0,0,572,0,0
5.8720,19300,Rest,HAZIRLANIYOR...,0,620,0,0,462,0,0
5.8721,19301,Rest,HAZIRLANIYOR...,0,593,0,0,317,0,0
5.8721,19302,Rest,HAZIRLANIYOR...,0,548,0,0,150,0,0
5.8721,19303,Rest,HAZIRLANIYOR...,0,486,0,0,0,0,0
5.8721,19304,Rest,HAZIRLANIYOR...,0,411,0,0,0,0,0
5.8721,19305,Rest,HAZIRLANIYOR...,0,324,0,0,0,0,0
5.8721,19306,Rest,HAZIRLANIYOR...,0,228,0,24,0,0,0
5.8721,19307,Rest,HAZIRLANIYOR...,0,125,0,48,0,0,0
5.8721,19308,Rest,HAZIRLANIYOR...,0,19,0,70,0,0,0
5.8721,19309,Rest,HAZIRLANIYOR...,0,0,54,96,0,0,0
5.8721,19310,Rest,HAZIRLANIYOR...,0,0,283,123,0,0,0
5.8722,19311,Rest,HAZIRLANIYOR...,0,0,500,145,0,0,0
5.8722,19312,Rest,HAZIRLANIYOR...,0,0,699,162,0,0,0
5.8722,19313,Rest,HAZIRLANIYOR...,0,0,873,177,0,9,2
5.8723,19314,Rest,HAZIRLANIYOR...,0,0,1015,190,0,14,1
5.8723,19315,Rest,HAZIRLANIYOR...,0,0,1127,195,0,9,2
5.8723,19316,Rest,HAZIRLANIYOR...,0,0,1212,191,0,0,4
5.8723,19317,Rest,HAZIRLANIYOR...,0,0,1268,183,0,0,7
5.8725,19318,Rest,HAZIRLANIYOR...,0,0,1293,164,0,7,8
5.8880,19319,Rest,HAZIRLANIYOR...,0,0,1287,128,0,10,8
5.8881,19320,Rest,HAZIRLANIYOR...,0,0,1242,85,87,9,10
5.8881,19321,Rest,HAZIRLANIYOR...,0,0,1158,49,165,7,12
5.8881,19322,Rest,HAZIRLANIYOR...,0,0,1037,21,241,7,7
5.8881,19323,Rest,HAZIRLANIYOR...,0,0,879,0,322,6,0
5.8881,19324,Rest,HAZIRLANIYOR...,0,0,685,0,407,6,0
5.8882,19325,Rest,HAZIRLANIYOR...,0,0,456,0,494,7,0
5.8882,19326,Rest,HAZIRLANIYOR...,0,15,197,0,582,12,4
5.8882,19327,Rest,HAZIRLANIYOR...,0,124,0,0,664,16,3
5.8882,19328,Rest,HAZIRLANIYOR...,0,233,0,0,727,9,0
5.8882,19329,Rest,HAZIRLANIYOR...,0,338,0,0,757,0,0
5.8882,19330,Rest,HAZIRLANIYOR...,0,433,0,0,748,0,0
5.8882,19331,Rest,HAZIRLANIYOR...,0,512,0,0,710,0,0
5.8882,19332,Rest,HAZIRLANIYOR...,0,572,0,0,667,0,0
5.8883,19333,Rest,HAZIRLANIYOR...,0,613,0,0,627,0,0
5.8883,19334,Rest,HAZIRLANIYOR...,0,637,0,0,571,0,0
5.8883,19335,Rest,HAZIRLANIYOR...,0,642,0,0,478,0,0
5.8883,19336,Rest,HAZIRLANIYOR...,0,624,0,0,345,0,0
5.8883,19337,Rest,HAZIRLANIYOR...,0,586,0,0,183,0,0
5.8883,19338,Rest,HAZIRLANIYOR...,0,530,0,0,11,0,0
5.8883,19339,Rest,HAZIRLANIYOR...,0,459,0,0,0,0,0
5.8883,19340,Rest,HAZIRLANIYOR...,0,374,0,0,0,0,0
5.8883,19341,Rest,HAZIRLANIYOR...,0,279,0,17,0,0,0
5.8883,19342,Rest,HAZIRLANIYOR...,0,180,0,45,0,0,6
5.8883,19343,Rest,HAZIRLANIYOR...,0,75,0,71,0,0,9
5.8883,19344,Rest,HAZIRLANIYOR...,0,0,0,97,0,0,2
5.8883,19345,Rest,HAZIRLANIYOR...,0,0,181,119,0,0,0
5.8884,19346,Rest,HAZIRLANIYOR...,0,0,398,140,0,0,0
5.9042,19347,Rest,HAZIRLANIYOR...,0,0,600,160,0,0,0
5.9042,19348,Rest,HAZIRLANIYOR...,0,0,781,178,0,0,0
5.9043,19349,Rest,HAZIRLANIYOR...,0,0,937,189,0,5,1
5.9043,19350,Rest,HAZIRLANIYOR...,0,0,1065,194,0,7,1
5.9043,19351,Rest,HAZIRLANIYOR...,0,0,1162,192,0,9,0
5.9043,19352,Rest,HAZIRLANIYOR...,0,0,1229,182,0,10,0
5.9043,19353,Rest,HAZIRLANIYOR...,0,0,1264,161,0,11,0
5.9043,19354,Rest,HAZIRLANIYOR...,0,0,1267,133,0,11,1
5.9044,19355,Rest,HAZIRLANIYOR...,0,0,1238,103,39,12,0
5.9044,19356,Rest,HAZIRLANIYOR...,0,0,1171,73,132,12,0
5.9044,19357,Rest,HAZIRLANIYOR...,0,0,1066,42,215,11,3
5.9044,19358,Rest,HAZIRLANIYOR...,0,0,925,9,288,10,5
5.9044,19359,Rest,HAZIRLANIYOR...,0,0,750,0,362,9,3
5.9044,19360,Rest,HAZIRLANIYOR...,0,0,539,0,462,9,1
5.9044,19361,Rest,HAZIRLANIYOR...,0,0,291,0,589,9,1
5.9044,19362,Rest,HAZIRLANIYOR...,0,57,17,0,713,10,2
5.9044,19363,Rest,HAZIRLANIYOR...,0,171,0,0,802,10,1
5.9045,19364,Rest,HAZIRLANIYOR...,0,282,0,0,846,8,0
5.9045,19365,Rest,HAZIRLANIYOR...,0,383,0,0,851,3,0
5.9045,19366,Rest,HAZIRLANIYOR...,0,468,0,0,832,0,0
5.9045,19367,Rest,HAZIRLANIYOR...,0,536,0,0,806,0,0
5.9045,19368,Rest,HAZIRLANIYOR...,0,586,0,0,765,0,0
5.9045,19369,Rest,HAZIRLANIYOR...,0,620,0,0,669,0,0
5.9045,19370,Rest,HAZIRLANIYOR...,0,634,0,0,505,0,0
5.9045,19371,Rest,HAZIRLANIYOR...,0,623,0,0,308,0,0
5.9046,19372,Rest,HAZIRLANIYOR...,0,588,0,0,117,0,0
5.9046,19373,Rest,HAZIRLANIYOR...,0,533,0,0,0,0,0
5.9046,19374,Rest,HAZIRLANIYOR...,0,464,0,0,0,0,0
5.9046,19375,Rest,HAZIRLANIYOR...,0,382,0,0,0,0,0
5.9193,19376,Rest,HAZIRLANIYOR...,0,288,0,0,0,0,0
5.9194,19377,Rest,HAZIRLANIYOR...,0,186,0,16,0,0,0
5.9194,19378,Rest,HAZIRLANIYOR...,0,81,0,44,0,0,3
5.9194,19379,Rest,HAZIRLANIYOR...,0,0,0,70,0,0,6
5.9194,19380,Rest,HAZIRLANIYOR...,0,0,142,96,0,0,2
5.9195,19381,Rest,HAZIRLANIYOR...,0,0,362,125,0,0,0
5.9195,19382,Rest,HAZIRLANIYOR...,0,0,569,151,0,0,0
5.9195,19383,Rest,HAZIRLANIYOR...,0,0,753,169,0,0,0
5.9195,19384,Rest,HAZIRLANIYOR...,0,0,913,181,0,4,0
5.9195,19385,Rest,HAZIRLANIYOR...,0,0,1044,192,0,9,0
5.9195,19386,Rest,HAZIRLANIYOR...,0,0,1146,197,0,11,0
5.9196,19387,Rest,HAZIRLANIYOR...,0,0,1215,191,0,12,0
5.9196,19388,Rest,HAZIRLANIYOR...,0,0,1255,175,0,12,1
5.9196,19389,Rest,HAZIRLANIYOR...,0,0,1265,154,0,14,2
5.9196,19390,Rest,HAZIRLANIYOR...,0,0,1247,129,30,15,5
5.9196,19391,Rest,HAZIRLANIYOR...,0,0,1195,98,121,13,7
5.9196,19392,Rest,HAZIRLANIYOR...,0,0,1104,65,203,10,6
5.9197,19393,Rest,HAZIRLANIYOR...,0,0,973,35,284,9,3
5.9197,19394,Rest,HAZIRLANIYOR...,0,0,807,5,366,9,1
5.9197,19395,Rest,HAZIRLANIYOR...,0,0,605,0,446,8,3
5.9197,19396,Rest,HAZIRLANIYOR...,0,0,366,0,534,7,5
5.9197,19397,Rest,HAZIRLANIYOR...,0,53,99,0,629,7,5
5.9198,19398,Rest,HAZIRLANIYOR...,0,159,0,0,715,6,4
5.9198,19399,Rest,HAZIRLANIYOR...,0,261,0,0,772,4,2
5.9198,19400,Rest,HAZIRLANIYOR...,0,356,0,0,796,2,1
5.9198,19401,Rest,HAZIRLANIYOR...,0,441,0,0,787,0,0
5.9199,19402,Rest,HAZIRLANIYOR...,0,511,0,0,751,0,0
5.9357,19403,Rest,HAZIRLANIYOR...,0,563,0,0,705,0,1
5.9358,19404,Rest,HAZIRLANIYOR...,0,596,0,0,663,0,7
5.9358,19405,Rest,HAZIRLANIYOR...,0,610,0,0,616,0,12
5.9358,19406,Rest,HAZIRLANIYOR...,0,605,0,0,531,0,4
5.9358,19407,Rest,HAZIRLANIYOR...,0,581,0,0,388,0,0
5.9358,19408,Rest,HAZIRLANIYOR...,0,538,0,0,214,0,0
5.9358,19409,Rest,HAZIRLANIYOR...,0,480,0,0,47,0,0
5.9358,19410,Rest,HAZIRLANIYOR...,0,410,0,0,0,0,0
5.9358,19411,Rest,HAZIRLANIYOR...,0,326,0,0,0,0,0
5.9358,19412,Rest,HAZIRLANIYOR...,0,231,0,8,0,0,0
5.9359,19413,Rest,HAZIRLANIYOR...,0,131,0,34,0,0,0
5.9359,19414,Rest,HAZIRLANIYOR...,0,27,0,59,0,0,0
5.9359,19415,Rest,HAZIRLANIYOR...,0,0,0,84,0,0,0
5.9359,19416,Rest,HAZIRLANIYOR...,0,0,190,110,0,0,0
5.9359,19417,Rest,HAZIRLANIYOR...,0,0,411,135,0,0,0
5.9359,19418,Rest,HAZIRLANIYOR...,0,0,616,159,0,0,0
5.9359,19419,Rest,HAZIRLANIYOR...,0,0,798,178,0,0,0
5.9359,19420,Rest,HAZIRLANIYOR...,0,0,953,190,0,0,0
5.9359,19421,Rest,HAZIRLANIYOR...,0,0,1080,194,0,1,0
5.9359,19422,Rest,HAZIRLANIYOR...,0,0,1179,192,0,5,2
5.9360,19423,Rest,HAZIRLANIYOR...,0,0,1249,187,0,11,3
5.9360,19424,Rest,HAZIRLANIYOR...,0,0,1286,177,0,13,2
5.9360,19425,Rest,HAZIRLANIYOR...,0,0,1289,152,0,11,2
5.9360,19426,Rest,HAZIRLANIYOR...,0,0,1256,111,56,10,4
5.9360,19427,Rest,HAZIRLANIYOR...,0,0,1186,66,140,11,6
5.9360,19428,Rest,HAZIRLANIYOR...,0,0,1079,32,215,14,7
5.9360,19429,Rest,HAZIRLANIYOR...,0,0,937,5,291,13,6
5.9360,19430,Rest,HAZIRLANIYOR...,0,0,758,0,371,6,4
5.9361,19431,Rest,HAZIRLANIYOR...,0,0,543,0,456,0,2
5.9497,19432,Rest,HAZIRLANIYOR...,0,15,294,0,547,1,2
5.9498,19433,Rest,HAZIRLANIYOR...,0,126,24,0,637,5,2
5.9498,19434,Rest,HAZIRLANIYOR...,0,238,0,0,712,3,1
5.9498,19435,Rest,HAZIRLANIYOR...,0,350,0,0,756,0,1
5.9498,19436,Rest,HAZIRLANIYOR...,0,453,0,0,760,0,0
5.9498,19437,Rest,HAZIRLANIYOR...,0,539,0,0,731,1,1
5.9498,19438,Rest,HAZIRLANIYOR...,0,607,0,0,684,0,7
5.9498,19439,Rest,HAZIRLANIYOR...,0,657,0,0,639,0,10
5.9498,19440,Rest,HAZIRLANIYOR...,0,687,0,0,595,0,2
5.9498,19441,Rest,HAZIRLANIYOR...,0,695,0,0,531,0,0
5.9498,19442,Rest,HAZIRLANIYOR...,0,685,0,0,422,0,0
5.9499,19443,Rest,HAZIRLANIYOR...,0,656,0,0,260,0,0
5.9499,19444,Rest,HAZIRLANIYOR...,0,606,0,0,79,0,0
5.9499,19445,Rest,HAZIRLANIYOR...,0,538,0,0,0,0,0
5.9499,19446,Rest,HAZIRLANIYOR...,0,452,0,0,0,0,0
5.9499,19447,Rest,HAZIRLANIYOR...,0,353,0,0,0,0,0
5.9499,19448,Rest,HAZIRLANIYOR...,0,250,0,22,0,0,0
5.9499,19449,Rest,HAZIRLANIYOR...,0,146,0,49,0,0,0
5.9500,19450,Rest,HAZIRLANIYOR...,0,38,0,75,0,0,0
5.9500,19451,Rest,HAZIRLANIYOR...,0,0,91,99,0,0,3
5.9500,19452,Rest,HAZIRLANIYOR...,0,0,317,121,0,0,9
5.9500,19453,Rest,HAZIRLANIYOR...,0,0,527,142,0,1,8
5.9500,19454,Rest,HAZIRLANIYOR...,0,0,717,163,0,0,2
5.9500,19455,Rest,HAZIRLANIYOR...,0,0,884,180,0,0,0
5.9502,19456,Rest,HAZIRLANIYOR...,0,0,1024,191,0,0,0
5.9648,19457,Rest,HAZIRLANIYOR...,0,0,1133,195,0,8,0
5.9648,19458,Rest,HAZIRLANIYOR...,0,0,1210,191,0,15,2
5.9649,19459,Rest,HAZIRLANIYOR...,0,0,1256,179,0,8,7
5.9649,19460,Rest,HAZIRLANIYOR...,0,0,1274,156,0,0,6
5.9649,19461,Rest,HAZIRLANIYOR...,0,0,1258,125,0,1,0
5.9649,19462,Rest,HAZIRLANIYOR...,0,0,1206,91,89,7,0
5.9649,19463,Rest,HAZIRLANIYOR...,0,0,1116,59,171,15,0
5.9649,19464,Rest,HAZIRLANIYOR...,0,0,989,29,250,22,0
5.9649,19465,Rest,HAZIRLANIYOR...,0,0,828,0,330,22,0
5.9649,19466,Rest,HAZIRLANIYOR...,0,0,628,0,418,9,2
5.9649,19467,Rest,HAZIRLANIYOR...,0,0,392,0,518,0,6
5.9649,19468,Rest,HAZIRLANIYOR...,0,10,128,0,619,0,8
5.9649,19469,Rest,HAZIRLANIYOR...,0,114,0,0,700,0,9
5.9649,19470,Rest,HAZIRLANIYOR...,0,214,0,0,751,1,9
5.9649,19471,Rest,HAZIRLANIYOR...,0,308,0,0,775,1,2
5.9649,19472,Rest,HAZIRLANIYOR...,0,395,0,0,766,0,0
5.9649,19473,Rest,HAZIRLANIYOR...,0,471,0,0,729,1,0
5.9650,19474,Rest,HAZIRLANIYOR...,0,528,0,0,687,1,0
5.9650,19475,Rest,HAZIRLANIYOR...,0,561,0,0,646,0,2
5.9650,19476,Rest,HAZIRLANIYOR...,0,576,0,0,584,0,0
5.9650,19477,Rest,HAZIRLANIYOR...,0,575,0,0,482,0,0
5.9650,19478,Rest,HAZIRLANIYOR...,0,556,0,0,343,0,0
5.9650,19479,Rest,HAZIRLANIYOR...,0,513,0,0,180,0,0
5.9650,19480,Rest,HAZIRLANIYOR...,0,450,0,0,8,0,2
5.9650,19481,Rest,HAZIRLANIYOR...,0,372,0,0,0,0,4
5.9650,19482,Rest,HAZIRLANIYOR...,0,282,0,0,0,0,0
5.9811,19483,Rest,HAZIRLANIYOR...,0,184,0,6,0,0,0
5.9812,19484,Rest,HAZIRLANIYOR...,0,79,0,34,0,0,0
5.9812,19485,Rest,HAZIRLANIYOR...,0,0,0,61,0,0,0
5.9812,19486,Rest,HAZIRLANIYOR...,0,0,0,86,0,0,1
5.9812,19487,Rest,HAZIRLANIYOR...,0,0,193,110,0,0,0
5.9812,19488,Rest,HAZIRLANIYOR...,0,0,413,135,0,1,0
5.9813,19489,Rest,HAZIRLANIYOR...,0,0,618,157,0,5,0
5.9813,19490,Rest,HAZIRLANIYOR...,0,0,801,175,0,2,0
5.9813,19491,Rest,HAZIRLANIYOR...,0,0,956,186,0,1,3
5.9813,19492,Rest,HAZIRLANIYOR...,0,0,1078,191,0,3,4
5.9813,19493,Rest,HAZIRLANIYOR...,0,0,1171,190,0,6,2
5.9814,19494,Rest,HAZIRLANIYOR...,0,0,1238,181,0,9,1
5.9814,19495,Rest,HAZIRLANIYOR...,0,0,1276,163,0,10,1
5.9814,19496,Rest,HAZIRLANIYOR...,0,0,1279,136,0,11,1
5.9814,19497,Rest,HAZIRLANIYOR...,0,0,1242,106,58,14,2
5.9815,19498,Rest,HAZIRLANIYOR...,0,0,1166,77,146,18,6
5.9815,19499,Rest,HAZIRLANIYOR...,0,0,1055,47,226,20,7
5.9816,19500,Rest,HAZIRLANIYOR...,0,0,912,17,306,14,5
5.9816,19501,Rest,HAZIRLANIYOR...,0,0,731,0,394,4,2
5.9816,19502,Rest,HAZIRLANIYOR...,0,0,510,0,498,3,2
5.9816,19503,Rest,HAZIRLANIYOR...,0,0,255,0,614,8,2
5.9816,19504,Rest,HAZIRLANIYOR...,0,108,0,0,714,10,0
5.9816,19505,Rest,HAZIRLANIYOR...,0,216,0,0,778,8,0
5.9816,19506,Rest,HAZIRLANIYOR...,0,318,0,0,806,5,1
5.9816,19507,Rest,HAZIRLANIYOR...,0,409,0,0,801,3,5
5.9816,19508,Rest,HAZIRLANIYOR...,0,486,0,0,770,0,4
5.9817,19509,Rest,HAZIRLANIYOR...,0,548,0,0,732,0,3
5.9817,19510,Rest,HAZIRLANIYOR...,0,595,0,0,701,0,6
5.9819,19511,Rest,HAZIRLANIYOR...,0,623,0,0,657,0,8
5.9819,19512,Rest,HAZIRLANIYOR...,0,631,0,0,568,0,1
5.9963,19513,Rest,HAZIRLANIYOR...,0,619,0,0,422,0,0
5.9964,19514,Rest,HAZIRLANIYOR...,0,588,0,0,233,0,0
5.9965,19515,Rest,HAZIRLANIYOR...,0,540,0,0,35,0,0
5.9965,19516,Rest,HAZIRLANIYOR...,0,472,0,0,0,0,0
5.9965,19517,Rest,HAZIRLANIYOR...,0,389,0,0,0,0,0
5.9965,19518,Rest,HAZIRLANIYOR...,0,295,0,0,0,0,0
5.9965,19519,Rest,HAZIRLANIYOR...,0,192,0,26,0,0,0
5.9965,19520,Rest,HAZIRLANIYOR...,0,85,0,50,0,0,4
5.9965,19521,Rest,HAZIRLANIYOR...,0,0,0,76,0,0,1
5.9965,19522,Rest,HAZIRLANIYOR...,0,0,131,102,0,0,0
5.9966,19523,Rest,HAZIRLANIYOR...,0,0,353,126,0,0,0
5.9966,19524,Rest,HAZIRLANIYOR...,0,0,564,149,0,0,4
5.9966,19525,Rest,HAZIRLANIYOR...,0,0,755,169,0,0,1
5.9966,19526,Rest,HAZIRLANIYOR...,0,0,921,184,0,0,0
5.9966,19527,Rest,HAZIRLANIYOR...,0,0,1055,191,0,3,0
5.9966,19528,Rest,HAZIRLANIYOR...,0,0,1158,193,0,9,0
5.9966,19529,Rest,HAZIRLANIYOR...,0,0,1231,187,0,10,0
5.9966,19530,Rest,HAZIRLANIYOR...,0,0,1278,172,0,11,2
5.9967,19531,Rest,HAZIRLANIYOR...,0,0,1296,149,0,13,7
5.9967,19532,Rest,HAZIRLANIYOR...,0,0,1278,121,18,14,11
5.9967,19533,Rest,HAZIRLANIYOR...,0,0,1222,88,109,13,5
5.9967,19534,Rest,HAZIRLANIYOR...,0,0,1127,53,191,11,0
5.9967,19535,Rest,HAZIRLANIYOR...,0,0,993,21,270,10,1
5.9967,19536,Rest,HAZIRLANIYOR...,0,0,823,0,350,9,15
5.9968,19537,Rest,HAZIRLANIYOR...,0,0,617,0,437,8,22
5.9969,19538,Rest,HAZIRLANIYOR...,0,0,380,0,537,7,12
5.9969,19539,Rest,HAZIRLANIYOR...,0,74,118,0,638,5,0
6.0114,19540,Rest,HAZIRLANIYOR...,0,181,0,0,721,3,0
6.0115,19541,Rest,HAZIRLANIYOR...,0,288,0,0,774,4,0
6.0116,19542,Rest,HAZIRLANIYOR...,0,390,0,0,793,4,0
6.0116,19543,Rest,HAZIRLANIYOR...,0,477,0,0,778,2,0
6.0116,19544,Rest,HAZIRLANIYOR...,0,546,0,0,738,0,0
6.0116,19545,Rest,HAZIRLANIYOR...,0,597,0,0,693,0,0
6.0116,19546,Rest,HAZIRLANIYOR...,0,630,0,0,651,0,0
6.0116,19547,Rest,HAZIRLANIYOR...,0,644,0,0,594,0,0
6.0116,19548,Rest,HAZIRLANIYOR...,0,640,0,0,497,0,0
6.0116,19549,Rest,HAZIRLANIYOR...,0,618,0,0,356,0,0
6.0117,19550,Rest,HAZIRLANIYOR...,0,577,0,0,185,0,0
6.0117,19551,Rest,HAZIRLANIYOR...,0,518,0,0,9,0,0
6.0117,19552,Rest,HAZIRLANIYOR...,0,444,0,0,0,0,0
6.0117,19553,Rest,HAZIRLANIYOR...,0,357,0,0,0,0,0
6.0117,19554,Rest,HAZIRLANIYOR...,0,263,0,12,0,0,0
6.0117,19555,Rest,HAZIRLANIYOR...,0,161,0,41,0,0,0
6.0118,19556,Rest,HAZIRLANIYOR...,0,54,0,69,0,0,0
6.0118,19557,Rest,HAZIRLANIYOR...,0,0,0,94,0,0,0
6.0118,19558,Rest,HAZIRLANIYOR...,0,0,207,117,0,0,2
6.0119,19559,Rest,HAZIRLANIYOR...,0,0,425,139,0,0,8
6.0119,19560,Rest,HAZIRLANIYOR...,0,0,630,160,0,0,4
6.0119,19561,Rest,HAZIRLANIYOR...,0,0,816,176,0,0,0
6.0119,19562,Rest,HAZIRLANIYOR...,0,0,972,187,0,0,0
6.0119,19563,Rest,HAZIRLANIYOR...,0,0,1091,191,0,1,0
6.0119,19564,Rest,HAZIRLANIYOR...,0,0,1181,190,0,0,1
6.0120,19565,Rest,HAZIRLANIYOR...,0,0,1245,179,0,1,0
6.0121,19566,Rest,HAZIRLANIYOR...,0,0,1283,159,0,5,0
6.0274,19567,Rest,HAZIRLANIYOR...,0,0,1286,132,0,8,8
6.0275,19568,Rest,HAZIRLANIYOR...,0,0,1246,101,53,7,12
6.0275,19569,Rest,HAZIRLANIYOR...,0,0,1167,68,143,5,4
6.0276,19570,Rest,HAZIRLANIYOR...,0,0,1055,35,226,5,0
6.0276,19571,Rest,HAZIRLANIYOR...,0,0,910,5,299,7,0
6.0276,19572,Rest,HAZIRLANIYOR...,0,0,726,0,373,9,4
6.0276,19573,Rest,HAZIRLANIYOR...,0,0,503,0,463,13,6
6.0276,19574,Rest,HAZIRLANIYOR...,0,0,249,0,568,15,3
6.0276,19575,Rest,HAZIRLANIYOR...,0,97,0,0,664,10,2
6.0277,19576,Rest,HAZIRLANIYOR...,0,203,0,0,731,6,2
6.0277,19577,Rest,HAZIRLANIYOR...,0,304,0,0,765,6,2
6.0277,19578,Rest,HAZIRLANIYOR...,0,394,0,0,767,2,3
6.0277,19579,Rest,HAZIRLANIYOR...,0,470,0,0,739,0,4
6.0277,19580,Rest,HAZIRLANIYOR...,0,528,0,0,695,0,3
6.0277,19581,Rest,HAZIRLANIYOR...,0,571,0,0,650,0,0
6.0277,19582,Rest,HAZIRLANIYOR...,0,598,0,0,602,0,0
6.0278,19583,Rest,HAZIRLANIYOR...,0,606,0,0,527,0,0
6.0278,19584,Rest,HAZIRLANIYOR...,0,593,0,0,410,0,3
6.0278,19585,Rest,HAZIRLANIYOR...,0,558,0,0,261,0,3
6.0278,19586,Rest,HAZIRLANIYOR...,0,506,0,0,96,0,0
6.0278,19587,Rest,HAZIRLANIYOR...,0,440,0,0,0,0,0
6.0278,19588,Rest,HAZIRLANIYOR...,0,362,0,0,0,0,0
6.0278,19589,Rest,HAZIRLANIYOR...,0,271,0,2,0,0,0
6.0279,19590,Rest,HAZIRLANIYOR...,0,170,0,30,0,0,0
6.0279,19591,Rest,HAZIRLANIYOR...,0,65,0,58,0,0,0
6.0279,19592,Rest,HAZIRLANIYOR...,0,0,0,85,0,0,1
6.0280,19593,Rest,HAZIRLANIYOR...,0,0,103,110,0,0,1
6.0280,19594,Rest,HAZIRLANIYOR...,0,0,328,131,0,2,3
6.0436,19595,Rest,HAZIRLANIYOR...,0,0,541,151,0,1,4
6.0437,19596,Rest,HAZIRLANIYOR...,0,0,736,169,0,0,0
6.0437,19597,Rest,HAZIRLANIYOR...,0,0,904,185,0,0,0
6.0438,19598,Rest,HAZIRLANIYOR...,0,0,1044,196,0,0,0
6.0438,19599,Rest,HAZIRLANIYOR...,0,0,1153,197,0,0,0
6.0438,19600,Rest,HAZIRLANIYOR...,0,0,1231,189,0,2,3
6.0438,19601,Rest,HAZIRLANIYOR...,0,0,1279,174,0,7,3
6.0438,19602,Rest,HAZIRLANIYOR...,0,0,1300,152,0,10,1
6.0438,19603,Rest,HAZIRLANIYOR...,0,0,1286,123,5,10,1
6.0438,19604,Rest,HAZIRLANIYOR...,0,0,1229,89,96,10,1
6.0439,19605,Rest,HAZIRLANIYOR...,0,0,1129,55,181,9,1
6.0439,19606,Rest,HAZIRLANIYOR...,0,0,996,25,263,9,1
6.0439,19607,Rest,HAZIRLANIYOR...,0,0,832,0,347,8,1
6.0439,19608,Rest,HAZIRLANIYOR...,0,0,632,0,437,8,2
6.0439,19609,Rest,HAZIRLANIYOR...,0,0,391,0,537,9,2
6.0440,19610,Rest,HAZIRLANIYOR...,0,50,119,0,634,13,1
6.0440,19611,Rest,HAZIRLANIYOR...,0,159,0,0,710,15,0
6.0440,19612,Rest,HAZIRLANIYOR...,0,265,0,0,757,8,0
6.0441,19613,Rest,HAZIRLANIYOR...,0,365,0,0,777,0,0
6.0441,19614,Rest,HAZIRLANIYOR...,0,454,0,0,765,0,0
6.0441,19615,Rest,HAZIRLANIYOR...,0,525,0,0,730,0,0
6.0441,19616,Rest,HAZIRLANIYOR...,0,578,0,0,695,2,0
6.0441,19617,Rest,HAZIRLANIYOR...,0,616,0,0,660,7,0
6.0441,19618,Rest,HAZIRLANIYOR...,0,636,0,0,600,0,0
6.0441,19619,Rest,HAZIRLANIYOR...,0,635,0,0,495,0,0
6.0441,19620,Rest,HAZIRLANIYOR...,0,614,0,0,350,0,0
6.0441,19621,Rest,HAZIRLANIYOR...,0,574,0,0,178,0,0
6.0442,19622,Rest,HAZIRLANIYOR...,0,515,0,0,0,0,0
6.0443,19623,Rest,HAZIRLANIYOR...,0,437,0,0,0,0,0
6.0596,19624,Rest,HAZIRLANIYOR...,0,345,0,0,0,0,0
6.0596,19625,Rest,HAZIRLANIYOR...,0,246,0,11,0,0,0
6.0596,19626,Rest,HAZIRLANIYOR...,0,143,0,39,0,0,0
6.0597,19627,Rest,HAZIRLANIYOR...,0,40,0,66,0,0,0
6.0597,19628,Rest,HAZIRLANIYOR...,0,0,9,90,0,0,0
6.0597,19629,Rest,HAZIRLANIYOR...,0,0,235,113,0,0,0
6.0597,19630,Rest,HAZIRLANIYOR...,0,0,451,136,0,0,2
6.0597,19631,Rest,HAZIRLANIYOR...,0,0,652,157,0,0,7
6.0597,19632,Rest,HAZIRLANIYOR...,0,0,832,174,0,3,9
6.0597,19633,Rest,HAZIRLANIYOR...,0,0,981,187,0,7,2
6.0597,19634,Rest,HAZIRLANIYOR...,0,0,1097,193,0,8,0
6.0597,19635,Rest,HAZIRLANIYOR...,0,0,1184,190,0,9,0
6.0597,19636,Rest,HAZIRLANIYOR...,0,0,1244,179,0,9,0
6.0597,19637,Rest,HAZIRLANIYOR...,0,0,1273,162,0,11,2
6.0597,19638,Rest,HAZIRLANIYOR...,0,0,1268,137,0,13,7
6.0597,19639,Rest,HAZIRLANIYOR...,0,0,1228,107,64,12,13
6.0597,19640,Rest,HAZIRLANIYOR...,0,0,1151,73,149,9,13
6.0598,19641,Rest,HAZIRLANIYOR...,0,0,1039,42,228,5,0
6.0598,19642,Rest,HAZIRLANIYOR...,0,0,892,14,309,7,0
6.0598,19643,Rest,HAZIRLANIYOR...,0,0,706,0,400,10,0
6.0598,19644,Rest,HAZIRLANIYOR...,0,0,483,0,501,12,0
6.0598,19645,Rest,HAZIRLANIYOR...,0,0,230,0,604,11,0
6.0598,19646,Rest,HAZIRLANIYOR...,0,69,0,0,689,10,0
6.0598,19647,Rest,HAZIRLANIYOR...,0,172,0,0,746,9,1
6.0598,19648,Rest,HAZIRLANIYOR...,0,273,0,0,775,6,8
6.0598,19649,Rest,HAZIRLANIYOR...,0,368,0,0,777,2,5
6.0598,19650,Rest,HAZIRLANIYOR...,0,450,0,0,749,0,0
6.0755,19651,Rest,HAZIRLANIYOR...,0,513,0,0,702,0,0
6.0756,19652,Rest,HAZIRLANIYOR...,0,557,0,0,655,0,0
6.0756,19653,Rest,HAZIRLANIYOR...,0,584,0,0,606,0,0
6.0756,19654,Rest,HAZIRLANIYOR...,0,594,0,0,531,0,0
6.0756,19655,Rest,HAZIRLANIYOR...,0,586,0,0,411,0,0
6.0756,19656,Rest,HAZIRLANIYOR...,0,558,0,0,253,0,0
6.0756,19657,Rest,HAZIRLANIYOR...,0,510,0,0,82,0,0
6.0756,19658,Rest,HAZIRLANIYOR...,0,443,0,0,0,0,0
6.0756,19659,Rest,HAZIRLANIYOR...,0,362,0,0,0,0,0
6.0756,19660,Rest,HAZIRLANIYOR...,0,273,0,0,0,0,0
6.0756,19661,Rest,HAZIRLANIYOR...,0,179,0,26,0,0,0
6.0756,19662,Rest,HAZIRLANIYOR...,0,79,0,53,0,0,0
6.0757,19663,Rest,HAZIRLANIYOR...,0,0,0,79,0,0,0
6.0757,19664,Rest,HAZIRLANIYOR...,0,0,106,103,0,0,0
6.0757,19665,Rest,HAZIRLANIYOR...,0,0,331,123,0,0,0
6.0757,19666,Rest,HAZIRLANIYOR...,0,0,542,143,0,1,1
6.0757,19667,Rest,HAZIRLANIYOR...,0,0,733,162,0,7,2
6.0757,19668,Rest,HAZIRLANIYOR...,0,0,898,177,0,4,1
6.0757,19669,Rest,HAZIRLANIYOR...,0,0,1036,186,0,0,0
6.0757,19670,Rest,HAZIRLANIYOR...,0,0,1143,188,0,0,1
6.0757,19671,Rest,HAZIRLANIYOR...,0,0,1220,181,0,4,3
6.0757,19672,Rest,HAZIRLANIYOR...,0,0,1266,166,0,9,3
6.0757,19673,Rest,HAZIRLANIYOR...,0,0,1283,142,0,9,1
6.0757,19674,Rest,HAZIRLANIYOR...,0,0,1266,111,15,9,1
6.0757,19675,Rest,HAZIRLANIYOR...,0,0,1209,76,106,8,5
6.0757,19676,Rest,HAZIRLANIYOR...,0,0,1112,42,188,7,7
6.0757,19677,Rest,HAZIRLANIYOR...,0,0,980,11,265,6,6
6.0757,19678,Rest,HAZIRLANIYOR...,0,0,812,0,341,6,4
6.0758,19679,Rest,HAZIRLANIYOR...,0,0,603,0,425,5,5
6.0905,19680,Rest,HAZIRLANIYOR...,0,0,361,0,526,4,10
6.0906,19681,Rest,HAZIRLANIYOR...,0,63,97,0,629,3,13
6.0906,19682,Rest,HAZIRLANIYOR...,0,178,0,0,711,3,5
6.0906,19683,Rest,HAZIRLANIYOR...,0,287,0,0,763,2,0
6.0906,19684,Rest,HAZIRLANIYOR...,0,387,0,0,784,0,0
6.0906,19685,Rest,HAZIRLANIYOR...,0,476,0,0,770,0,0
6.0906,19686,Rest,HAZIRLANIYOR...,0,548,0,0,723,0,0
6.0907,19687,Rest,HAZIRLANIYOR...,0,603,0,0,670,0,0
6.0907,19688,Rest,HAZIRLANIYOR...,0,639,0,0,629,0,0
6.0907,19689,Rest,HAZIRLANIYOR...,0,654,0,0,575,1,0
6.0907,19690,Rest,HAZIRLANIYOR...,0,647,0,0,476,6,0
6.0907,19691,Rest,HAZIRLANIYOR...,0,621,0,0,326,0,0
6.0907,19692,Rest,HAZIRLANIYOR...,0,575,0,0,152,0,0
6.0907,19693,Rest,HAZIRLANIYOR...,0,512,0,0,0,0,0
6.0907,19694,Rest,HAZIRLANIYOR...,0,433,0,0,0,0,2
6.0908,19695,Rest,HAZIRLANIYOR...,0,340,0,0,0,0,0
6.0908,19696,Rest,HAZIRLANIYOR...,0,236,0,21,0,0,0
6.0908,19697,Rest,HAZIRLANIYOR...,0,126,0,46,0,0,0
6.0908,19698,Rest,HAZIRLANIYOR...,0,14,0,71,0,0,3
6.0908,19699,Rest,HAZIRLANIYOR...,0,0,16,98,0,0,5
6.0908,19700,Rest,HAZIRLANIYOR...,0,0,243,124,0,0,0
6.0908,19701,Rest,HAZIRLANIYOR...,0,0,461,148,0,0,0
6.0908,19702,Rest,HAZIRLANIYOR...,0,0,663,169,0,0,0
6.0908,19703,Rest,HAZIRLANIYOR...,0,0,841,186,0,2,0
6.0908,19704,Rest,HAZIRLANIYOR...,0,0,989,196,0,2,0
6.0909,19705,Rest,HAZIRLANIYOR...,0,0,1108,199,0,5,0
6.1061,19706,Rest,HAZIRLANIYOR...,0,0,1201,196,0,8,0
6.1062,19707,Rest,HAZIRLANIYOR...,0,0,1264,186,0,9,1
6.1062,19708,Rest,HAZIRLANIYOR...,0,0,1293,167,0,8,2
6.1063,19709,Rest,HAZIRLANIYOR...,0,0,1287,140,0,10,1
6.1063,19710,Rest,HAZIRLANIYOR...,0,0,1244,109,66,12,2
6.1063,19711,Rest,HAZIRLANIYOR...,0,0,1166,75,152,13,4
6.1063,19712,Rest,HAZIRLANIYOR...,0,0,1054,41,230,12,9
6.1063,19713,Rest,HAZIRLANIYOR...,0,0,904,10,309,10,11
6.1063,19714,Rest,HAZIRLANIYOR...,0,0,710,0,397,10,3
6.1064,19715,Rest,HAZIRLANIYOR...,0,0,479,0,508,11,0
6.1064,19716,Rest,HAZIRLANIYOR...,0,0,219,0,636,12,0
6.1064,19717,Rest,HAZIRLANIYOR...,0,116,0,0,758,14,1
6.1064,19718,Rest,HAZIRLANIYOR...,0,230,0,0,841,16,3
6.1064,19719,Rest,HAZIRLANIYOR...,0,337,0,0,869,14,0
6.1064,19720,Rest,HAZIRLANIYOR...,0,437,0,0,856,3,0
6.1065,19721,Rest,HAZIRLANIYOR...,0,523,0,0,837,0,0
6.1065,19722,Rest,HAZIRLANIYOR...,0,591,0,0,818,0,0
6.1065,19723,Rest,HAZIRLANIYOR...,0,639,0,0,760,0,0
6.1065,19724,Rest,HAZIRLANIYOR...,0,669,0,0,629,0,5
6.1065,19725,Rest,HAZIRLANIYOR...,0,676,0,0,446,0,8
6.1065,19726,Rest,HAZIRLANIYOR...,0,659,0,0,255,0,1
6.1065,19727,Rest,HAZIRLANIYOR...,0,618,0,0,74,0,0
6.1065,19728,Rest,HAZIRLANIYOR...,0,556,0,0,0,0,0
6.1065,19729,Rest,HAZIRLANIYOR...,0,478,0,0,0,0,0
6.1066,19730,Rest,HAZIRLANIYOR...,0,387,0,0,0,0,0
6.1066,19731,Rest,HAZIRLANIYOR...,0,287,0,0,0,0,0
6.1066,19732,Rest,HAZIRLANIYOR...,0,181,0,16,0,0,0
6.1066,19733,Rest,HAZIRLANIYOR...,0,72,0,46,0,0,0
6.1216,19734,Rest,HAZIRLANIYOR...,0,0,0,74,0,0,0
6.1217,19735,Rest,HAZIRLANIYOR...,0,0,195,102,0,1,0
6.1217,19736,Rest,HAZIRLANIYOR...,0,0,413,128,0,4,4
6.1217,19737,Rest,HAZIRLANIYOR...,0,0,615,151,0,0,9
6.1217,19738,Rest,HAZIRLANIYOR...,0,0,794,171,0,0,4
6.1218,19739,Rest,HAZIRLANIYOR...,0,0,947,184,0,0,0
6.1218,19740,Rest,HAZIRLANIYOR...,0,0,1070,192,0,5,0
6.1218,19741,Rest,HAZIRLANIYOR...,0,0,1162,195,0,10,4
6.1218,19742,Rest,HAZIRLANIYOR...,0,0,1225,192,0,8,9
6.1218,19743,Rest,HAZIRLANIYOR...,0,0,1260,179,0,5,1
6.1218,19744,Rest,HAZIRLANIYOR...,0,0,1266,156,0,5,0
6.1218,19745,Rest,HAZIRLANIYOR...,0,0,1238,127,46,8,0
6.1219,19746,Rest,HAZIRLANIYOR...,0,0,1172,95,134,12,7
6.1219,19747,Rest,HAZIRLANIYOR...,0,0,1068,62,215,14,15
6.1219,19748,Rest,HAZIRLANIYOR...,0,0,930,29,298,12,8
6.1219,19749,Rest,HAZIRLANIYOR...,0,0,757,0,384,10,0
6.1219,19750,Rest,HAZIRLANIYOR...,0,0,548,0,468,9,0
6.1219,19751,Rest,HAZIRLANIYOR...,0,0,306,0,556,10,3
6.1219,19752,Rest,HAZIRLANIYOR...,0,46,40,0,650,10,8
6.1219,19753,Rest,HAZIRLANIYOR...,0,158,0,0,730,8,2
6.1220,19754,Rest,HAZIRLANIYOR...,0,266,0,0,783,6,0
6.1220,19755,Rest,HAZIRLANIYOR...,0,364,0,0,805,4,0
6.1220,19756,Rest,HAZIRLANIYOR...,0,450,0,0,791,3,0
6.1220,19757,Rest,HAZIRLANIYOR...,0,522,0,0,743,6,0
6.1220,19758,Rest,HAZIRLANIYOR...,0,575,0,0,689,7,0
6.1221,19759,Rest,HAZIRLANIYOR...,0,608,0,0,645,0,0
6.1221,19760,Rest,HAZIRLANIYOR...,0,621,0,0,586,0,0
6.1221,19761,Rest,HAZIRLANIYOR...,0,613,0,0,484,0,0
6.1376,19762,Rest,HAZIRLANIYOR...,0,585,0,0,339,0,0
6.1377,19763,Rest,HAZIRLANIYOR...,0,538,0,0,171,0,0
6.1377,19764,Rest,HAZIRLANIYOR...,0,474,0,0,4,0,3
6.1379,19765,Rest,HAZIRLANIYOR...,0,395,0,0,0,0,6
6.1379,19766,Rest,HAZIRLANIYOR...,0,304,0,0,0,0,1
6.1379,19767,Rest,HAZIRLANIYOR...,0,206,0,15,0,0,0
6.1379,19768,Rest,HAZIRLANIYOR...,0,105,0,42,0,0,0
6.1380,19769,Rest,HAZIRLANIYOR...,0,2,0,66,0,0,0
6.1380,19770,Rest,HAZIRLANIYOR...,0,0,21,89,0,0,0
6.1380,19771,Rest,HAZIRLANIYOR...,0,0,248,112,0,0,0
6.1380,19772,Rest,HAZIRLANIYOR...,0,0,465,135,0,0,0
6.1380,19773,Rest,HAZIRLANIYOR...,0,0,665,156,0,0,0
6.1380,19774,Rest,HAZIRLANIYOR...,0,0,841,174,0,0,0
6.1380,19775,Rest,HAZIRLANIYOR...,0,0,990,186,0,11,0
6.1381,19776,Rest,HAZIRLANIYOR...,0,0,1108,190,0,9,0
6.1381,19777,Rest,HAZIRLANIYOR...,0,0,1197,186,0,2,0
6.1381,19778,Rest,HAZIRLANIYOR...,0,0,1257,173,0,1,2
6.1381,19779,Rest,HAZIRLANIYOR...,0,0,1287,153,0,4,5
6.1381,19780,Rest,HAZIRLANIYOR...,0,0,1283,127,0,6,8
6.1381,19781,Rest,HAZIRLANIYOR...,0,0,1243,96,77,6,10
6.1381,19782,Rest,HAZIRLANIYOR...,0,0,1164,62,157,8,8
6.1382,19783,Rest,HAZIRLANIYOR...,0,0,1049,30,233,9,5
6.1382,19784,Rest,HAZIRLANIYOR...,0,0,899,1,309,8,3
6.1382,19785,Rest,HAZIRLANIYOR...,0,0,712,0,395,9,1
6.1382,19786,Rest,HAZIRLANIYOR...,0,0,487,0,503,11,0
6.1382,19787,Rest,HAZIRLANIYOR...,0,30,230,0,629,11,3
6.1382,19788,Rest,HAZIRLANIYOR...,0,143,0,0,743,8,6
6.1383,19789,Rest,HAZIRLANIYOR...,0,257,0,0,819,7,6
6.1535,19790,Rest,HAZIRLANIYOR...,0,367,0,0,849,6,5
6.1535,19791,Rest,HAZIRLANIYOR...,0,465,0,0,841,3,8
6.1536,19792,Rest,HAZIRLANIYOR...,0,546,0,0,816,0,10
6.1536,19793,Rest,HAZIRLANIYOR...,0,608,0,0,789,0,5
6.1536,19794,Rest,HAZIRLANIYOR...,0,651,0,0,735,0,0
6.1536,19795,Rest,HAZIRLANIYOR...,0,673,0,0,612,0,0
6.1536,19796,Rest,HAZIRLANIYOR...,0,673,0,0,428,0,0
6.1536,19797,Rest,HAZIRLANIYOR...,0,653,0,0,233,0,0
6.1536,19798,Rest,HAZIRLANIYOR...,0,613,0,0,53,0,0
6.1537,19799,Rest,HAZIRLANIYOR...,0,551,0,0,0,0,0
6.1537,19800,Rest,HAZIRLANIYOR...,0,469,0,0,0,0,0
6.1537,19801,Rest,HAZIRLANIYOR...,0,372,0,0,0,0,0
6.1537,19802,Rest,HAZIRLANIYOR...,0,269,0,0,0,0,0
6.1537,19803,Rest,HAZIRLANIYOR...,0,165,0,24,0,0,6
6.1537,19804,Rest,HAZIRLANIYOR...,0,59,0,52,0,0,9
6.1537,19805,Rest,HAZIRLANIYOR...,0,0,0,82,0,0,0
6.1537,19806,Rest,HAZIRLANIYOR...,0,0,208,112,0,0,0
6.1538,19807,Rest,HAZIRLANIYOR...,0,0,420,141,0,0,0
6.1538,19808,Rest,HAZIRLANIYOR...,0,0,616,165,0,3,0
6.1538,19809,Rest,HAZIRLANIYOR...,0,0,791,184,0,4,0
6.1538,19810,Rest,HAZIRLANIYOR...,0,0,940,198,0,4,0
6.1538,19811,Rest,HAZIRLANIYOR...,0,0,1061,206,0,6,0
6.1538,19812,Rest,HAZIRLANIYOR...,0,0,1153,207,0,9,0
6.1538,19813,Rest,HAZIRLANIYOR...,0,0,1217,200,0,10,0
6.1538,19814,Rest,HAZIRLANIYOR...,0,0,1252,182,0,10,2
6.1538,19815,Rest,HAZIRLANIYOR...,0,0,1256,156,0,10,4
6.1538,19816,Rest,HAZIRLANIYOR...,0,0,1226,126,48,11,4
6.1539,19817,Rest,HAZIRLANIYOR...,0,0,1160,93,135,12,1
6.1687,19818,Rest,HAZIRLANIYOR...,0,0,1057,58,212,11,0
6.1688,19819,Rest,HAZIRLANIYOR...,0,0,918,25,285,9,0
6.1689,19820,Rest,HAZIRLANIYOR...,0,0,743,0,365,9,4
6.1689,19821,Rest,HAZIRLANIYOR...,0,0,532,0,467,13,7
6.1689,19822,Rest,HAZIRLANIYOR...,0,0,286,0,593,19,6
6.1689,19823,Rest,HAZIRLANIYOR...,0,72,13,0,719,19,6
6.1689,19824,Rest,HAZIRLANIYOR...,0,183,0,0,816,16,11
6.1689,19825,Rest,HAZIRLANIYOR...,0,292,0,0,870,11,16
6.1689,19826,Rest,HAZIRLANIYOR...,0,392,0,0,881,6,14
6.1689,19827,Rest,HAZIRLANIYOR...,0,482,0,0,862,0,6
6.1690,19828,Rest,HAZIRLANIYOR...,0,555,0,0,834,0,0
6.1690,19829,Rest,HAZIRLANIYOR...,0,607,0,0,796,0,0
6.1690,19830,Rest,HAZIRLANIYOR...,0,637,0,0,711,0,0
6.1690,19831,Rest,HAZIRLANIYOR...,0,644,0,0,555,0,0
6.1690,19832,Rest,HAZIRLANIYOR...,0,628,0,0,358,0,0
6.1690,19833,Rest,HAZIRLANIYOR...,0,589,0,0,166,0,0
6.1690,19834,Rest,HAZIRLANIYOR...,0,529,0,0,0,0,0
6.1690,19835,Rest,HAZIRLANIYOR...,0,451,0,0,0,0,0
6.1690,19836,Rest,HAZIRLANIYOR...,0,362,0,0,0,0,0
6.1691,19837,Rest,HAZIRLANIYOR...,0,264,0,0,0,0,0
6.1691,19838,Rest,HAZIRLANIYOR...,0,158,0,4,0,0,0
6.1691,19839,Rest,HAZIRLANIYOR...,0,50,0,33,0,0,0
6.1691,19840,Rest,HAZIRLANIYOR...,0,0,0,63,0,0,0
6.1691,19841,Rest,HAZIRLANIYOR...,0,0,107,95,0,0,0
6.1691,19842,Rest,HAZIRLANIYOR...,0,0,325,124,0,2,0
6.1691,19843,Rest,HAZIRLANIYOR...,0,0,531,148,0,0,0
6.1692,19844,Rest,HAZIRLANIYOR...,0,0,721,166,0,0,0
6.1845,19845,Rest,HAZIRLANIYOR...,0,0,890,183,0,0,1
6.1846,19846,Rest,HAZIRLANIYOR...,0,0,1030,198,0,0,2
6.1846,19847,Rest,HAZIRLANIYOR...,0,0,1135,206,0,10,2
6.1846,19848,Rest,HAZIRLANIYOR...,0,0,1208,202,0,11,2
6.1846,19849,Rest,HAZIRLANIYOR...,0,0,1257,187,0,8,3
6.1846,19850,Rest,HAZIRLANIYOR...,0,0,1279,165,0,9,5
6.1846,19851,Rest,HAZIRLANIYOR...,0,0,1266,140,27,11,6
6.1846,19852,Rest,HAZIRLANIYOR...,0,0,1216,110,117,12,5
6.1847,19853,Rest,HAZIRLANIYOR...,0,0,1130,74,194,10,3
6.1847,19854,Rest,HAZIRLANIYOR...,0,0,1011,38,265,8,0
6.1847,19855,Rest,HAZIRLANIYOR...,0,0,854,6,340,8,1
6.1847,19856,Rest,HAZIRLANIYOR...,0,0,660,0,431,8,4
6.1847,19857,Rest,HAZIRLANIYOR...,0,0,429,0,542,10,7
6.1847,19858,Rest,HAZIRLANIYOR...,0,1,168,0,657,12,6
6.1847,19859,Rest,HAZIRLANIYOR...,0,119,0,0,752,11,4
6.1847,19860,Rest,HAZIRLANIYOR...,0,232,0,0,815,8,2
6.1848,19861,Rest,HAZIRLANIYOR...,0,336,0,0,841,4,1
6.1848,19862,Rest,HAZIRLANIYOR...,0,428,0,0,836,2,1
6.1848,19863,Rest,HAZIRLANIYOR...,0,510,0,0,818,0,2
6.1848,19864,Rest,HAZIRLANIYOR...,0,576,0,0,801,0,2
6.1848,19865,Rest,HAZIRLANIYOR...,0,620,0,0,756,0,0
6.1848,19866,Rest,HAZIRLANIYOR...,0,643,0,0,642,0,0
6.1848,19867,Rest,HAZIRLANIYOR...,0,647,0,0,462,0,0
6.1848,19868,Rest,HAZIRLANIYOR...,0,631,0,0,261,0,0
6.1848,19869,Rest,HAZIRLANIYOR...,0,591,0,0,71,0,0
6.1849,19870,Rest,HAZIRLANIYOR...,0,529,0,0,0,0,0
6.1849,19871,Rest,HAZIRLANIYOR...,0,450,0,0,0,0,0
6.1849,19872,Rest,HAZIRLANIYOR...,0,361,0,0,0,0,0
6.2004,19873,Rest,HAZIRLANIYOR...,0,263,0,0,0,0,0
6.2005,19874,Rest,HAZIRLANIYOR...,0,160,0,21,0,0,0
6.2005,19875,Rest,HAZIRLANIYOR...,0,55,0,52,0,0,0
6.2005,19876,Rest,HAZIRLANIYOR...,0,0,0,82,0,0,0
6.2005,19877,Rest,HAZIRLANIYOR...,0,0,220,108,0,0,0
6.2005,19878,Rest,HAZIRLANIYOR...,0,0,433,134,0,0,0
6.2005,19879,Rest,HAZIRLANIYOR...,0,0,630,158,0,3,0
6.2006,19880,Rest,HAZIRLANIYOR...,0,0,807,177,0,6,0
6.2006,19881,Rest,HAZIRLANIYOR...,0,0,958,190,0,6,0
6.2006,19882,Rest,HAZIRLANIYOR...,0,0,1078,199,0,7,1
6.2006,19883,Rest,HAZIRLANIYOR...,0,0,1168,201,0,9,1
6.2006,19884,Rest,HAZIRLANIYOR...,0,0,1230,193,0,11,1
6.2006,19885,Rest,HAZIRLANIYOR...,0,0,1265,175,0,11,2
6.2006,19886,Rest,HAZIRLANIYOR...,0,0,1269,149,0,10,3
6.2006,19887,Rest,HAZIRLANIYOR...,0,0,1239,120,66,8,3
6.2007,19888,Rest,HAZIRLANIYOR...,0,0,1172,86,148,12,5
6.2007,19889,Rest,HAZIRLANIYOR...,0,0,1069,50,220,17,8
6.2007,19890,Rest,HAZIRLANIYOR...,0,0,929,15,291,13,11
6.2007,19891,Rest,HAZIRLANIYOR...,0,0,750,0,367,4,10
6.2007,19892,Rest,HAZIRLANIYOR...,0,0,535,0,455,1,3
6.2007,19893,Rest,HAZIRLANIYOR...,0,0,289,0,553,4,0
6.2007,19894,Rest,HAZIRLANIYOR...,0,99,23,0,649,6,0
6.2007,19895,Rest,HAZIRLANIYOR...,0,204,0,0,725,4,0
6.2008,19896,Rest,HAZIRLANIYOR...,0,304,0,0,768,1,0
6.2008,19897,Rest,HAZIRLANIYOR...,0,399,0,0,769,0,0
6.2008,19898,Rest,HAZIRLANIYOR...,0,489,0,0,737,0,0
6.2008,19899,Rest,HAZIRLANIYOR...,0,564,0,0,695,0,0
6.2008,19900,Rest,HAZIRLANIYOR...,0,617,0,0,658,0,0
6.2160,19901,Rest,HAZIRLANIYOR...,0,648,0,0,615,0,2
6.2161,19902,Rest,HAZIRLANIYOR...,0,659,0,0,542,0,9
6.2161,19903,Rest,HAZIRLANIYOR...,0,648,0,0,430,0,5
6.2161,19904,Rest,HAZIRLANIYOR...,0,613,0,0,286,0,0
6.2162,19905,Rest,HAZIRLANIYOR...,0,561,0,0,125,0,0
6.2162,19906,Rest,HAZIRLANIYOR...,0,494,0,0,0,0,0
6.2162,19907,Rest,HAZIRLANIYOR...,0,416,0,0,0,0,0
6.2162,19908,Rest,HAZIRLANIYOR...,0,326,0,0,0,0,0
6.2162,19909,Rest,HAZIRLANIYOR...,0,226,0,17,0,0,0
6.2163,19910,Rest,HAZIRLANIYOR...,0,122,0,46,0,0,0
6.2163,19911,Rest,HAZIRLANIYOR...,0,19,0,73,0,0,0
6.2163,19912,Rest,HAZIRLANIYOR...,0,0,51,98,0,0,0
6.2163,19913,Rest,HAZIRLANIYOR...,0,0,275,121,0,0,0
6.2163,19914,Rest,HAZIRLANIYOR...,0,0,487,145,0,0,0
6.2163,19915,Rest,HAZIRLANIYOR...,0,0,682,169,0,2,1
6.2164,19916,Rest,HAZIRLANIYOR...,0,0,854,186,0,4,2
6.2164,19917,Rest,HAZIRLANIYOR...,0,0,999,192,0,6,1
6.2164,19918,Rest,HAZIRLANIYOR...,0,0,1111,192,0,8,2
6.2164,19919,Rest,HAZIRLANIYOR...,0,0,1192,188,0,10,10
6.2165,19920,Rest,HAZIRLANIYOR...,0,0,1245,177,0,8,15
6.2166,19921,Rest,HAZIRLANIYOR...,0,0,1269,155,0,6,9
6.2166,19922,Rest,HAZIRLANIYOR...,0,0,1261,126,10,8,0
6.2166,19923,Rest,HAZIRLANIYOR...,0,0,1216,95,100,13,0
6.2166,19924,Rest,HAZIRLANIYOR...,0,0,1134,65,179,16,0
6.2166,19925,Rest,HAZIRLANIYOR...,0,0,1015,33,254,11,0
6.2166,19926,Rest,HAZIRLANIYOR...,0,0,859,1,331,3,0
6.2166,19927,Rest,HAZIRLANIYOR...,0,0,665,0,414,1,0
6.2167,19928,Rest,HAZIRLANIYOR...,0,0,436,0,503,5,1
6.2313,19929,Rest,HAZIRLANIYOR...,0,5,182,0,588,7,3
6.2314,19930,Rest,HAZIRLANIYOR...,0,101,0,0,664,5,6
6.2314,19931,Rest,HAZIRLANIYOR...,0,196,0,0,726,3,4
6.2314,19932,Rest,HAZIRLANIYOR...,0,291,0,0,758,1,0
6.2315,19933,Rest,HAZIRLANIYOR...,0,379,0,0,750,0,0
6.2315,19934,Rest,HAZIRLANIYOR...,0,450,0,0,711,0,0
6.2315,19935,Rest,HAZIRLANIYOR...,0,501,0,0,664,0,0
6.2315,19936,Rest,HAZIRLANIYOR...,0,535,0,0,622,0,0
6.2315,19937,Rest,HAZIRLANIYOR...,0,553,0,0,570,0,0
6.2315,19938,Rest,HAZIRLANIYOR...,0,554,0,0,484,0,1
6.2315,19939,Rest,HAZIRLANIYOR...,0,536,0,0,351,0,7
6.2315,19940,Rest,HAZIRLANIYOR...,0,498,0,0,183,0,9
6.2316,19941,Rest,HAZIRLANIYOR...,0,440,0,0,9,0,0
6.2316,19942,Rest,HAZIRLANIYOR...,0,365,0,0,0,0,0
6.2316,19943,Rest,HAZIRLANIYOR...,0,276,0,0,0,0,0
6.2316,19944,Rest,HAZIRLANIYOR...,0,181,0,3,0,0,0
6.2316,19945,Rest,HAZIRLANIYOR...,0,83,0,32,0,0,0
6.2316,19946,Rest,HAZIRLANIYOR...,0,0,0,60,0,0,0
6.2316,19947,Rest,HAZIRLANIYOR...,0,0,0,85,0,0,0
6.2316,19948,Rest,HAZIRLANIYOR...,0,0,173,108,0,0,0
6.2317,19949,Rest,HAZIRLANIYOR...,0,0,392,129,0,1,0
6.2317,19950,Rest,HAZIRLANIYOR...,0,0,596,152,0,0,0
6.2317,19951,Rest,HAZIRLANIYOR...,0,0,777,178,0,0,0
6.2317,19952,Rest,HAZIRLANIYOR...,0,0,930,200,0,0,1
6.2317,19953,Rest,HAZIRLANIYOR...,0,0,1056,210,0,4,7
6.2317,19954,Rest,HAZIRLANIYOR...,0,0,1153,207,0,7,9
6.2318,19955,Rest,HAZIRLANIYOR...,0,0,1220,196,0,7,3
6.2465,19956,Rest,HAZIRLANIYOR...,0,0,1254,179,0,8,0
6.2466,19957,Rest,HAZIRLANIYOR...,0,0,1257,154,0,9,0
6.2466,19958,Rest,HAZIRLANIYOR...,0,0,1227,124,54,9,1
6.2466,19959,Rest,HAZIRLANIYOR...,0,0,1160,91,142,7,3
6.2466,19960,Rest,HAZIRLANIYOR...,0,0,1058,56,221,7,1
6.2466,19961,Rest,HAZIRLANIYOR...,0,0,922,23,299,8,0
6.2466,19962,Rest,HAZIRLANIYOR...,0,0,749,0,380,9,1
6.2466,19963,Rest,HAZIRLANIYOR...,0,0,537,0,473,7,1
6.2467,19964,Rest,HAZIRLANIYOR...,0,20,291,0,575,7,1
6.2467,19965,Rest,HAZIRLANIYOR...,0,130,21,0,666,6,0
6.2467,19966,Rest,HAZIRLANIYOR...,0,238,0,0,732,6,0
6.2467,19967,Rest,HAZIRLANIYOR...,0,345,0,0,773,5,0
6.2467,19968,Rest,HAZIRLANIYOR...,0,445,0,0,786,3,0
6.2467,19969,Rest,HAZIRLANIYOR...,0,532,0,0,762,0,0
6.2467,19970,Rest,HAZIRLANIYOR...,0,601,0,0,711,0,0
6.2467,19971,Rest,HAZIRLANIYOR...,0,649,0,0,664,0,0
6.2467,19972,Rest,HAZIRLANIYOR...,0,676,0,0,626,0,0
6.2468,19973,Rest,HAZIRLANIYOR...,0,681,0,0,563,0,0
6.2468,19974,Rest,HAZIRLANIYOR...,0,670,0,0,442,0,5
6.2468,19975,Rest,HAZIRLANIYOR...,0,642,0,0,273,0,7
6.2468,19976,Rest,HAZIRLANIYOR...,0,593,0,0,96,0,3
6.2468,19977,Rest,HAZIRLANIYOR...,0,524,0,0,0,0,0
6.2468,19978,Rest,HAZIRLANIYOR...,0,439,0,0,0,0,0
6.2468,19979,Rest,HAZIRLANIYOR...,0,343,0,0,0,0,0
6.2468,19980,Rest,HAZIRLANIYOR...,0,240,0,17,0,0,0
6.2468,19981,Rest,HAZIRLANIYOR...,0,132,0,45,0,0,0
6.2469,19982,Rest,HAZIRLANIYOR...,0,20,0,71,0,0,0
6.2619,19983,Rest,HAZIRLANIYOR...,0,0,71,94,0,0,0
6.2619,19984,Rest,HAZIRLANIYOR...,0,0,300,115,0,0,0
6.2620,19985,Rest,HAZIRLANIYOR...,0,0,516,136,0,0,0
6.2620,19986,Rest,HAZIRLANIYOR...,0,0,712,155,0,0,0
6.2620,19987,Rest,HAZIRLANIYOR...,0,0,883,171,0,0,4
6.2620,19988,Rest,HAZIRLANIYOR...,0,0,1026,182,0,3,9
6.2620,19989,Rest,HAZIRLANIYOR...,0,0,1139,186,0,9,10
6.2620,19990,Rest,HAZIRLANIYOR...,0,0,1222,180,0,13,5
6.2621,19991,Rest,HAZIRLANIYOR...,0,0,1275,164,0,18,0
6.2621,19992,Rest,HAZIRLANIYOR...,0,0,1296,142,0,20,1
6.2621,19993,Rest,HAZIRLANIYOR...,0,0,1283,116,0,13,2
6.2621,19994,Rest,HAZIRLANIYOR...,0,0,1233,86,90,5,3
6.2621,19995,Rest,HAZIRLANIYOR...,0,0,1144,57,176,3,4
6.2621,19996,Rest,HAZIRLANIYOR...,0,0,1016,25,258,4,4
6.2621,19997,Rest,HAZIRLANIYOR...,0,0,852,0,338,3,6
6.2621,19998,Rest,HAZIRLANIYOR...,0,0,652,0,423,3,11
6.2622,19999,Rest,HAZIRLANIYOR...,0,0,419,0,521,4,12
6.2622,20000,Rest,HAZIRLANIYOR...,0,0,159,0,625,5,5
6.2622,20001,Rest,HAZIRLANIYOR...,0,95,0,0,714,6,0
6.2622,20002,Rest,HAZIRLANIYOR...,0,203,0,0,776,6,0
6.2622,20003,Rest,HAZIRLANIYOR...,0,311,0,0,803,4,0
6.2622,20004,Rest,HAZIRLANIYOR...,0,406,0,0,792,1,0
6.2622,20005,Rest,HAZIRLANIYOR...,0,483,0,0,752,0,0
6.2622,20006,Rest,HAZIRLANIYOR...,0,543,0,0,705,0,0
6.2622,20007,Rest,HAZIRLANIYOR...,0,587,0,0,663,0,0
6.2623,20008,Rest,HAZIRLANIYOR...,0,611,0,0,607,0,0
6.2623,20009,Rest,HAZIRLANIYOR...,0,614,0,0,514,0,0
6.2779,20010,Rest,HAZIRLANIYOR...,0,595,0,0,376,0,0
6.2781,20011,Rest,HAZIRLANIYOR...,0,559,0,0,208,0,0
6.2781,20012,Rest,HAZIRLANIYOR...,0,511,0,0,32,0,0
6.2781,20013,Rest,HAZIRLANIYOR...,0,447,0,0,0,0,0
6.2781,20014,Rest,HAZIRLANIYOR...,0,361,0,0,0,0,0
6.2781,20015,Rest,HAZIRLANIYOR...,0,259,0,11,0,0,0
6.2782,20016,Rest,HAZIRLANIYOR...,0,153,0,38,0,0,0
6.2782,20017,Rest,HAZIRLANIYOR...,0,52,0,62,0,0,0
6.2782,20018,Rest,HAZIRLANIYOR...,0,0,0,85,0,0,0
6.2782,20019,Rest,HAZIRLANIYOR...,0,0,184,111,0,0,2
6.2782,20020,Rest,HAZIRLANIYOR...,0,0,408,135,0,0,8
6.2782,20021,Rest,HAZIRLANIYOR...,0,0,617,155,0,0,3
6.2782,20022,Rest,HAZIRLANIYOR...,0,0,802,171,0,0,0
6.2783,20023,Rest,HAZIRLANIYOR...,0,0,959,183,0,0,0
6.2783,20024,Rest,HAZIRLANIYOR...,0,0,1086,190,0,13,0
6.2783,20025,Rest,HAZIRLANIYOR...,0,0,1181,190,0,20,0
6.2783,20026,Rest,HAZIRLANIYOR...,0,0,1247,184,0,13,0
6.2783,20027,Rest,HAZIRLANIYOR...,0,0,1284,168,0,5,0
6.2783,20028,Rest,HAZIRLANIYOR...,0,0,1290,145,0,7,0
6.2783,20029,Rest,HAZIRLANIYOR...,0,0,1261,116,40,15,0
6.2784,20030,Rest,HAZIRLANIYOR...,0,0,1189,84,129,22,2
6.2784,20031,Rest,HAZIRLANIYOR...,0,0,1078,52,211,21,3
6.2784,20032,Rest,HAZIRLANIYOR...,0,0,935,22,291,12,3
6.2784,20033,Rest,HAZIRLANIYOR...,0,0,759,0,377,4,2
6.2784,20034,Rest,HAZIRLANIYOR...,0,0,543,0,478,3,2
6.2784,20035,Rest,HAZIRLANIYOR...,0,0,292,0,586,7,3
6.2784,20036,Rest,HAZIRLANIYOR...,0,90,21,0,675,7,3
6.2785,20037,Rest,HAZIRLANIYOR...,0,197,0,0,737,5,2
6.2785,20038,Rest,HAZIRLANIYOR...,0,303,0,0,779,3,1
6.2934,20039,Rest,HAZIRLANIYOR...,0,403,0,0,797,1,0
6.2935,20040,Rest,HAZIRLANIYOR...,0,489,0,0,786,0,0
6.2935,20041,Rest,HAZIRLANIYOR...,0,556,0,0,769,0,3
6.2935,20042,Rest,HAZIRLANIYOR...,0,602,0,0,763,0,3
6.2935,20043,Rest,HAZIRLANIYOR...,0,628,0,0,736,0,1
6.2936,20044,Rest,HAZIRLANIYOR...,0,637,0,0,641,0,0
6.2936,20045,Rest,HAZIRLANIYOR...,0,628,0,0,469,0,0
6.2936,20046,Rest,HAZIRLANIYOR...,0,597,0,0,257,0,0
6.2936,20047,Rest,HAZIRLANIYOR...,0,544,0,0,55,0,0
6.2936,20048,Rest,HAZIRLANIYOR...,0,472,0,0,0,0,3
6.2936,20049,Rest,HAZIRLANIYOR...,0,388,0,0,0,0,7
6.2936,20050,Rest,HAZIRLANIYOR...,0,299,0,0,0,0,7
6.2936,20051,Rest,HAZIRLANIYOR...,0,204,0,9,0,0,1
6.2937,20052,Rest,HAZIRLANIYOR...,0,101,0,40,0,0,0
6.2937,20053,Rest,HAZIRLANIYOR...,0,0,0,71,0,0,0
6.2937,20054,Rest,HAZIRLANIYOR...,0,0,102,97,0,0,0
6.2937,20055,Rest,HAZIRLANIYOR...,0,0,327,119,0,0,0
6.2937,20056,Rest,HAZIRLANIYOR...,0,0,541,139,0,0,0
6.2937,20057,Rest,HAZIRLANIYOR...,0,0,736,159,0,0,0
6.2937,20058,Rest,HAZIRLANIYOR...,0,0,904,176,0,0,0
6.2937,20059,Rest,HAZIRLANIYOR...,0,0,1041,187,0,2,0
6.2938,20060,Rest,HAZIRLANIYOR...,0,0,1146,190,0,5,0
6.2938,20061,Rest,HAZIRLANIYOR...,0,0,1222,187,0,7,0
6.2938,20062,Rest,HAZIRLANIYOR...,0,0,1271,175,0,8,0
6.2938,20063,Rest,HAZIRLANIYOR...,0,0,1292,154,0,9,0
6.2938,20064,Rest,HAZIRLANIYOR...,0,0,1278,125,0,10,6
6.2939,20065,Rest,HAZIRLANIYOR...,0,0,1223,95,89,10,7
6.3089,20066,Rest,HAZIRLANIYOR...,0,0,1129,63,176,10,3
6.3089,20067,Rest,HAZIRLANIYOR...,0,0,1002,28,250,11,2
6.3090,20068,Rest,HAZIRLANIYOR...,0,0,840,0,323,15,4
6.3090,20069,Rest,HAZIRLANIYOR...,0,0,642,0,416,18,8
6.3090,20070,Rest,HAZIRLANIYOR...,0,0,407,0,538,13,14
6.3090,20071,Rest,HAZIRLANIYOR...,0,74,140,0,667,5,16
6.3090,20072,Rest,HAZIRLANIYOR...,0,182,0,0,770,3,8
6.3090,20073,Rest,HAZIRLANIYOR...,0,287,0,0,833,6,0
6.3091,20074,Rest,HAZIRLANIYOR...,0,385,0,0,857,5,0
6.3091,20075,Rest,HAZIRLANIYOR...,0,473,0,0,854,1,0
6.3091,20076,Rest,HAZIRLANIYOR...,0,547,0,0,837,4,0
6.3092,20077,Rest,HAZIRLANIYOR...,0,602,0,0,817,10,0
6.3092,20078,Rest,HAZIRLANIYOR...,0,632,0,0,763,6,0
6.3092,20079,Rest,HAZIRLANIYOR...,0,640,0,0,636,0,0
6.3092,20080,Rest,HAZIRLANIYOR...,0,629,0,0,448,0,0
6.3092,20081,Rest,HAZIRLANIYOR...,0,597,0,0,250,0,0
6.3092,20082,Rest,HAZIRLANIYOR...,0,546,0,0,65,0,0
6.3092,20083,Rest,HAZIRLANIYOR...,0,478,0,0,0,0,0
6.3092,20084,Rest,HAZIRLANIYOR...,0,391,0,0,0,0,0
6.3092,20085,Rest,HAZIRLANIYOR...,0,288,0,0,0,0,0
6.3093,20086,Rest,HAZIRLANIYOR...,0,180,0,9,0,0,0
6.3093,20087,Rest,HAZIRLANIYOR...,0,70,0,38,0,0,0
6.3093,20088,Rest,HAZIRLANIYOR...,0,0,0,63,0,0,0
6.3093,20089,Rest,HAZIRLANIYOR...,0,0,13,90,0,0,0
6.3093,20090,Rest,HAZIRLANIYOR...,0,0,237,118,0,0,0
6.3093,20091,Rest,HAZIRLANIYOR...,0,0,450,143,0,0,0
6.3094,20092,Rest,HAZIRLANIYOR...,0,0,648,165,0,0,0
6.3094,20093,Rest,HAZIRLANIYOR...,0,0,826,185,0,0,2
6.3240,20094,Rest,HAZIRLANIYOR...,0,0,977,201,0,1,2
6.3241,20095,Rest,HAZIRLANIYOR...,0,0,1097,208,0,5,1
6.3241,20096,Rest,HAZIRLANIYOR...,0,0,1185,205,0,6,0
6.3242,20097,Rest,HAZIRLANIYOR...,0,0,1244,194,0,7,0
6.3242,20098,Rest,HAZIRLANIYOR...,0,0,1277,174,0,13,0
6.3242,20099,Rest,HAZIRLANIYOR...,0,0,1278,148,0,20,0
6.3242,20100,Rest,HAZIRLANIYOR...,0,0,1243,119,69,20,1
6.3242,20101,Rest,HAZIRLANIYOR...,0,0,1168,88,151,13,3
6.3242,20102,Rest,HAZIRLANIYOR...,0,0,1056,57,227,2,3
6.3242,20103,Rest,HAZIRLANIYOR...,0,0,912,23,302,0,1
6.3243,20104,Rest,HAZIRLANIYOR...,0,0,730,0,386,3,0
6.3243,20105,Rest,HAZIRLANIYOR...,0,0,507,0,491,14,0
6.3243,20106,Rest,HAZIRLANIYOR...,0,0,249,0,614,18,3
6.3243,20107,Rest,HAZIRLANIYOR...,0,84,0,0,729,9,8
6.3243,20108,Rest,HAZIRLANIYOR...,0,198,0,0,810,0,13
6.3243,20109,Rest,HAZIRLANIYOR...,0,311,0,0,854,0,14
6.3243,20110,Rest,HAZIRLANIYOR...,0,415,0,0,863,0,5
6.3244,20111,Rest,HAZIRLANIYOR...,0,501,0,0,847,0,0
6.3244,20112,Rest,HAZIRLANIYOR...,0,568,0,0,823,0,0
6.3244,20113,Rest,HAZIRLANIYOR...,0,617,0,0,787,1,0
6.3244,20114,Rest,HAZIRLANIYOR...,0,648,0,0,703,7,0
6.3244,20115,Rest,HAZIRLANIYOR...,0,661,0,0,546,3,0
6.3244,20116,Rest,HAZIRLANIYOR...,0,652,0,0,343,0,0
6.3244,20117,Rest,HAZIRLANIYOR...,0,619,0,0,139,0,0
6.3245,20118,Rest,HAZIRLANIYOR...,0,567,0,0,0,0,0
6.3245,20119,Rest,HAZIRLANIYOR...,0,497,0,0,0,0,0
6.3389,20120,Rest,HAZIRLANIYOR...,0,414,0,0,0,0,0
6.3390,20121,Rest,HAZIRLANIYOR...,0,322,0,0,0,0,0
6.3390,20122,Rest,HAZIRLANIYOR...,0,225,0,13,0,0,0
6.3390,20123,Rest,HAZIRLANIYOR...,0,126,0,40,0,0,0
6.3390,20124,Rest,HAZIRLANIYOR...,0,26,0,68,0,0,3
6.3390,20125,Rest,HAZIRLANIYOR...,0,0,144,97,0,0,6
6.3390,20126,Rest,HAZIRLANIYOR...,0,0,363,123,0,0,1
6.3391,20127,Rest,HAZIRLANIYOR...,0,0,573,144,0,0,0
6.3391,20128,Rest,HAZIRLANIYOR...,0,0,762,163,0,0,0
6.3391,20129,Rest,HAZIRLANIYOR...,0,0,920,181,0,2,0
6.3391,20130,Rest,HAZIRLANIYOR...,0,0,1047,192,0,5,0
6.3391,20131,Rest,HAZIRLANIYOR...,0,0,1149,193,0,8,0
6.3391,20132,Rest,HAZIRLANIYOR...,0,0,1222,186,0,9,0
6.3391,20133,Rest,HAZIRLANIYOR...,0,0,1266,171,0,10,4
6.3391,20134,Rest,HAZIRLANIYOR...,0,0,1282,149,0,12,8
6.3391,20135,Rest,HAZIRLANIYOR...,0,0,1264,121,28,12,5
6.3391,20136,Rest,HAZIRLANIYOR...,0,0,1209,87,113,11,0
6.3391,20137,Rest,HAZIRLANIYOR...,0,0,1117,50,188,11,0
6.3391,20138,Rest,HAZIRLANIYOR...,0,0,990,16,259,15,2
6.3391,20139,Rest,HAZIRLANIYOR...,0,0,825,0,334,16,3
6.3392,20140,Rest,HAZIRLANIYOR...,0,0,621,0,425,11,1
6.3392,20141,Rest,HAZIRLANIYOR...,0,0,382,0,538,3,0
6.3392,20142,Rest,HAZIRLANIYOR...,0,61,115,0,649,0,0
6.3392,20143,Rest,HAZIRLANIYOR...,0,163,0,0,736,4,0
6.3392,20144,Rest,HAZIRLANIYOR...,0,264,0,0,794,7,3
6.3392,20145,Rest,HAZIRLANIYOR...,0,357,0,0,819,7,2
6.3543,20146,Rest,HAZIRLANIYOR...,0,438,0,0,812,2,0
6.3543,20147,Rest,HAZIRLANIYOR...,0,501,0,0,793,0,0
6.3543,20148,Rest,HAZIRLANIYOR...,0,549,0,0,776,0,3
6.3543,20149,Rest,HAZIRLANIYOR...,0,582,0,0,733,0,3
6.3543,20150,Rest,HAZIRLANIYOR...,0,598,0,0,625,0,0
6.3544,20151,Rest,HAZIRLANIYOR...,0,593,0,0,451,0,0
6.3544,20152,Rest,HAZIRLANIYOR...,0,564,0,0,252,0,0
6.3544,20153,Rest,HAZIRLANIYOR...,0,512,0,0,67,0,0
6.3544,20154,Rest,HAZIRLANIYOR...,0,441,0,0,0,0,0
6.3544,20155,Rest,HAZIRLANIYOR...,0,357,0,0,0,0,0
6.3544,20156,Rest,HAZIRLANIYOR...,0,265,0,0,0,0,0
6.3545,20157,Rest,HAZIRLANIYOR...,0,166,0,7,0,0,0
6.3545,20158,Rest,HAZIRLANIYOR...,0,59,0,40,0,0,0
6.3545,20159,Rest,HAZIRLANIYOR...,0,0,0,68,0,0,0
6.3545,20160,Rest,HAZIRLANIYOR...,0,0,22,95,0,0,0
6.3545,20161,Rest,HAZIRLANIYOR...,0,0,244,121,0,0,0
6.3545,20162,Rest,HAZIRLANIYOR...,0,0,454,145,0,0,0
6.3545,20163,Rest,HAZIRLANIYOR...,0,0,646,168,0,1,0
6.3545,20164,Rest,HAZIRLANIYOR...,0,0,816,187,0,3,0
6.3546,20165,Rest,HAZIRLANIYOR...,0,0,963,202,0,5,2
6.3546,20166,Rest,HAZIRLANIYOR...,0,0,1084,210,0,7,2
6.3546,20167,Rest,HAZIRLANIYOR...,0,0,1170,208,0,8,1
6.3546,20168,Rest,HAZIRLANIYOR...,0,0,1223,196,0,8,2
6.3546,20169,Rest,HAZIRLANIYOR...,0,0,1249,177,0,8,4
6.3546,20170,Rest,HAZIRLANIYOR...,0,0,1249,152,0,8,6
6.3547,20171,Rest,HAZIRLANIYOR...,0,0,1215,122,84,6,4
6.3547,20172,Rest,HAZIRLANIYOR...,0,0,1143,89,164,5,3
6.3547,20173,Rest,HAZIRLANIYOR...,0,0,1036,54,237,7,2
6.3697,20174,Rest,HAZIRLANIYOR...,0,0,891,20,308,8,2
6.3698,20175,Rest,HAZIRLANIYOR...,0,0,707,0,384,6,2
6.3698,20176,Rest,HAZIRLANIYOR...,0,0,487,0,471,3,2
6.3698,20177,Rest,HAZIRLANIYOR...,0,0,239,0,570,5,3
6.3699,20178,Rest,HAZIRLANIYOR...,0,105,0,0,662,9,3
6.3699,20179,Rest,HAZIRLANIYOR...,0,225,0,0,724,9,2
6.3699,20180,Rest,HAZIRLANIYOR...,0,340,0,0,753,7,1
6.3699,20181,Rest,HAZIRLANIYOR...,0,448,0,0,756,8,0
6.3699,20182,Rest,HAZIRLANIYOR...,0,542,0,0,736,8,0
6.3699,20183,Rest,HAZIRLANIYOR...,0,617,0,0,704,2,0
6.3700,20184,Rest,HAZIRLANIYOR...,0,670,0,0,675,0,0
6.3700,20185,Rest,HAZIRLANIYOR...,0,701,0,0,634,0,0
6.3700,20186,Rest,HAZIRLANIYOR...,0,713,0,0,557,0,0
6.3700,20187,Rest,HAZIRLANIYOR...,0,705,0,0,429,0,0
6.3700,20188,Rest,HAZIRLANIYOR...,0,675,0,0,259,0,0
6.3700,20189,Rest,HAZIRLANIYOR...,0,626,0,0,68,0,0
6.3700,20190,Rest,HAZIRLANIYOR...,0,557,0,0,0,0,0
6.3700,20191,Rest,HAZIRLANIYOR...,0,471,0,0,0,0,0
6.3701,20192,Rest,HAZIRLANIYOR...,0,373,0,0,0,0,0
6.3701,20193,Rest,HAZIRLANIYOR...,0,268,0,16,0,0,0
6.3701,20194,Rest,HAZIRLANIYOR...,0,158,0,44,0,0,0
6.3701,20195,Rest,HAZIRLANIYOR...,0,45,0,70,0,0,0
6.3701,20196,Rest,HAZIRLANIYOR...,0,0,110,96,0,0,4
6.3701,20197,Rest,HAZIRLANIYOR...,0,0,333,121,0,0,8
6.3701,20198,Rest,HAZIRLANIYOR...,0,0,541,143,0,0,3
6.3701,20199,Rest,HAZIRLANIYOR...,0,0,729,163,0,0,0
6.3702,20200,Rest,HAZIRLANIYOR...,0,0,893,178,0,1,0
6.3850,20201,Rest,HAZIRLANIYOR...,0,0,1029,187,0,7,0
6.3851,20202,Rest,HAZIRLANIYOR...,0,0,1133,191,0,9,3
6.3851,20203,Rest,HAZIRLANIYOR...,0,0,1203,187,0,9,1
6.3851,20204,Rest,HAZIRLANIYOR...,0,0,1247,172,0,10,0
6.3851,20205,Rest,HAZIRLANIYOR...,0,0,1264,147,0,11,0
6.3851,20206,Rest,HAZIRLANIYOR...,0,0,1248,119,37,13,0
6.3851,20207,Rest,HAZIRLANIYOR...,0,0,1192,88,124,16,0
6.3851,20208,Rest,HAZIRLANIYOR...,0,0,1098,53,200,18,0
6.3852,20209,Rest,HAZIRLANIYOR...,0,0,970,20,272,12,1
6.3852,20210,Rest,HAZIRLANIYOR...,0,0,807,0,346,3,4
6.3852,20211,Rest,HAZIRLANIYOR...,0,0,607,0,429,0,5
6.3852,20212,Rest,HAZIRLANIYOR...,0,0,372,0,526,3,5
6.3852,20213,Rest,HAZIRLANIYOR...,0,18,113,0,621,4,4
6.3852,20214,Rest,HAZIRLANIYOR...,0,127,0,0,698,2,2
6.3852,20215,Rest,HAZIRLANIYOR...,0,233,0,0,748,0,1
6.3852,20216,Rest,HAZIRLANIYOR...,0,334,0,0,765,0,1
6.3852,20217,Rest,HAZIRLANIYOR...,0,424,0,0,747,1,1
6.3853,20218,Rest,HAZIRLANIYOR...,0,498,0,0,703,4,0
6.3853,20219,Rest,HAZIRLANIYOR...,0,552,0,0,656,5,0
6.3853,20220,Rest,HAZIRLANIYOR...,0,589,0,0,613,0,0
6.3853,20221,Rest,HAZIRLANIYOR...,0,610,0,0,554,0,0
6.3853,20222,Rest,HAZIRLANIYOR...,0,612,0,0,455,0,2
6.3853,20223,Rest,HAZIRLANIYOR...,0,591,0,0,315,0,4
6.3853,20224,Rest,HAZIRLANIYOR...,0,550,0,0,149,0,5
6.3853,20225,Rest,HAZIRLANIYOR...,0,492,0,0,0,0,0
6.3853,20226,Rest,HAZIRLANIYOR...,0,418,0,0,0,0,0
6.3854,20227,Rest,HAZIRLANIYOR...,0,329,0,0,0,0,0
6.4001,20228,Rest,HAZIRLANIYOR...,0,232,0,19,0,0,0
6.4004,20229,Rest,HAZIRLANIYOR...,0,134,0,44,0,0,0
6.4004,20230,Rest,HAZIRLANIYOR...,0,35,0,68,0,0,0
6.4004,20231,Rest,HAZIRLANIYOR...,0,0,4,95,0,0,0
6.4004,20232,Rest,HAZIRLANIYOR...,0,0,226,123,0,0,0
6.4004,20233,Rest,HAZIRLANIYOR...,0,0,440,146,0,0,0
6.4004,20234,Rest,HAZIRLANIYOR...,0,0,640,164,0,0,0
6.4005,20235,Rest,HAZIRLANIYOR...,0,0,817,179,0,0,0
6.4005,20236,Rest,HAZIRLANIYOR...,0,0,966,191,0,7,0
6.4005,20237,Rest,HAZIRLANIYOR...,0,0,1082,196,0,13,0
6.4005,20238,Rest,HAZIRLANIYOR...,0,0,1170,193,0,9,0
6.4005,20239,Rest,HAZIRLANIYOR...,0,0,1230,182,0,3,0
6.4005,20240,Rest,HAZIRLANIYOR...,0,0,1262,165,0,5,2
6.4005,20241,Rest,HAZIRLANIYOR...,0,0,1261,140,0,11,3
6.4006,20242,Rest,HAZIRLANIYOR...,0,0,1222,109,79,13,3
6.4006,20243,Rest,HAZIRLANIYOR...,0,0,1143,74,164,10,2
6.4006,20244,Rest,HAZIRLANIYOR...,0,0,1030,39,243,7,1
6.4006,20245,Rest,HAZIRLANIYOR...,0,0,883,10,319,7,3
6.4006,20246,Rest,HAZIRLANIYOR...,0,0,699,0,397,8,3
6.4006,20247,Rest,HAZIRLANIYOR...,0,0,480,0,489,7,4
6.4006,20248,Rest,HAZIRLANIYOR...,0,0,232,0,594,5,5
6.4007,20249,Rest,HAZIRLANIYOR...,0,69,0,0,693,3,5
6.4007,20250,Rest,HAZIRLANIYOR...,0,178,0,0,759,3,3
6.4007,20251,Rest,HAZIRLANIYOR...,0,282,0,0,781,3,1
6.4007,20252,Rest,HAZIRLANIYOR...,0,377,0,0,769,2,1
6.4007,20253,Rest,HAZIRLANIYOR...,0,461,0,0,737,0,7
6.4008,20254,Rest,HAZIRLANIYOR...,0,525,0,0,692,0,12
6.4008,20255,Rest,HAZIRLANIYOR...,0,571,0,0,648,0,6
6.4164,20256,Rest,HAZIRLANIYOR...,0,601,0,0,598,0,0
6.4166,20257,Rest,HAZIRLANIYOR...,0,614,0,0,520,0,0
6.4166,20258,Rest,HAZIRLANIYOR...,0,606,0,0,398,0,0
6.4166,20259,Rest,HAZIRLANIYOR...,0,576,0,0,238,0,0
6.4166,20260,Rest,HAZIRLANIYOR...,0,525,0,0,63,0,0
6.4167,20261,Rest,HAZIRLANIYOR...,0,457,0,0,0,0,0
6.4167,20262,Rest,HAZIRLANIYOR...,0,374,0,0,0,0,0
6.4167,20263,Rest,HAZIRLANIYOR...,0,281,0,0,0,0,0
6.4168,20264,Rest,HAZIRLANIYOR...,0,181,0,22,0,0,0
6.4168,20265,Rest,HAZIRLANIYOR...,0,75,0,48,0,0,0
6.4168,20266,Rest,HAZIRLANIYOR...,0,0,0,74,0,0,0
6.4168,20267,Rest,HAZIRLANIYOR...,0,0,127,102,0,0,0
6.4168,20268,Rest,HAZIRLANIYOR...,0,0,352,127,0,0,0
6.4169,20269,Rest,HAZIRLANIYOR...,0,0,559,149,0,3,0
6.4169,20270,Rest,HAZIRLANIYOR...,0,0,745,168,0,0,0
6.4169,20271,Rest,HAZIRLANIYOR...,0,0,906,184,0,0,3
6.4169,20272,Rest,HAZIRLANIYOR...,0,0,1040,194,0,1,6
6.4170,20273,Rest,HAZIRLANIYOR...,0,0,1144,195,0,9,4
6.4170,20274,Rest,HAZIRLANIYOR...,0,0,1218,187,0,14,3
6.4170,20275,Rest,HAZIRLANIYOR...,0,0,1260,169,0,13,2
6.4170,20276,Rest,HAZIRLANIYOR...,0,0,1272,147,0,7,1
6.4170,20277,Rest,HAZIRLANIYOR...,0,0,1249,122,26,5,0
6.4170,20278,Rest,HAZIRLANIYOR...,0,0,1191,91,121,8,1
6.4171,20279,Rest,HAZIRLANIYOR...,0,0,1097,55,205,12,4
6.4171,20280,Rest,HAZIRLANIYOR...,0,0,967,19,282,12,10
6.4171,20281,Rest,HAZIRLANIYOR...,0,0,796,0,360,9,15
6.4171,20282,Rest,HAZIRLANIYOR...,0,0,585,0,453,8,10
6.4172,20283,Rest,HAZIRLANIYOR...,0,0,342,0,558,8,0
6.4173,20284,Rest,HAZIRLANIYOR...,0,107,79,0,650,9,0
6.4314,20285,Rest,HAZIRLANIYOR...,0,216,0,0,721,7,0
6.4315,20286,Rest,HAZIRLANIYOR...,0,320,0,0,775,5,6
6.4315,20287,Rest,HAZIRLANIYOR...,0,418,0,0,801,3,5
6.4315,20288,Rest,HAZIRLANIYOR...,0,504,0,0,780,0,0
6.4315,20289,Rest,HAZIRLANIYOR...,0,571,0,0,728,0,0
6.4316,20290,Rest,HAZIRLANIYOR...,0,618,0,0,678,0,0
6.4316,20291,Rest,HAZIRLANIYOR...,0,646,0,0,638,0,1
6.4316,20292,Rest,HAZIRLANIYOR...,0,655,0,0,582,0,1
6.4316,20293,Rest,HAZIRLANIYOR...,0,643,0,0,481,0,0
6.4316,20294,Rest,HAZIRLANIYOR...,0,609,0,0,334,0,0
6.4316,20295,Rest,HAZIRLANIYOR...,0,556,0,0,160,0,0
6.4316,20296,Rest,HAZIRLANIYOR...,0,487,0,0,0,0,0
6.4317,20297,Rest,HAZIRLANIYOR...,0,406,0,0,0,0,0
6.4317,20298,Rest,HAZIRLANIYOR...,0,315,0,0,0,0,0
6.4317,20299,Rest,HAZIRLANIYOR...,0,216,0,13,0,0,0
6.4317,20300,Rest,HAZIRLANIYOR...,0,112,0,42,0,0,0
6.4317,20301,Rest,HAZIRLANIYOR...,0,4,0,71,0,0,0
6.4317,20302,Rest,HAZIRLANIYOR...,0,0,23,97,0,0,0
6.4318,20303,Rest,HAZIRLANIYOR...,0,0,251,120,0,0,0
6.4318,20304,Rest,HAZIRLANIYOR...,0,0,468,141,0,0,0
6.4318,20305,Rest,HAZIRLANIYOR...,0,0,668,161,0,0,0
6.4318,20306,Rest,HAZIRLANIYOR...,0,0,847,178,0,0,0
6.4318,20307,Rest,HAZIRLANIYOR...,0,0,999,187,0,2,0
6.4318,20308,Rest,HAZIRLANIYOR...,0,0,1118,191,0,4,0
6.4319,20309,Rest,HAZIRLANIYOR...,0,0,1206,190,0,6,0
6.4319,20310,Rest,HAZIRLANIYOR...,0,0,1265,182,0,8,1
6.4467,20311,Rest,HAZIRLANIYOR...,0,0,1296,162,0,10,3
6.4468,20312,Rest,HAZIRLANIYOR...,0,0,1295,133,0,15,5
6.4468,20313,Rest,HAZIRLANIYOR...,0,0,1255,101,60,19,5
6.4469,20314,Rest,HAZIRLANIYOR...,0,0,1175,72,147,13,3
6.4469,20315,Rest,HAZIRLANIYOR...,0,0,1058,43,228,4,2
6.4469,20316,Rest,HAZIRLANIYOR...,0,0,904,12,309,1,1
6.4469,20317,Rest,HAZIRLANIYOR...,0,0,713,0,399,4,2
6.4470,20318,Rest,HAZIRLANIYOR...,0,0,485,0,508,7,2
6.4470,20319,Rest,HAZIRLANIYOR...,0,30,229,0,626,8,2
6.4470,20320,Rest,HAZIRLANIYOR...,0,151,0,0,730,6,2
6.4470,20321,Rest,HAZIRLANIYOR...,0,267,0,0,801,5,1
6.4470,20322,Rest,HAZIRLANIYOR...,0,375,0,0,836,5,2
6.4470,20323,Rest,HAZIRLANIYOR...,0,473,0,0,841,8,6
6.4470,20324,Rest,HAZIRLANIYOR...,0,557,0,0,825,9,9
6.4471,20325,Rest,HAZIRLANIYOR...,0,623,0,0,809,7,2
6.4471,20326,Rest,HAZIRLANIYOR...,0,668,0,0,788,3,0
6.4471,20327,Rest,HAZIRLANIYOR...,0,695,0,0,713,0,0
6.4471,20328,Rest,HAZIRLANIYOR...,0,702,0,0,546,0,0
6.4471,20329,Rest,HAZIRLANIYOR...,0,686,0,0,329,0,0
6.4471,20330,Rest,HAZIRLANIYOR...,0,644,0,0,125,0,0
6.4471,20331,Rest,HAZIRLANIYOR...,0,580,0,0,0,0,0
6.4471,20332,Rest,HAZIRLANIYOR...,0,498,0,0,0,0,0
6.4472,20333,Rest,HAZIRLANIYOR...,0,403,0,0,0,0,0
6.4472,20334,Rest,HAZIRLANIYOR...,0,298,0,0,0,0,0
6.4472,20335,Rest,HAZIRLANIYOR...,0,187,0,28,0,0,0
6.4472,20336,Rest,HAZIRLANIYOR...,0,72,0,54,0,0,0
6.4473,20337,Rest,HAZIRLANIYOR...,0,0,0,79,0,0,0
6.4619,20338,Rest,HAZIRLANIYOR...,0,0,171,104,0,0,4
6.4620,20339,Rest,HAZIRLANIYOR...,0,0,392,129,0,0,10
6.4620,20340,Rest,HAZIRLANIYOR...,0,0,598,152,0,0,11
6.4620,20341,Rest,HAZIRLANIYOR...,0,0,783,174,0,0,5
6.4620,20342,Rest,HAZIRLANIYOR...,0,0,944,193,0,1,0
6.4621,20343,Rest,HAZIRLANIYOR...,0,0,1077,203,0,4,0
6.4621,20344,Rest,HAZIRLANIYOR...,0,0,1174,203,0,8,0
6.4621,20345,Rest,HAZIRLANIYOR...,0,0,1239,196,0,15,1
6.4621,20346,Rest,HAZIRLANIYOR...,0,0,1279,182,0,18,1
6.4621,20347,Rest,HAZIRLANIYOR...,0,0,1290,160,0,14,1
6.4621,20348,Rest,HAZIRLANIYOR...,0,0,1266,129,20,8,1
6.4622,20349,Rest,HAZIRLANIYOR...,0,0,1203,93,109,7,0
6.4622,20350,Rest,HAZIRLANIYOR...,0,0,1100,57,187,7,0
6.4622,20351,Rest,HAZIRLANIYOR...,0,0,962,25,264,4,0
6.4622,20352,Rest,HAZIRLANIYOR...,0,0,790,0,352,4,1
6.4622,20353,Rest,HAZIRLANIYOR...,0,0,585,0,460,6,2
6.4622,20354,Rest,HAZIRLANIYOR...,0,0,344,0,587,8,1
6.4623,20355,Rest,HAZIRLANIYOR...,0,43,68,0,705,9,0
6.4623,20356,Rest,HAZIRLANIYOR...,0,153,0,0,793,9,0
6.4623,20357,Rest,HAZIRLANIYOR...,0,260,0,0,848,9,2
6.4623,20358,Rest,HAZIRLANIYOR...,0,365,0,0,872,7,5
6.4623,20359,Rest,HAZIRLANIYOR...,0,457,0,0,868,3,4
6.4623,20360,Rest,HAZIRLANIYOR...,0,529,0,0,850,1,4
6.4623,20361,Rest,HAZIRLANIYOR...,0,580,0,0,824,0,8
6.4624,20362,Rest,HAZIRLANIYOR...,0,615,0,0,756,0,10
6.4624,20363,Rest,HAZIRLANIYOR...,0,633,0,0,613,0,2
6.4624,20364,Rest,HAZIRLANIYOR...,0,629,0,0,413,0,0
6.4773,20365,Rest,HAZIRLANIYOR...,0,599,0,0,210,0,0
6.4774,20366,Rest,HAZIRLANIYOR...,0,547,0,0,29,0,0
6.4774,20367,Rest,HAZIRLANIYOR...,0,475,0,0,0,0,3
6.4775,20368,Rest,HAZIRLANIYOR...,0,389,0,0,0,0,4
6.4775,20369,Rest,HAZIRLANIYOR...,0,291,0,0,0,0,0
6.4775,20370,Rest,HAZIRLANIYOR...,0,187,0,0,0,0,0
6.4775,20371,Rest,HAZIRLANIYOR...,0,81,0,29,0,0,0
6.4775,20372,Rest,HAZIRLANIYOR...,0,0,0,59,0,0,5
6.4775,20373,Rest,HAZIRLANIYOR...,0,0,67,88,0,0,1
6.4775,20374,Rest,HAZIRLANIYOR...,0,0,292,115,0,0,0
6.4775,20375,Rest,HAZIRLANIYOR...,0,0,507,141,0,0,0
6.4776,20376,Rest,HAZIRLANIYOR...,0,0,701,163,0,0,0
6.4776,20377,Rest,HAZIRLANIYOR...,0,0,872,181,0,1,0
6.4776,20378,Rest,HAZIRLANIYOR...,0,0,1014,196,0,5,0
6.4776,20379,Rest,HAZIRLANIYOR...,0,0,1126,203,0,8,0
6.4776,20380,Rest,HAZIRLANIYOR...,0,0,1207,199,0,10,0
6.4776,20381,Rest,HAZIRLANIYOR...,0,0,1259,186,0,6,0
6.4776,20382,Rest,HAZIRLANIYOR...,0,0,1284,164,0,0,1
6.4776,20383,Rest,HAZIRLANIYOR...,0,0,1279,138,0,3,3
6.4777,20384,Rest,HAZIRLANIYOR...,0,0,1238,110,83,9,2
6.4777,20385,Rest,HAZIRLANIYOR...,0,0,1157,78,163,12,1
6.4777,20386,Rest,HAZIRLANIYOR...,0,0,1037,45,237,15,1
6.4778,20387,Rest,HAZIRLANIYOR...,0,0,880,12,310,19,1
6.4778,20388,Rest,HAZIRLANIYOR...,0,0,687,0,394,16,3
6.4778,20389,Rest,HAZIRLANIYOR...,0,0,459,0,502,6,4
6.4778,20390,Rest,HAZIRLANIYOR...,0,70,205,0,625,0,5
6.4779,20391,Rest,HAZIRLANIYOR...,0,176,0,0,738,3,8
6.4935,20392,Rest,HAZIRLANIYOR...,0,278,0,0,814,6,9
6.4936,20393,Rest,HAZIRLANIYOR...,0,377,0,0,849,3,2
6.4936,20394,Rest,HAZIRLANIYOR...,0,470,0,0,849,0,0
6.4936,20395,Rest,HAZIRLANIYOR...,0,547,0,0,833,0,0
6.4936,20396,Rest,HAZIRLANIYOR...,0,604,0,0,813,0,0
6.4937,20397,Rest,HAZIRLANIYOR...,0,639,0,0,769,4,1
6.4937,20398,Rest,HAZIRLANIYOR...,0,653,0,0,662,1,0
6.4937,20399,Rest,HAZIRLANIYOR...,0,646,0,0,489,0,0
6.4937,20400,Rest,HAZIRLANIYOR...,0,617,0,0,290,0,0
6.4937,20401,Rest,HAZIRLANIYOR...,0,568,0,0,101,0,2
6.4938,20402,Rest,HAZIRLANIYOR...,0,500,0,0,0,0,0
6.4938,20403,Rest,HAZIRLANIYOR...,0,413,0,0,0,0,0
6.4938,20404,Rest,HAZIRLANIYOR...,0,312,0,0,0,0,0
6.4938,20405,Rest,HAZIRLANIYOR...,0,201,0,0,0,0,0
6.4938,20406,Rest,HAZIRLANIYOR...,0,86,0,27,0,0,0
6.4939,20407,Rest,HAZIRLANIYOR...,0,0,0,54,0,0,0
6.4939,20408,Rest,HAZIRLANIYOR...,0,0,0,81,0,0,0
6.4939,20409,Rest,HAZIRLANIYOR...,0,0,179,107,0,0,0
6.4939,20410,Rest,HAZIRLANIYOR...,0,0,397,132,0,0,0
6.4939,20411,Rest,HAZIRLANIYOR...,0,0,599,156,0,0,0
6.4939,20412,Rest,HAZIRLANIYOR...,0,0,779,176,0,3,0
6.4940,20413,Rest,HAZIRLANIYOR...,0,0,934,192,0,8,0
6.4940,20414,Rest,HAZIRLANIYOR...,0,0,1061,201,0,9,5
6.4940,20415,Rest,HAZIRLANIYOR...,0,0,1158,202,0,11,10
6.4940,20416,Rest,HAZIRLANIYOR...,0,0,1224,194,0,17,6
6.4940,20417,Rest,HAZIRLANIYOR...,0,0,1261,176,0,20,0
6.4940,20418,Rest,HAZIRLANIYOR...,0,0,1270,152,0,11,0
6.4940,20419,Rest,HAZIRLANIYOR...,0,0,1246,122,48,0,4
6.4941,20420,Rest,HAZIRLANIYOR...,0,0,1185,88,131,0,12
6.5088,20421,Rest,HAZIRLANIYOR...,0,0,1088,54,206,8,12
6.5090,20422,Rest,HAZIRLANIYOR...,0,0,956,22,279,11,6
6.5090,20423,Rest,HAZIRLANIYOR...,0,0,787,0,358,9,4
6.5090,20424,Rest,HAZIRLANIYOR...,0,0,579,0,451,5,8
6.5090,20425,Rest,HAZIRLANIYOR...,0,0,336,0,564,5,6
6.5090,20426,Rest,HAZIRLANIYOR...,0,102,67,0,679,9,0
6.5091,20427,Rest,HAZIRLANIYOR...,0,218,0,0,766,17,0
6.5091,20428,Rest,HAZIRLANIYOR...,0,328,0,0,816,24,0
6.5091,20429,Rest,HAZIRLANIYOR...,0,430,0,0,834,20,0
6.5091,20430,Rest,HAZIRLANIYOR...,0,522,0,0,827,3,0
6.5091,20431,Rest,HAZIRLANIYOR...,0,596,0,0,802,0,0
6.5092,20432,Rest,HAZIRLANIYOR...,0,651,0,0,766,0,0
6.5092,20433,Rest,HAZIRLANIYOR...,0,685,0,0,695,0,1
6.5092,20434,Rest,HAZIRLANIYOR...,0,697,0,0,558,0,0
6.5092,20435,Rest,HAZIRLANIYOR...,0,687,0,0,369,0,0
6.5092,20436,Rest,HAZIRLANIYOR...,0,655,0,0,173,0,0
6.5092,20437,Rest,HAZIRLANIYOR...,0,600,0,0,0,0,0
6.5092,20438,Rest,HAZIRLANIYOR...,0,526,0,0,0,0,0
6.5093,20439,Rest,HAZIRLANIYOR...,0,443,0,0,0,0,0
6.5093,20440,Rest,HAZIRLANIYOR...,0,352,0,0,0,0,0
6.5093,20441,Rest,HAZIRLANIYOR...,0,252,0,8,0,0,0
6.5093,20442,Rest,HAZIRLANIYOR...,0,146,0,38,0,0,0
6.5093,20443,Rest,HAZIRLANIYOR...,0,38,0,67,0,0,0
6.5093,20444,Rest,HAZIRLANIYOR...,0,0,71,96,0,0,0
6.5093,20445,Rest,HAZIRLANIYOR...,0,0,290,123,0,0,0
6.5093,20446,Rest,HAZIRLANIYOR...,0,0,499,149,0,3,3
6.5094,20447,Rest,HAZIRLANIYOR...,0,0,688,171,0,0,9
6.5241,20448,Rest,HAZIRLANIYOR...,0,0,853,188,0,1,2
6.5242,20449,Rest,HAZIRLANIYOR...,0,0,991,200,0,6,0
6.5242,20450,Rest,HAZIRLANIYOR...,0,0,1100,205,0,7,0
6.5242,20451,Rest,HAZIRLANIYOR...,0,0,1179,202,0,2,6
6.5242,20452,Rest,HAZIRLANIYOR...,0,0,1228,190,0,2,16
6.5243,20453,Rest,HAZIRLANIYOR...,0,0,1250,168,0,6,13
6.5243,20454,Rest,HAZIRLANIYOR...,0,0,1243,139,15,9,5
6.5243,20455,Rest,HAZIRLANIYOR...,0,0,1203,109,105,9,0
6.5243,20456,Rest,HAZIRLANIYOR...,0,0,1126,77,182,7,0
6.5243,20457,Rest,HAZIRLANIYOR...,0,0,1011,44,254,6,0
6.5243,20458,Rest,HAZIRLANIYOR...,0,0,860,11,328,6,0
6.5244,20459,Rest,HAZIRLANIYOR...,0,0,670,0,412,7,0
6.5244,20460,Rest,HAZIRLANIYOR...,0,0,443,0,512,7,0
6.5244,20461,Rest,HAZIRLANIYOR...,0,43,184,0,621,8,0
6.5244,20462,Rest,HAZIRLANIYOR...,0,149,0,0,716,8,1
6.5245,20463,Rest,HAZIRLANIYOR...,0,255,0,0,779,7,3
6.5245,20464,Rest,HAZIRLANIYOR...,0,354,0,0,807,4,3
6.5245,20465,Rest,HAZIRLANIYOR...,0,441,0,0,804,0,1
6.5245,20466,Rest,HAZIRLANIYOR...,0,515,0,0,784,0,2
6.5245,20467,Rest,HAZIRLANIYOR...,0,574,0,0,766,0,8
6.5245,20468,Rest,HAZIRLANIYOR...,0,614,0,0,740,0,11
6.5245,20469,Rest,HAZIRLANIYOR...,0,633,0,0,663,0,2
6.5245,20470,Rest,HAZIRLANIYOR...,0,634,0,0,509,0,0
6.5246,20471,Rest,HAZIRLANIYOR...,0,615,0,0,307,0,0
6.5246,20472,Rest,HAZIRLANIYOR...,0,574,0,0,107,0,0
6.5246,20473,Rest,HAZIRLANIYOR...,0,513,0,0,0,0,0
6.5247,20474,Rest,HAZIRLANIYOR...,0,435,0,0,0,0,0
6.5400,20475,Rest,HAZIRLANIYOR...,0,346,0,0,0,0,0
6.5400,20476,Rest,HAZIRLANIYOR...,0,244,0,0,0,0,0
6.5401,20477,Rest,HAZIRLANIYOR...,0,136,0,24,0,0,0
6.5401,20478,Rest,HAZIRLANIYOR...,0,27,0,52,0,0,0
6.5402,20479,Rest,HAZIRLANIYOR...,0,0,0,79,0,0,0
6.5402,20480,Rest,HAZIRLANIYOR...,0,0,198,105,0,0,0
6.5402,20481,Rest,HAZIRLANIYOR...,0,0,415,128,0,0,0
6.5402,20482,Rest,HAZIRLANIYOR...,0,0,619,150,0,0,0
6.5403,20483,Rest,HAZIRLANIYOR...,0,0,800,172,0,0,1
6.5403,20484,Rest,HAZIRLANIYOR...,0,0,952,190,0,1,1
6.5403,20485,Rest,HAZIRLANIYOR...,0,0,1074,198,0,4,0
6.5403,20486,Rest,HAZIRLANIYOR...,0,0,1167,197,0,4,1
6.5403,20487,Rest,HAZIRLANIYOR...,0,0,1229,190,0,2,1
6.5404,20488,Rest,HAZIRLANIYOR...,0,0,1262,172,0,3,1
6.5404,20489,Rest,HAZIRLANIYOR...,0,0,1265,145,0,7,7
6.5404,20490,Rest,HAZIRLANIYOR...,0,0,1238,114,70,9,16
6.5404,20491,Rest,HAZIRLANIYOR...,0,0,1177,85,153,8,17
6.5404,20492,Rest,HAZIRLANIYOR...,0,0,1077,56,227,6,8
6.5405,20493,Rest,HAZIRLANIYOR...,0,0,940,24,299,5,0
6.5405,20494,Rest,HAZIRLANIYOR...,0,0,768,0,375,7,0
6.5405,20495,Rest,HAZIRLANIYOR...,0,0,562,0,460,9,0
6.5405,20496,Rest,HAZIRLANIYOR...,0,0,322,0,553,10,0
6.5406,20497,Rest,HAZIRLANIYOR...,0,33,56,0,643,10,1
6.5406,20498,Rest,HAZIRLANIYOR...,0,132,0,0,714,9,0
6.5406,20499,Rest,HAZIRLANIYOR...,0,227,0,0,756,7,0
6.5407,20500,Rest,HAZIRLANIYOR...,0,318,0,0,767,5,0
6.5407,20501,Rest,HAZIRLANIYOR...,0,399,0,0,744,2,0
6.5409,20502,Rest,HAZIRLANIYOR...,0,463,0,0,700,2,0
6.5409,20503,Rest,HAZIRLANIYOR...,0,507,0,0,662,4,1
6.5559,20504,Rest,HAZIRLANIYOR...,0,533,0,0,630,2,0
6.5560,20505,Rest,HAZIRLANIYOR...,0,543,0,0,563,0,0
6.5560,20506,Rest,HAZIRLANIYOR...,0,535,0,0,438,0,0
6.5560,20507,Rest,HAZIRLANIYOR...,0,508,0,0,273,0,0
6.5560,20508,Rest,HAZIRLANIYOR...,0,464,0,0,106,0,0
6.5561,20509,Rest,HAZIRLANIYOR...,0,404,0,0,0,0,0
6.5561,20510,Rest,HAZIRLANIYOR...,0,331,0,0,0,0,0
6.5561,20511,Rest,HAZIRLANIYOR...,0,248,0,0,0,0,0
6.5561,20512,Rest,HAZIRLANIYOR...,0,158,0,15,0,0,0
6.5561,20513,Rest,HAZIRLANIYOR...,0,66,0,41,0,0,0
6.5562,20514,Rest,HAZIRLANIYOR...,0,0,0,67,0,0,0
6.5562,20515,Rest,HAZIRLANIYOR...,0,0,41,93,0,0,0
6.5562,20516,Rest,HAZIRLANIYOR...,0,0,267,119,0,0,0
6.5562,20517,Rest,HAZIRLANIYOR...,0,0,484,142,0,0,1
6.5562,20518,Rest,HAZIRLANIYOR...,0,0,682,161,0,0,1
6.5562,20519,Rest,HAZIRLANIYOR...,0,0,854,175,0,1,1
6.5563,20520,Rest,HAZIRLANIYOR...,0,0,993,183,0,3,0
6.5563,20521,Rest,HAZIRLANIYOR...,0,0,1103,186,0,6,0
6.5563,20522,Rest,HAZIRLANIYOR...,0,0,1187,184,0,8,2
6.5563,20523,Rest,HAZIRLANIYOR...,0,0,1244,172,0,10,8
6.5564,20524,Rest,HAZIRLANIYOR...,0,0,1271,152,0,11,7
6.5564,20525,Rest,HAZIRLANIYOR...,0,0,1263,124,6,12,3
6.5564,20526,Rest,HAZIRLANIYOR...,0,0,1216,91,98,11,2
6.5564,20527,Rest,HAZIRLANIYOR...,0,0,1131,58,179,11,4
6.5564,20528,Rest,HAZIRLANIYOR...,0,0,1011,27,255,11,5
6.5564,20529,Rest,HAZIRLANIYOR...,0,0,857,0,331,10,4
6.5565,20530,Rest,HAZIRLANIYOR...,0,0,665,0,412,9,8
6.5565,20531,Rest,HAZIRLANIYOR...,0,20,438,0,506,8,12
6.5719,20532,Rest,HAZIRLANIYOR...,0,134,183,0,602,7,7
6.5720,20533,Rest,HAZIRLANIYOR...,0,249,0,0,684,6,0
6.5720,20534,Rest,HAZIRLANIYOR...,0,356,0,0,741,4,0
6.5720,20535,Rest,HAZIRLANIYOR...,0,453,0,0,773,3,0
6.5720,20536,Rest,HAZIRLANIYOR...,0,541,0,0,769,0,4
6.5720,20537,Rest,HAZIRLANIYOR...,0,611,0,0,725,0,6
6.5721,20538,Rest,HAZIRLANIYOR...,0,662,0,0,666,0,2
6.5721,20539,Rest,HAZIRLANIYOR...,0,694,0,0,619,0,0
6.5721,20540,Rest,HAZIRLANIYOR...,0,707,0,0,571,0,0
6.5722,20541,Rest,HAZIRLANIYOR...,0,701,0,0,487,0,0
6.5722,20542,Rest,HAZIRLANIYOR...,0,676,0,0,357,0,0
6.5722,20543,Rest,HAZIRLANIYOR...,0,631,0,0,199,0,0
6.5722,20544,Rest,HAZIRLANIYOR...,0,565,0,0,29,0,0
6.5722,20545,Rest,HAZIRLANIYOR...,0,482,0,0,0,0,0
6.5722,20546,Rest,HAZIRLANIYOR...,0,385,0,0,0,0,0
6.5722,20547,Rest,HAZIRLANIYOR...,0,278,0,5,0,0,0
6.5722,20548,Rest,HAZIRLANIYOR...,0,165,0,29,0,0,0
6.5723,20549,Rest,HAZIRLANIYOR...,0,50,0,56,0,0,0
6.5723,20550,Rest,HAZIRLANIYOR...,0,0,0,85,0,0,0
6.5723,20551,Rest,HAZIRLANIYOR...,0,0,176,111,0,0,0
6.5723,20552,Rest,HAZIRLANIYOR...,0,0,394,137,0,0,1
6.5723,20553,Rest,HAZIRLANIYOR...,0,0,598,160,0,0,0
6.5723,20554,Rest,HAZIRLANIYOR...,0,0,781,179,0,1,0
6.5723,20555,Rest,HAZIRLANIYOR...,0,0,941,192,0,2,3
6.5723,20556,Rest,HAZIRLANIYOR...,0,0,1072,200,0,3,5
6.5724,20557,Rest,HAZIRLANIYOR...,0,0,1169,203,0,4,3
6.5724,20558,Rest,HAZIRLANIYOR...,0,0,1235,198,0,7,0
6.5725,20559,Rest,HAZIRLANIYOR...,0,0,1272,180,0,9,0
6.5872,20560,Rest,HAZIRLANIYOR...,0,0,1281,154,0,11,0
6.5873,20561,Rest,HAZIRLANIYOR...,0,0,1253,124,47,12,3
6.5873,20562,Rest,HAZIRLANIYOR...,0,0,1183,91,136,11,5
6.5874,20563,Rest,HAZIRLANIYOR...,0,0,1076,57,216,9,3
6.5874,20564,Rest,HAZIRLANIYOR...,0,0,938,22,294,9,0
6.5874,20565,Rest,HAZIRLANIYOR...,0,0,763,0,376,8,0
6.5874,20566,Rest,HAZIRLANIYOR...,0,0,547,0,469,8,3
6.5874,20567,Rest,HAZIRLANIYOR...,0,0,299,0,569,8,3
6.5875,20568,Rest,HAZIRLANIYOR...,0,0,29,0,663,8,2
6.5875,20569,Rest,HAZIRLANIYOR...,0,90,0,0,737,8,1
6.5875,20570,Rest,HAZIRLANIYOR...,0,207,0,0,781,6,0
6.5875,20571,Rest,HAZIRLANIYOR...,0,312,0,0,791,3,0
6.5875,20572,Rest,HAZIRLANIYOR...,0,403,0,0,769,1,0
6.5875,20573,Rest,HAZIRLANIYOR...,0,480,0,0,727,1,0
6.5875,20574,Rest,HAZIRLANIYOR...,0,538,0,0,678,0,1
6.5876,20575,Rest,HAZIRLANIYOR...,0,575,0,0,626,0,0
6.5876,20576,Rest,HAZIRLANIYOR...,0,593,0,0,557,0,0
6.5876,20577,Rest,HAZIRLANIYOR...,0,591,0,0,449,0,0
6.5876,20578,Rest,HAZIRLANIYOR...,0,571,0,0,298,0,0
6.5876,20579,Rest,HAZIRLANIYOR...,0,533,0,0,124,0,0
6.5876,20580,Rest,HAZIRLANIYOR...,0,477,0,0,0,0,0
6.5876,20581,Rest,HAZIRLANIYOR...,0,404,0,0,0,0,0
6.5876,20582,Rest,HAZIRLANIYOR...,0,314,0,0,0,0,0
6.5877,20583,Rest,HAZIRLANIYOR...,0,216,0,14,0,0,0
6.5877,20584,Rest,HAZIRLANIYOR...,0,118,0,39,0,0,0
6.5877,20585,Rest,HAZIRLANIYOR...,0,18,0,65,0,0,0
6.5878,20586,Rest,HAZIRLANIYOR...,0,0,59,91,0,0,0
6.6025,20587,Rest,HAZIRLANIYOR...,0,0,288,115,0,0,0
6.6026,20588,Rest,HAZIRLANIYOR...,0,0,502,135,0,0,0
6.6026,20589,Rest,HAZIRLANIYOR...,0,0,699,156,0,0,0
6.6026,20590,Rest,HAZIRLANIYOR...,0,0,872,175,0,0,0
6.6026,20591,Rest,HAZIRLANIYOR...,0,0,1016,188,0,3,2
6.6027,20592,Rest,HAZIRLANIYOR...,0,0,1129,191,0,6,2
6.6027,20593,Rest,HAZIRLANIYOR...,0,0,1213,185,0,7,2
6.6027,20594,Rest,HAZIRLANIYOR...,0,0,1269,172,0,9,8
6.6027,20595,Rest,HAZIRLANIYOR...,0,0,1295,153,0,11,13
6.6027,20596,Rest,HAZIRLANIYOR...,0,0,1283,125,0,11,9
6.6027,20597,Rest,HAZIRLANIYOR...,0,0,1232,91,84,11,0
6.6027,20598,Rest,HAZIRLANIYOR...,0,0,1144,57,170,10,0
6.6027,20599,Rest,HAZIRLANIYOR...,0,0,1024,28,251,10,0
6.6028,20600,Rest,HAZIRLANIYOR...,0,0,868,1,330,11,0
6.6028,20601,Rest,HAZIRLANIYOR...,0,0,674,0,413,16,1
6.6028,20602,Rest,HAZIRLANIYOR...,0,0,443,0,510,19,0
6.6028,20603,Rest,HAZIRLANIYOR...,0,77,183,0,613,17,0
6.6028,20604,Rest,HAZIRLANIYOR...,0,186,0,0,702,9,2
6.6028,20605,Rest,HAZIRLANIYOR...,0,296,0,0,764,0,2
6.6028,20606,Rest,HAZIRLANIYOR...,0,403,0,0,794,0,1
6.6028,20607,Rest,HAZIRLANIYOR...,0,504,0,0,788,0,4
6.6029,20608,Rest,HAZIRLANIYOR...,0,586,0,0,753,0,7
6.6029,20609,Rest,HAZIRLANIYOR...,0,646,0,0,706,0,2
6.6029,20610,Rest,HAZIRLANIYOR...,0,686,0,0,663,0,0
6.6029,20611,Rest,HAZIRLANIYOR...,0,708,0,0,616,0,0
6.6029,20612,Rest,HAZIRLANIYOR...,0,711,0,0,532,0,0
6.6030,20613,Rest,HAZIRLANIYOR...,0,692,0,0,391,0,0
6.6176,20614,Rest,HAZIRLANIYOR...,0,651,0,0,214,0,0
6.6177,20615,Rest,HAZIRLANIYOR...,0,590,0,0,39,0,0
6.6177,20616,Rest,HAZIRLANIYOR...,0,515,0,0,0,0,0
6.6177,20617,Rest,HAZIRLANIYOR...,0,427,0,0,0,0,0
6.6177,20618,Rest,HAZIRLANIYOR...,0,331,0,9,0,0,0
6.6178,20619,Rest,HAZIRLANIYOR...,0,226,0,35,0,0,0
6.6178,20620,Rest,HAZIRLANIYOR...,0,117,0,61,0,0,0
6.6178,20621,Rest,HAZIRLANIYOR...,0,4,0,86,0,0,0
6.6178,20622,Rest,HAZIRLANIYOR...,0,0,166,112,0,0,0
6.6178,20623,Rest,HAZIRLANIYOR...,0,0,389,135,0,0,0
6.6178,20624,Rest,HAZIRLANIYOR...,0,0,595,156,0,0,0
6.6179,20625,Rest,HAZIRLANIYOR...,0,0,781,172,0,0,0
6.6179,20626,Rest,HAZIRLANIYOR...,0,0,943,183,0,0,0
6.6179,20627,Rest,HAZIRLANIYOR...,0,0,1076,188,0,3,2
6.6179,20628,Rest,HAZIRLANIYOR...,0,0,1175,186,0,8,1
6.6179,20629,Rest,HAZIRLANIYOR...,0,0,1244,177,0,11,5
6.6179,20630,Rest,HAZIRLANIYOR...,0,0,1287,160,0,10,11
6.6179,20631,Rest,HAZIRLANIYOR...,0,0,1298,134,0,7,9
6.6179,20632,Rest,HAZIRLANIYOR...,0,0,1269,105,24,6,0
6.6180,20633,Rest,HAZIRLANIYOR...,0,0,1200,75,115,7,0
6.6180,20634,Rest,HAZIRLANIYOR...,0,0,1098,44,197,8,0
6.6180,20635,Rest,HAZIRLANIYOR...,0,0,959,12,277,6,3
6.6180,20636,Rest,HAZIRLANIYOR...,0,0,778,0,360,4,2
6.6180,20637,Rest,HAZIRLANIYOR...,0,0,558,0,454,5,1
6.6180,20638,Rest,HAZIRLANIYOR...,0,0,305,0,557,7,3
6.6180,20639,Rest,HAZIRLANIYOR...,0,0,33,0,652,8,9
6.6181,20640,Rest,HAZIRLANIYOR...,0,103,0,0,724,7,11
6.6329,20641,Rest,HAZIRLANIYOR...,0,208,0,0,769,5,2
6.6330,20642,Rest,HAZIRLANIYOR...,0,304,0,0,782,3,0
6.6330,20643,Rest,HAZIRLANIYOR...,0,389,0,0,760,0,0
6.6330,20644,Rest,HAZIRLANIYOR...,0,461,0,0,721,0,0
6.6330,20645,Rest,HAZIRLANIYOR...,0,514,0,0,686,0,0
6.6331,20646,Rest,HAZIRLANIYOR...,0,548,0,0,649,0,0
6.6331,20647,Rest,HAZIRLANIYOR...,0,564,0,0,576,0,0
6.6331,20648,Rest,HAZIRLANIYOR...,0,566,0,0,455,0,0
6.6331,20649,Rest,HAZIRLANIYOR...,0,549,0,0,302,0,0
6.6331,20650,Rest,HAZIRLANIYOR...,0,508,0,0,137,0,0
6.6332,20651,Rest,HAZIRLANIYOR...,0,446,0,0,0,0,0
6.6332,20652,Rest,HAZIRLANIYOR...,0,370,0,0,0,0,0
6.6332,20653,Rest,HAZIRLANIYOR...,0,283,0,0,0,0,0
6.6332,20654,Rest,HAZIRLANIYOR...,0,186,0,11,0,0,0
6.6332,20655,Rest,HAZIRLANIYOR...,0,82,0,40,0,0,0
6.6332,20656,Rest,HAZIRLANIYOR...,0,0,0,67,0,0,0
6.6332,20657,Rest,HAZIRLANIYOR...,0,0,45,92,0,0,0
6.6333,20658,Rest,HAZIRLANIYOR...,0,0,273,118,0,3,6
6.6333,20659,Rest,HAZIRLANIYOR...,0,0,492,142,0,3,10
6.6333,20660,Rest,HAZIRLANIYOR...,0,0,691,161,0,0,4
6.6333,20661,Rest,HAZIRLANIYOR...,0,0,864,176,0,0,0
6.6333,20662,Rest,HAZIRLANIYOR...,0,0,1009,187,0,0,0
6.6333,20663,Rest,HAZIRLANIYOR...,0,0,1126,192,0,0,1
6.6333,20664,Rest,HAZIRLANIYOR...,0,0,1213,188,0,2,5
6.6333,20665,Rest,HAZIRLANIYOR...,0,0,1269,176,0,7,3
6.6333,20666,Rest,HAZIRLANIYOR...,0,0,1296,157,0,10,0
6.6334,20667,Rest,HAZIRLANIYOR...,0,0,1288,130,0,10,0
6.6487,20668,Rest,HAZIRLANIYOR...,0,0,1241,98,70,9,1
6.6488,20669,Rest,HAZIRLANIYOR...,0,0,1156,64,155,6,5
6.6489,20670,Rest,HAZIRLANIYOR...,0,0,1036,28,240,5,5
6.6489,20671,Rest,HAZIRLANIYOR...,0,0,881,0,323,7,3
6.6489,20672,Rest,HAZIRLANIYOR...,0,0,688,0,403,9,0
6.6489,20673,Rest,HAZIRLANIYOR...,0,0,455,0,493,12,0
6.6489,20674,Rest,HAZIRLANIYOR...,0,59,192,0,593,13,0
6.6489,20675,Rest,HAZIRLANIYOR...,0,171,0,0,686,7,3
6.6489,20676,Rest,HAZIRLANIYOR...,0,282,0,0,750,1,5
6.6490,20677,Rest,HAZIRLANIYOR...,0,388,0,0,779,0,4
6.6490,20678,Rest,HAZIRLANIYOR...,0,482,0,0,774,2,3
6.6490,20679,Rest,HAZIRLANIYOR...,0,556,0,0,741,1,3
6.6490,20680,Rest,HAZIRLANIYOR...,0,612,0,0,696,0,4
6.6490,20681,Rest,HAZIRLANIYOR...,0,652,0,0,653,0,6
6.6491,20682,Rest,HAZIRLANIYOR...,0,674,0,0,600,0,2
6.6491,20683,Rest,HAZIRLANIYOR...,0,678,0,0,513,3,0
6.6491,20684,Rest,HAZIRLANIYOR...,0,664,0,0,382,7,0
6.6491,20685,Rest,HAZIRLANIYOR...,0,631,0,0,218,0,0
6.6491,20686,Rest,HAZIRLANIYOR...,0,577,0,0,45,0,0
6.6491,20687,Rest,HAZIRLANIYOR...,0,506,0,0,0,0,0
6.6491,20688,Rest,HAZIRLANIYOR...,0,420,0,0,0,0,0
6.6491,20689,Rest,HAZIRLANIYOR...,0,322,0,12,0,1,0
6.6492,20690,Rest,HAZIRLANIYOR...,0,211,0,37,0,0,0
6.6492,20691,Rest,HAZIRLANIYOR...,0,94,0,63,0,0,0
6.6492,20692,Rest,HAZIRLANIYOR...,0,0,0,87,0,0,0
6.6493,20693,Rest,HAZIRLANIYOR...,0,0,164,110,0,0,0
6.6493,20694,Rest,HAZIRLANIYOR...,0,0,387,131,0,0,0
6.6494,20695,Rest,HAZIRLANIYOR...,0,0,596,150,0,0,0
6.6638,20696,Rest,HAZIRLANIYOR...,0,0,784,168,0,0,0
6.6640,20697,Rest,HAZIRLANIYOR...,0,0,942,182,0,5,3
6.6640,20698,Rest,HAZIRLANIYOR...,0,0,1070,189,0,0,3
6.6640,20699,Rest,HAZIRLANIYOR...,0,0,1168,189,0,0,0
6.6640,20700,Rest,HAZIRLANIYOR...,0,0,1237,181,0,0,0
6.6640,20701,Rest,HAZIRLANIYOR...,0,0,1277,160,0,7,2
6.6640,20702,Rest,HAZIRLANIYOR...,0,0,1283,129,0,12,4
6.6641,20703,Rest,HAZIRLANIYOR...,0,0,1251,97,28,8,9
6.6641,20704,Rest,HAZIRLANIYOR...,0,0,1180,69,115,4,19
6.6641,20705,Rest,HAZIRLANIYOR...,0,0,1071,42,194,5,18
6.6641,20706,Rest,HAZIRLANIYOR...,0,0,927,9,272,7,3
6.6641,20707,Rest,HAZIRLANIYOR...,0,0,749,0,354,8,0
6.6642,20708,Rest,HAZIRLANIYOR...,0,0,536,0,447,8,0
6.6642,20709,Rest,HAZIRLANIYOR...,0,0,291,0,549,7,5
6.6642,20710,Rest,HAZIRLANIYOR...,0,5,25,0,645,7,8
6.6642,20711,Rest,HAZIRLANIYOR...,0,124,0,0,719,7,0
6.6642,20712,Rest,HAZIRLANIYOR...,0,241,0,0,762,7,0
6.6642,20713,Rest,HAZIRLANIYOR...,0,353,0,0,770,4,0
6.6642,20714,Rest,HAZIRLANIYOR...,0,457,0,0,747,2,0
6.6642,20715,Rest,HAZIRLANIYOR...,0,544,0,0,705,0,0
6.6643,20716,Rest,HAZIRLANIYOR...,0,607,0,0,664,0,0
6.6643,20717,Rest,HAZIRLANIYOR...,0,645,0,0,624,0,0
6.6643,20718,Rest,HAZIRLANIYOR...,0,666,0,0,559,0,0
6.6643,20719,Rest,HAZIRLANIYOR...,0,669,0,0,451,0,0
6.6643,20720,Rest,HAZIRLANIYOR...,0,653,0,0,307,0,0
6.6644,20721,Rest,HAZIRLANIYOR...,0,616,0,0,144,0,0
6.6644,20722,Rest,HAZIRLANIYOR...,0,559,0,0,0,0,0
6.6791,20723,Rest,HAZIRLANIYOR...,0,483,0,0,0,0,4
6.6792,20724,Rest,HAZIRLANIYOR...,0,391,0,0,0,0,0
6.6792,20725,Rest,HAZIRLANIYOR...,0,291,0,25,0,0,0
6.6792,20726,Rest,HAZIRLANIYOR...,0,189,0,50,0,0,0
6.6792,20727,Rest,HAZIRLANIYOR...,0,84,0,74,0,0,0
6.6793,20728,Rest,HAZIRLANIYOR...,0,0,69,97,0,0,2
6.6793,20729,Rest,HAZIRLANIYOR...,0,0,295,118,0,0,0
6.6793,20730,Rest,HAZIRLANIYOR...,0,0,506,139,0,0,0
6.6794,20731,Rest,HAZIRLANIYOR...,0,0,701,158,0,1,0
6.6794,20732,Rest,HAZIRLANIYOR...,0,0,874,170,0,5,2
6.6794,20733,Rest,HAZIRLANIYOR...,0,0,1018,177,0,7,4
6.6794,20734,Rest,HAZIRLANIYOR...,0,0,1128,178,0,9,8
6.6794,20735,Rest,HAZIRLANIYOR...,0,0,1206,171,0,9,12
6.6794,20736,Rest,HAZIRLANIYOR...,0,0,1256,157,0,6,6
6.6794,20737,Rest,HAZIRLANIYOR...,0,0,1279,137,0,6,0
6.6794,20738,Rest,HAZIRLANIYOR...,0,0,1269,112,0,9,0
6.6795,20739,Rest,HAZIRLANIYOR...,0,0,1220,84,75,13,0
6.6795,20740,Rest,HAZIRLANIYOR...,0,0,1133,51,157,15,0
6.6795,20741,Rest,HAZIRLANIYOR...,0,0,1010,16,235,15,0
6.6795,20742,Rest,HAZIRLANIYOR...,0,0,852,0,314,13,0
6.6795,20743,Rest,HAZIRLANIYOR...,0,0,656,0,401,11,5
6.6795,20744,Rest,HAZIRLANIYOR...,0,0,423,0,498,11,14
6.6795,20745,Rest,HAZIRLANIYOR...,0,20,162,0,596,9,10
6.6796,20746,Rest,HAZIRLANIYOR...,0,125,0,0,678,8,2
6.6796,20747,Rest,HAZIRLANIYOR...,0,227,0,0,737,6,5
6.6796,20748,Rest,HAZIRLANIYOR...,0,325,0,0,767,7,10
6.6797,20749,Rest,HAZIRLANIYOR...,0,412,0,0,763,7,2
6.6943,20750,Rest,HAZIRLANIYOR...,0,481,0,0,728,0,0
6.6943,20751,Rest,HAZIRLANIYOR...,0,531,0,0,684,0,0
6.6943,20752,Rest,HAZIRLANIYOR...,0,563,0,0,644,0,2
6.6943,20753,Rest,HAZIRLANIYOR...,0,578,0,0,590,0,11
6.6943,20754,Rest,HAZIRLANIYOR...,0,574,0,0,498,0,4
6.6944,20755,Rest,HAZIRLANIYOR...,0,552,0,0,362,0,0
6.6944,20756,Rest,HAZIRLANIYOR...,0,514,0,0,198,0,0
6.6944,20757,Rest,HAZIRLANIYOR...,0,461,0,0,27,0,0
6.6944,20758,Rest,HAZIRLANIYOR...,0,391,0,0,0,0,0
6.6944,20759,Rest,HAZIRLANIYOR...,0,307,0,0,0,0,0
6.6944,20760,Rest,HAZIRLANIYOR...,0,215,0,19,0,0,0
6.6944,20761,Rest,HAZIRLANIYOR...,0,119,0,46,0,0,4
6.6945,20762,Rest,HAZIRLANIYOR...,0,19,0,71,0,0,12
6.6945,20763,Rest,HAZIRLANIYOR...,0,0,0,95,0,0,6
6.6945,20764,Rest,HAZIRLANIYOR...,0,0,173,117,0,0,0
6.6945,20765,Rest,HAZIRLANIYOR...,0,0,392,139,0,0,0
6.6945,20766,Rest,HAZIRLANIYOR...,0,0,598,160,0,5,0
6.6946,20767,Rest,HAZIRLANIYOR...,0,0,784,178,0,5,0
6.6946,20768,Rest,HAZIRLANIYOR...,0,0,942,191,0,0,0
6.6946,20769,Rest,HAZIRLANIYOR...,0,0,1069,196,0,0,0
6.6946,20770,Rest,HAZIRLANIYOR...,0,0,1166,194,0,4,0
6.6946,20771,Rest,HAZIRLANIYOR...,0,0,1235,183,0,8,0
6.6946,20772,Rest,HAZIRLANIYOR...,0,0,1273,163,0,8,2
6.6947,20773,Rest,HAZIRLANIYOR...,0,0,1279,136,0,9,4
6.6947,20774,Rest,HAZIRLANIYOR...,0,0,1248,104,43,9,4
6.6947,20775,Rest,HAZIRLANIYOR...,0,0,1177,70,130,11,3
6.6948,20776,Rest,HAZIRLANIYOR...,0,0,1069,35,211,14,3
6.7095,20777,Rest,HAZIRLANIYOR...,0,0,930,3,289,15,8
6.7096,20778,Rest,HAZIRLANIYOR...,0,0,757,0,368,8,12
6.7096,20779,Rest,HAZIRLANIYOR...,0,0,543,0,456,0,8
6.7097,20780,Rest,HAZIRLANIYOR...,0,0,295,0,555,0,0
6.7097,20781,Rest,HAZIRLANIYOR...,0,99,28,0,649,2,0
6.7097,20782,Rest,HAZIRLANIYOR...,0,204,0,0,722,5,0
6.7097,20783,Rest,HAZIRLANIYOR...,0,306,0,0,763,3,1
6.7097,20784,Rest,HAZIRLANIYOR...,0,401,0,0,769,0,0
6.7097,20785,Rest,HAZIRLANIYOR...,0,484,0,0,742,0,0
6.7097,20786,Rest,HAZIRLANIYOR...,0,553,0,0,697,0,0
6.7098,20787,Rest,HAZIRLANIYOR...,0,602,0,0,654,0,0
6.7098,20788,Rest,HAZIRLANIYOR...,0,631,0,0,612,0,0
6.7098,20789,Rest,HAZIRLANIYOR...,0,642,0,0,543,0,0
6.7098,20790,Rest,HAZIRLANIYOR...,0,637,0,0,428,0,0
6.7098,20791,Rest,HAZIRLANIYOR...,0,613,0,0,274,0,0
6.7098,20792,Rest,HAZIRLANIYOR...,0,565,0,0,108,0,0
6.7098,20793,Rest,HAZIRLANIYOR...,0,495,0,0,0,0,0
6.7098,20794,Rest,HAZIRLANIYOR...,0,410,0,0,0,0,0
6.7098,20795,Rest,HAZIRLANIYOR...,0,313,0,0,0,0,0
6.7099,20796,Rest,HAZIRLANIYOR...,0,207,0,21,0,0,0
6.7099,20797,Rest,HAZIRLANIYOR...,0,97,0,47,0,0,0
6.7099,20798,Rest,HAZIRLANIYOR...,0,0,0,72,0,0,0
6.7099,20799,Rest,HAZIRLANIYOR...,0,0,79,96,0,0,0
6.7099,20800,Rest,HAZIRLANIYOR...,0,0,304,118,0,0,0
6.7099,20801,Rest,HAZIRLANIYOR...,0,0,515,140,0,0,0
6.7100,20802,Rest,HAZIRLANIYOR...,0,0,708,160,0,0,2
6.7101,20803,Rest,HAZIRLANIYOR...,0,0,878,177,0,1,1
6.7256,20804,Rest,HAZIRLANIYOR...,0,0,1021,186,0,4,0
6.7256,20805,Rest,HAZIRLANIYOR...,0,0,1130,188,0,6,0
6.7256,20806,Rest,HAZIRLANIYOR...,0,0,1207,184,0,7,0
6.7256,20807,Rest,HAZIRLANIYOR...,0,0,1255,171,0,10,1
6.7257,20808,Rest,HAZIRLANIYOR...,0,0,1277,148,0,17,4
6.7257,20809,Rest,HAZIRLANIYOR...,0,0,1263,119,0,25,4
6.7257,20810,Rest,HAZIRLANIYOR...,0,0,1209,87,86,24,4
6.7257,20811,Rest,HAZIRLANIYOR...,0,0,1118,55,170,11,3
6.7257,20812,Rest,HAZIRLANIYOR...,0,0,996,23,250,0,3
6.7257,20813,Rest,HAZIRLANIYOR...,0,0,839,0,330,2,2
6.7258,20814,Rest,HAZIRLANIYOR...,0,0,640,0,420,11,0
6.7258,20815,Rest,HAZIRLANIYOR...,0,0,401,0,531,15,0
6.7258,20816,Rest,HAZIRLANIYOR...,0,5,135,0,649,8,0
6.7258,20817,Rest,HAZIRLANIYOR...,0,118,0,0,746,3,7
6.7258,20818,Rest,HAZIRLANIYOR...,0,231,0,0,808,5,11
6.7258,20819,Rest,HAZIRLANIYOR...,0,338,0,0,835,0,8
6.7258,20820,Rest,HAZIRLANIYOR...,0,431,0,0,834,0,1
6.7258,20821,Rest,HAZIRLANIYOR...,0,508,0,0,822,0,0
6.7259,20822,Rest,HAZIRLANIYOR...,0,571,0,0,809,0,0
6.7259,20823,Rest,HAZIRLANIYOR...,0,616,0,0,758,0,3
6.7259,20824,Rest,HAZIRLANIYOR...,0,638,0,0,625,0,7
6.7259,20825,Rest,HAZIRLANIYOR...,0,637,0,0,426,0,2
6.7259,20826,Rest,HAZIRLANIYOR...,0,614,0,0,224,0,0
6.7259,20827,Rest,HAZIRLANIYOR...,0,570,0,0,43,0,0
6.7259,20828,Rest,HAZIRLANIYOR...,0,508,0,0,0,0,0
6.7259,20829,Rest,HAZIRLANIYOR...,0,428,0,0,0,0,0
6.7260,20830,Rest,HAZIRLANIYOR...,0,333,0,0,0,0,0
6.7260,20831,Rest,HAZIRLANIYOR...,0,228,0,5,0,0,0
6.7410,20832,Rest,HAZIRLANIYOR...,0,120,0,34,0,0,0
6.7411,20833,Rest,HAZIRLANIYOR...,0,15,0,61,0,0,0
6.7411,20834,Rest,HAZIRLANIYOR...,0,0,26,87,0,0,0
6.7411,20835,Rest,HAZIRLANIYOR...,0,0,250,113,0,0,0
6.7411,20836,Rest,HAZIRLANIYOR...,0,0,464,140,0,0,3
6.7412,20837,Rest,HAZIRLANIYOR...,0,0,661,162,0,0,0
6.7412,20838,Rest,HAZIRLANIYOR...,0,0,834,180,0,0,0
6.7412,20839,Rest,HAZIRLANIYOR...,0,0,981,192,0,2,0
6.7412,20840,Rest,HAZIRLANIYOR...,0,0,1099,198,0,4,0
6.7412,20841,Rest,HAZIRLANIYOR...,0,0,1186,198,0,5,0
6.7412,20842,Rest,HAZIRLANIYOR...,0,0,1243,190,0,7,0
6.7412,20843,Rest,HAZIRLANIYOR...,0,0,1271,172,0,10,0
6.7412,20844,Rest,HAZIRLANIYOR...,0,0,1270,147,0,11,0
6.7413,20845,Rest,HAZIRLANIYOR...,0,0,1234,118,68,11,0
6.7413,20846,Rest,HAZIRLANIYOR...,0,0,1159,86,153,10,0
6.7414,20847,Rest,HAZIRLANIYOR...,0,0,1047,54,232,9,1
6.7414,20848,Rest,HAZIRLANIYOR...,0,0,899,24,309,9,0
6.7414,20849,Rest,HAZIRLANIYOR...,0,0,715,0,393,8,1
6.7414,20850,Rest,HAZIRLANIYOR...,0,0,495,0,493,10,8
6.7414,20851,Rest,HAZIRLANIYOR...,0,7,241,0,612,16,14
6.7414,20852,Rest,HAZIRLANIYOR...,0,109,0,0,734,21,7
6.7414,20853,Rest,HAZIRLANIYOR...,0,209,0,0,830,15,0
6.7415,20854,Rest,HAZIRLANIYOR...,0,312,0,0,882,3,0
6.7415,20855,Rest,HAZIRLANIYOR...,0,413,0,0,893,0,0
6.7415,20856,Rest,HAZIRLANIYOR...,0,497,0,0,874,0,0
6.7415,20857,Rest,HAZIRLANIYOR...,0,561,0,0,837,0,1
6.7416,20858,Rest,HAZIRLANIYOR...,0,608,0,0,778,0,0
6.7416,20859,Rest,HAZIRLANIYOR...,0,640,0,0,673,0,0
6.7561,20860,Rest,HAZIRLANIYOR...,0,652,0,0,511,0,0
6.7562,20861,Rest,HAZIRLANIYOR...,0,640,0,0,315,0,2
6.7562,20862,Rest,HAZIRLANIYOR...,0,605,0,0,119,0,5
6.7562,20863,Rest,HAZIRLANIYOR...,0,549,0,0,0,0,0
6.7562,20864,Rest,HAZIRLANIYOR...,0,475,0,0,0,0,0
6.7562,20865,Rest,HAZIRLANIYOR...,0,387,0,0,0,0,0
6.7562,20866,Rest,HAZIRLANIYOR...,0,288,0,0,0,0,0
6.7562,20867,Rest,HAZIRLANIYOR...,0,184,0,9,0,1,0
6.7562,20868,Rest,HAZIRLANIYOR...,0,77,0,39,0,5,0
6.7563,20869,Rest,HAZIRLANIYOR...,0,0,0,66,0,0,0
6.7563,20870,Rest,HAZIRLANIYOR...,0,0,164,92,0,0,0
6.7563,20871,Rest,HAZIRLANIYOR...,0,0,381,119,0,0,0
6.7563,20872,Rest,HAZIRLANIYOR...,0,0,584,145,0,0,0
6.7563,20873,Rest,HAZIRLANIYOR...,0,0,766,166,0,6,0
6.7563,20874,Rest,HAZIRLANIYOR...,0,0,922,180,0,8,4
6.7563,20875,Rest,HAZIRLANIYOR...,0,0,1050,189,0,2,9
6.7563,20876,Rest,HAZIRLANIYOR...,0,0,1150,192,0,0,10
6.7563,20877,Rest,HAZIRLANIYOR...,0,0,1221,187,0,1,2
6.7564,20878,Rest,HAZIRLANIYOR...,0,0,1263,172,0,6,0
6.7564,20879,Rest,HAZIRLANIYOR...,0,0,1275,147,0,6,0
6.7564,20880,Rest,HAZIRLANIYOR...,0,0,1252,118,37,5,2
6.7564,20881,Rest,HAZIRLANIYOR...,0,0,1192,84,124,7,4
6.7564,20882,Rest,HAZIRLANIYOR...,0,0,1097,51,200,9,3
6.7564,20883,Rest,HAZIRLANIYOR...,0,0,969,20,273,6,4
6.7564,20884,Rest,HAZIRLANIYOR...,0,0,803,0,348,1,4
6.7565,20885,Rest,HAZIRLANIYOR...,0,0,595,0,438,0,4
6.7713,20886,Rest,HAZIRLANIYOR...,0,0,352,0,554,5,4
6.7714,20887,Rest,HAZIRLANIYOR...,0,27,84,0,682,11,4
6.7714,20888,Rest,HAZIRLANIYOR...,0,136,0,0,784,12,4
6.7714,20889,Rest,HAZIRLANIYOR...,0,245,0,0,836,10,3
6.7715,20890,Rest,HAZIRLANIYOR...,0,348,0,0,846,7,1
6.7715,20891,Rest,HAZIRLANIYOR...,0,439,0,0,832,4,0
6.7715,20892,Rest,HAZIRLANIYOR...,0,519,0,0,811,1,2
6.7715,20893,Rest,HAZIRLANIYOR...,0,584,0,0,785,1,6
6.7716,20894,Rest,HAZIRLANIYOR...,0,630,0,0,722,2,10
6.7716,20895,Rest,HAZIRLANIYOR...,0,653,0,0,588,0,5
6.7716,20896,Rest,HAZIRLANIYOR...,0,655,0,0,400,0,0
6.7716,20897,Rest,HAZIRLANIYOR...,0,637,0,0,206,0,0
6.7716,20898,Rest,HAZIRLANIYOR...,0,597,0,0,29,0,0
6.7716,20899,Rest,HAZIRLANIYOR...,0,537,0,0,0,0,0
6.7716,20900,Rest,HAZIRLANIYOR...,0,460,0,0,0,0,0
6.7716,20901,Rest,HAZIRLANIYOR...,0,372,0,0,0,0,0
6.7717,20902,Rest,HAZIRLANIYOR...,0,275,0,12,0,0,0
6.7717,20903,Rest,HAZIRLANIYOR...,0,171,0,36,0,0,0
6.7717,20904,Rest,HAZIRLANIYOR...,0,65,0,62,0,0,0
6.7717,20905,Rest,HAZIRLANIYOR...,0,0,48,90,0,0,0
6.7717,20906,Rest,HAZIRLANIYOR...,0,0,271,117,0,0,0
6.7717,20907,Rest,HAZIRLANIYOR...,0,0,485,141,0,0,0
6.7717,20908,Rest,HAZIRLANIYOR...,0,0,681,162,0,0,0
6.7717,20909,Rest,HAZIRLANIYOR...,0,0,853,179,0,0,0
6.7718,20910,Rest,HAZIRLANIYOR...,0,0,996,194,0,2,0
6.7718,20911,Rest,HAZIRLANIYOR...,0,0,1108,201,0,6,0
6.7719,20912,Rest,HAZIRLANIYOR...,0,0,1192,199,0,6,4
6.7719,20913,Rest,HAZIRLANIYOR...,0,0,1250,186,0,6,7
6.7874,20914,Rest,HAZIRLANIYOR...,0,0,1278,165,0,8,9
6.7875,20915,Rest,HAZIRLANIYOR...,0,0,1273,139,0,10,8
6.7876,20916,Rest,HAZIRLANIYOR...,0,0,1232,109,80,10,3
6.7876,20917,Rest,HAZIRLANIYOR...,0,0,1154,75,160,9,1
6.7876,20918,Rest,HAZIRLANIYOR...,0,0,1039,42,234,8,7
6.7876,20919,Rest,HAZIRLANIYOR...,0,0,891,11,307,6,13
6.7877,20920,Rest,HAZIRLANIYOR...,0,0,707,0,388,6,7
6.7877,20921,Rest,HAZIRLANIYOR...,0,0,487,0,491,7,0
6.7877,20922,Rest,HAZIRLANIYOR...,0,2,233,0,605,8,0
6.7877,20923,Rest,HAZIRLANIYOR...,0,111,0,0,699,7,0
6.7877,20924,Rest,HAZIRLANIYOR...,0,217,0,0,756,7,1
6.7878,20925,Rest,HAZIRLANIYOR...,0,317,0,0,786,9,0
6.7878,20926,Rest,HAZIRLANIYOR...,0,409,0,0,790,11,0
6.7878,20927,Rest,HAZIRLANIYOR...,0,487,0,0,771,5,0
6.7878,20928,Rest,HAZIRLANIYOR...,0,546,0,0,742,0,0
6.7878,20929,Rest,HAZIRLANIYOR...,0,586,0,0,711,0,0
6.7878,20930,Rest,HAZIRLANIYOR...,0,610,0,0,656,0,0
6.7879,20931,Rest,HAZIRLANIYOR...,0,615,0,0,543,0,0
6.7879,20932,Rest,HAZIRLANIYOR...,0,598,0,0,370,0,0
6.7879,20933,Rest,HAZIRLANIYOR...,0,560,0,0,173,0,0
6.7879,20934,Rest,HAZIRLANIYOR...,0,502,0,0,0,0,0
6.7879,20935,Rest,HAZIRLANIYOR...,0,426,0,0,0,0,0
6.7879,20936,Rest,HAZIRLANIYOR...,0,334,0,0,0,0,0
6.7880,20937,Rest,HAZIRLANIYOR...,0,229,0,0,0,0,0
6.7880,20938,Rest,HAZIRLANIYOR...,0,119,0,21,0,0,0
6.7880,20939,Rest,HAZIRLANIYOR...,0,9,0,48,0,0,0
6.7880,20940,Rest,HAZIRLANIYOR...,0,0,0,76,0,0,2
6.7881,20941,Rest,HAZIRLANIYOR...,0,0,149,104,0,0,5
6.8026,20942,Rest,HAZIRLANIYOR...,0,0,368,128,0,0,0
6.8027,20943,Rest,HAZIRLANIYOR...,0,0,576,144,0,0,0
6.8027,20944,Rest,HAZIRLANIYOR...,0,0,764,158,0,7,0
6.8027,20945,Rest,HAZIRLANIYOR...,0,0,924,173,0,14,7
6.8027,20946,Rest,HAZIRLANIYOR...,0,0,1053,184,0,11,4
6.8027,20947,Rest,HAZIRLANIYOR...,0,0,1152,189,0,2,0
6.8027,20948,Rest,HAZIRLANIYOR...,0,0,1224,184,0,1,0
6.8028,20949,Rest,HAZIRLANIYOR...,0,0,1270,169,0,5,3
6.8028,20950,Rest,HAZIRLANIYOR...,0,0,1282,142,0,10,0
6.8028,20951,Rest,HAZIRLANIYOR...,0,0,1258,110,46,11,0
6.8028,20952,Rest,HAZIRLANIYOR...,0,0,1198,80,131,10,0
6.8029,20953,Rest,HAZIRLANIYOR...,0,0,1104,51,207,8,2
6.8029,20954,Rest,HAZIRLANIYOR...,0,0,974,20,278,7,4
6.8029,20955,Rest,HAZIRLANIYOR...,0,0,806,0,349,6,0
6.8029,20956,Rest,HAZIRLANIYOR...,0,0,599,0,430,5,0
6.8029,20957,Rest,HAZIRLANIYOR...,0,0,360,0,527,5,6
6.8030,20958,Rest,HAZIRLANIYOR...,0,47,96,0,623,6,11
6.8030,20959,Rest,HAZIRLANIYOR...,0,163,0,0,699,8,4
6.8030,20960,Rest,HAZIRLANIYOR...,0,276,0,0,747,6,0
6.8030,20961,Rest,HAZIRLANIYOR...,0,384,0,0,764,2,0
6.8030,20962,Rest,HAZIRLANIYOR...,0,481,0,0,746,0,10
6.8030,20963,Rest,HAZIRLANIYOR...,0,563,0,0,701,0,5
6.8030,20964,Rest,HAZIRLANIYOR...,0,625,0,0,653,0,0
6.8030,20965,Rest,HAZIRLANIYOR...,0,663,0,0,613,0,0
6.8030,20966,Rest,HAZIRLANIYOR...,0,680,0,0,558,0,0
6.8031,20967,Rest,HAZIRLANIYOR...,0,679,0,0,462,0,0
6.8031,20968,Rest,HAZIRLANIYOR...,0,660,0,0,321,0,0
6.8188,20969,Rest,HAZIRLANIYOR...,0,620,0,0,158,0,0
6.8189,20970,Rest,HAZIRLANIYOR...,0,563,0,0,0,0,0
6.8189,20971,Rest,HAZIRLANIYOR...,0,489,0,0,0,0,0
6.8189,20972,Rest,HAZIRLANIYOR...,0,402,0,0,0,0,0
6.8189,20973,Rest,HAZIRLANIYOR...,0,306,0,16,0,0,0
6.8189,20974,Rest,HAZIRLANIYOR...,0,204,0,43,0,0,0
6.8190,20975,Rest,HAZIRLANIYOR...,0,99,0,68,0,0,0
6.8190,20976,Rest,HAZIRLANIYOR...,0,0,0,92,0,0,0
6.8190,20977,Rest,HAZIRLANIYOR...,0,0,219,115,0,0,0
6.8190,20978,Rest,HAZIRLANIYOR...,0,0,437,136,0,0,0
6.8191,20979,Rest,HAZIRLANIYOR...,0,0,639,159,0,0,0
6.8191,20980,Rest,HAZIRLANIYOR...,0,0,817,180,0,0,0
6.8191,20981,Rest,HAZIRLANIYOR...,0,0,965,190,0,2,2
6.8191,20982,Rest,HAZIRLANIYOR...,0,0,1085,190,0,9,3
6.8191,20983,Rest,HAZIRLANIYOR...,0,0,1174,186,0,11,7
6.8192,20984,Rest,HAZIRLANIYOR...,0,0,1235,176,0,10,13
6.8192,20985,Rest,HAZIRLANIYOR...,0,0,1268,156,0,8,17
6.8192,20986,Rest,HAZIRLANIYOR...,0,0,1268,126,0,7,9
6.8192,20987,Rest,HAZIRLANIYOR...,0,0,1229,94,78,9,0
6.8192,20988,Rest,HAZIRLANIYOR...,0,0,1152,64,161,13,0
6.8192,20989,Rest,HAZIRLANIYOR...,0,0,1040,36,237,17,8
6.8192,20990,Rest,HAZIRLANIYOR...,0,0,893,5,310,16,19
6.8192,20991,Rest,HAZIRLANIYOR...,0,0,709,0,388,8,15
6.8192,20992,Rest,HAZIRLANIYOR...,0,0,487,0,478,1,0
6.8193,20993,Rest,HAZIRLANIYOR...,0,0,234,0,577,3,0
6.8193,20994,Rest,HAZIRLANIYOR...,0,98,0,0,665,7,0
6.8193,20995,Rest,HAZIRLANIYOR...,0,198,0,0,727,7,0
6.8193,20996,Rest,HAZIRLANIYOR...,0,294,0,0,759,3,5
6.8193,20997,Rest,HAZIRLANIYOR...,0,382,0,0,759,1,6
6.8339,20998,Rest,HAZIRLANIYOR...,0,459,0,0,728,0,0
6.8340,20999,Rest,HAZIRLANIYOR...,0,518,0,0,678,0,0
6.8340,21000,Rest,HAZIRLANIYOR...,0,558,0,0,631,0,0
6.8340,21001,Rest,HAZIRLANIYOR...,0,581,0,0,585,0,0
6.8344,21002,Rest,HAZIRLANIYOR...,0,589,0,0,517,0,0
6.8344,21003,Rest,HAZIRLANIYOR...,0,578,0,0,403,0,0
6.8345,21004,Rest,HAZIRLANIYOR...,0,546,0,0,241,0,0
6.8345,21005,Rest,HAZIRLANIYOR...,0,496,0,0,62,0,0
6.8345,21006,Rest,HAZIRLANIYOR...,0,430,0,0,0,0,0
6.8345,21007,Rest,HAZIRLANIYOR...,0,350,0,0,0,0,0
6.8346,21008,Rest,HAZIRLANIYOR...,0,260,0,0,0,0,0
6.8346,21009,Rest,HAZIRLANIYOR...,0,164,0,27,0,0,0
6.8346,21010,Rest,HAZIRLANIYOR...,0,65,0,52,0,0,0
6.8346,21011,Rest,HAZIRLANIYOR...,0,0,0,75,0,0,0
6.8347,21012,Rest,HAZIRLANIYOR...,0,0,137,97,0,0,0
6.8347,21013,Rest,HAZIRLANIYOR...,0,0,360,118,0,0,0
6.8347,21014,Rest,HAZIRLANIYOR...,0,0,571,141,0,0,0
6.8347,21015,Rest,HAZIRLANIYOR...,0,0,762,162,0,0,2
6.8347,21016,Rest,HAZIRLANIYOR...,0,0,925,178,0,0,3
6.8348,21017,Rest,HAZIRLANIYOR...,0,0,1058,188,0,0,0
6.8348,21018,Rest,HAZIRLANIYOR...,0,0,1159,192,0,6,0
6.8348,21019,Rest,HAZIRLANIYOR...,0,0,1231,187,0,13,0
6.8348,21020,Rest,HAZIRLANIYOR...,0,0,1275,170,0,13,3
6.8348,21021,Rest,HAZIRLANIYOR...,0,0,1289,143,0,7,12
6.8348,21022,Rest,HAZIRLANIYOR...,0,0,1266,113,23,3,16
6.8349,21023,Rest,HAZIRLANIYOR...,0,0,1207,83,115,4,8
6.8350,21024,Rest,HAZIRLANIYOR...,0,0,1111,52,197,6,0
6.8350,21025,Rest,HAZIRLANIYOR...,0,0,979,20,276,7,0
6.8500,21026,Rest,HAZIRLANIYOR...,0,0,809,0,356,8,1
6.8501,21027,Rest,HAZIRLANIYOR...,0,0,601,0,448,13,3
6.8501,21028,Rest,HAZIRLANIYOR...,0,0,359,0,559,19,2
6.8502,21029,Rest,HAZIRLANIYOR...,0,57,88,0,672,15,2
6.8502,21030,Rest,HAZIRLANIYOR...,0,167,0,0,760,5,3
6.8502,21031,Rest,HAZIRLANIYOR...,0,277,0,0,810,0,2
6.8502,21032,Rest,HAZIRLANIYOR...,0,382,0,0,825,0,1
6.8503,21033,Rest,HAZIRLANIYOR...,0,470,0,0,815,0,1
6.8503,21034,Rest,HAZIRLANIYOR...,0,536,0,0,800,0,1
6.8503,21035,Rest,HAZIRLANIYOR...,0,583,0,0,785,0,1
6.8503,21036,Rest,HAZIRLANIYOR...,0,616,0,0,739,0,1
6.8503,21037,Rest,HAZIRLANIYOR...,0,632,0,0,622,0,0
6.8504,21038,Rest,HAZIRLANIYOR...,0,624,0,0,439,0,0
6.8504,21039,Rest,HAZIRLANIYOR...,0,589,0,0,232,0,0
6.8504,21040,Rest,HAZIRLANIYOR...,0,533,0,0,38,0,0
6.8504,21041,Rest,HAZIRLANIYOR...,0,464,0,0,0,0,5
6.8505,21042,Rest,HAZIRLANIYOR...,0,379,0,0,0,0,8
6.8505,21043,Rest,HAZIRLANIYOR...,0,281,0,0,0,0,2
6.8505,21044,Rest,HAZIRLANIYOR...,0,176,0,9,0,0,0
6.8505,21045,Rest,HAZIRLANIYOR...,0,70,0,35,0,0,0
6.8505,21046,Rest,HAZIRLANIYOR...,0,0,0,59,0,0,0
6.8506,21047,Rest,HAZIRLANIYOR...,0,0,68,83,0,0,7
6.8506,21048,Rest,HAZIRLANIYOR...,0,0,295,109,0,0,1
6.8506,21049,Rest,HAZIRLANIYOR...,0,0,511,135,0,0,0
6.8506,21050,Rest,HAZIRLANIYOR...,0,0,708,157,0,0,0
6.8506,21051,Rest,HAZIRLANIYOR...,0,0,880,175,0,5,6
6.8508,21052,Rest,HAZIRLANIYOR...,0,0,1025,187,0,10,2
6.8508,21053,Rest,HAZIRLANIYOR...,0,0,1139,193,0,7,0
6.8653,21054,Rest,HAZIRLANIYOR...,0,0,1219,191,0,4,0
6.8654,21055,Rest,HAZIRLANIYOR...,0,0,1271,180,0,6,0
6.8654,21056,Rest,HAZIRLANIYOR...,0,0,1294,159,0,10,0
6.8654,21057,Rest,HAZIRLANIYOR...,0,0,1285,131,0,13,0
6.8654,21058,Rest,HAZIRLANIYOR...,0,0,1238,101,85,12,0
6.8655,21059,Rest,HAZIRLANIYOR...,0,0,1154,67,172,10,0
6.8655,21060,Rest,HAZIRLANIYOR...,0,0,1031,32,255,10,0
6.8655,21061,Rest,HAZIRLANIYOR...,0,0,871,0,334,13,0
6.8655,21062,Rest,HAZIRLANIYOR...,0,0,676,0,413,19,0
6.8655,21063,Rest,HAZIRLANIYOR...,0,0,447,0,514,21,0
6.8655,21064,Rest,HAZIRLANIYOR...,0,21,185,0,641,12,2
6.8656,21065,Rest,HAZIRLANIYOR...,0,131,0,0,757,1,1
6.8656,21066,Rest,HAZIRLANIYOR...,0,236,0,0,824,0,0
6.8656,21067,Rest,HAZIRLANIYOR...,0,336,0,0,847,2,0
6.8656,21068,Rest,HAZIRLANIYOR...,0,432,0,0,845,3,0
6.8656,21069,Rest,HAZIRLANIYOR...,0,516,0,0,833,0,0
6.8656,21070,Rest,HAZIRLANIYOR...,0,578,0,0,817,0,0
6.8657,21071,Rest,HAZIRLANIYOR...,0,619,0,0,783,0,0
6.8657,21072,Rest,HAZIRLANIYOR...,0,646,0,0,693,0,0
6.8657,21073,Rest,HAZIRLANIYOR...,0,656,0,0,532,0,0
6.8657,21074,Rest,HAZIRLANIYOR...,0,642,0,0,332,0,0
6.8657,21075,Rest,HAZIRLANIYOR...,0,604,0,0,133,0,0
6.8657,21076,Rest,HAZIRLANIYOR...,0,548,0,0,0,0,0
6.8658,21077,Rest,HAZIRLANIYOR...,0,474,0,0,0,0,0
6.8658,21078,Rest,HAZIRLANIYOR...,0,387,0,0,0,0,5
6.8659,21079,Rest,HAZIRLANIYOR...,0,292,0,0,0,0,9
6.8660,21080,Rest,HAZIRLANIYOR...,0,194,0,16,0,0,3
6.8809,21081,Rest,HAZIRLANIYOR...,0,91,0,43,0,0,0
6.8810,21082,Rest,HAZIRLANIYOR...,0,0,0,69,0,0,0
6.8810,21083,Rest,HAZIRLANIYOR...,0,0,188,93,0,0,0
6.8810,21084,Rest,HAZIRLANIYOR...,0,0,409,115,0,0,0
6.8810,21085,Rest,HAZIRLANIYOR...,0,0,621,137,0,5,0
6.8810,21086,Rest,HAZIRLANIYOR...,0,0,810,157,0,4,5
6.8810,21087,Rest,HAZIRLANIYOR...,0,0,966,173,0,0,11
6.8811,21088,Rest,HAZIRLANIYOR...,0,0,1093,181,0,0,10
6.8811,21089,Rest,HAZIRLANIYOR...,0,0,1192,185,0,6,4
6.8811,21090,Rest,HAZIRLANIYOR...,0,0,1262,183,0,10,0
6.8811,21091,Rest,HAZIRLANIYOR...,0,0,1301,170,0,7,0
6.8811,21092,Rest,HAZIRLANIYOR...,0,0,1306,145,0,4,0
6.8811,21093,Rest,HAZIRLANIYOR...,0,0,1275,114,36,6,0
6.8811,21094,Rest,HAZIRLANIYOR...,0,0,1208,84,123,9,0
6.8811,21095,Rest,HAZIRLANIYOR...,0,0,1109,52,201,9,0
6.8811,21096,Rest,HAZIRLANIYOR...,0,0,974,21,277,5,2
6.8811,21097,Rest,HAZIRLANIYOR...,0,0,800,0,357,2,2
6.8811,21098,Rest,HAZIRLANIYOR...,0,0,588,0,453,4,1
6.8811,21099,Rest,HAZIRLANIYOR...,0,0,339,0,570,10,2
6.8811,21100,Rest,HAZIRLANIYOR...,0,45,61,0,685,18,4
6.8812,21101,Rest,HAZIRLANIYOR...,0,152,0,0,766,20,5
6.8812,21102,Rest,HAZIRLANIYOR...,0,257,0,0,804,11,7
6.8812,21103,Rest,HAZIRLANIYOR...,0,352,0,0,808,0,7
6.8812,21104,Rest,HAZIRLANIYOR...,0,436,0,0,786,0,1
6.8812,21105,Rest,HAZIRLANIYOR...,0,507,0,0,756,5,0
6.8812,21106,Rest,HAZIRLANIYOR...,0,563,0,0,731,1,0
6.8962,21107,Rest,HAZIRLANIYOR...,0,599,0,0,695,0,0
6.8963,21108,Rest,HAZIRLANIYOR...,0,614,0,0,611,0,0
6.8963,21109,Rest,HAZIRLANIYOR...,0,609,0,0,466,0,0
6.8963,21110,Rest,HAZIRLANIYOR...,0,584,0,0,279,0,0
6.8963,21111,Rest,HAZIRLANIYOR...,0,540,0,0,87,0,0
6.8963,21112,Rest,HAZIRLANIYOR...,0,476,0,0,0,0,0
6.8963,21113,Rest,HAZIRLANIYOR...,0,396,0,0,0,0,0
6.8964,21114,Rest,HAZIRLANIYOR...,0,303,0,0,0,0,0
6.8964,21115,Rest,HAZIRLANIYOR...,0,202,0,13,0,0,0
6.8964,21116,Rest,HAZIRLANIYOR...,0,97,0,39,0,0,0
6.8964,21117,Rest,HAZIRLANIYOR...,0,0,0,66,0,0,0
6.8964,21118,Rest,HAZIRLANIYOR...,0,0,53,89,0,0,2
6.8964,21119,Rest,HAZIRLANIYOR...,0,0,278,110,0,0,4
6.8964,21120,Rest,HAZIRLANIYOR...,0,0,491,130,0,0,0
6.8965,21121,Rest,HAZIRLANIYOR...,0,0,688,148,0,6,0
6.8965,21122,Rest,HAZIRLANIYOR...,0,0,862,164,0,14,0
6.8965,21123,Rest,HAZIRLANIYOR...,0,0,1007,176,0,11,0
6.8965,21124,Rest,HAZIRLANIYOR...,0,0,1121,181,0,4,0
6.8965,21125,Rest,HAZIRLANIYOR...,0,0,1204,177,0,4,2
6.8965,21126,Rest,HAZIRLANIYOR...,0,0,1260,165,0,8,4
6.8968,21127,Rest,HAZIRLANIYOR...,0,0,1287,145,0,9,5
6.8968,21128,Rest,HAZIRLANIYOR...,0,0,1280,120,0,9,4
6.8968,21129,Rest,HAZIRLANIYOR...,0,0,1236,89,78,9,4
6.8968,21130,Rest,HAZIRLANIYOR...,0,0,1155,56,158,11,5
6.8969,21131,Rest,HAZIRLANIYOR...,0,0,1038,23,233,15,10
6.8969,21132,Rest,HAZIRLANIYOR...,0,0,884,0,308,17,13
6.8969,21133,Rest,HAZIRLANIYOR...,0,0,693,0,387,11,7
6.8971,21134,Rest,HAZIRLANIYOR...,0,0,465,0,477,3,0
6.8971,21135,Rest,HAZIRLANIYOR...,0,43,208,0,577,1,0
6.9126,21136,Rest,HAZIRLANIYOR...,0,151,0,0,669,3,0
6.9127,21137,Rest,HAZIRLANIYOR...,0,257,0,0,736,3,1
6.9127,21138,Rest,HAZIRLANIYOR...,0,358,0,0,767,1,0
6.9128,21139,Rest,HAZIRLANIYOR...,0,449,0,0,766,0,0
6.9128,21140,Rest,HAZIRLANIYOR...,0,523,0,0,736,0,0
6.9128,21141,Rest,HAZIRLANIYOR...,0,579,0,0,687,0,0
6.9128,21142,Rest,HAZIRLANIYOR...,0,620,0,0,638,0,0
6.9129,21143,Rest,HAZIRLANIYOR...,0,641,0,0,587,0,0
6.9129,21144,Rest,HAZIRLANIYOR...,0,639,0,0,509,0,0
6.9129,21145,Rest,HAZIRLANIYOR...,0,618,0,0,389,0,1
6.9129,21146,Rest,HAZIRLANIYOR...,0,579,0,0,232,0,3
6.9129,21147,Rest,HAZIRLANIYOR...,0,520,0,0,61,0,0
6.9130,21148,Rest,HAZIRLANIYOR...,0,445,0,0,0,0,0
6.9130,21149,Rest,HAZIRLANIYOR...,0,357,0,0,0,0,0
6.9130,21150,Rest,HAZIRLANIYOR...,0,258,0,4,0,0,0
6.9130,21151,Rest,HAZIRLANIYOR...,0,150,0,34,0,0,0
6.9130,21152,Rest,HAZIRLANIYOR...,0,40,0,61,0,0,0
6.9131,21153,Rest,HAZIRLANIYOR...,0,0,0,82,0,0,0
6.9131,21154,Rest,HAZIRLANIYOR...,0,0,140,102,0,0,0
6.9131,21155,Rest,HAZIRLANIYOR...,0,0,363,124,0,0,1
6.9131,21156,Rest,HAZIRLANIYOR...,0,0,575,146,0,0,2
6.9133,21157,Rest,HAZIRLANIYOR...,0,0,766,166,0,0,1
6.9133,21158,Rest,HAZIRLANIYOR...,0,0,928,181,0,0,1
6.9133,21159,Rest,HAZIRLANIYOR...,0,0,1058,187,0,0,0
6.9133,21160,Rest,HAZIRLANIYOR...,0,0,1159,185,0,8,0
6.9133,21161,Rest,HAZIRLANIYOR...,0,0,1231,179,0,12,0
6.9133,21162,Rest,HAZIRLANIYOR...,0,0,1273,168,0,12,0
6.9136,21163,Rest,HAZIRLANIYOR...,0,0,1282,146,0,11,2
6.9136,21164,Rest,HAZIRLANIYOR...,0,0,1257,113,28,11,5
6.9287,21165,Rest,HAZIRLANIYOR...,0,0,1197,78,115,11,6
6.9288,21166,Rest,HAZIRLANIYOR...,0,0,1099,46,193,8,5
6.9288,21167,Rest,HAZIRLANIYOR...,0,0,965,17,270,5,1
6.9288,21168,Rest,HAZIRLANIYOR...,0,0,795,0,350,4,0
6.9288,21169,Rest,HAZIRLANIYOR...,0,0,588,0,443,6,2
6.9288,21170,Rest,HAZIRLANIYOR...,0,0,345,0,553,12,4
6.9289,21171,Rest,HAZIRLANIYOR...,0,51,76,0,661,17,4
6.9289,21172,Rest,HAZIRLANIYOR...,0,151,0,0,744,16,5
6.9289,21173,Rest,HAZIRLANIYOR...,0,249,0,0,791,7,7
6.9289,21174,Rest,HAZIRLANIYOR...,0,342,0,0,806,0,3
6.9289,21175,Rest,HAZIRLANIYOR...,0,424,0,0,795,0,0
6.9290,21176,Rest,HAZIRLANIYOR...,0,490,0,0,776,0,0
6.9290,21177,Rest,HAZIRLANIYOR...,0,538,0,0,756,7,0
6.9290,21178,Rest,HAZIRLANIYOR...,0,571,0,0,705,10,2
6.9290,21179,Rest,HAZIRLANIYOR...,0,585,0,0,588,0,0
6.9290,21180,Rest,HAZIRLANIYOR...,0,577,0,0,406,0,0
6.9290,21181,Rest,HAZIRLANIYOR...,0,548,0,0,194,0,0
6.9291,21182,Rest,HAZIRLANIYOR...,0,500,0,0,0,0,0
6.9291,21183,Rest,HAZIRLANIYOR...,0,435,0,0,0,0,0
6.9291,21184,Rest,HAZIRLANIYOR...,0,357,0,0,0,0,0
6.9291,21185,Rest,HAZIRLANIYOR...,0,268,0,0,0,0,0
6.9291,21186,Rest,HAZIRLANIYOR...,0,171,0,14,0,0,0
6.9291,21187,Rest,HAZIRLANIYOR...,0,67,0,41,0,0,0
6.9292,21188,Rest,HAZIRLANIYOR...,0,0,0,68,0,0,0
6.9292,21189,Rest,HAZIRLANIYOR...,0,0,80,93,0,0,0
6.9292,21190,Rest,HAZIRLANIYOR...,0,0,299,118,0,0,0
6.9293,21191,Rest,HAZIRLANIYOR...,0,0,505,143,0,0,0
6.9293,21192,Rest,HAZIRLANIYOR...,0,0,695,164,0,3,5
6.9449,21193,Rest,HAZIRLANIYOR...,0,0,863,180,0,3,9
6.9450,21194,Rest,HAZIRLANIYOR...,0,0,1003,189,0,5,2
6.9450,21195,Rest,HAZIRLANIYOR...,0,0,1112,193,0,7,0
6.9450,21196,Rest,HAZIRLANIYOR...,0,0,1193,193,0,9,0
6.9450,21197,Rest,HAZIRLANIYOR...,0,0,1245,187,0,11,0
6.9451,21198,Rest,HAZIRLANIYOR...,0,0,1265,167,0,17,7
6.9451,21199,Rest,HAZIRLANIYOR...,0,0,1254,131,3,20,9
6.9451,21200,Rest,HAZIRLANIYOR...,0,0,1208,91,97,13,2
6.9451,21201,Rest,HAZIRLANIYOR...,0,0,1125,57,179,4,0
6.9451,21202,Rest,HAZIRLANIYOR...,0,0,1006,29,257,4,0
6.9452,21203,Rest,HAZIRLANIYOR...,0,0,851,0,334,8,1
6.9452,21204,Rest,HAZIRLANIYOR...,0,0,658,0,423,8,3
6.9452,21205,Rest,HAZIRLANIYOR...,0,0,427,0,531,7,1
6.9452,21206,Rest,HAZIRLANIYOR...,0,63,165,0,647,7,1
6.9452,21207,Rest,HAZIRLANIYOR...,0,176,0,0,745,7,2
6.9453,21208,Rest,HAZIRLANIYOR...,0,285,0,0,811,6,7
6.9453,21209,Rest,HAZIRLANIYOR...,0,384,0,0,839,4,8
6.9453,21210,Rest,HAZIRLANIYOR...,0,474,0,0,834,5,2
6.9453,21211,Rest,HAZIRLANIYOR...,0,553,0,0,816,5,0
6.9453,21212,Rest,HAZIRLANIYOR...,0,617,0,0,801,0,0
6.9454,21213,Rest,HAZIRLANIYOR...,0,664,0,0,767,0,0
6.9454,21214,Rest,HAZIRLANIYOR...,0,693,0,0,672,0,0
6.9454,21215,Rest,HAZIRLANIYOR...,0,703,0,0,505,0,0
6.9454,21216,Rest,HAZIRLANIYOR...,0,689,0,0,298,0,0
6.9455,21217,Rest,HAZIRLANIYOR...,0,648,0,0,97,0,0
6.9455,21218,Rest,HAZIRLANIYOR...,0,583,0,0,0,0,0
6.9455,21219,Rest,HAZIRLANIYOR...,0,503,0,0,0,0,0
6.9456,21220,Rest,HAZIRLANIYOR...,0,412,0,0,0,0,0
6.9456,21221,Rest,HAZIRLANIYOR...,0,308,0,0,0,0,0
6.9608,21222,Rest,HAZIRLANIYOR...,0,195,0,28,0,0,0
6.9609,21223,Rest,HAZIRLANIYOR...,0,82,0,56,0,0,2
6.9609,21224,Rest,HAZIRLANIYOR...,0,0,0,82,0,0,6
6.9610,21225,Rest,HAZIRLANIYOR...,0,0,214,106,0,0,1
6.9610,21226,Rest,HAZIRLANIYOR...,0,0,426,129,0,0,0
6.9610,21227,Rest,HAZIRLANIYOR...,0,0,626,150,0,0,0
6.9610,21228,Rest,HAZIRLANIYOR...,0,0,813,168,0,0,0
6.9610,21229,Rest,HAZIRLANIYOR...,0,0,974,182,0,3,5
6.9610,21230,Rest,HAZIRLANIYOR...,0,0,1096,192,0,6,12
6.9611,21231,Rest,HAZIRLANIYOR...,0,0,1184,193,0,7,7
6.9611,21232,Rest,HAZIRLANIYOR...,0,0,1246,185,0,6,2
6.9611,21233,Rest,HAZIRLANIYOR...,0,0,1283,168,0,6,5
6.9611,21234,Rest,HAZIRLANIYOR...,0,0,1289,144,0,7,4
6.9611,21235,Rest,HAZIRLANIYOR...,0,0,1257,113,60,10,0
6.9612,21236,Rest,HAZIRLANIYOR...,0,0,1186,79,144,12,0
6.9612,21237,Rest,HAZIRLANIYOR...,0,0,1079,46,221,11,0
6.9612,21238,Rest,HAZIRLANIYOR...,0,0,938,16,301,10,0
6.9612,21239,Rest,HAZIRLANIYOR...,0,0,760,0,386,10,0
6.9612,21240,Rest,HAZIRLANIYOR...,0,0,544,0,475,14,0
6.9612,21241,Rest,HAZIRLANIYOR...,0,0,296,0,577,17,2
6.9612,21242,Rest,HAZIRLANIYOR...,0,10,24,0,683,11,3
6.9613,21243,Rest,HAZIRLANIYOR...,0,113,0,0,767,2,2
6.9613,21244,Rest,HAZIRLANIYOR...,0,216,0,0,813,0,1
6.9613,21245,Rest,HAZIRLANIYOR...,0,312,0,0,822,1,0
6.9613,21246,Rest,HAZIRLANIYOR...,0,394,0,0,807,5,0
6.9613,21247,Rest,HAZIRLANIYOR...,0,465,0,0,789,6,0
6.9613,21248,Rest,HAZIRLANIYOR...,0,521,0,0,775,1,1
6.9614,21249,Rest,HAZIRLANIYOR...,0,556,0,0,723,0,1
6.9768,21250,Rest,HAZIRLANIYOR...,0,570,0,0,586,0,0
6.9768,21251,Rest,HAZIRLANIYOR...,0,567,0,0,383,0,0
6.9768,21252,Rest,HAZIRLANIYOR...,0,546,0,0,178,0,0
6.9769,21253,Rest,HAZIRLANIYOR...,0,501,0,0,0,0,0
6.9769,21254,Rest,HAZIRLANIYOR...,0,434,0,0,0,0,0
6.9769,21255,Rest,HAZIRLANIYOR...,0,352,0,0,0,0,0
6.9769,21256,Rest,HAZIRLANIYOR...,0,263,0,0,0,0,0
6.9769,21257,Rest,HAZIRLANIYOR...,0,169,0,16,0,0,1
6.9769,21258,Rest,HAZIRLANIYOR...,0,71,0,46,0,0,0
6.9770,21259,Rest,HAZIRLANIYOR...,0,0,0,72,0,0,0
6.9770,21260,Rest,HAZIRLANIYOR...,0,0,104,96,0,0,0
6.9770,21261,Rest,HAZIRLANIYOR...,0,0,324,117,0,0,0
6.9770,21262,Rest,HAZIRLANIYOR...,0,0,534,138,0,0,0
6.9770,21263,Rest,HAZIRLANIYOR...,0,0,725,161,0,0,0
6.9770,21264,Rest,HAZIRLANIYOR...,0,0,894,180,0,1,1
6.9770,21265,Rest,HAZIRLANIYOR...,0,0,1035,192,0,5,1
6.9770,21266,Rest,HAZIRLANIYOR...,0,0,1145,197,0,7,1
6.9771,21267,Rest,HAZIRLANIYOR...,0,0,1222,194,0,8,3
6.9771,21268,Rest,HAZIRLANIYOR...,0,0,1269,182,0,9,3
6.9771,21269,Rest,HAZIRLANIYOR...,0,0,1288,161,0,8,2
6.9771,21270,Rest,HAZIRLANIYOR...,0,0,1275,133,12,7,1
6.9771,21271,Rest,HAZIRLANIYOR...,0,0,1228,101,102,8,1
6.9771,21272,Rest,HAZIRLANIYOR...,0,0,1144,69,180,10,4
6.9771,21273,Rest,HAZIRLANIYOR...,0,0,1022,37,253,10,11
6.9771,21274,Rest,HAZIRLANIYOR...,0,0,863,5,329,9,14
6.9771,21275,Rest,HAZIRLANIYOR...,0,0,668,0,417,7,7
6.9771,21276,Rest,HAZIRLANIYOR...,0,0,433,0,521,7,0
6.9772,21277,Rest,HAZIRLANIYOR...,0,64,166,0,631,7,0
6.9928,21278,Rest,HAZIRLANIYOR...,0,174,0,0,722,7,0
6.9929,21279,Rest,HAZIRLANIYOR...,0,283,0,0,774,7,4
6.9929,21280,Rest,HAZIRLANIYOR...,0,387,0,0,783,7,3
6.9929,21281,Rest,HAZIRLANIYOR...,0,477,0,0,761,7,0
6.9929,21282,Rest,HAZIRLANIYOR...,0,550,0,0,728,8,1
6.9929,21283,Rest,HAZIRLANIYOR...,0,605,0,0,699,9,4
6.9929,21284,Rest,HAZIRLANIYOR...,0,638,0,0,668,4,1
6.9930,21285,Rest,HAZIRLANIYOR...,0,651,0,0,611,0,0
6.9930,21286,Rest,HAZIRLANIYOR...,0,647,0,0,510,0,0
6.9930,21287,Rest,HAZIRLANIYOR...,0,625,0,0,360,0,0
6.9930,21288,Rest,HAZIRLANIYOR...,0,579,0,0,173,0,0
6.9930,21289,Rest,HAZIRLANIYOR...,0,514,0,0,0,0,0
6.9930,21290,Rest,HAZIRLANIYOR...,0,436,0,0,0,0,0
6.9930,21291,Rest,HAZIRLANIYOR...,0,346,0,0,0,0,0
6.9931,21292,Rest,HAZIRLANIYOR...,0,246,0,0,0,0,0
6.9931,21293,Rest,HAZIRLANIYOR...,0,142,0,27,0,0,3
6.9931,21294,Rest,HAZIRLANIYOR...,0,35,0,54,0,0,6
6.9931,21295,Rest,HAZIRLANIYOR...,0,0,0,79,0,0,2
6.9931,21296,Rest,HAZIRLANIYOR...,0,0,185,103,0,0,0
6.9931,21297,Rest,HAZIRLANIYOR...,0,0,406,125,0,0,0
6.9931,21298,Rest,HAZIRLANIYOR...,0,0,612,147,0,0,0
6.9931,21299,Rest,HAZIRLANIYOR...,0,0,794,165,0,8,3
6.9931,21300,Rest,HAZIRLANIYOR...,0,0,949,175,0,13,3
6.9931,21301,Rest,HAZIRLANIYOR...,0,0,1074,177,0,4,0
6.9931,21302,Rest,HAZIRLANIYOR...,0,0,1169,177,0,0,0
6.9932,21303,Rest,HAZIRLANIYOR...,0,0,1237,171,0,1,4
6.9932,21304,Rest,HAZIRLANIYOR...,0,0,1278,155,0,10,0
6.9932,21305,Rest,HAZIRLANIYOR...,0,0,1288,131,0,12,0
7.0089,21306,Rest,HAZIRLANIYOR...,0,0,1261,101,56,10,0
7.0090,21307,Rest,HAZIRLANIYOR...,0,0,1195,69,140,8,0
7.0090,21308,Rest,HAZIRLANIYOR...,0,0,1090,37,217,8,0
7.0090,21309,Rest,HAZIRLANIYOR...,0,0,949,7,293,8,0
7.0090,21310,Rest,HAZIRLANIYOR...,0,0,775,0,372,6,0
7.0090,21311,Rest,HAZIRLANIYOR...,0,0,566,0,462,4,0
7.0091,21312,Rest,HAZIRLANIYOR...,0,0,320,0,564,4,0
7.0091,21313,Rest,HAZIRLANIYOR...,0,73,45,0,666,6,5
7.0091,21314,Rest,HAZIRLANIYOR...,0,185,0,0,746,7,7
7.0091,21315,Rest,HAZIRLANIYOR...,0,295,0,0,790,7,3
7.0091,21316,Rest,HAZIRLANIYOR...,0,397,0,0,801,6,1
7.0091,21317,Rest,HAZIRLANIYOR...,0,484,0,0,795,4,5
7.0091,21318,Rest,HAZIRLANIYOR...,0,552,0,0,783,2,4
7.0091,21319,Rest,HAZIRLANIYOR...,0,599,0,0,760,0,0
7.0091,21320,Rest,HAZIRLANIYOR...,0,627,0,0,698,0,0
7.0091,21321,Rest,HAZIRLANIYOR...,0,640,0,0,572,0,0
7.0091,21322,Rest,HAZIRLANIYOR...,0,636,0,0,392,0,5
7.0091,21323,Rest,HAZIRLANIYOR...,0,609,0,0,190,0,10
7.0091,21324,Rest,HAZIRLANIYOR...,0,557,0,0,0,0,1
7.0091,21325,Rest,HAZIRLANIYOR...,0,485,0,0,0,0,0
7.0091,21326,Rest,HAZIRLANIYOR...,0,401,0,0,0,0,0
7.0091,21327,Rest,HAZIRLANIYOR...,0,309,0,0,0,0,0
7.0092,21328,Rest,HAZIRLANIYOR...,0,211,0,16,0,0,0
7.0092,21329,Rest,HAZIRLANIYOR...,0,112,0,44,0,6,0
7.0092,21330,Rest,HAZIRLANIYOR...,0,11,0,73,0,2,0
7.0092,21331,Rest,HAZIRLANIYOR...,0,0,103,97,0,0,0
7.0092,21332,Rest,HAZIRLANIYOR...,0,0,323,119,0,0,0
7.0092,21333,Rest,HAZIRLANIYOR...,0,0,532,140,0,0,0
7.0093,21334,Rest,HAZIRLANIYOR...,0,0,724,160,0,0,0
7.0240,21335,Rest,HAZIRLANIYOR...,0,0,889,178,0,1,3
7.0241,21336,Rest,HAZIRLANIYOR...,0,0,1026,190,0,1,2
7.0241,21337,Rest,HAZIRLANIYOR...,0,0,1132,195,0,3,0
7.0241,21338,Rest,HAZIRLANIYOR...,0,0,1208,191,0,7,6
7.0241,21339,Rest,HAZIRLANIYOR...,0,0,1252,179,0,9,12
7.0241,21340,Rest,HAZIRLANIYOR...,0,0,1268,157,0,9,8
7.0241,21341,Rest,HAZIRLANIYOR...,0,0,1254,129,15,9,1
7.0241,21342,Rest,HAZIRLANIYOR...,0,0,1203,98,106,12,0
7.0241,21343,Rest,HAZIRLANIYOR...,0,0,1114,65,187,14,3
7.0241,21344,Rest,HAZIRLANIYOR...,0,0,989,32,263,13,5
7.0241,21345,Rest,HAZIRLANIYOR...,0,0,830,0,341,11,8
7.0241,21346,Rest,HAZIRLANIYOR...,0,0,633,0,429,11,12
7.0241,21347,Rest,HAZIRLANIYOR...,0,0,400,0,538,11,11
7.0242,21348,Rest,HAZIRLANIYOR...,0,47,136,0,657,10,6
7.0242,21349,Rest,HAZIRLANIYOR...,0,156,0,0,755,7,0
7.0242,21350,Rest,HAZIRLANIYOR...,0,264,0,0,806,6,0
7.0242,21351,Rest,HAZIRLANIYOR...,0,364,0,0,814,5,0
7.0242,21352,Rest,HAZIRLANIYOR...,0,449,0,0,803,3,3
7.0242,21353,Rest,HAZIRLANIYOR...,0,517,0,0,792,2,9
7.0242,21354,Rest,HAZIRLANIYOR...,0,567,0,0,783,1,9
7.0242,21355,Rest,HAZIRLANIYOR...,0,599,0,0,752,1,2
7.0242,21356,Rest,HAZIRLANIYOR...,0,613,0,0,654,2,0
7.0242,21357,Rest,HAZIRLANIYOR...,0,607,0,0,480,0,0
7.0242,21358,Rest,HAZIRLANIYOR...,0,579,0,0,271,0,0
7.0242,21359,Rest,HAZIRLANIYOR...,0,526,0,0,76,0,4
7.0243,21360,Rest,HAZIRLANIYOR...,0,454,0,0,0,0,0
7.0401,21361,Rest,HAZIRLANIYOR...,0,369,0,0,0,0,0
7.0401,21362,Rest,HAZIRLANIYOR...,0,274,0,0,0,0,0
7.0401,21363,Rest,HAZIRLANIYOR...,0,169,0,3,0,0,0
7.0402,21364,Rest,HAZIRLANIYOR...,0,56,0,31,0,0,0
7.0402,21365,Rest,HAZIRLANIYOR...,0,0,0,57,0,0,0
7.0402,21366,Rest,HAZIRLANIYOR...,0,0,19,82,0,0,2
7.0402,21367,Rest,HAZIRLANIYOR...,0,0,246,106,0,0,0
7.0402,21368,Rest,HAZIRLANIYOR...,0,0,460,130,0,0,0
7.0402,21369,Rest,HAZIRLANIYOR...,0,0,659,151,0,0,0
7.0402,21370,Rest,HAZIRLANIYOR...,0,0,838,168,0,0,1
7.0402,21371,Rest,HAZIRLANIYOR...,0,0,990,181,0,0,8
7.0402,21372,Rest,HAZIRLANIYOR...,0,0,1109,188,0,0,3
7.0402,21373,Rest,HAZIRLANIYOR...,0,0,1197,187,0,5,0
7.0403,21374,Rest,HAZIRLANIYOR...,0,0,1255,178,0,9,0
7.0403,21375,Rest,HAZIRLANIYOR...,0,0,1286,161,0,10,2
7.0403,21376,Rest,HAZIRLANIYOR...,0,0,1286,138,0,11,6
7.0403,21377,Rest,HAZIRLANIYOR...,0,0,1250,110,70,12,3
7.0403,21378,Rest,HAZIRLANIYOR...,0,0,1175,77,154,11,0
7.0403,21379,Rest,HAZIRLANIYOR...,0,0,1067,41,231,7,0
7.0403,21380,Rest,HAZIRLANIYOR...,0,0,923,9,305,2,1
7.0403,21381,Rest,HAZIRLANIYOR...,0,0,740,0,387,0,1
7.0403,21382,Rest,HAZIRLANIYOR...,0,0,518,0,485,4,1
7.0403,21383,Rest,HAZIRLANIYOR...,0,36,266,0,597,10,1
7.0403,21384,Rest,HAZIRLANIYOR...,0,153,0,0,701,12,1
7.0403,21385,Rest,HAZIRLANIYOR...,0,268,0,0,776,9,3
7.0403,21386,Rest,HAZIRLANIYOR...,0,377,0,0,816,7,8
7.0404,21387,Rest,HAZIRLANIYOR...,0,476,0,0,823,9,12
7.0404,21388,Rest,HAZIRLANIYOR...,0,560,0,0,807,10,5
7.0404,21389,Rest,HAZIRLANIYOR...,0,628,0,0,788,2,0
7.0552,21390,Rest,HAZIRLANIYOR...,0,678,0,0,771,0,0
7.0553,21391,Rest,HAZIRLANIYOR...,0,707,0,0,715,0,0
7.0553,21392,Rest,HAZIRLANIYOR...,0,715,0,0,580,0,0
7.0553,21393,Rest,HAZIRLANIYOR...,0,700,0,0,379,0,0
7.0554,21394,Rest,HAZIRLANIYOR...,0,664,0,0,167,0,0
7.0554,21395,Rest,HAZIRLANIYOR...,0,607,0,0,0,0,0
7.0554,21396,Rest,HAZIRLANIYOR...,0,532,0,0,0,0,6
7.0554,21397,Rest,HAZIRLANIYOR...,0,445,0,0,0,0,7
7.0554,21398,Rest,HAZIRLANIYOR...,0,347,0,0,0,0,2
7.0554,21399,Rest,HAZIRLANIYOR...,0,243,0,23,0,0,0
7.0554,21400,Rest,HAZIRLANIYOR...,0,136,0,50,0,0,0
7.0554,21401,Rest,HAZIRLANIYOR...,0,28,0,74,0,0,0
7.0554,21402,Rest,HAZIRLANIYOR...,0,0,126,98,0,0,0
7.0554,21403,Rest,HAZIRLANIYOR...,0,0,346,122,0,1,0
7.0554,21404,Rest,HAZIRLANIYOR...,0,0,555,144,0,4,0
7.0554,21405,Rest,HAZIRLANIYOR...,0,0,746,163,0,0,2
7.0555,21406,Rest,HAZIRLANIYOR...,0,0,913,177,0,0,6
7.0555,21407,Rest,HAZIRLANIYOR...,0,0,1050,187,0,4,8
7.0555,21408,Rest,HAZIRLANIYOR...,0,0,1152,189,0,6,3
7.0555,21409,Rest,HAZIRLANIYOR...,0,0,1222,183,0,5,0
7.0555,21410,Rest,HAZIRLANIYOR...,0,0,1268,169,0,5,0
7.0555,21411,Rest,HAZIRLANIYOR...,0,0,1289,148,0,8,0
7.0555,21412,Rest,HAZIRLANIYOR...,0,0,1274,122,19,12,2
7.0555,21413,Rest,HAZIRLANIYOR...,0,0,1220,92,110,14,5
7.0555,21414,Rest,HAZIRLANIYOR...,0,0,1128,59,190,12,10
7.0555,21415,Rest,HAZIRLANIYOR...,0,0,1002,26,266,9,18
7.0555,21416,Rest,HAZIRLANIYOR...,0,0,840,0,342,8,16
7.0715,21417,Rest,HAZIRLANIYOR...,0,0,639,0,426,8,0
7.0717,21418,Rest,HAZIRLANIYOR...,0,0,403,0,527,9,0
7.0717,21419,Rest,HAZIRLANIYOR...,0,23,138,0,635,8,0
7.0718,21420,Rest,HAZIRLANIYOR...,0,128,0,0,725,6,0
7.0718,21421,Rest,HAZIRLANIYOR...,0,231,0,0,780,4,2
7.0718,21422,Rest,HAZIRLANIYOR...,0,328,0,0,802,4,6
7.0718,21423,Rest,HAZIRLANIYOR...,0,415,0,0,796,3,7
7.0718,21424,Rest,HAZIRLANIYOR...,0,486,0,0,779,1,1
7.0718,21425,Rest,HAZIRLANIYOR...,0,537,0,0,764,0,0
7.0719,21426,Rest,HAZIRLANIYOR...,0,570,0,0,735,0,0
7.0719,21427,Rest,HAZIRLANIYOR...,0,587,0,0,652,0,0
7.0719,21428,Rest,HAZIRLANIYOR...,0,585,0,0,497,0,3
7.0719,21429,Rest,HAZIRLANIYOR...,0,562,0,0,299,0,4
7.0719,21430,Rest,HAZIRLANIYOR...,0,520,0,0,103,0,0
7.0719,21431,Rest,HAZIRLANIYOR...,0,459,0,0,0,0,0
7.0720,21432,Rest,HAZIRLANIYOR...,0,381,0,0,0,0,0
7.0720,21433,Rest,HAZIRLANIYOR...,0,290,0,0,0,0,0
7.0720,21434,Rest,HAZIRLANIYOR...,0,191,0,0,0,0,0
7.0720,21435,Rest,HAZIRLANIYOR...,0,91,0,26,0,0,0
7.0720,21436,Rest,HAZIRLANIYOR...,0,0,0,51,0,0,0
7.0720,21437,Rest,HAZIRLANIYOR...,0,0,2,78,0,0,0
7.0721,21438,Rest,HAZIRLANIYOR...,0,0,230,104,0,0,0
7.0721,21439,Rest,HAZIRLANIYOR...,0,0,448,128,0,1,0
7.0721,21440,Rest,HAZIRLANIYOR...,0,0,648,149,0,0,0
7.0721,21441,Rest,HAZIRLANIYOR...,0,0,825,167,0,0,0
7.0721,21442,Rest,HAZIRLANIYOR...,0,0,975,182,0,0,0
7.0721,21443,Rest,HAZIRLANIYOR...,0,0,1098,192,0,2,1
7.0721,21444,Rest,HAZIRLANIYOR...,0,0,1191,192,0,5,3
7.0722,21445,Rest,HAZIRLANIYOR...,0,0,1254,182,0,5,4
7.0875,21446,Rest,HAZIRLANIYOR...,0,0,1288,164,0,6,5
7.0876,21447,Rest,HAZIRLANIYOR...,0,0,1289,140,0,8,8
7.0876,21448,Rest,HAZIRLANIYOR...,0,0,1253,110,67,9,9
7.0876,21449,Rest,HAZIRLANIYOR...,0,0,1177,78,149,9,4
7.0877,21450,Rest,HAZIRLANIYOR...,0,0,1067,46,227,7,0
7.0877,21451,Rest,HAZIRLANIYOR...,0,0,923,14,307,6,0
7.0877,21452,Rest,HAZIRLANIYOR...,0,0,742,0,389,6,1
7.0877,21453,Rest,HAZIRLANIYOR...,0,0,523,0,472,7,1
7.0877,21454,Rest,HAZIRLANIYOR...,0,0,270,0,559,7,1
7.0878,21455,Rest,HAZIRLANIYOR...,0,33,0,0,648,6,2
7.0878,21456,Rest,HAZIRLANIYOR...,0,143,0,0,721,5,3
7.0878,21457,Rest,HAZIRLANIYOR...,0,251,0,0,763,3,1
7.0878,21458,Rest,HAZIRLANIYOR...,0,350,0,0,773,2,0
7.0878,21459,Rest,HAZIRLANIYOR...,0,437,0,0,767,0,0
7.0878,21460,Rest,HAZIRLANIYOR...,0,510,0,0,758,0,1
7.0878,21461,Rest,HAZIRLANIYOR...,0,566,0,0,743,1,2
7.0879,21462,Rest,HAZIRLANIYOR...,0,604,0,0,699,0,1
7.0879,21463,Rest,HAZIRLANIYOR...,0,623,0,0,601,0,0
7.0879,21464,Rest,HAZIRLANIYOR...,0,624,0,0,441,0,0
7.0879,21465,Rest,HAZIRLANIYOR...,0,604,0,0,240,0,1
7.0880,21466,Rest,HAZIRLANIYOR...,0,561,0,0,39,0,1
7.0880,21467,Rest,HAZIRLANIYOR...,0,496,0,0,0,0,0
7.0881,21468,Rest,HAZIRLANIYOR...,0,416,0,0,0,0,0
7.0881,21469,Rest,HAZIRLANIYOR...,0,325,0,0,0,0,0
7.0881,21470,Rest,HAZIRLANIYOR...,0,227,0,14,0,0,0
7.0881,21471,Rest,HAZIRLANIYOR...,0,125,0,38,0,0,0
7.0881,21472,Rest,HAZIRLANIYOR...,0,21,0,62,0,0,0
7.0882,21473,Rest,HAZIRLANIYOR...,0,0,113,86,0,0,0
7.1027,21474,Rest,HAZIRLANIYOR...,0,0,336,109,0,0,0
7.1029,21475,Rest,HAZIRLANIYOR...,0,0,547,131,0,0,0
7.1029,21476,Rest,HAZIRLANIYOR...,0,0,741,151,0,0,0
7.1029,21477,Rest,HAZIRLANIYOR...,0,0,908,167,0,0,0
7.1029,21478,Rest,HAZIRLANIYOR...,0,0,1045,179,0,2,0
7.1029,21479,Rest,HAZIRLANIYOR...,0,0,1151,184,0,4,0
7.1029,21480,Rest,HAZIRLANIYOR...,0,0,1229,181,0,6,0
7.1029,21481,Rest,HAZIRLANIYOR...,0,0,1276,167,0,7,0
7.1030,21482,Rest,HAZIRLANIYOR...,0,0,1293,145,0,8,0
7.1030,21483,Rest,HAZIRLANIYOR...,0,0,1277,120,15,9,0
7.1030,21484,Rest,HAZIRLANIYOR...,0,0,1225,90,105,9,1
7.1030,21485,Rest,HAZIRLANIYOR...,0,0,1135,58,184,10,3
7.1030,21486,Rest,HAZIRLANIYOR...,0,0,1008,27,260,15,5
7.1030,21487,Rest,HAZIRLANIYOR...,0,0,842,0,338,20,6
7.1030,21488,Rest,HAZIRLANIYOR...,0,0,638,0,429,16,5
7.1030,21489,Rest,HAZIRLANIYOR...,0,0,396,0,538,4,3
7.1030,21490,Rest,HAZIRLANIYOR...,0,92,128,0,651,0,5
7.1031,21491,Rest,HAZIRLANIYOR...,0,205,0,0,740,0,9
7.1031,21492,Rest,HAZIRLANIYOR...,0,311,0,0,794,4,9
7.1031,21493,Rest,HAZIRLANIYOR...,0,409,0,0,817,8,2
7.1031,21494,Rest,HAZIRLANIYOR...,0,497,0,0,818,10,0
7.1031,21495,Rest,HAZIRLANIYOR...,0,569,0,0,804,5,0
7.1031,21496,Rest,HAZIRLANIYOR...,0,622,0,0,779,0,0
7.1031,21497,Rest,HAZIRLANIYOR...,0,655,0,0,726,0,1
7.1032,21498,Rest,HAZIRLANIYOR...,0,672,0,0,614,0,4
7.1032,21499,Rest,HAZIRLANIYOR...,0,669,0,0,442,0,6
7.1032,21500,Rest,HAZIRLANIYOR...,0,644,0,0,242,0,0
7.1181,21501,Rest,HAZIRLANIYOR...,0,594,0,0,50,0,0
7.1182,21502,Rest,HAZIRLANIYOR...,0,523,0,0,0,0,0
7.1182,21503,Rest,HAZIRLANIYOR...,0,437,0,0,0,0,0
7.1182,21504,Rest,HAZIRLANIYOR...,0,340,0,0,0,0,0
7.1182,21505,Rest,HAZIRLANIYOR...,0,235,0,3,0,0,0
7.1182,21506,Rest,HAZIRLANIYOR...,0,124,0,31,0,0,0
7.1182,21507,Rest,HAZIRLANIYOR...,0,11,0,59,0,0,0
7.1182,21508,Rest,HAZIRLANIYOR...,0,0,38,86,0,0,0
7.1182,21509,Rest,HAZIRLANIYOR...,0,0,262,112,0,0,0
7.1183,21510,Rest,HAZIRLANIYOR...,0,0,477,137,0,0,0
7.1183,21511,Rest,HAZIRLANIYOR...,0,0,676,159,0,0,0
7.1183,21512,Rest,HAZIRLANIYOR...,0,0,850,177,0,2,0
7.1183,21513,Rest,HAZIRLANIYOR...,0,0,996,190,0,2,1
7.1183,21514,Rest,HAZIRLANIYOR...,0,0,1113,198,0,5,4
7.1183,21515,Rest,HAZIRLANIYOR...,0,0,1199,197,0,12,6
7.1184,21516,Rest,HAZIRLANIYOR...,0,0,1253,186,0,15,6
7.1184,21517,Rest,HAZIRLANIYOR...,0,0,1279,167,0,9,3
7.1184,21518,Rest,HAZIRLANIYOR...,0,0,1275,141,0,2,1
7.1184,21519,Rest,HAZIRLANIYOR...,0,0,1234,112,76,6,0
7.1184,21520,Rest,HAZIRLANIYOR...,0,0,1154,82,160,13,0
7.1184,21521,Rest,HAZIRLANIYOR...,0,0,1039,49,238,11,0
7.1184,21522,Rest,HAZIRLANIYOR...,0,0,894,16,315,6,2
7.1184,21523,Rest,HAZIRLANIYOR...,0,0,713,0,398,9,3
7.1185,21524,Rest,HAZIRLANIYOR...,0,0,491,0,499,9,4
7.1185,21525,Rest,HAZIRLANIYOR...,0,0,225,0,618,3,5
7.1185,21526,Rest,HAZIRLANIYOR...,0,63,0,0,730,3,6
7.1186,21527,Rest,HAZIRLANIYOR...,0,184,0,0,807,9,6
7.1187,21528,Rest,HAZIRLANIYOR...,0,300,0,0,839,11,9
7.1331,21529,Rest,HAZIRLANIYOR...,0,409,0,0,838,4,11
7.1333,21530,Rest,HAZIRLANIYOR...,0,504,0,0,823,0,5
7.1333,21531,Rest,HAZIRLANIYOR...,0,578,0,0,806,0,0
7.1333,21532,Rest,HAZIRLANIYOR...,0,633,0,0,773,0,0
7.1333,21533,Rest,HAZIRLANIYOR...,0,672,0,0,685,0,0
7.1334,21534,Rest,HAZIRLANIYOR...,0,689,0,0,526,0,0
7.1334,21535,Rest,HAZIRLANIYOR...,0,674,0,0,329,0,0
7.1334,21536,Rest,HAZIRLANIYOR...,0,633,0,0,134,0,0
7.1334,21537,Rest,HAZIRLANIYOR...,0,576,0,0,0,0,0
7.1334,21538,Rest,HAZIRLANIYOR...,0,506,0,0,0,0,0
7.1334,21539,Rest,HAZIRLANIYOR...,0,422,0,0,0,0,0
7.1334,21540,Rest,HAZIRLANIYOR...,0,324,0,0,0,0,0
7.1335,21541,Rest,HAZIRLANIYOR...,0,215,0,18,0,0,0
7.1336,21542,Rest,HAZIRLANIYOR...,0,101,0,44,0,0,0
7.1337,21543,Rest,HAZIRLANIYOR...,0,0,0,68,0,0,0
7.1337,21544,Rest,HAZIRLANIYOR...,0,0,162,92,0,0,3
7.1337,21545,Rest,HAZIRLANIYOR...,0,0,382,115,0,0,9
7.1337,21546,Rest,HAZIRLANIYOR...,0,0,591,136,0,0,4
7.1337,21547,Rest,HAZIRLANIYOR...,0,0,780,155,0,1,0
7.1337,21548,Rest,HAZIRLANIYOR...,0,0,943,168,0,3,0
7.1337,21549,Rest,HAZIRLANIYOR...,0,0,1075,177,0,5,0
7.1337,21550,Rest,HAZIRLANIYOR...,0,0,1174,181,0,6,0
7.1338,21551,Rest,HAZIRLANIYOR...,0,0,1244,176,0,10,0
7.1338,21552,Rest,HAZIRLANIYOR...,0,0,1284,161,0,18,1
7.1338,21553,Rest,HAZIRLANIYOR...,0,0,1293,140,0,23,1
7.1339,21554,Rest,HAZIRLANIYOR...,0,0,1269,115,35,16,1
7.1480,21555,Rest,HAZIRLANIYOR...,0,0,1211,86,123,6,1
7.1482,21556,Rest,HAZIRLANIYOR...,0,0,1119,53,202,2,2
7.1482,21557,Rest,HAZIRLANIYOR...,0,0,990,21,277,4,5
7.1482,21558,Rest,HAZIRLANIYOR...,0,0,821,0,357,6,9
7.1482,21559,Rest,HAZIRLANIYOR...,0,0,613,0,454,6,12
7.1483,21560,Rest,HAZIRLANIYOR...,0,0,372,0,578,6,8
7.1483,21561,Rest,HAZIRLANIYOR...,0,41,103,0,698,7,0
7.1483,21562,Rest,HAZIRLANIYOR...,0,148,0,0,773,8,0
7.1483,21563,Rest,HAZIRLANIYOR...,0,251,0,0,807,7,0
7.1484,21564,Rest,HAZIRLANIYOR...,0,348,0,0,822,8,1
7.1484,21565,Rest,HAZIRLANIYOR...,0,436,0,0,826,8,5
7.1484,21566,Rest,HAZIRLANIYOR...,0,514,0,0,820,1,7
7.1484,21567,Rest,HAZIRLANIYOR...,0,576,0,0,800,0,0
7.1484,21568,Rest,HAZIRLANIYOR...,0,616,0,0,731,0,0
7.1484,21569,Rest,HAZIRLANIYOR...,0,636,0,0,588,0,0
7.1484,21570,Rest,HAZIRLANIYOR...,0,636,0,0,399,0,0
7.1484,21571,Rest,HAZIRLANIYOR...,0,613,0,0,210,0,0
7.1485,21572,Rest,HAZIRLANIYOR...,0,567,0,0,34,0,0
7.1485,21573,Rest,HAZIRLANIYOR...,0,500,0,0,0,0,0
7.1485,21574,Rest,HAZIRLANIYOR...,0,418,0,0,0,0,0
7.1486,21575,Rest,HAZIRLANIYOR...,0,326,0,0,0,0,0
7.1486,21576,Rest,HAZIRLANIYOR...,0,228,0,4,0,0,0
7.1486,21577,Rest,HAZIRLANIYOR...,0,124,0,32,0,0,0
7.1486,21578,Rest,HAZIRLANIYOR...,0,18,0,59,0,0,0
7.1487,21579,Rest,HAZIRLANIYOR...,0,0,44,83,0,0,5
7.1488,21580,Rest,HAZIRLANIYOR...,0,0,264,105,0,0,10
7.1489,21581,Rest,HAZIRLANIYOR...,0,0,476,128,0,0,3
7.1633,21582,Rest,HAZIRLANIYOR...,0,0,672,149,0,0,0
7.1634,21583,Rest,HAZIRLANIYOR...,0,0,844,166,0,0,0
7.1634,21584,Rest,HAZIRLANIYOR...,0,0,986,177,0,3,0
7.1634,21585,Rest,HAZIRLANIYOR...,0,0,1099,184,0,13,2
7.1634,21586,Rest,HAZIRLANIYOR...,0,0,1186,183,0,18,3
7.1634,21587,Rest,HAZIRLANIYOR...,0,0,1245,173,0,13,5
7.1635,21588,Rest,HAZIRLANIYOR...,0,0,1272,153,0,3,10
7.1635,21589,Rest,HAZIRLANIYOR...,0,0,1268,128,0,0,13
7.1635,21590,Rest,HAZIRLANIYOR...,0,0,1229,102,84,0,7
7.1635,21591,Rest,HAZIRLANIYOR...,0,0,1153,74,167,3,0
7.1636,21592,Rest,HAZIRLANIYOR...,0,0,1042,43,241,5,0
7.1636,21593,Rest,HAZIRLANIYOR...,0,0,895,12,313,4,0
7.1636,21594,Rest,HAZIRLANIYOR...,0,0,711,0,398,3,1
7.1636,21595,Rest,HAZIRLANIYOR...,0,0,490,0,504,4,0
7.1637,21596,Rest,HAZIRLANIYOR...,0,4,234,0,618,5,0
7.1637,21597,Rest,HAZIRLANIYOR...,0,108,0,0,720,5,9
7.1637,21598,Rest,HAZIRLANIYOR...,0,213,0,0,793,3,15
7.1637,21599,Rest,HAZIRLANIYOR...,0,314,0,0,832,0,7
7.1638,21600,Rest,HAZIRLANIYOR...,0,405,0,0,837,0,0
7.1638,21601,Rest,HAZIRLANIYOR...,0,479,0,0,823,0,0
7.1638,21602,Rest,HAZIRLANIYOR...,0,536,0,0,806,1,0
7.1638,21603,Rest,HAZIRLANIYOR...,0,576,0,0,768,1,0
7.1638,21604,Rest,HAZIRLANIYOR...,0,598,0,0,662,0,0
7.1638,21605,Rest,HAZIRLANIYOR...,0,600,0,0,487,0,1
7.1639,21606,Rest,HAZIRLANIYOR...,0,582,0,0,293,0,0
7.1639,21607,Rest,HAZIRLANIYOR...,0,545,0,0,112,0,0
7.1640,21608,Rest,HAZIRLANIYOR...,0,490,0,0,0,0,0
7.1792,21609,Rest,HAZIRLANIYOR...,0,416,0,0,0,0,0
7.1792,21610,Rest,HAZIRLANIYOR...,0,328,0,0,0,0,1
7.1792,21611,Rest,HAZIRLANIYOR...,0,233,0,0,0,0,0
7.1792,21612,Rest,HAZIRLANIYOR...,0,134,0,18,0,0,0
7.1792,21613,Rest,HAZIRLANIYOR...,0,32,0,45,0,0,0
7.1793,21614,Rest,HAZIRLANIYOR...,0,0,0,70,0,0,0
7.1793,21615,Rest,HAZIRLANIYOR...,0,0,162,95,0,0,1
7.1793,21616,Rest,HAZIRLANIYOR...,0,0,381,118,0,0,0
7.1793,21617,Rest,HAZIRLANIYOR...,0,0,589,141,0,0,0
7.1793,21618,Rest,HAZIRLANIYOR...,0,0,775,159,0,11,0
7.1793,21619,Rest,HAZIRLANIYOR...,0,0,934,173,0,19,0
7.1793,21620,Rest,HAZIRLANIYOR...,0,0,1063,183,0,9,0
7.1794,21621,Rest,HAZIRLANIYOR...,0,0,1161,188,0,0,0
7.1794,21622,Rest,HAZIRLANIYOR...,0,0,1230,182,0,1,0
7.1794,21623,Rest,HAZIRLANIYOR...,0,0,1270,167,0,8,3
7.1794,21624,Rest,HAZIRLANIYOR...,0,0,1282,144,0,11,4
7.1794,21625,Rest,HAZIRLANIYOR...,0,0,1260,118,45,9,6
7.1794,21626,Rest,HAZIRLANIYOR...,0,0,1202,90,135,9,10
7.1795,21627,Rest,HAZIRLANIYOR...,0,0,1106,61,214,8,12
7.1795,21628,Rest,HAZIRLANIYOR...,0,0,973,30,282,6,11
7.1795,21629,Rest,HAZIRLANIYOR...,0,0,802,0,348,3,9
7.1795,21630,Rest,HAZIRLANIYOR...,0,0,596,0,436,4,7
7.1795,21631,Rest,HAZIRLANIYOR...,0,0,355,0,557,6,2
7.1795,21632,Rest,HAZIRLANIYOR...,0,90,85,0,676,6,0
7.1795,21633,Rest,HAZIRLANIYOR...,0,202,0,0,755,5,0
7.1795,21634,Rest,HAZIRLANIYOR...,0,313,0,0,794,4,0
7.1795,21635,Rest,HAZIRLANIYOR...,0,419,0,0,810,4,0
7.1796,21636,Rest,HAZIRLANIYOR...,0,514,0,0,804,2,0
7.1947,21637,Rest,HAZIRLANIYOR...,0,592,0,0,784,1,0
7.1948,21638,Rest,HAZIRLANIYOR...,0,648,0,0,764,1,0
7.1948,21639,Rest,HAZIRLANIYOR...,0,684,0,0,720,1,0
7.1949,21640,Rest,HAZIRLANIYOR...,0,705,0,0,607,0,0
7.1949,21641,Rest,HAZIRLANIYOR...,0,706,0,0,426,0,0
7.1949,21642,Rest,HAZIRLANIYOR...,0,680,0,0,224,0,0
7.1949,21643,Rest,HAZIRLANIYOR...,0,632,0,0,37,0,0
7.1949,21644,Rest,HAZIRLANIYOR...,0,565,0,0,0,0,0
7.1950,21645,Rest,HAZIRLANIYOR...,0,481,0,0,0,0,0
7.1950,21646,Rest,HAZIRLANIYOR...,0,384,0,0,0,0,0
7.1950,21647,Rest,HAZIRLANIYOR...,0,282,0,9,0,0,0
7.1950,21648,Rest,HAZIRLANIYOR...,0,176,0,38,0,0,0
7.1950,21649,Rest,HAZIRLANIYOR...,0,65,0,64,0,0,0
7.1950,21650,Rest,HAZIRLANIYOR...,0,0,58,88,0,0,0
7.1951,21651,Rest,HAZIRLANIYOR...,0,0,281,111,0,0,0
7.1951,21652,Rest,HAZIRLANIYOR...,0,0,492,135,0,0,0
7.1951,21653,Rest,HAZIRLANIYOR...,0,0,687,157,0,0,0
7.1952,21654,Rest,HAZIRLANIYOR...,0,0,861,174,0,2,2
7.1952,21655,Rest,HAZIRLANIYOR...,0,0,1004,184,0,6,2
7.1952,21656,Rest,HAZIRLANIYOR...,0,0,1113,188,0,7,1
7.1952,21657,Rest,HAZIRLANIYOR...,0,0,1194,185,0,8,1
7.1952,21658,Rest,HAZIRLANIYOR...,0,0,1252,174,0,9,2
7.1953,21659,Rest,HAZIRLANIYOR...,0,0,1283,156,0,10,4
7.1953,21660,Rest,HAZIRLANIYOR...,0,0,1278,131,0,11,3
7.1953,21661,Rest,HAZIRLANIYOR...,0,0,1235,100,88,12,0
7.1953,21662,Rest,HAZIRLANIYOR...,0,0,1157,64,168,12,1
7.1954,21663,Rest,HAZIRLANIYOR...,0,0,1043,30,241,11,4
7.1955,21664,Rest,HAZIRLANIYOR...,0,0,890,0,314,9,6
7.2105,21665,Rest,HAZIRLANIYOR...,0,0,697,0,393,8,5
7.2105,21666,Rest,HAZIRLANIYOR...,0,0,470,0,485,7,4
7.2105,21667,Rest,HAZIRLANIYOR...,0,0,217,0,587,7,4
7.2105,21668,Rest,HAZIRLANIYOR...,0,85,0,0,679,7,4
7.2106,21669,Rest,HAZIRLANIYOR...,0,195,0,0,746,5,5
7.2106,21670,Rest,HAZIRLANIYOR...,0,299,0,0,781,3,9
7.2106,21671,Rest,HAZIRLANIYOR...,0,395,0,0,788,0,12
7.2106,21672,Rest,HAZIRLANIYOR...,0,479,0,0,772,0,6
7.2106,21673,Rest,HAZIRLANIYOR...,0,545,0,0,750,0,0
7.2106,21674,Rest,HAZIRLANIYOR...,0,590,0,0,724,0,0
7.2106,21675,Rest,HAZIRLANIYOR...,0,616,0,0,671,0,0
7.2106,21676,Rest,HAZIRLANIYOR...,0,625,0,0,557,0,0
7.2107,21677,Rest,HAZIRLANIYOR...,0,617,0,0,380,0,0
7.2107,21678,Rest,HAZIRLANIYOR...,0,584,0,0,175,0,0
7.2107,21679,Rest,HAZIRLANIYOR...,0,528,0,0,0,0,0
7.2107,21680,Rest,HAZIRLANIYOR...,0,453,0,0,0,0,0
7.2107,21681,Rest,HAZIRLANIYOR...,0,364,0,0,0,0,0
7.2107,21682,Rest,HAZIRLANIYOR...,0,264,0,0,0,0,0
7.2107,21683,Rest,HAZIRLANIYOR...,0,160,0,27,0,0,0
7.2107,21684,Rest,HAZIRLANIYOR...,0,55,0,53,0,0,5
7.2107,21685,Rest,HAZIRLANIYOR...,0,0,0,78,0,0,16
7.2107,21686,Rest,HAZIRLANIYOR...,0,0,154,103,0,0,11
7.2107,21687,Rest,HAZIRLANIYOR...,0,0,376,126,0,0,0
7.2108,21688,Rest,HAZIRLANIYOR...,0,0,584,147,0,0,0
7.2108,21689,Rest,HAZIRLANIYOR...,0,0,773,166,0,0,0
7.2108,21690,Rest,HAZIRLANIYOR...,0,0,935,183,0,4,0
7.2108,21691,Rest,HAZIRLANIYOR...,0,0,1066,193,0,5,0
7.2260,21692,Rest,HAZIRLANIYOR...,0,0,1167,193,0,6,0
7.2260,21693,Rest,HAZIRLANIYOR...,0,0,1239,185,0,10,2
7.2261,21694,Rest,HAZIRLANIYOR...,0,0,1281,167,0,15,7
7.2261,21695,Rest,HAZIRLANIYOR...,0,0,1293,144,0,17,2
7.2261,21696,Rest,HAZIRLANIYOR...,0,0,1271,119,38,15,0
7.2262,21697,Rest,HAZIRLANIYOR...,0,0,1213,90,126,8,0
7.2262,21698,Rest,HAZIRLANIYOR...,0,0,1115,58,205,5,0
7.2262,21699,Rest,HAZIRLANIYOR...,0,0,979,25,280,5,0
7.2262,21700,Rest,HAZIRLANIYOR...,0,0,806,0,352,6,0
7.2263,21701,Rest,HAZIRLANIYOR...,0,0,599,0,430,6,0
7.2263,21702,Rest,HAZIRLANIYOR...,0,0,362,0,524,6,1
7.2263,21703,Rest,HAZIRLANIYOR...,0,42,101,0,625,6,2
7.2263,21704,Rest,HAZIRLANIYOR...,0,152,0,0,707,5,2
7.2263,21705,Rest,HAZIRLANIYOR...,0,258,0,0,753,3,1
7.2264,21706,Rest,HAZIRLANIYOR...,0,354,0,0,765,1,0
7.2264,21707,Rest,HAZIRLANIYOR...,0,439,0,0,748,0,0
7.2264,21708,Rest,HAZIRLANIYOR...,0,513,0,0,709,0,0
7.2264,21709,Rest,HAZIRLANIYOR...,0,567,0,0,660,0,0
7.2264,21710,Rest,HAZIRLANIYOR...,0,597,0,0,615,0,1
7.2265,21711,Rest,HAZIRLANIYOR...,0,609,0,0,559,0,0
7.2265,21712,Rest,HAZIRLANIYOR...,0,606,0,0,458,0,0
7.2265,21713,Rest,HAZIRLANIYOR...,0,586,0,0,309,0,0
7.2266,21714,Rest,HAZIRLANIYOR...,0,544,0,0,140,0,0
7.2266,21715,Rest,HAZIRLANIYOR...,0,482,0,0,0,0,0
7.2266,21716,Rest,HAZIRLANIYOR...,0,406,0,0,0,0,0
7.2266,21717,Rest,HAZIRLANIYOR...,0,319,0,0,0,0,5
7.2267,21718,Rest,HAZIRLANIYOR...,0,222,0,9,0,0,7
7.2268,21719,Rest,HAZIRLANIYOR...,0,122,0,38,0,0,0
7.2408,21720,Rest,HAZIRLANIYOR...,0,27,0,65,0,0,0
7.2408,21721,Rest,HAZIRLANIYOR...,0,0,17,87,0,0,0
7.2408,21722,Rest,HAZIRLANIYOR...,0,0,243,109,0,0,0
7.2409,21723,Rest,HAZIRLANIYOR...,0,0,460,130,0,0,0
7.2409,21724,Rest,HAZIRLANIYOR...,0,0,660,151,0,0,0
7.2409,21725,Rest,HAZIRLANIYOR...,0,0,838,168,0,1,1
7.2409,21726,Rest,HAZIRLANIYOR...,0,0,988,179,0,3,3
7.2409,21727,Rest,HAZIRLANIYOR...,0,0,1107,184,0,5,6
7.2409,21728,Rest,HAZIRLANIYOR...,0,0,1196,182,0,7,8
7.2409,21729,Rest,HAZIRLANIYOR...,0,0,1254,170,0,7,9
7.2409,21730,Rest,HAZIRLANIYOR...,0,0,1281,150,0,7,8
7.2409,21731,Rest,HAZIRLANIYOR...,0,0,1275,125,0,8,3
7.2409,21732,Rest,HAZIRLANIYOR...,0,0,1233,98,79,8,0
7.2409,21733,Rest,HAZIRLANIYOR...,0,0,1152,69,164,10,0
7.2410,21734,Rest,HAZIRLANIYOR...,0,0,1036,38,243,10,0
7.2410,21735,Rest,HAZIRLANIYOR...,0,0,886,6,317,10,0
7.2410,21736,Rest,HAZIRLANIYOR...,0,0,701,0,393,9,0
7.2410,21737,Rest,HAZIRLANIYOR...,0,0,477,0,484,9,0
7.2410,21738,Rest,HAZIRLANIYOR...,0,27,222,0,585,9,0
7.2410,21739,Rest,HAZIRLANIYOR...,0,128,0,0,680,8,0
7.2410,21740,Rest,HAZIRLANIYOR...,0,230,0,0,752,7,0
7.2410,21741,Rest,HAZIRLANIYOR...,0,333,0,0,781,4,0
7.2410,21742,Rest,HAZIRLANIYOR...,0,427,0,0,765,1,2
7.2410,21743,Rest,HAZIRLANIYOR...,0,504,0,0,729,0,1
7.2410,21744,Rest,HAZIRLANIYOR...,0,563,0,0,689,0,0
7.2411,21745,Rest,HAZIRLANIYOR...,0,607,0,0,638,0,0
7.2564,21746,Rest,HAZIRLANIYOR...,0,632,0,0,573,0,0
7.2565,21747,Rest,HAZIRLANIYOR...,0,635,0,0,496,0,0
7.2565,21748,Rest,HAZIRLANIYOR...,0,614,0,0,385,0,0
7.2565,21749,Rest,HAZIRLANIYOR...,0,574,0,0,225,0,0
7.2565,21750,Rest,HAZIRLANIYOR...,0,519,0,0,41,0,0
7.2565,21751,Rest,HAZIRLANIYOR...,0,447,0,0,0,0,0
7.2565,21752,Rest,HAZIRLANIYOR...,0,357,0,0,0,0,0
7.2565,21753,Rest,HAZIRLANIYOR...,0,257,0,5,0,0,0
7.2566,21754,Rest,HAZIRLANIYOR...,0,155,0,32,0,0,0
7.2566,21755,Rest,HAZIRLANIYOR...,0,52,0,58,0,0,0
7.2566,21756,Rest,HAZIRLANIYOR...,0,0,0,82,0,0,0
7.2566,21757,Rest,HAZIRLANIYOR...,0,0,133,104,0,0,0
7.2566,21758,Rest,HAZIRLANIYOR...,0,0,356,125,0,0,0
7.2566,21759,Rest,HAZIRLANIYOR...,0,0,567,144,0,0,0
7.2566,21760,Rest,HAZIRLANIYOR...,0,0,757,161,0,1,0
7.2566,21761,Rest,HAZIRLANIYOR...,0,0,918,174,0,3,0
7.2566,21762,Rest,HAZIRLANIYOR...,0,0,1047,181,0,5,0
7.2566,21763,Rest,HAZIRLANIYOR...,0,0,1147,180,0,6,2
7.2566,21764,Rest,HAZIRLANIYOR...,0,0,1222,171,0,8,4
7.2567,21765,Rest,HAZIRLANIYOR...,0,0,1269,155,0,8,6
7.2567,21766,Rest,HAZIRLANIYOR...,0,0,1282,130,0,10,7
7.2567,21767,Rest,HAZIRLANIYOR...,0,0,1258,100,23,15,6
7.2567,21768,Rest,HAZIRLANIYOR...,0,0,1197,66,115,18,3
7.2567,21769,Rest,HAZIRLANIYOR...,0,0,1099,33,197,12,1
7.2567,21770,Rest,HAZIRLANIYOR...,0,0,965,3,275,3,3
7.2567,21771,Rest,HAZIRLANIYOR...,0,0,793,0,355,1,5
7.2568,21772,Rest,HAZIRLANIYOR...,0,0,587,0,444,6,6
7.2568,21773,Rest,HAZIRLANIYOR...,0,0,347,0,545,12,4
7.2717,21774,Rest,HAZIRLANIYOR...,0,56,81,0,643,13,3
7.2718,21775,Rest,HAZIRLANIYOR...,0,166,0,0,719,8,2
7.2719,21776,Rest,HAZIRLANIYOR...,0,274,0,0,767,4,2
7.2720,21777,Rest,HAZIRLANIYOR...,0,374,0,0,781,5,2
7.2720,21778,Rest,HAZIRLANIYOR...,0,462,0,0,761,1,2
7.2720,21779,Rest,HAZIRLANIYOR...,0,530,0,0,719,0,1
7.2720,21780,Rest,HAZIRLANIYOR...,0,580,0,0,675,0,0
7.2720,21781,Rest,HAZIRLANIYOR...,0,612,0,0,635,0,0
7.2721,21782,Rest,HAZIRLANIYOR...,0,627,0,0,580,0,0
7.2721,21783,Rest,HAZIRLANIYOR...,0,621,0,0,483,0,0
7.2721,21784,Rest,HAZIRLANIYOR...,0,593,0,0,337,0,0
7.2721,21785,Rest,HAZIRLANIYOR...,0,547,0,0,158,0,0
7.2722,21786,Rest,HAZIRLANIYOR...,0,484,0,0,0,0,0
7.2722,21787,Rest,HAZIRLANIYOR...,0,405,0,0,0,0,0
7.2722,21788,Rest,HAZIRLANIYOR...,0,312,0,0,0,0,0
7.2722,21789,Rest,HAZIRLANIYOR...,0,212,0,23,0,0,0
7.2722,21790,Rest,HAZIRLANIYOR...,0,107,0,50,0,0,0
7.2722,21791,Rest,HAZIRLANIYOR...,0,0,0,75,0,0,0
7.2722,21792,Rest,HAZIRLANIYOR...,0,0,26,97,0,0,0
7.2723,21793,Rest,HAZIRLANIYOR...,0,0,255,119,0,0,0
7.2723,21794,Rest,HAZIRLANIYOR...,0,0,474,142,0,0,0
7.2723,21795,Rest,HAZIRLANIYOR...,0,0,677,162,0,0,1
7.2723,21796,Rest,HAZIRLANIYOR...,0,0,857,176,0,0,1
7.2723,21797,Rest,HAZIRLANIYOR...,0,0,1007,183,0,2,0
7.2723,21798,Rest,HAZIRLANIYOR...,0,0,1126,186,0,3,0
7.2724,21799,Rest,HAZIRLANIYOR...,0,0,1216,183,0,5,0
7.2724,21800,Rest,HAZIRLANIYOR...,0,0,1275,173,0,5,2
7.2877,21801,Rest,HAZIRLANIYOR...,0,0,1304,154,0,4,8
7.2878,21802,Rest,HAZIRLANIYOR...,0,0,1301,125,0,6,10
7.2878,21803,Rest,HAZIRLANIYOR...,0,0,1259,90,66,14,4
7.2878,21804,Rest,HAZIRLANIYOR...,0,0,1176,56,152,19,0
7.2878,21805,Rest,HAZIRLANIYOR...,0,0,1055,26,232,14,0
7.2879,21806,Rest,HAZIRLANIYOR...,0,0,897,0,311,4,0
7.2879,21807,Rest,HAZIRLANIYOR...,0,0,698,0,399,1,0
7.2879,21808,Rest,HAZIRLANIYOR...,0,0,465,0,500,5,0
7.2879,21809,Rest,HAZIRLANIYOR...,0,0,210,0,603,8,0
7.2879,21810,Rest,HAZIRLANIYOR...,0,90,0,0,690,8,0
7.2879,21811,Rest,HAZIRLANIYOR...,0,199,0,0,750,8,0
7.2880,21812,Rest,HAZIRLANIYOR...,0,307,0,0,778,11,0
7.2880,21813,Rest,HAZIRLANIYOR...,0,406,0,0,775,13,5
7.2880,21814,Rest,HAZIRLANIYOR...,0,487,0,0,749,6,9
7.2880,21815,Rest,HAZIRLANIYOR...,0,546,0,0,713,0,4
7.2880,21816,Rest,HAZIRLANIYOR...,0,588,0,0,668,0,0
7.2880,21817,Rest,HAZIRLANIYOR...,0,615,0,0,612,0,0
7.2881,21818,Rest,HAZIRLANIYOR...,0,626,0,0,539,0,0
7.2881,21819,Rest,HAZIRLANIYOR...,0,617,0,0,428,0,0
7.2881,21820,Rest,HAZIRLANIYOR...,0,587,0,0,259,0,0
7.2881,21821,Rest,HAZIRLANIYOR...,0,537,0,0,54,0,0
7.2881,21822,Rest,HAZIRLANIYOR...,0,470,0,0,0,0,0
7.2882,21823,Rest,HAZIRLANIYOR...,0,389,0,0,0,0,3
7.2882,21824,Rest,HAZIRLANIYOR...,0,300,0,6,0,0,0
7.2882,21825,Rest,HAZIRLANIYOR...,0,203,0,30,0,0,0
7.2882,21826,Rest,HAZIRLANIYOR...,0,100,0,56,0,0,0
7.2882,21827,Rest,HAZIRLANIYOR...,0,0,0,80,0,0,0
7.2883,21828,Rest,HAZIRLANIYOR...,0,0,143,102,0,0,0
7.3036,21829,Rest,HAZIRLANIYOR...,0,0,369,123,0,0,0
7.3038,21830,Rest,HAZIRLANIYOR...,0,0,581,144,0,0,0
7.3038,21831,Rest,HAZIRLANIYOR...,0,0,773,160,0,0,1
7.3039,21832,Rest,HAZIRLANIYOR...,0,0,939,170,0,5,2
7.3039,21833,Rest,HAZIRLANIYOR...,0,0,1074,174,0,12,0
7.3039,21834,Rest,HAZIRLANIYOR...,0,0,1175,174,0,13,0
7.3040,21835,Rest,HAZIRLANIYOR...,0,0,1246,169,0,12,0
7.3040,21836,Rest,HAZIRLANIYOR...,0,0,1289,153,0,13,0
7.3040,21837,Rest,HAZIRLANIYOR...,0,0,1302,129,0,9,3
7.3041,21838,Rest,HAZIRLANIYOR...,0,0,1278,102,15,3,5
7.3041,21839,Rest,HAZIRLANIYOR...,0,0,1215,74,106,3,4
7.3041,21840,Rest,HAZIRLANIYOR...,0,0,1114,44,188,8,3
7.3041,21841,Rest,HAZIRLANIYOR...,0,0,977,12,268,9,4
7.3041,21842,Rest,HAZIRLANIYOR...,0,0,804,0,351,7,4
7.3041,21843,Rest,HAZIRLANIYOR...,0,0,591,0,448,6,5
7.3041,21844,Rest,HAZIRLANIYOR...,0,0,343,0,561,7,4
7.3041,21845,Rest,HAZIRLANIYOR...,0,65,67,0,672,8,3
7.3041,21846,Rest,HAZIRLANIYOR...,0,174,0,0,758,7,3
7.3041,21847,Rest,HAZIRLANIYOR...,0,283,0,0,809,5,2
7.3041,21848,Rest,HAZIRLANIYOR...,0,383,0,0,826,2,2
7.3041,21849,Rest,HAZIRLANIYOR...,0,470,0,0,818,1,2
7.3041,21850,Rest,HAZIRLANIYOR...,0,544,0,0,805,1,2
7.3041,21851,Rest,HAZIRLANIYOR...,0,601,0,0,794,0,1
7.3041,21852,Rest,HAZIRLANIYOR...,0,636,0,0,745,0,0
7.3042,21853,Rest,HAZIRLANIYOR...,0,650,0,0,610,0,0
7.3042,21854,Rest,HAZIRLANIYOR...,0,644,0,0,410,0,0
7.3042,21855,Rest,HAZIRLANIYOR...,0,618,0,0,204,0,0
7.3042,21856,Rest,HAZIRLANIYOR...,0,570,0,0,23,0,0
7.3198,21857,Rest,HAZIRLANIYOR...,0,499,0,0,0,0,0
7.3199,21858,Rest,HAZIRLANIYOR...,0,411,0,0,0,0,0
7.3199,21859,Rest,HAZIRLANIYOR...,0,314,0,0,0,0,0
7.3199,21860,Rest,HAZIRLANIYOR...,0,212,0,18,0,0,0
7.3199,21861,Rest,HAZIRLANIYOR...,0,109,0,42,0,0,0
7.3200,21862,Rest,HAZIRLANIYOR...,0,8,0,66,0,0,0
7.3200,21863,Rest,HAZIRLANIYOR...,0,0,81,91,0,0,0
7.3200,21864,Rest,HAZIRLANIYOR...,0,0,309,115,0,0,0
7.3200,21865,Rest,HAZIRLANIYOR...,0,0,522,138,0,0,3
7.3201,21866,Rest,HAZIRLANIYOR...,0,0,716,159,0,0,5
7.3201,21867,Rest,HAZIRLANIYOR...,0,0,891,175,0,2,4
7.3201,21868,Rest,HAZIRLANIYOR...,0,0,1037,184,0,9,2
7.3202,21869,Rest,HAZIRLANIYOR...,0,0,1149,185,0,13,2
7.3202,21870,Rest,HAZIRLANIYOR...,0,0,1228,181,0,7,1
7.3202,21871,Rest,HAZIRLANIYOR...,0,0,1279,172,0,0,0
7.3202,21872,Rest,HAZIRLANIYOR...,0,0,1304,154,0,0,0
7.3202,21873,Rest,HAZIRLANIYOR...,0,0,1297,127,0,4,2
7.3203,21874,Rest,HAZIRLANIYOR...,0,0,1250,94,76,8,4
7.3203,21875,Rest,HAZIRLANIYOR...,0,0,1165,61,159,9,5
7.3203,21876,Rest,HAZIRLANIYOR...,0,0,1044,30,237,9,3
7.3203,21877,Rest,HAZIRLANIYOR...,0,0,888,0,315,8,2
7.3203,21878,Rest,HAZIRLANIYOR...,0,0,691,0,402,8,5
7.3203,21879,Rest,HAZIRLANIYOR...,0,0,456,0,511,8,9
7.3204,21880,Rest,HAZIRLANIYOR...,0,0,190,0,634,9,7
7.3204,21881,Rest,HAZIRLANIYOR...,0,70,0,0,744,9,2
7.3204,21882,Rest,HAZIRLANIYOR...,0,181,0,0,817,9,0
7.3204,21883,Rest,HAZIRLANIYOR...,0,288,0,0,849,6,0
7.3204,21884,Rest,HAZIRLANIYOR...,0,388,0,0,848,3,0
7.3204,21885,Rest,HAZIRLANIYOR...,0,474,0,0,829,2,0
7.3350,21886,Rest,HAZIRLANIYOR...,0,540,0,0,808,4,0
7.3351,21887,Rest,HAZIRLANIYOR...,0,586,0,0,765,4,0
7.3351,21888,Rest,HAZIRLANIYOR...,0,613,0,0,655,0,0
7.3351,21889,Rest,HAZIRLANIYOR...,0,619,0,0,480,0,0
7.3352,21890,Rest,HAZIRLANIYOR...,0,604,0,0,285,0,0
7.3352,21891,Rest,HAZIRLANIYOR...,0,567,0,0,102,0,0
7.3352,21892,Rest,HAZIRLANIYOR...,0,510,0,0,0,0,0
7.3352,21893,Rest,HAZIRLANIYOR...,0,436,0,0,0,0,0
7.3352,21894,Rest,HAZIRLANIYOR...,0,351,0,0,0,0,0
7.3352,21895,Rest,HAZIRLANIYOR...,0,258,0,0,0,0,0
7.3353,21896,Rest,HAZIRLANIYOR...,0,159,0,23,0,0,0
7.3353,21897,Rest,HAZIRLANIYOR...,0,57,0,50,0,0,4
7.3353,21898,Rest,HAZIRLANIYOR...,0,0,0,76,0,0,5
7.3353,21899,Rest,HAZIRLANIYOR...,0,0,191,99,0,0,0
7.3353,21900,Rest,HAZIRLANIYOR...,0,0,414,119,0,0,0
7.3353,21901,Rest,HAZIRLANIYOR...,0,0,618,138,0,0,0
7.3353,21902,Rest,HAZIRLANIYOR...,0,0,796,157,0,0,0
7.3353,21903,Rest,HAZIRLANIYOR...,0,0,947,172,0,0,0
7.3353,21904,Rest,HAZIRLANIYOR...,0,0,1072,180,0,7,0
7.3354,21905,Rest,HAZIRLANIYOR...,0,0,1168,181,0,9,0
7.3354,21906,Rest,HAZIRLANIYOR...,0,0,1234,174,0,9,0
7.3354,21907,Rest,HAZIRLANIYOR...,0,0,1269,157,0,7,3
7.3354,21908,Rest,HAZIRLANIYOR...,0,0,1275,130,0,6,3
7.3354,21909,Rest,HAZIRLANIYOR...,0,0,1248,100,48,7,0
7.3354,21910,Rest,HAZIRLANIYOR...,0,0,1184,69,130,9,0
7.3354,21911,Rest,HAZIRLANIYOR...,0,0,1082,41,205,11,0
7.3355,21912,Rest,HAZIRLANIYOR...,0,0,942,13,278,10,3
7.3507,21913,Rest,HAZIRLANIYOR...,0,0,766,0,358,9,10
7.3508,21914,Rest,HAZIRLANIYOR...,0,0,555,0,452,8,14
7.3508,21915,Rest,HAZIRLANIYOR...,0,0,310,0,565,11,6
7.3509,21916,Rest,HAZIRLANIYOR...,0,81,39,0,677,16,0
7.3509,21917,Rest,HAZIRLANIYOR...,0,195,0,0,762,14,0
7.3509,21918,Rest,HAZIRLANIYOR...,0,302,0,0,809,5,0
7.3509,21919,Rest,HAZIRLANIYOR...,0,400,0,0,820,0,6
7.3509,21920,Rest,HAZIRLANIYOR...,0,488,0,0,807,0,16
7.3509,21921,Rest,HAZIRLANIYOR...,0,562,0,0,792,0,15
7.3509,21922,Rest,HAZIRLANIYOR...,0,617,0,0,780,0,0
7.3509,21923,Rest,HAZIRLANIYOR...,0,650,0,0,722,0,0
7.3509,21924,Rest,HAZIRLANIYOR...,0,663,0,0,575,0,0
7.3509,21925,Rest,HAZIRLANIYOR...,0,655,0,0,370,0,0
7.3509,21926,Rest,HAZIRLANIYOR...,0,624,0,0,172,0,0
7.3509,21927,Rest,HAZIRLANIYOR...,0,570,0,0,2,0,0
7.3509,21928,Rest,HAZIRLANIYOR...,0,498,0,0,0,0,0
7.3509,21929,Rest,HAZIRLANIYOR...,0,413,0,0,0,0,0
7.3509,21930,Rest,HAZIRLANIYOR...,0,314,0,4,0,0,0
7.3510,21931,Rest,HAZIRLANIYOR...,0,206,0,29,0,0,0
7.3510,21932,Rest,HAZIRLANIYOR...,0,96,0,54,0,0,0
7.3510,21933,Rest,HAZIRLANIYOR...,0,0,0,79,0,0,0
7.3510,21934,Rest,HAZIRLANIYOR...,0,0,100,101,0,1,0
7.3510,21935,Rest,HAZIRLANIYOR...,0,0,320,121,0,0,3
7.3510,21936,Rest,HAZIRLANIYOR...,0,0,528,140,0,0,7
7.3511,21937,Rest,HAZIRLANIYOR...,0,0,718,157,0,0,8
7.3511,21938,Rest,HAZIRLANIYOR...,0,0,885,170,0,0,3
7.3511,21939,Rest,HAZIRLANIYOR...,0,0,1026,176,0,4,0
7.3511,21940,Rest,HAZIRLANIYOR...,0,0,1135,177,0,5,0
7.3660,21941,Rest,HAZIRLANIYOR...,0,0,1213,173,0,5,0
7.3661,21942,Rest,HAZIRLANIYOR...,0,0,1261,161,0,6,0
7.3661,21943,Rest,HAZIRLANIYOR...,0,0,1281,140,0,8,0
7.3661,21944,Rest,HAZIRLANIYOR...,0,0,1269,114,7,12,0
7.3661,21945,Rest,HAZIRLANIYOR...,0,0,1221,85,95,16,3
7.3662,21946,Rest,HAZIRLANIYOR...,0,0,1137,55,174,15,5
7.3662,21947,Rest,HAZIRLANIYOR...,0,0,1014,23,254,7,3
7.3662,21948,Rest,HAZIRLANIYOR...,0,0,854,0,337,0,1
7.3662,21949,Rest,HAZIRLANIYOR...,0,0,659,0,414,0,1
7.3662,21950,Rest,HAZIRLANIYOR...,0,0,431,0,493,6,5
7.3662,21951,Rest,HAZIRLANIYOR...,0,22,176,0,577,7,8
7.3662,21952,Rest,HAZIRLANIYOR...,0,127,0,0,653,5,7
7.3662,21953,Rest,HAZIRLANIYOR...,0,232,0,0,708,3,5
7.3662,21954,Rest,HAZIRLANIYOR...,0,334,0,0,736,2,4
7.3662,21955,Rest,HAZIRLANIYOR...,0,429,0,0,733,1,3
7.3663,21956,Rest,HAZIRLANIYOR...,0,508,0,0,700,0,4
7.3663,21957,Rest,HAZIRLANIYOR...,0,568,0,0,656,0,7
7.3663,21958,Rest,HAZIRLANIYOR...,0,607,0,0,616,0,7
7.3663,21959,Rest,HAZIRLANIYOR...,0,626,0,0,570,0,2
7.3663,21960,Rest,HAZIRLANIYOR...,0,626,0,0,491,0,0
7.3663,21961,Rest,HAZIRLANIYOR...,0,609,0,0,366,0,0
7.3663,21962,Rest,HAZIRLANIYOR...,0,577,0,0,206,0,0
7.3663,21963,Rest,HAZIRLANIYOR...,0,526,0,0,39,0,0
7.3663,21964,Rest,HAZIRLANIYOR...,0,456,0,0,0,0,0
7.3663,21965,Rest,HAZIRLANIYOR...,0,371,0,0,0,0,0
7.3663,21966,Rest,HAZIRLANIYOR...,0,275,0,4,0,0,0
7.3663,21967,Rest,HAZIRLANIYOR...,0,174,0,31,0,0,0
7.3810,21968,Rest,HAZIRLANIYOR...,0,71,0,56,0,0,0
7.3812,21969,Rest,HAZIRLANIYOR...,0,0,0,80,0,0,0
7.3812,21970,Rest,HAZIRLANIYOR...,0,0,162,101,0,0,0
7.3812,21971,Rest,HAZIRLANIYOR...,0,0,382,121,0,0,0
7.3812,21972,Rest,HAZIRLANIYOR...,0,0,585,141,0,0,0
7.3812,21973,Rest,HAZIRLANIYOR...,0,0,768,160,0,0,1
7.3812,21974,Rest,HAZIRLANIYOR...,0,0,928,175,0,2,3
7.3812,21975,Rest,HAZIRLANIYOR...,0,0,1059,181,0,5,5
7.3812,21976,Rest,HAZIRLANIYOR...,0,0,1157,179,0,6,4
7.3812,21977,Rest,HAZIRLANIYOR...,0,0,1226,170,0,9,3
7.3812,21978,Rest,HAZIRLANIYOR...,0,0,1266,152,0,15,1
7.3813,21979,Rest,HAZIRLANIYOR...,0,0,1274,127,0,19,1
7.3813,21980,Rest,HAZIRLANIYOR...,0,0,1245,99,49,13,2
7.3813,21981,Rest,HAZIRLANIYOR...,0,0,1179,69,133,5,3
7.3813,21982,Rest,HAZIRLANIYOR...,0,0,1078,40,208,3,5
7.3813,21983,Rest,HAZIRLANIYOR...,0,0,941,11,280,7,10
7.3813,21984,Rest,HAZIRLANIYOR...,0,0,769,0,356,13,14
7.3813,21985,Rest,HAZIRLANIYOR...,0,0,562,0,444,13,5
7.3813,21986,Rest,HAZIRLANIYOR...,0,0,322,0,547,7,0
7.3813,21987,Rest,HAZIRLANIYOR...,0,77,59,0,652,1,0
7.3813,21988,Rest,HAZIRLANIYOR...,0,182,0,0,736,0,0
7.3813,21989,Rest,HAZIRLANIYOR...,0,281,0,0,780,2,0
7.3813,21990,Rest,HAZIRLANIYOR...,0,373,0,0,778,2,6
7.3813,21991,Rest,HAZIRLANIYOR...,0,455,0,0,748,0,9
7.3813,21992,Rest,HAZIRLANIYOR...,0,522,0,0,724,0,2
7.3813,21993,Rest,HAZIRLANIYOR...,0,570,0,0,716,0,0
7.3963,21994,Rest,HAZIRLANIYOR...,0,597,0,0,687,0,0
7.3964,21995,Rest,HAZIRLANIYOR...,0,606,0,0,584,0,0
7.3964,21996,Rest,HAZIRLANIYOR...,0,597,0,0,401,0,0
7.3964,21997,Rest,HAZIRLANIYOR...,0,567,0,0,185,0,0
7.3964,21998,Rest,HAZIRLANIYOR...,0,517,0,0,0,0,0
7.3964,21999,Rest,HAZIRLANIYOR...,0,446,0,0,0,0,0
7.3964,22000,Rest,HAZIRLANIYOR...,0,359,0,0,0,0,0
7.3965,22001,Rest,HAZIRLANIYOR...,0,261,0,0,0,0,0
7.3965,22002,Rest,HAZIRLANIYOR...,0,160,0,21,0,0,0
7.3965,22003,Rest,HAZIRLANIYOR...,0,57,0,46,0,0,0
7.3965,22004,Rest,HAZIRLANIYOR...,0,0,0,70,0,0,0
7.3965,22005,Rest,HAZIRLANIYOR...,0,0,103,94,0,0,0
7.3965,22006,Rest,HAZIRLANIYOR...,0,0,322,117,0,0,0
7.3965,22007,Rest,HAZIRLANIYOR...,0,0,532,138,0,0,0
7.3965,22008,Rest,HAZIRLANIYOR...,0,0,723,157,0,0,1
7.3965,22009,Rest,HAZIRLANIYOR...,0,0,892,170,0,0,3
7.3965,22010,Rest,HAZIRLANIYOR...,0,0,1031,177,0,0,1
7.3966,22011,Rest,HAZIRLANIYOR...,0,0,1136,179,0,2,0
7.3966,22012,Rest,HAZIRLANIYOR...,0,0,1207,174,0,7,0
7.3966,22013,Rest,HAZIRLANIYOR...,0,0,1249,161,0,14,1
7.3966,22014,Rest,HAZIRLANIYOR...,0,0,1263,140,0,16,5
7.3966,22015,Rest,HAZIRLANIYOR...,0,0,1249,113,8,13,8
7.3966,22016,Rest,HAZIRLANIYOR...,0,0,1198,86,101,12,7
7.3966,22017,Rest,HAZIRLANIYOR...,0,0,1109,56,185,15,6
7.3966,22018,Rest,HAZIRLANIYOR...,0,0,985,23,267,16,5
7.3966,22019,Rest,HAZIRLANIYOR...,0,0,822,0,349,7,4
7.3966,22020,Rest,HAZIRLANIYOR...,0,0,619,0,429,0,4
7.4117,22021,Rest,HAZIRLANIYOR...,0,0,382,0,521,3,6
7.4118,22022,Rest,HAZIRLANIYOR...,0,46,116,0,626,16,12
7.4118,22023,Rest,HAZIRLANIYOR...,0,153,0,0,721,23,15
7.4118,22024,Rest,HAZIRLANIYOR...,0,259,0,0,782,15,6
7.4118,22025,Rest,HAZIRLANIYOR...,0,363,0,0,805,0,0
7.4118,22026,Rest,HAZIRLANIYOR...,0,459,0,0,798,0,0
7.4118,22027,Rest,HAZIRLANIYOR...,0,540,0,0,781,3,0
7.4119,22028,Rest,HAZIRLANIYOR...,0,600,0,0,767,5,0
7.4119,22029,Rest,HAZIRLANIYOR...,0,641,0,0,740,0,0
7.4119,22030,Rest,HAZIRLANIYOR...,0,663,0,0,659,0,0
7.4119,22031,Rest,HAZIRLANIYOR...,0,666,0,0,507,0,0
7.4119,22032,Rest,HAZIRLANIYOR...,0,650,0,0,311,0,0
7.4119,22033,Rest,HAZIRLANIYOR...,0,614,0,0,114,0,2
7.4120,22034,Rest,HAZIRLANIYOR...,0,557,0,0,0,0,5
7.4120,22035,Rest,HAZIRLANIYOR...,0,479,0,0,0,0,0
7.4120,22036,Rest,HAZIRLANIYOR...,0,386,0,0,0,0,0
7.4120,22037,Rest,HAZIRLANIYOR...,0,284,0,2,0,0,0
7.4120,22038,Rest,HAZIRLANIYOR...,0,178,0,27,0,0,0
7.4120,22039,Rest,HAZIRLANIYOR...,0,70,0,52,0,0,0
7.4120,22040,Rest,HAZIRLANIYOR...,0,0,12,76,0,0,0
7.4121,22041,Rest,HAZIRLANIYOR...,0,0,241,99,0,1,0
7.4121,22042,Rest,HAZIRLANIYOR...,0,0,461,120,0,0,0
7.4121,22043,Rest,HAZIRLANIYOR...,0,0,664,139,0,0,0
7.4121,22044,Rest,HAZIRLANIYOR...,0,0,845,156,0,0,0
7.4121,22045,Rest,HAZIRLANIYOR...,0,0,999,169,0,0,0
7.4121,22046,Rest,HAZIRLANIYOR...,0,0,1120,176,0,1,0
7.4121,22047,Rest,HAZIRLANIYOR...,0,0,1209,176,0,4,6
7.4122,22048,Rest,HAZIRLANIYOR...,0,0,1269,167,0,8,14
7.4270,22049,Rest,HAZIRLANIYOR...,0,0,1301,148,0,10,9
7.4271,22050,Rest,HAZIRLANIYOR...,0,0,1302,122,0,11,0
7.4271,22051,Rest,HAZIRLANIYOR...,0,0,1266,91,67,11,0
7.4272,22052,Rest,HAZIRLANIYOR...,0,0,1189,60,152,11,1
7.4272,22053,Rest,HAZIRLANIYOR...,0,0,1077,31,229,10,3
7.4272,22054,Rest,HAZIRLANIYOR...,0,0,933,5,304,8,1
7.4272,22055,Rest,HAZIRLANIYOR...,0,0,753,0,383,6,2
7.4272,22056,Rest,HAZIRLANIYOR...,0,0,533,0,471,5,9
7.4272,22057,Rest,HAZIRLANIYOR...,0,0,279,0,566,3,13
7.4272,22058,Rest,HAZIRLANIYOR...,0,82,2,0,658,1,5
7.4272,22059,Rest,HAZIRLANIYOR...,0,193,0,0,727,2,0
7.4273,22060,Rest,HAZIRLANIYOR...,0,300,0,0,767,2,0
7.4273,22061,Rest,HAZIRLANIYOR...,0,399,0,0,778,2,0
7.4273,22062,Rest,HAZIRLANIYOR...,0,483,0,0,757,3,0
7.4273,22063,Rest,HAZIRLANIYOR...,0,548,0,0,708,2,0
7.4273,22064,Rest,HAZIRLANIYOR...,0,593,0,0,655,1,0
7.4273,22065,Rest,HAZIRLANIYOR...,0,618,0,0,609,0,0
7.4273,22066,Rest,HAZIRLANIYOR...,0,624,0,0,551,0,0
7.4274,22067,Rest,HAZIRLANIYOR...,0,611,0,0,447,0,0
7.4274,22068,Rest,HAZIRLANIYOR...,0,578,0,0,289,0,0
7.4274,22069,Rest,HAZIRLANIYOR...,0,527,0,0,110,0,0
7.4274,22070,Rest,HAZIRLANIYOR...,0,461,0,0,0,0,0
7.4274,22071,Rest,HAZIRLANIYOR...,0,379,0,0,0,0,0
7.4274,22072,Rest,HAZIRLANIYOR...,0,283,0,6,0,0,0
7.4274,22073,Rest,HAZIRLANIYOR...,0,178,0,33,0,0,0
7.4275,22074,Rest,HAZIRLANIYOR...,0,67,0,57,0,0,0
7.4275,22075,Rest,HAZIRLANIYOR...,0,0,0,80,0,0,1
7.4421,22076,Rest,HAZIRLANIYOR...,0,0,73,101,0,0,7
7.4421,22077,Rest,HAZIRLANIYOR...,0,0,303,121,0,0,8
7.4421,22078,Rest,HAZIRLANIYOR...,0,0,520,141,0,0,2
7.4422,22079,Rest,HAZIRLANIYOR...,0,0,718,157,0,0,0
7.4422,22080,Rest,HAZIRLANIYOR...,0,0,890,171,0,0,5
7.4422,22081,Rest,HAZIRLANIYOR...,0,0,1033,180,0,1,9
7.4422,22082,Rest,HAZIRLANIYOR...,0,0,1144,181,0,4,4
7.4422,22083,Rest,HAZIRLANIYOR...,0,0,1225,174,0,9,0
7.4422,22084,Rest,HAZIRLANIYOR...,0,0,1277,160,0,13,0
7.4422,22085,Rest,HAZIRLANIYOR...,0,0,1299,138,0,12,4
7.4423,22086,Rest,HAZIRLANIYOR...,0,0,1288,111,0,9,0
7.4423,22087,Rest,HAZIRLANIYOR...,0,0,1239,80,87,8,0
7.4424,22088,Rest,HAZIRLANIYOR...,0,0,1151,48,167,10,0
7.4424,22089,Rest,HAZIRLANIYOR...,0,0,1025,17,245,11,0
7.4424,22090,Rest,HAZIRLANIYOR...,0,0,861,0,330,9,3
7.4424,22091,Rest,HAZIRLANIYOR...,0,0,663,0,423,7,1
7.4424,22092,Rest,HAZIRLANIYOR...,0,0,431,0,516,8,0
7.4424,22093,Rest,HAZIRLANIYOR...,0,8,171,0,595,9,0
7.4424,22094,Rest,HAZIRLANIYOR...,0,123,0,0,665,7,2
7.4424,22095,Rest,HAZIRLANIYOR...,0,235,0,0,723,4,1
7.4425,22096,Rest,HAZIRLANIYOR...,0,342,0,0,756,2,0
7.4425,22097,Rest,HAZIRLANIYOR...,0,438,0,0,751,0,0
7.4425,22098,Rest,HAZIRLANIYOR...,0,520,0,0,731,0,1
7.4425,22099,Rest,HAZIRLANIYOR...,0,586,0,0,723,0,3
7.4425,22100,Rest,HAZIRLANIYOR...,0,636,0,0,715,0,2
7.4425,22101,Rest,HAZIRLANIYOR...,0,667,0,0,662,0,0
7.4426,22102,Rest,HAZIRLANIYOR...,0,678,0,0,535,0,0
7.4574,22103,Rest,HAZIRLANIYOR...,0,670,0,0,346,0,3
7.4575,22104,Rest,HAZIRLANIYOR...,0,643,0,0,137,0,4
7.4575,22105,Rest,HAZIRLANIYOR...,0,594,0,0,0,0,0
7.4575,22106,Rest,HAZIRLANIYOR...,0,524,0,0,0,0,0
7.4575,22107,Rest,HAZIRLANIYOR...,0,438,0,0,0,0,0
7.4575,22108,Rest,HAZIRLANIYOR...,0,343,0,1,0,0,0
7.4575,22109,Rest,HAZIRLANIYOR...,0,244,0,26,0,0,0
7.4576,22110,Rest,HAZIRLANIYOR...,0,141,0,52,0,0,0
7.4576,22111,Rest,HAZIRLANIYOR...,0,33,0,77,0,0,0
7.4576,22112,Rest,HAZIRLANIYOR...,0,0,217,100,0,0,0
7.4576,22113,Rest,HAZIRLANIYOR...,0,0,441,122,0,0,0
7.4576,22114,Rest,HAZIRLANIYOR...,0,0,648,142,0,0,0
7.4576,22115,Rest,HAZIRLANIYOR...,0,0,828,161,0,0,0
7.4576,22116,Rest,HAZIRLANIYOR...,0,0,979,176,0,0,2
7.4576,22117,Rest,HAZIRLANIYOR...,0,0,1100,185,0,4,2
7.4577,22118,Rest,HAZIRLANIYOR...,0,0,1193,184,0,7,1
7.4577,22119,Rest,HAZIRLANIYOR...,0,0,1257,175,0,7,1
7.4577,22120,Rest,HAZIRLANIYOR...,0,0,1293,157,0,5,4
7.4577,22121,Rest,HAZIRLANIYOR...,0,0,1295,132,0,5,6
7.4577,22122,Rest,HAZIRLANIYOR...,0,0,1260,105,41,7,5
7.4577,22123,Rest,HAZIRLANIYOR...,0,0,1186,75,129,11,4
7.4577,22124,Rest,HAZIRLANIYOR...,0,0,1075,44,209,11,6
7.4578,22125,Rest,HAZIRLANIYOR...,0,0,928,12,289,11,10
7.4578,22126,Rest,HAZIRLANIYOR...,0,0,746,0,375,14,11
7.4578,22127,Rest,HAZIRLANIYOR...,0,0,527,0,478,19,5
7.4578,22128,Rest,HAZIRLANIYOR...,0,34,273,0,598,16,1
7.4579,22129,Rest,HAZIRLANIYOR...,0,142,0,0,711,8,3
7.4725,22130,Rest,HAZIRLANIYOR...,0,249,0,0,792,7,6
7.4726,22131,Rest,HAZIRLANIYOR...,0,351,0,0,833,10,4
7.4726,22132,Rest,HAZIRLANIYOR...,0,443,0,0,841,3,1
7.4726,22133,Rest,HAZIRLANIYOR...,0,522,0,0,829,0,1
7.4726,22134,Rest,HAZIRLANIYOR...,0,586,0,0,812,0,2
7.4727,22135,Rest,HAZIRLANIYOR...,0,630,0,0,781,0,2
7.4727,22136,Rest,HAZIRLANIYOR...,0,654,0,0,696,0,4
7.4727,22137,Rest,HAZIRLANIYOR...,0,656,0,0,542,0,3
7.4728,22138,Rest,HAZIRLANIYOR...,0,634,0,0,348,0,0
7.4728,22139,Rest,HAZIRLANIYOR...,0,589,0,0,155,0,0
7.4728,22140,Rest,HAZIRLANIYOR...,0,523,0,0,0,0,0
7.4728,22141,Rest,HAZIRLANIYOR...,0,442,0,0,0,0,0
7.4728,22142,Rest,HAZIRLANIYOR...,0,347,0,0,0,0,0
7.4729,22143,Rest,HAZIRLANIYOR...,0,242,0,0,0,0,0
7.4729,22144,Rest,HAZIRLANIYOR...,0,131,0,20,0,0,0
7.4729,22145,Rest,HAZIRLANIYOR...,0,18,0,45,0,0,0
7.4729,22146,Rest,HAZIRLANIYOR...,0,0,0,68,0,0,0
7.4729,22147,Rest,HAZIRLANIYOR...,0,0,129,91,0,0,0
7.4729,22148,Rest,HAZIRLANIYOR...,0,0,352,114,0,0,0
7.4730,22149,Rest,HAZIRLANIYOR...,0,0,564,136,0,0,0
7.4730,22150,Rest,HAZIRLANIYOR...,0,0,756,154,0,0,3
7.4730,22151,Rest,HAZIRLANIYOR...,0,0,920,167,0,2,0
7.4730,22152,Rest,HAZIRLANIYOR...,0,0,1055,175,0,4,0
7.4730,22153,Rest,HAZIRLANIYOR...,0,0,1161,177,0,7,0
7.4730,22154,Rest,HAZIRLANIYOR...,0,0,1236,174,0,9,0
7.4730,22155,Rest,HAZIRLANIYOR...,0,0,1283,162,0,10,0
7.4731,22156,Rest,HAZIRLANIYOR...,0,0,1300,139,0,11,0
7.4878,22157,Rest,HAZIRLANIYOR...,0,0,1284,110,18,13,0
7.4880,22158,Rest,HAZIRLANIYOR...,0,0,1227,80,108,12,6
7.4880,22159,Rest,HAZIRLANIYOR...,0,0,1131,50,187,11,11
7.4880,22160,Rest,HAZIRLANIYOR...,0,0,1001,18,263,14,8
7.4880,22161,Rest,HAZIRLANIYOR...,0,0,835,0,341,19,2
7.4880,22162,Rest,HAZIRLANIYOR...,0,0,630,0,431,17,0
7.4881,22163,Rest,HAZIRLANIYOR...,0,0,388,0,545,11,0
7.4881,22164,Rest,HAZIRLANIYOR...,0,0,117,0,670,9,7
7.4881,22165,Rest,HAZIRLANIYOR...,0,90,0,0,776,11,11
7.4881,22166,Rest,HAZIRLANIYOR...,0,200,0,0,841,11,4
7.4881,22167,Rest,HAZIRLANIYOR...,0,307,0,0,862,8,0
7.4881,22168,Rest,HAZIRLANIYOR...,0,402,0,0,847,4,0
7.4882,22169,Rest,HAZIRLANIYOR...,0,481,0,0,820,1,0
7.4882,22170,Rest,HAZIRLANIYOR...,0,543,0,0,794,2,0
7.4882,22171,Rest,HAZIRLANIYOR...,0,588,0,0,742,1,0
7.4882,22172,Rest,HAZIRLANIYOR...,0,611,0,0,619,0,0
7.4882,22173,Rest,HAZIRLANIYOR...,0,611,0,0,437,0,0
7.4882,22174,Rest,HAZIRLANIYOR...,0,591,0,0,243,0,0
7.4882,22175,Rest,HAZIRLANIYOR...,0,554,0,0,68,0,0
7.4883,22176,Rest,HAZIRLANIYOR...,0,496,0,0,0,0,0
7.4883,22177,Rest,HAZIRLANIYOR...,0,419,0,0,0,0,0
7.4883,22178,Rest,HAZIRLANIYOR...,0,332,0,0,0,0,7
7.4883,22179,Rest,HAZIRLANIYOR...,0,242,0,11,0,0,6
7.4883,22180,Rest,HAZIRLANIYOR...,0,153,0,36,0,0,0
7.4883,22181,Rest,HAZIRLANIYOR...,0,58,0,57,0,0,0
7.4883,22182,Rest,HAZIRLANIYOR...,0,0,41,79,0,0,0
7.4884,22183,Rest,HAZIRLANIYOR...,0,0,265,106,0,0,0
7.5031,22184,Rest,HAZIRLANIYOR...,0,0,479,134,0,0,0
7.5032,22185,Rest,HAZIRLANIYOR...,0,0,677,155,0,2,0
7.5033,22186,Rest,HAZIRLANIYOR...,0,0,853,170,0,5,0
7.5033,22187,Rest,HAZIRLANIYOR...,0,0,1000,182,0,7,0
7.5033,22188,Rest,HAZIRLANIYOR...,0,0,1117,191,0,8,0
7.5033,22189,Rest,HAZIRLANIYOR...,0,0,1205,189,0,9,0
7.5033,22190,Rest,HAZIRLANIYOR...,0,0,1263,172,0,10,2
7.5033,22191,Rest,HAZIRLANIYOR...,0,0,1291,146,0,11,2
7.5034,22192,Rest,HAZIRLANIYOR...,0,0,1290,120,0,10,1
7.5034,22193,Rest,HAZIRLANIYOR...,0,0,1254,94,62,8,1
7.5034,22194,Rest,HAZIRLANIYOR...,0,0,1178,65,144,10,3
7.5034,22195,Rest,HAZIRLANIYOR...,0,0,1065,32,219,12,5
7.5034,22196,Rest,HAZIRLANIYOR...,0,0,922,0,294,10,5
7.5034,22197,Rest,HAZIRLANIYOR...,0,0,742,0,374,8,4
7.5034,22198,Rest,HAZIRLANIYOR...,0,0,519,0,472,8,4
7.5035,22199,Rest,HAZIRLANIYOR...,0,13,261,0,590,10,4
7.5035,22200,Rest,HAZIRLANIYOR...,0,121,0,0,705,9,4
7.5035,22201,Rest,HAZIRLANIYOR...,0,228,0,0,787,5,3
7.5035,22202,Rest,HAZIRLANIYOR...,0,331,0,0,825,0,2
7.5035,22203,Rest,HAZIRLANIYOR...,0,424,0,0,828,0,5
7.5035,22204,Rest,HAZIRLANIYOR...,0,504,0,0,812,0,11
7.5035,22205,Rest,HAZIRLANIYOR...,0,565,0,0,791,0,16
7.5035,22206,Rest,HAZIRLANIYOR...,0,606,0,0,752,0,10
7.5036,22207,Rest,HAZIRLANIYOR...,0,630,0,0,661,0,0
7.5036,22208,Rest,HAZIRLANIYOR...,0,637,0,0,505,0,0
7.5036,22209,Rest,HAZIRLANIYOR...,0,619,0,0,313,0,0
7.5037,22210,Rest,HAZIRLANIYOR...,0,577,0,0,126,0,2
7.5180,22211,Rest,HAZIRLANIYOR...,0,515,0,0,0,0,0
7.5181,22212,Rest,HAZIRLANIYOR...,0,440,0,0,0,0,0
7.5181,22213,Rest,HAZIRLANIYOR...,0,356,0,0,0,0,0
7.5182,22214,Rest,HAZIRLANIYOR...,0,263,0,1,0,0,0
7.5182,22215,Rest,HAZIRLANIYOR...,0,162,0,29,0,0,0
7.5182,22216,Rest,HAZIRLANIYOR...,0,57,0,55,0,0,0
7.5182,22217,Rest,HAZIRLANIYOR...,0,0,0,79,0,0,0
7.5182,22218,Rest,HAZIRLANIYOR...,0,0,142,99,0,0,0
7.5182,22219,Rest,HAZIRLANIYOR...,0,0,363,120,0,0,2
7.5182,22220,Rest,HAZIRLANIYOR...,0,0,572,143,0,0,1
7.5182,22221,Rest,HAZIRLANIYOR...,0,0,759,164,0,0,0
7.5183,22222,Rest,HAZIRLANIYOR...,0,0,922,178,0,3,5
7.5183,22223,Rest,HAZIRLANIYOR...,0,0,1056,185,0,5,8
7.5183,22224,Rest,HAZIRLANIYOR...,0,0,1157,186,0,7,5
7.5183,22225,Rest,HAZIRLANIYOR...,0,0,1223,179,0,8,0
7.5183,22226,Rest,HAZIRLANIYOR...,0,0,1261,166,0,10,0
7.5183,22227,Rest,HAZIRLANIYOR...,0,0,1276,145,0,10,0
7.5183,22228,Rest,HAZIRLANIYOR...,0,0,1263,115,28,11,4
7.5184,22229,Rest,HAZIRLANIYOR...,0,0,1211,80,113,10,8
7.5184,22230,Rest,HAZIRLANIYOR...,0,0,1120,46,187,6,1
7.5184,22231,Rest,HAZIRLANIYOR...,0,0,989,15,257,5,0
7.5184,22232,Rest,HAZIRLANIYOR...,0,0,820,0,330,6,0
7.5184,22233,Rest,HAZIRLANIYOR...,0,0,615,0,421,8,0
7.5184,22234,Rest,HAZIRLANIYOR...,0,0,376,0,536,9,1
7.5184,22235,Rest,HAZIRLANIYOR...,0,64,107,0,652,7,0
7.5185,22236,Rest,HAZIRLANIYOR...,0,178,0,0,741,4,0
7.5185,22237,Rest,HAZIRLANIYOR...,0,289,0,0,793,2,0
7.5341,22238,Rest,HAZIRLANIYOR...,0,390,0,0,812,2,0
7.5341,22239,Rest,HAZIRLANIYOR...,0,478,0,0,802,3,0
7.5343,22240,Rest,HAZIRLANIYOR...,0,554,0,0,783,7,0
7.5343,22241,Rest,HAZIRLANIYOR...,0,614,0,0,767,8,2
7.5343,22242,Rest,HAZIRLANIYOR...,0,652,0,0,721,0,0
7.5343,22243,Rest,HAZIRLANIYOR...,0,668,0,0,604,0,0
7.5343,22244,Rest,HAZIRLANIYOR...,0,665,0,0,429,0,0
7.5343,22245,Rest,HAZIRLANIYOR...,0,643,0,0,237,0,1
7.5343,22246,Rest,HAZIRLANIYOR...,0,597,0,0,51,0,0
7.5344,22247,Rest,HAZIRLANIYOR...,0,529,0,0,0,0,0
7.5344,22248,Rest,HAZIRLANIYOR...,0,446,0,0,0,0,0
7.5344,22249,Rest,HAZIRLANIYOR...,0,355,0,0,0,0,0
7.5344,22250,Rest,HAZIRLANIYOR...,0,258,0,5,0,0,0
7.5344,22251,Rest,HAZIRLANIYOR...,0,157,0,31,0,0,0
7.5344,22252,Rest,HAZIRLANIYOR...,0,55,0,58,0,0,0
7.5344,22253,Rest,HAZIRLANIYOR...,0,0,49,84,0,0,0
7.5344,22254,Rest,HAZIRLANIYOR...,0,0,272,109,0,0,0
7.5344,22255,Rest,HAZIRLANIYOR...,0,0,485,130,0,0,0
7.5345,22256,Rest,HAZIRLANIYOR...,0,0,679,150,0,0,1
7.5345,22257,Rest,HAZIRLANIYOR...,0,0,851,167,0,0,2
7.5345,22258,Rest,HAZIRLANIYOR...,0,0,996,180,0,2,2
7.5345,22259,Rest,HAZIRLANIYOR...,0,0,1111,185,0,9,5
7.5345,22260,Rest,HAZIRLANIYOR...,0,0,1195,180,0,14,10
7.5345,22261,Rest,HAZIRLANIYOR...,0,0,1249,167,0,8,13
7.5345,22262,Rest,HAZIRLANIYOR...,0,0,1275,148,0,0,7
7.5345,22263,Rest,HAZIRLANIYOR...,0,0,1271,126,0,2,0
7.5346,22264,Rest,HAZIRLANIYOR...,0,0,1230,99,82,9,0
7.5346,22265,Rest,HAZIRLANIYOR...,0,0,1151,69,162,11,0
7.5491,22266,Rest,HAZIRLANIYOR...,0,0,1039,35,235,8,2
7.5492,22267,Rest,HAZIRLANIYOR...,0,0,895,2,304,7,8
7.5493,22268,Rest,HAZIRLANIYOR...,0,0,712,0,380,6,12
7.5493,22269,Rest,HAZIRLANIYOR...,0,0,487,0,473,6,7
7.5493,22270,Rest,HAZIRLANIYOR...,0,0,228,0,580,6,0
7.5493,22271,Rest,HAZIRLANIYOR...,0,67,0,0,679,9,0
7.5493,22272,Rest,HAZIRLANIYOR...,0,175,0,0,750,14,0
7.5493,22273,Rest,HAZIRLANIYOR...,0,282,0,0,784,16,0
7.5494,22274,Rest,HAZIRLANIYOR...,0,378,0,0,786,8,0
7.5494,22275,Rest,HAZIRLANIYOR...,0,460,0,0,769,0,0
7.5494,22276,Rest,HAZIRLANIYOR...,0,523,0,0,753,1,1
7.5494,22277,Rest,HAZIRLANIYOR...,0,567,0,0,734,6,1
7.5494,22278,Rest,HAZIRLANIYOR...,0,591,0,0,678,3,1
7.5494,22279,Rest,HAZIRLANIYOR...,0,596,0,0,550,0,0
7.5494,22280,Rest,HAZIRLANIYOR...,0,582,0,0,363,0,0
7.5495,22281,Rest,HAZIRLANIYOR...,0,547,0,0,160,0,0
7.5495,22282,Rest,HAZIRLANIYOR...,0,491,0,0,0,0,0
7.5495,22283,Rest,HAZIRLANIYOR...,0,420,0,0,0,0,0
7.5495,22284,Rest,HAZIRLANIYOR...,0,336,0,0,0,0,0
7.5495,22285,Rest,HAZIRLANIYOR...,0,242,0,0,0,0,0
7.5495,22286,Rest,HAZIRLANIYOR...,0,144,0,28,0,0,0
7.5495,22287,Rest,HAZIRLANIYOR...,0,44,0,55,0,0,0
7.5496,22288,Rest,HAZIRLANIYOR...,0,0,0,80,0,0,0
7.5496,22289,Rest,HAZIRLANIYOR...,0,0,150,101,0,0,0
7.5496,22290,Rest,HAZIRLANIYOR...,0,0,373,121,0,0,0
7.5497,22291,Rest,HAZIRLANIYOR...,0,0,581,140,0,0,0
7.5646,22292,Rest,HAZIRLANIYOR...,0,0,768,157,0,0,0
7.5647,22293,Rest,HAZIRLANIYOR...,0,0,930,174,0,0,4
7.5647,22294,Rest,HAZIRLANIYOR...,0,0,1062,185,0,2,7
7.5647,22295,Rest,HAZIRLANIYOR...,0,0,1162,186,0,5,5
7.5648,22296,Rest,HAZIRLANIYOR...,0,0,1232,174,0,7,3
7.5648,22297,Rest,HAZIRLANIYOR...,0,0,1271,155,0,8,7
7.5648,22298,Rest,HAZIRLANIYOR...,0,0,1284,133,0,11,12
7.5648,22299,Rest,HAZIRLANIYOR...,0,0,1266,108,42,14,7
7.5648,22300,Rest,HAZIRLANIYOR...,0,0,1210,78,128,16,0
7.5648,22301,Rest,HAZIRLANIYOR...,0,0,1115,47,206,16,0
7.5648,22302,Rest,HAZIRLANIYOR...,0,0,983,15,286,12,0
7.5649,22303,Rest,HAZIRLANIYOR...,0,0,816,0,367,8,1
7.5649,22304,Rest,HAZIRLANIYOR...,0,0,613,0,444,7,3
7.5649,22305,Rest,HAZIRLANIYOR...,0,0,372,0,522,9,2
7.5649,22306,Rest,HAZIRLANIYOR...,0,32,104,0,606,9,0
7.5649,22307,Rest,HAZIRLANIYOR...,0,142,0,0,688,8,0
7.5649,22308,Rest,HAZIRLANIYOR...,0,247,0,0,743,6,0
7.5649,22309,Rest,HAZIRLANIYOR...,0,347,0,0,754,3,0
7.5650,22310,Rest,HAZIRLANIYOR...,0,439,0,0,728,2,0
7.5650,22311,Rest,HAZIRLANIYOR...,0,517,0,0,689,1,0
7.5650,22312,Rest,HAZIRLANIYOR...,0,580,0,0,658,0,0
7.5650,22313,Rest,HAZIRLANIYOR...,0,624,0,0,627,0,0
7.5650,22314,Rest,HAZIRLANIYOR...,0,648,0,0,566,0,0
7.5650,22315,Rest,HAZIRLANIYOR...,0,653,0,0,460,0,0
7.5650,22316,Rest,HAZIRLANIYOR...,0,641,0,0,319,0,0
7.5650,22317,Rest,HAZIRLANIYOR...,0,611,0,0,158,0,0
7.5651,22318,Rest,HAZIRLANIYOR...,0,562,0,0,0,0,0
7.5652,22319,Rest,HAZIRLANIYOR...,0,493,0,0,0,0,0
7.5797,22320,Rest,HAZIRLANIYOR...,0,408,0,0,0,0,4
7.5798,22321,Rest,HAZIRLANIYOR...,0,315,0,7,0,0,0
7.5798,22322,Rest,HAZIRLANIYOR...,0,218,0,36,0,0,0
7.5798,22323,Rest,HAZIRLANIYOR...,0,118,0,62,0,0,0
7.5798,22324,Rest,HAZIRLANIYOR...,0,14,0,84,0,0,0
7.5799,22325,Rest,HAZIRLANIYOR...,0,0,225,105,0,0,0
7.5799,22326,Rest,HAZIRLANIYOR...,0,0,443,128,0,0,0
7.5799,22327,Rest,HAZIRLANIYOR...,0,0,650,149,0,1,0
7.5799,22328,Rest,HAZIRLANIYOR...,0,0,832,165,0,3,2
7.5799,22329,Rest,HAZIRLANIYOR...,0,0,984,173,0,10,2
7.5799,22330,Rest,HAZIRLANIYOR...,0,0,1102,177,0,18,0
7.5799,22331,Rest,HAZIRLANIYOR...,0,0,1190,175,0,19,0
7.5800,22332,Rest,HAZIRLANIYOR...,0,0,1250,165,0,14,0
7.5800,22333,Rest,HAZIRLANIYOR...,0,0,1284,145,0,10,1
7.5800,22334,Rest,HAZIRLANIYOR...,0,0,1286,116,0,7,2
7.5800,22335,Rest,HAZIRLANIYOR...,0,0,1249,85,76,2,2
7.5800,22336,Rest,HAZIRLANIYOR...,0,0,1171,55,159,0,0
7.5800,22337,Rest,HAZIRLANIYOR...,0,0,1057,27,236,3,0
7.5800,22338,Rest,HAZIRLANIYOR...,0,0,909,0,310,4,1
7.5800,22339,Rest,HAZIRLANIYOR...,0,0,724,0,387,4,3
7.5801,22340,Rest,HAZIRLANIYOR...,0,0,497,0,474,3,4
7.5801,22341,Rest,HAZIRLANIYOR...,0,0,237,0,570,2,3
7.5801,22342,Rest,HAZIRLANIYOR...,0,75,0,0,659,3,3
7.5801,22343,Rest,HAZIRLANIYOR...,0,176,0,0,725,3,4
7.5801,22344,Rest,HAZIRLANIYOR...,0,276,0,0,761,4,6
7.5801,22345,Rest,HAZIRLANIYOR...,0,368,0,0,766,3,9
7.5802,22346,Rest,HAZIRLANIYOR...,0,440,0,0,754,0,4
7.5952,22347,Rest,HAZIRLANIYOR...,0,495,0,0,747,0,0
7.5953,22348,Rest,HAZIRLANIYOR...,0,537,0,0,741,0,0
7.5953,22349,Rest,HAZIRLANIYOR...,0,568,0,0,694,0,0
7.5953,22350,Rest,HAZIRLANIYOR...,0,581,0,0,575,0,0
7.5953,22351,Rest,HAZIRLANIYOR...,0,571,0,0,388,0,0
7.5953,22352,Rest,HAZIRLANIYOR...,0,537,0,0,175,0,0
7.5954,22353,Rest,HAZIRLANIYOR...,0,488,0,0,0,0,0
7.5954,22354,Rest,HAZIRLANIYOR...,0,428,0,0,0,0,0
7.5954,22355,Rest,HAZIRLANIYOR...,0,351,0,0,0,0,0
7.5955,22356,Rest,HAZIRLANIYOR...,0,254,0,3,0,0,1
7.5955,22357,Rest,HAZIRLANIYOR...,0,142,0,30,0,0,3
7.5955,22358,Rest,HAZIRLANIYOR...,0,32,0,55,0,0,0
7.5955,22359,Rest,HAZIRLANIYOR...,0,0,0,79,0,0,0
7.5955,22360,Rest,HAZIRLANIYOR...,0,0,163,101,0,0,0
7.5955,22361,Rest,HAZIRLANIYOR...,0,0,386,121,0,0,0
7.5955,22362,Rest,HAZIRLANIYOR...,0,0,595,137,0,0,1
7.5956,22363,Rest,HAZIRLANIYOR...,0,0,786,151,0,0,2
7.5956,22364,Rest,HAZIRLANIYOR...,0,0,950,165,0,0,2
7.5956,22365,Rest,HAZIRLANIYOR...,0,0,1080,176,0,0,0
7.5956,22366,Rest,HAZIRLANIYOR...,0,0,1177,178,0,0,0
7.5957,22367,Rest,HAZIRLANIYOR...,0,0,1248,169,0,3,2
7.5957,22368,Rest,HAZIRLANIYOR...,0,0,1292,150,0,6,2
7.5957,22369,Rest,HAZIRLANIYOR...,0,0,1302,125,0,4,2
7.5958,22370,Rest,HAZIRLANIYOR...,0,0,1274,96,26,3,2
7.5958,22371,Rest,HAZIRLANIYOR...,0,0,1210,66,116,5,2
7.5960,22372,Rest,HAZIRLANIYOR...,0,0,1113,38,197,9,3
7.5960,22373,Rest,HAZIRLANIYOR...,0,0,978,11,274,9,3
7.5961,22374,Rest,HAZIRLANIYOR...,0,0,804,0,354,6,4
7.6109,22375,Rest,HAZIRLANIYOR...,0,0,591,0,447,5,8
7.6111,22376,Rest,HAZIRLANIYOR...,0,0,345,0,559,9,10
7.6111,22377,Rest,HAZIRLANIYOR...,0,5,75,0,670,12,5
7.6111,22378,Rest,HAZIRLANIYOR...,0,106,0,0,754,11,0
7.6112,22379,Rest,HAZIRLANIYOR...,0,205,0,0,803,8,0
7.6112,22380,Rest,HAZIRLANIYOR...,0,301,0,0,821,7,0
7.6112,22381,Rest,HAZIRLANIYOR...,0,388,0,0,811,8,0
7.6112,22382,Rest,HAZIRLANIYOR...,0,461,0,0,794,9,0
7.6112,22383,Rest,HAZIRLANIYOR...,0,519,0,0,783,4,0
7.6113,22384,Rest,HAZIRLANIYOR...,0,557,0,0,745,0,0
7.6113,22385,Rest,HAZIRLANIYOR...,0,574,0,0,632,0,0
7.6113,22386,Rest,HAZIRLANIYOR...,0,575,0,0,445,0,0
7.6113,22387,Rest,HAZIRLANIYOR...,0,559,0,0,233,0,0
7.6113,22388,Rest,HAZIRLANIYOR...,0,522,0,0,40,0,0
7.6114,22389,Rest,HAZIRLANIYOR...,0,461,0,0,0,0,0
7.6114,22390,Rest,HAZIRLANIYOR...,0,381,0,0,0,0,0
7.6114,22391,Rest,HAZIRLANIYOR...,0,293,0,0,0,0,0
7.6114,22392,Rest,HAZIRLANIYOR...,0,201,0,11,0,0,0
7.6115,22393,Rest,HAZIRLANIYOR...,0,104,0,37,0,0,0
7.6115,22394,Rest,HAZIRLANIYOR...,0,1,0,64,0,0,0
7.6116,22395,Rest,HAZIRLANIYOR...,0,0,57,89,0,0,7
7.6116,22396,Rest,HAZIRLANIYOR...,0,0,284,112,0,0,11
7.6117,22397,Rest,HAZIRLANIYOR...,0,0,507,135,0,0,3
7.6117,22398,Rest,HAZIRLANIYOR...,0,0,712,155,0,0,0
7.6117,22399,Rest,HAZIRLANIYOR...,0,0,890,169,0,0,0
7.6117,22400,Rest,HAZIRLANIYOR...,0,0,1039,178,0,3,0
7.6118,22401,Rest,HAZIRLANIYOR...,0,0,1156,183,0,5,1
7.6118,22402,Rest,HAZIRLANIYOR...,0,0,1240,180,0,8,1
7.6263,22403,Rest,HAZIRLANIYOR...,0,0,1292,168,0,14,0
7.6264,22404,Rest,HAZIRLANIYOR...,0,0,1313,148,0,19,1
7.6264,22405,Rest,HAZIRLANIYOR...,0,0,1303,123,0,18,4
7.6264,22406,Rest,HAZIRLANIYOR...,0,0,1259,92,80,14,3
7.6265,22407,Rest,HAZIRLANIYOR...,0,0,1180,59,165,13,1
7.6265,22408,Rest,HAZIRLANIYOR...,0,0,1061,28,242,9,1
7.6265,22409,Rest,HAZIRLANIYOR...,0,0,902,0,317,1,4
7.6265,22410,Rest,HAZIRLANIYOR...,0,0,703,0,400,0,3
7.6265,22411,Rest,HAZIRLANIYOR...,0,0,469,0,502,2,1
7.6265,22412,Rest,HAZIRLANIYOR...,0,8,204,0,617,5,2
7.6266,22413,Rest,HAZIRLANIYOR...,0,125,0,0,718,5,4
7.6266,22414,Rest,HAZIRLANIYOR...,0,239,0,0,787,3,5
7.6266,22415,Rest,HAZIRLANIYOR...,0,342,0,0,820,1,4
7.6266,22416,Rest,HAZIRLANIYOR...,0,433,0,0,820,0,1
7.6266,22417,Rest,HAZIRLANIYOR...,0,513,0,0,799,2,0
7.6266,22418,Rest,HAZIRLANIYOR...,0,578,0,0,782,2,0
7.6267,22419,Rest,HAZIRLANIYOR...,0,624,0,0,763,0,0
7.6267,22420,Rest,HAZIRLANIYOR...,0,651,0,0,694,0,8
7.6267,22421,Rest,HAZIRLANIYOR...,0,659,0,0,546,0,9
7.6267,22422,Rest,HAZIRLANIYOR...,0,644,0,0,347,0,0
7.6267,22423,Rest,HAZIRLANIYOR...,0,603,0,0,146,0,0
7.6267,22424,Rest,HAZIRLANIYOR...,0,543,0,0,0,0,0
7.6268,22425,Rest,HAZIRLANIYOR...,0,471,0,0,0,0,0
7.6268,22426,Rest,HAZIRLANIYOR...,0,387,0,0,0,0,0
7.6268,22427,Rest,HAZIRLANIYOR...,0,291,0,0,0,0,0
7.6269,22428,Rest,HAZIRLANIYOR...,0,189,0,24,0,0,0
7.6269,22429,Rest,HAZIRLANIYOR...,0,86,0,48,0,0,0
7.6425,22430,Rest,HAZIRLANIYOR...,0,0,0,69,0,0,0
7.6426,22431,Rest,HAZIRLANIYOR...,0,0,175,91,0,0,0
7.6426,22432,Rest,HAZIRLANIYOR...,0,0,399,112,0,0,0
7.6426,22433,Rest,HAZIRLANIYOR...,0,0,607,133,0,0,0
7.6426,22434,Rest,HAZIRLANIYOR...,0,0,796,152,0,0,0
7.6427,22435,Rest,HAZIRLANIYOR...,0,0,960,167,0,2,3
7.6427,22436,Rest,HAZIRLANIYOR...,0,0,1092,173,0,5,10
7.6427,22437,Rest,HAZIRLANIYOR...,0,0,1193,173,0,8,15
7.6427,22438,Rest,HAZIRLANIYOR...,0,0,1264,168,0,14,10
7.6427,22439,Rest,HAZIRLANIYOR...,0,0,1305,155,0,18,0
7.6427,22440,Rest,HAZIRLANIYOR...,0,0,1317,133,0,14,0
7.6427,22441,Rest,HAZIRLANIYOR...,0,0,1293,107,26,6,0
7.6428,22442,Rest,HAZIRLANIYOR...,0,0,1229,79,121,4,0
7.6428,22443,Rest,HAZIRLANIYOR...,0,0,1127,49,205,7,0
7.6428,22444,Rest,HAZIRLANIYOR...,0,0,989,19,275,8,0
7.6428,22445,Rest,HAZIRLANIYOR...,0,0,814,0,343,7,0
7.6428,22446,Rest,HAZIRLANIYOR...,0,0,600,0,430,5,0
7.6428,22447,Rest,HAZIRLANIYOR...,0,0,351,0,540,7,0
7.6428,22448,Rest,HAZIRLANIYOR...,0,69,73,0,651,10,0
7.6428,22449,Rest,HAZIRLANIYOR...,0,173,0,0,738,11,0
7.6429,22450,Rest,HAZIRLANIYOR...,0,276,0,0,790,8,0
7.6429,22451,Rest,HAZIRLANIYOR...,0,373,0,0,805,5,0
7.6429,22452,Rest,HAZIRLANIYOR...,0,460,0,0,792,2,2
7.6429,22453,Rest,HAZIRLANIYOR...,0,531,0,0,776,0,0
7.6429,22454,Rest,HAZIRLANIYOR...,0,586,0,0,765,0,0
7.6429,22455,Rest,HAZIRLANIYOR...,0,623,0,0,725,0,0
7.6429,22456,Rest,HAZIRLANIYOR...,0,642,0,0,611,0,0
7.6430,22457,Rest,HAZIRLANIYOR...,0,640,0,0,430,0,0
7.6577,22458,Rest,HAZIRLANIYOR...,0,616,0,0,229,0,0
7.6577,22459,Rest,HAZIRLANIYOR...,0,569,0,0,43,0,0
7.6578,22460,Rest,HAZIRLANIYOR...,0,503,0,0,0,0,0
7.6578,22461,Rest,HAZIRLANIYOR...,0,417,0,0,0,0,0
7.6578,22462,Rest,HAZIRLANIYOR...,0,320,0,0,0,0,0
7.6578,22463,Rest,HAZIRLANIYOR...,0,221,0,15,0,0,1
7.6578,22464,Rest,HAZIRLANIYOR...,0,121,0,39,0,1,1
7.6578,22465,Rest,HAZIRLANIYOR...,0,14,0,63,0,0,0
7.6578,22466,Rest,HAZIRLANIYOR...,0,0,67,86,0,0,0
7.6578,22467,Rest,HAZIRLANIYOR...,0,0,293,108,0,0,0
7.6578,22468,Rest,HAZIRLANIYOR...,0,0,510,127,0,0,0
7.6579,22469,Rest,HAZIRLANIYOR...,0,0,709,145,0,0,0
7.6579,22470,Rest,HAZIRLANIYOR...,0,0,885,162,0,0,0
7.6579,22471,Rest,HAZIRLANIYOR...,0,0,1030,174,0,5,0
7.6579,22472,Rest,HAZIRLANIYOR...,0,0,1143,177,0,6,0
7.6579,22473,Rest,HAZIRLANIYOR...,0,0,1225,172,0,5,1
7.6579,22474,Rest,HAZIRLANIYOR...,0,0,1281,162,0,4,7
7.6579,22475,Rest,HAZIRLANIYOR...,0,0,1308,144,0,8,8
7.6579,22476,Rest,HAZIRLANIYOR...,0,0,1300,120,0,16,4
7.6579,22477,Rest,HAZIRLANIYOR...,0,0,1255,90,79,26,6
7.6580,22478,Rest,HAZIRLANIYOR...,0,0,1174,60,161,27,11
7.6580,22479,Rest,HAZIRLANIYOR...,0,0,1056,32,242,13,9
7.6580,22480,Rest,HAZIRLANIYOR...,0,0,901,7,321,0,0
7.6580,22481,Rest,HAZIRLANIYOR...,0,0,706,0,396,0,0
7.6580,22482,Rest,HAZIRLANIYOR...,0,0,474,0,481,0,5
7.6580,22483,Rest,HAZIRLANIYOR...,0,0,210,0,583,4,13
7.6581,22484,Rest,HAZIRLANIYOR...,0,89,0,0,680,4,9
7.6740,22485,Rest,HAZIRLANIYOR...,0,196,0,0,748,0,0
7.6741,22486,Rest,HAZIRLANIYOR...,0,297,0,0,778,0,0
7.6741,22487,Rest,HAZIRLANIYOR...,0,390,0,0,776,0,7
7.6741,22488,Rest,HAZIRLANIYOR...,0,469,0,0,759,0,8
7.6742,22489,Rest,HAZIRLANIYOR...,0,529,0,0,747,0,0
7.6742,22490,Rest,HAZIRLANIYOR...,0,572,0,0,732,0,0
7.6742,22491,Rest,HAZIRLANIYOR...,0,600,0,0,677,1,0
7.6742,22492,Rest,HAZIRLANIYOR...,0,610,0,0,553,1,0
7.6742,22493,Rest,HAZIRLANIYOR...,0,599,0,0,379,0,0
7.6742,22494,Rest,HAZIRLANIYOR...,0,567,0,0,187,0,0
7.6743,22495,Rest,HAZIRLANIYOR...,0,513,0,0,0,0,0
7.6743,22496,Rest,HAZIRLANIYOR...,0,441,0,0,0,0,0
7.6743,22497,Rest,HAZIRLANIYOR...,0,357,0,0,0,0,5
7.6743,22498,Rest,HAZIRLANIYOR...,0,262,0,5,0,0,0
7.6743,22499,Rest,HAZIRLANIYOR...,0,159,0,30,0,0,0
7.6743,22500,Rest,HAZIRLANIYOR...,0,55,0,55,0,0,0
7.6743,22501,Rest,HAZIRLANIYOR...,0,0,0,80,0,0,0
7.6744,22502,Rest,HAZIRLANIYOR...,0,0,172,100,0,2,0
7.6744,22503,Rest,HAZIRLANIYOR...,0,0,397,120,0,0,0
7.6744,22504,Rest,HAZIRLANIYOR...,0,0,607,140,0,0,0
7.6744,22505,Rest,HAZIRLANIYOR...,0,0,794,157,0,0,0
7.6744,22506,Rest,HAZIRLANIYOR...,0,0,954,170,0,1,1
7.6744,22507,Rest,HAZIRLANIYOR...,0,0,1086,176,0,5,2
7.6744,22508,Rest,HAZIRLANIYOR...,0,0,1187,176,0,5,7
7.6745,22509,Rest,HAZIRLANIYOR...,0,0,1257,168,0,6,14
7.6745,22510,Rest,HAZIRLANIYOR...,0,0,1297,153,0,8,11
7.6745,22511,Rest,HAZIRLANIYOR...,0,0,1305,130,0,10,0
7.6745,22512,Rest,HAZIRLANIYOR...,0,0,1279,100,37,11,0
7.6746,22513,Rest,HAZIRLANIYOR...,0,0,1216,65,123,10,0
7.6892,22514,Rest,HAZIRLANIYOR...,0,0,1117,32,200,8,2
7.6894,22515,Rest,HAZIRLANIYOR...,0,0,982,2,275,7,3
7.6894,22516,Rest,HAZIRLANIYOR...,0,0,809,0,354,5,1
7.6894,22517,Rest,HAZIRLANIYOR...,0,0,596,0,440,3,0
7.6894,22518,Rest,HAZIRLANIYOR...,0,0,346,0,531,3,1
7.6894,22519,Rest,HAZIRLANIYOR...,0,52,70,0,618,7,1
7.6895,22520,Rest,HAZIRLANIYOR...,0,164,0,0,691,13,0
7.6895,22521,Rest,HAZIRLANIYOR...,0,269,0,0,738,15,1
7.6895,22522,Rest,HAZIRLANIYOR...,0,366,0,0,753,7,1
7.6895,22523,Rest,HAZIRLANIYOR...,0,453,0,0,735,0,1
7.6895,22524,Rest,HAZIRLANIYOR...,0,525,0,0,703,0,0
7.6895,22525,Rest,HAZIRLANIYOR...,0,577,0,0,678,2,0
7.6895,22526,Rest,HAZIRLANIYOR...,0,612,0,0,648,6,0
7.6896,22527,Rest,HAZIRLANIYOR...,0,629,0,0,582,0,0
7.6896,22528,Rest,HAZIRLANIYOR...,0,628,0,0,470,0,0
7.6896,22529,Rest,HAZIRLANIYOR...,0,606,0,0,321,0,0
7.6896,22530,Rest,HAZIRLANIYOR...,0,562,0,0,147,0,1
7.6896,22531,Rest,HAZIRLANIYOR...,0,499,0,0,0,0,0
7.6896,22532,Rest,HAZIRLANIYOR...,0,425,0,0,0,0,0
7.6896,22533,Rest,HAZIRLANIYOR...,0,339,0,0,0,0,0
7.6896,22534,Rest,HAZIRLANIYOR...,0,241,0,25,0,0,0
7.6896,22535,Rest,HAZIRLANIYOR...,0,137,0,49,0,0,0
7.6897,22536,Rest,HAZIRLANIYOR...,0,31,0,71,0,0,0
7.6897,22537,Rest,HAZIRLANIYOR...,0,0,41,95,0,0,1
7.6897,22538,Rest,HAZIRLANIYOR...,0,0,273,118,0,0,0
7.6897,22539,Rest,HAZIRLANIYOR...,0,0,494,139,0,5,0
7.6898,22540,Rest,HAZIRLANIYOR...,0,0,693,157,0,2,2
7.7044,22541,Rest,HAZIRLANIYOR...,0,0,868,170,0,0,9
7.7044,22542,Rest,HAZIRLANIYOR...,0,0,1016,176,0,0,11
7.7045,22543,Rest,HAZIRLANIYOR...,0,0,1135,177,0,0,4
7.7045,22544,Rest,HAZIRLANIYOR...,0,0,1222,173,0,5,0
7.7045,22545,Rest,HAZIRLANIYOR...,0,0,1278,161,0,9,0
7.7045,22546,Rest,HAZIRLANIYOR...,0,0,1305,142,0,9,3
7.7045,22547,Rest,HAZIRLANIYOR...,0,0,1297,115,0,10,4
7.7045,22548,Rest,HAZIRLANIYOR...,0,0,1253,85,78,14,3
7.7045,22549,Rest,HAZIRLANIYOR...,0,0,1171,54,159,19,2
7.7048,22550,Rest,HAZIRLANIYOR...,0,0,1052,22,236,19,2
7.7049,22551,Rest,HAZIRLANIYOR...,0,0,893,0,312,11,3
7.7049,22552,Rest,HAZIRLANIYOR...,0,0,698,0,393,3,4
7.7049,22553,Rest,HAZIRLANIYOR...,0,0,469,0,483,1,2
7.7049,22554,Rest,HAZIRLANIYOR...,0,25,211,0,578,5,1
7.7049,22555,Rest,HAZIRLANIYOR...,0,126,0,0,661,6,1
7.7049,22556,Rest,HAZIRLANIYOR...,0,225,0,0,721,4,2
7.7049,22557,Rest,HAZIRLANIYOR...,0,320,0,0,751,1,2
7.7049,22558,Rest,HAZIRLANIYOR...,0,406,0,0,747,0,0
7.7050,22559,Rest,HAZIRLANIYOR...,0,477,0,0,712,0,0
7.7050,22560,Rest,HAZIRLANIYOR...,0,529,0,0,665,3,0
7.7050,22561,Rest,HAZIRLANIYOR...,0,564,0,0,622,6,0
7.7050,22562,Rest,HAZIRLANIYOR...,0,583,0,0,573,0,0
7.7050,22563,Rest,HAZIRLANIYOR...,0,585,0,0,494,0,1
7.7050,22564,Rest,HAZIRLANIYOR...,0,570,0,0,373,0,4
7.7050,22565,Rest,HAZIRLANIYOR...,0,536,0,0,215,0,5
7.7051,22566,Rest,HAZIRLANIYOR...,0,483,0,0,44,0,0
7.7052,22567,Rest,HAZIRLANIYOR...,0,414,0,0,0,0,0
7.7195,22568,Rest,HAZIRLANIYOR...,0,333,0,0,0,0,0
7.7196,22569,Rest,HAZIRLANIYOR...,0,243,0,15,0,0,0
7.7196,22570,Rest,HAZIRLANIYOR...,0,145,0,41,0,0,0
7.7196,22571,Rest,HAZIRLANIYOR...,0,41,0,63,0,0,0
7.7197,22572,Rest,HAZIRLANIYOR...,0,0,0,85,0,0,0
7.7197,22573,Rest,HAZIRLANIYOR...,0,0,164,105,0,0,0
7.7197,22574,Rest,HAZIRLANIYOR...,0,0,386,124,0,0,0
7.7197,22575,Rest,HAZIRLANIYOR...,0,0,594,143,0,0,7
7.7197,22576,Rest,HAZIRLANIYOR...,0,0,782,160,0,0,10
7.7197,22577,Rest,HAZIRLANIYOR...,0,0,945,170,0,2,2
7.7198,22578,Rest,HAZIRLANIYOR...,0,0,1076,175,0,4,0
7.7198,22579,Rest,HAZIRLANIYOR...,0,0,1175,174,0,7,0
7.7198,22580,Rest,HAZIRLANIYOR...,0,0,1246,168,0,7,0
7.7198,22581,Rest,HAZIRLANIYOR...,0,0,1289,154,0,5,0
7.7198,22582,Rest,HAZIRLANIYOR...,0,0,1301,131,0,6,0
7.7198,22583,Rest,HAZIRLANIYOR...,0,0,1273,102,36,10,0
7.7198,22584,Rest,HAZIRLANIYOR...,0,0,1202,71,124,13,0
7.7198,22585,Rest,HAZIRLANIYOR...,0,0,1094,43,203,13,1
7.7198,22586,Rest,HAZIRLANIYOR...,0,0,955,15,279,10,1
7.7199,22587,Rest,HAZIRLANIYOR...,0,0,781,0,356,8,0
7.7199,22588,Rest,HAZIRLANIYOR...,0,0,569,0,443,8,0
7.7199,22589,Rest,HAZIRLANIYOR...,0,0,319,0,542,8,1
7.7199,22590,Rest,HAZIRLANIYOR...,0,47,45,0,637,8,3
7.7199,22591,Rest,HAZIRLANIYOR...,0,157,0,0,711,6,4
7.7199,22592,Rest,HAZIRLANIYOR...,0,262,0,0,759,5,2
7.7199,22593,Rest,HAZIRLANIYOR...,0,357,0,0,773,2,0
7.7200,22594,Rest,HAZIRLANIYOR...,0,441,0,0,745,0,0
7.7356,22595,Rest,HAZIRLANIYOR...,0,512,0,0,692,0,0
7.7357,22596,Rest,HAZIRLANIYOR...,0,565,0,0,644,0,0
7.7358,22597,Rest,HAZIRLANIYOR...,0,597,0,0,603,0,5
7.7358,22598,Rest,HAZIRLANIYOR...,0,609,0,0,543,0,7
7.7358,22599,Rest,HAZIRLANIYOR...,0,605,0,0,444,0,0
7.7358,22600,Rest,HAZIRLANIYOR...,0,583,0,0,303,0,0
7.7358,22601,Rest,HAZIRLANIYOR...,0,541,0,0,132,0,0
7.7358,22602,Rest,HAZIRLANIYOR...,0,478,0,0,0,0,0
7.7358,22603,Rest,HAZIRLANIYOR...,0,400,0,0,0,0,0
7.7359,22604,Rest,HAZIRLANIYOR...,0,310,0,0,0,0,0
7.7359,22605,Rest,HAZIRLANIYOR...,0,210,0,27,0,0,0
7.7359,22606,Rest,HAZIRLANIYOR...,0,107,0,52,0,0,0
7.7359,22607,Rest,HAZIRLANIYOR...,0,5,0,74,0,0,0
7.7359,22608,Rest,HAZIRLANIYOR...,0,0,51,92,0,0,0
7.7359,22609,Rest,HAZIRLANIYOR...,0,0,279,112,0,0,0
7.7359,22610,Rest,HAZIRLANIYOR...,0,0,496,133,0,0,0
7.7360,22611,Rest,HAZIRLANIYOR...,0,0,697,151,0,0,0
7.7360,22612,Rest,HAZIRLANIYOR...,0,0,875,166,0,0,0
7.7360,22613,Rest,HAZIRLANIYOR...,0,0,1022,177,0,3,2
7.7360,22614,Rest,HAZIRLANIYOR...,0,0,1139,180,0,5,4
7.7360,22615,Rest,HAZIRLANIYOR...,0,0,1226,175,0,6,6
7.7360,22616,Rest,HAZIRLANIYOR...,0,0,1284,160,0,6,5
7.7360,22617,Rest,HAZIRLANIYOR...,0,0,1311,140,0,6,3
7.7360,22618,Rest,HAZIRLANIYOR...,0,0,1302,115,0,7,3
7.7361,22619,Rest,HAZIRLANIYOR...,0,0,1251,86,73,9,4
7.7361,22620,Rest,HAZIRLANIYOR...,0,0,1162,54,158,8,5
7.7361,22621,Rest,HAZIRLANIYOR...,0,0,1040,22,239,4,3
7.7362,22622,Rest,HAZIRLANIYOR...,0,0,881,0,322,3,1
7.7509,22623,Rest,HAZIRLANIYOR...,0,0,683,0,406,9,2
7.7511,22624,Rest,HAZIRLANIYOR...,0,0,450,0,496,13,4
7.7511,22625,Rest,HAZIRLANIYOR...,0,48,190,0,589,12,5
7.7511,22626,Rest,HAZIRLANIYOR...,0,157,0,0,674,8,3
7.7511,22627,Rest,HAZIRLANIYOR...,0,266,0,0,737,6,1
7.7512,22628,Rest,HAZIRLANIYOR...,0,369,0,0,768,6,1
7.7512,22629,Rest,HAZIRLANIYOR...,0,460,0,0,767,4,4
7.7512,22630,Rest,HAZIRLANIYOR...,0,532,0,0,743,0,9
7.7512,22631,Rest,HAZIRLANIYOR...,0,585,0,0,723,0,6
7.7512,22632,Rest,HAZIRLANIYOR...,0,622,0,0,710,0,0
7.7512,22633,Rest,HAZIRLANIYOR...,0,645,0,0,671,0,0
7.7513,22634,Rest,HAZIRLANIYOR...,0,652,0,0,568,0,0
7.7513,22635,Rest,HAZIRLANIYOR...,0,638,0,0,402,0,0
7.7513,22636,Rest,HAZIRLANIYOR...,0,600,0,0,202,0,0
7.7513,22637,Rest,HAZIRLANIYOR...,0,540,0,0,3,0,0
7.7513,22638,Rest,HAZIRLANIYOR...,0,462,0,0,0,0,0
7.7513,22639,Rest,HAZIRLANIYOR...,0,370,0,0,0,0,0
7.7514,22640,Rest,HAZIRLANIYOR...,0,271,0,4,0,0,0
7.7514,22641,Rest,HAZIRLANIYOR...,0,169,0,32,0,0,0
7.7514,22642,Rest,HAZIRLANIYOR...,0,63,0,58,0,0,0
7.7514,22643,Rest,HAZIRLANIYOR...,0,0,0,80,0,0,0
7.7514,22644,Rest,HAZIRLANIYOR...,0,0,186,99,0,0,0
7.7514,22645,Rest,HAZIRLANIYOR...,0,0,415,119,0,0,0
7.7514,22646,Rest,HAZIRLANIYOR...,0,0,626,141,0,0,0
7.7515,22647,Rest,HAZIRLANIYOR...,0,0,814,157,0,1,2
7.7515,22648,Rest,HAZIRLANIYOR...,0,0,974,167,0,4,3
7.7516,22649,Rest,HAZIRLANIYOR...,0,0,1104,177,0,6,0
7.7516,22650,Rest,HAZIRLANIYOR...,0,0,1205,185,0,7,0
7.7668,22651,Rest,HAZIRLANIYOR...,0,0,1276,180,0,8,2
7.7670,22652,Rest,HAZIRLANIYOR...,0,0,1317,160,0,10,4
7.7670,22653,Rest,HAZIRLANIYOR...,0,0,1324,133,0,11,6
7.7670,22654,Rest,HAZIRLANIYOR...,0,0,1293,104,26,11,9
7.7670,22655,Rest,HAZIRLANIYOR...,0,0,1224,73,116,10,7
7.7670,22656,Rest,HAZIRLANIYOR...,0,0,1122,41,197,10,1
7.7670,22657,Rest,HAZIRLANIYOR...,0,0,983,10,275,10,0
7.7670,22658,Rest,HAZIRLANIYOR...,0,0,803,0,357,8,0
7.7671,22659,Rest,HAZIRLANIYOR...,0,0,582,0,450,7,1
7.7671,22660,Rest,HAZIRLANIYOR...,0,0,326,0,550,7,1
7.7671,22661,Rest,HAZIRLANIYOR...,0,51,47,0,645,7,1
7.7671,22662,Rest,HAZIRLANIYOR...,0,154,0,0,719,6,3
7.7672,22663,Rest,HAZIRLANIYOR...,0,261,0,0,767,4,4
7.7672,22664,Rest,HAZIRLANIYOR...,0,365,0,0,780,1,0
7.7672,22665,Rest,HAZIRLANIYOR...,0,455,0,0,758,0,0
7.7672,22666,Rest,HAZIRLANIYOR...,0,527,0,0,714,0,0
7.7672,22667,Rest,HAZIRLANIYOR...,0,581,0,0,673,0,0
7.7672,22668,Rest,HAZIRLANIYOR...,0,616,0,0,631,0,0
7.7672,22669,Rest,HAZIRLANIYOR...,0,633,0,0,565,0,0
7.7672,22670,Rest,HAZIRLANIYOR...,0,631,0,0,458,0,0
7.7673,22671,Rest,HAZIRLANIYOR...,0,609,0,0,316,0,0
7.7673,22672,Rest,HAZIRLANIYOR...,0,567,0,0,153,0,0
7.7673,22673,Rest,HAZIRLANIYOR...,0,507,0,0,0,0,0
7.7673,22674,Rest,HAZIRLANIYOR...,0,430,0,0,0,0,3
7.7673,22675,Rest,HAZIRLANIYOR...,0,338,0,0,0,0,6
7.7673,22676,Rest,HAZIRLANIYOR...,0,237,0,27,0,0,0
7.7673,22677,Rest,HAZIRLANIYOR...,0,135,0,54,0,0,0
7.7674,22678,Rest,HAZIRLANIYOR...,0,30,0,79,0,0,0
7.7830,22679,Rest,HAZIRLANIYOR...,0,0,41,102,0,0,1
7.7832,22680,Rest,HAZIRLANIYOR...,0,0,273,126,0,0,7
7.7832,22681,Rest,HAZIRLANIYOR...,0,0,495,146,0,0,0
7.7832,22682,Rest,HAZIRLANIYOR...,0,0,698,163,0,0,0
7.7832,22683,Rest,HAZIRLANIYOR...,0,0,874,177,0,1,0
7.7833,22684,Rest,HAZIRLANIYOR...,0,0,1023,186,0,4,0
7.7833,22685,Rest,HAZIRLANIYOR...,0,0,1143,187,0,5,0
7.7833,22686,Rest,HAZIRLANIYOR...,0,0,1232,179,0,7,0
7.7833,22687,Rest,HAZIRLANIYOR...,0,0,1289,163,0,10,0
7.7834,22688,Rest,HAZIRLANIYOR...,0,0,1317,142,0,12,1
7.7834,22689,Rest,HAZIRLANIYOR...,0,0,1312,116,0,12,2
7.7834,22690,Rest,HAZIRLANIYOR...,0,0,1265,85,67,11,1
7.7834,22691,Rest,HAZIRLANIYOR...,0,0,1176,51,156,10,3
7.7834,22692,Rest,HAZIRLANIYOR...,0,0,1051,18,237,8,9
7.7835,22693,Rest,HAZIRLANIYOR...,0,0,893,0,312,8,12
7.7835,22694,Rest,HAZIRLANIYOR...,0,0,701,0,399,8,6
7.7835,22695,Rest,HAZIRLANIYOR...,0,0,468,0,516,9,0
7.7835,22696,Rest,HAZIRLANIYOR...,0,0,199,0,647,9,0
7.7835,22697,Rest,HAZIRLANIYOR...,0,48,0,0,757,9,0
7.7835,22698,Rest,HAZIRLANIYOR...,0,159,0,0,819,12,1
7.7836,22699,Rest,HAZIRLANIYOR...,0,267,0,0,832,14,0
7.7836,22700,Rest,HAZIRLANIYOR...,0,363,0,0,820,7,0
7.7836,22701,Rest,HAZIRLANIYOR...,0,443,0,0,810,0,0
7.7836,22702,Rest,HAZIRLANIYOR...,0,507,0,0,796,0,0
7.7836,22703,Rest,HAZIRLANIYOR...,0,555,0,0,739,0,0
7.7837,22704,Rest,HAZIRLANIYOR...,0,583,0,0,608,0,3
7.7839,22705,Rest,HAZIRLANIYOR...,0,589,0,0,430,0,6
7.7840,22706,Rest,HAZIRLANIYOR...,0,571,0,0,243,0,0
7.7840,22707,Rest,HAZIRLANIYOR...,0,532,0,0,58,0,0
7.7988,22708,Rest,HAZIRLANIYOR...,0,475,0,0,0,0,0
7.7989,22709,Rest,HAZIRLANIYOR...,0,405,0,0,0,0,2
7.7989,22710,Rest,HAZIRLANIYOR...,0,324,0,0,0,0,6
7.7989,22711,Rest,HAZIRLANIYOR...,0,234,0,11,0,0,0
7.7989,22712,Rest,HAZIRLANIYOR...,0,140,0,36,0,0,0
7.7989,22713,Rest,HAZIRLANIYOR...,0,46,0,60,0,0,0
7.7989,22714,Rest,HAZIRLANIYOR...,0,0,4,84,0,0,0
7.7990,22715,Rest,HAZIRLANIYOR...,0,0,231,109,0,0,0
7.7990,22716,Rest,HAZIRLANIYOR...,0,0,449,132,0,0,0
7.7990,22717,Rest,HAZIRLANIYOR...,0,0,652,151,0,0,0
7.7990,22718,Rest,HAZIRLANIYOR...,0,0,833,166,0,0,0
7.7990,22719,Rest,HAZIRLANIYOR...,0,0,983,176,0,1,4
7.7990,22720,Rest,HAZIRLANIYOR...,0,0,1103,182,0,4,5
7.7990,22721,Rest,HAZIRLANIYOR...,0,0,1193,181,0,5,0
7.7990,22722,Rest,HAZIRLANIYOR...,0,0,1255,170,0,5,0
7.7991,22723,Rest,HAZIRLANIYOR...,0,0,1289,152,0,5,0
7.7991,22724,Rest,HAZIRLANIYOR...,0,0,1293,127,0,7,10
7.7991,22725,Rest,HAZIRLANIYOR...,0,0,1261,99,47,9,17
7.7991,22726,Rest,HAZIRLANIYOR...,0,0,1191,68,133,8,9
7.7991,22727,Rest,HAZIRLANIYOR...,0,0,1084,35,210,7,0
7.7991,22728,Rest,HAZIRLANIYOR...,0,0,941,2,286,6,0
7.7991,22729,Rest,HAZIRLANIYOR...,0,0,760,0,367,10,7
7.7991,22730,Rest,HAZIRLANIYOR...,0,0,539,0,467,17,8
7.7991,22731,Rest,HAZIRLANIYOR...,0,29,283,0,592,19,0
7.7992,22732,Rest,HAZIRLANIYOR...,0,133,1,0,722,14,0
7.7992,22733,Rest,HAZIRLANIYOR...,0,235,0,0,823,7,0
7.7992,22734,Rest,HAZIRLANIYOR...,0,335,0,0,873,6,1
7.8147,22735,Rest,HAZIRLANIYOR...,0,431,0,0,876,6,2
7.8148,22736,Rest,HAZIRLANIYOR...,0,516,0,0,848,2,6
7.8148,22737,Rest,HAZIRLANIYOR...,0,581,0,0,813,0,9
7.8148,22738,Rest,HAZIRLANIYOR...,0,625,0,0,773,0,0
7.8148,22739,Rest,HAZIRLANIYOR...,0,651,0,0,691,0,0
7.8148,22740,Rest,HAZIRLANIYOR...,0,660,0,0,541,0,0
7.8148,22741,Rest,HAZIRLANIYOR...,0,646,0,0,351,0,0
7.8148,22742,Rest,HAZIRLANIYOR...,0,607,0,0,162,0,0
7.8149,22743,Rest,HAZIRLANIYOR...,0,547,0,0,0,0,0
7.8149,22744,Rest,HAZIRLANIYOR...,0,474,0,0,0,0,0
7.8149,22745,Rest,HAZIRLANIYOR...,0,390,0,0,0,0,0
7.8149,22746,Rest,HAZIRLANIYOR...,0,298,0,0,0,0,0
7.8149,22747,Rest,HAZIRLANIYOR...,0,198,0,13,0,0,0
7.8150,22748,Rest,HAZIRLANIYOR...,0,94,0,41,0,0,0
7.8150,22749,Rest,HAZIRLANIYOR...,0,0,0,67,0,0,0
7.8150,22750,Rest,HAZIRLANIYOR...,0,0,114,91,0,0,1
7.8150,22751,Rest,HAZIRLANIYOR...,0,0,339,115,0,0,8
7.8150,22752,Rest,HAZIRLANIYOR...,0,0,553,137,0,0,13
7.8150,22753,Rest,HAZIRLANIYOR...,0,0,750,156,0,0,13
7.8151,22754,Rest,HAZIRLANIYOR...,0,0,920,171,0,0,10
7.8151,22755,Rest,HAZIRLANIYOR...,0,0,1056,181,0,4,1
7.8151,22756,Rest,HAZIRLANIYOR...,0,0,1159,185,0,9,0
7.8151,22757,Rest,HAZIRLANIYOR...,0,0,1233,181,0,10,0
7.8151,22758,Rest,HAZIRLANIYOR...,0,0,1282,169,0,11,0
7.8151,22759,Rest,HAZIRLANIYOR...,0,0,1304,149,0,12,2
7.8151,22760,Rest,HAZIRLANIYOR...,0,0,1291,121,16,13,3
7.8152,22761,Rest,HAZIRLANIYOR...,0,0,1239,90,103,15,2
7.8152,22762,Rest,HAZIRLANIYOR...,0,0,1151,61,179,16,2
7.8153,22763,Rest,HAZIRLANIYOR...,0,0,1028,32,250,10,5
7.8301,22764,Rest,HAZIRLANIYOR...,0,0,867,1,325,2,11
7.8302,22765,Rest,HAZIRLANIYOR...,0,0,666,0,412,0,13
7.8303,22766,Rest,HAZIRLANIYOR...,0,0,428,0,522,3,3
7.8303,22767,Rest,HAZIRLANIYOR...,0,7,159,0,644,6,0
7.8303,22768,Rest,HAZIRLANIYOR...,0,111,0,0,746,6,0
7.8303,22769,Rest,HAZIRLANIYOR...,0,218,0,0,809,5,0
7.8303,22770,Rest,HAZIRLANIYOR...,0,320,0,0,833,5,3
7.8304,22771,Rest,HAZIRLANIYOR...,0,409,0,0,825,10,4
7.8304,22772,Rest,HAZIRLANIYOR...,0,481,0,0,804,11,6
7.8304,22773,Rest,HAZIRLANIYOR...,0,535,0,0,781,2,5
7.8304,22774,Rest,HAZIRLANIYOR...,0,574,0,0,727,0,5
7.8304,22775,Rest,HAZIRLANIYOR...,0,595,0,0,604,0,8
7.8304,22776,Rest,HAZIRLANIYOR...,0,595,0,0,423,0,5
7.8304,22777,Rest,HAZIRLANIYOR...,0,571,0,0,232,0,0
7.8304,22778,Rest,HAZIRLANIYOR...,0,527,0,0,55,0,0
7.8304,22779,Rest,HAZIRLANIYOR...,0,464,0,0,0,0,0
7.8305,22780,Rest,HAZIRLANIYOR...,0,384,0,0,0,0,0
7.8305,22781,Rest,HAZIRLANIYOR...,0,293,0,0,0,0,0
7.8305,22782,Rest,HAZIRLANIYOR...,0,198,0,6,0,0,0
7.8305,22783,Rest,HAZIRLANIYOR...,0,101,0,33,0,0,0
7.8305,22784,Rest,HAZIRLANIYOR...,0,0,0,58,0,0,0
7.8305,22785,Rest,HAZIRLANIYOR...,0,0,10,84,0,0,0
7.8305,22786,Rest,HAZIRLANIYOR...,0,0,235,109,0,0,0
7.8305,22787,Rest,HAZIRLANIYOR...,0,0,454,132,0,4,0
7.8306,22788,Rest,HAZIRLANIYOR...,0,0,655,150,0,1,0
7.8306,22789,Rest,HAZIRLANIYOR...,0,0,832,165,0,0,0
7.8307,22790,Rest,HAZIRLANIYOR...,0,0,984,177,0,1,2
7.8454,22791,Rest,HAZIRLANIYOR...,0,0,1106,184,0,6,4
7.8456,22792,Rest,HAZIRLANIYOR...,0,0,1195,183,0,3,1
7.8457,22793,Rest,HAZIRLANIYOR...,0,0,1253,173,0,1,0
7.8457,22794,Rest,HAZIRLANIYOR...,0,0,1283,156,0,9,0
7.8458,22795,Rest,HAZIRLANIYOR...,0,0,1283,130,0,18,0
7.8458,22796,Rest,HAZIRLANIYOR...,0,0,1250,99,67,15,0
7.8458,22797,Rest,HAZIRLANIYOR...,0,0,1183,65,147,5,0
7.8458,22798,Rest,HAZIRLANIYOR...,0,0,1080,33,220,1,0
7.8458,22799,Rest,HAZIRLANIYOR...,0,0,940,4,292,4,0
7.8459,22800,Rest,HAZIRLANIYOR...,0,0,758,0,369,6,9
7.8459,22801,Rest,HAZIRLANIYOR...,0,0,535,0,461,6,14
7.8461,22802,Rest,HAZIRLANIYOR...,0,0,279,0,575,5,8
7.8461,22803,Rest,HAZIRLANIYOR...,0,103,0,0,692,6,1
7.8461,22804,Rest,HAZIRLANIYOR...,0,204,0,0,780,5,1
7.8461,22805,Rest,HAZIRLANIYOR...,0,300,0,0,815,3,9
7.8461,22806,Rest,HAZIRLANIYOR...,0,394,0,0,801,0,12
7.8461,22807,Rest,HAZIRLANIYOR...,0,479,0,0,772,0,5
7.8461,22808,Rest,HAZIRLANIYOR...,0,547,0,0,756,0,0
7.8461,22809,Rest,HAZIRLANIYOR...,0,597,0,0,741,0,0
7.8461,22810,Rest,HAZIRLANIYOR...,0,630,0,0,671,0,0
7.8462,22811,Rest,HAZIRLANIYOR...,0,643,0,0,522,0,0
7.8462,22812,Rest,HAZIRLANIYOR...,0,636,0,0,326,0,0
7.8462,22813,Rest,HAZIRLANIYOR...,0,609,0,0,135,0,0
7.8462,22814,Rest,HAZIRLANIYOR...,0,561,0,0,0,0,0
7.8462,22815,Rest,HAZIRLANIYOR...,0,496,0,0,0,0,0
7.8462,22816,Rest,HAZIRLANIYOR...,0,415,0,0,0,0,0
7.8463,22817,Rest,HAZIRLANIYOR...,0,323,0,0,0,0,0
7.8463,22818,Rest,HAZIRLANIYOR...,0,226,0,9,0,0,0
7.8610,22819,Rest,HAZIRLANIYOR...,0,126,0,39,0,0,0
7.8611,22820,Rest,HAZIRLANIYOR...,0,23,0,70,0,0,0
7.8611,22821,Rest,HAZIRLANIYOR...,0,0,128,98,0,0,0
7.8611,22822,Rest,HAZIRLANIYOR...,0,0,351,121,0,0,0
7.8611,22823,Rest,HAZIRLANIYOR...,0,0,561,143,0,0,0
7.8612,22824,Rest,HAZIRLANIYOR...,0,0,752,163,0,1,1
7.8612,22825,Rest,HAZIRLANIYOR...,0,0,918,179,0,4,1
7.8612,22826,Rest,HAZIRLANIYOR...,0,0,1051,187,0,6,1
7.8612,22827,Rest,HAZIRLANIYOR...,0,0,1152,188,0,8,2
7.8612,22828,Rest,HAZIRLANIYOR...,0,0,1224,184,0,9,3
7.8612,22829,Rest,HAZIRLANIYOR...,0,0,1267,172,0,10,4
7.8612,22830,Rest,HAZIRLANIYOR...,0,0,1282,150,0,9,2
7.8613,22831,Rest,HAZIRLANIYOR...,0,0,1263,118,35,9,1
7.8613,22832,Rest,HAZIRLANIYOR...,0,0,1210,86,121,16,1
7.8613,22833,Rest,HAZIRLANIYOR...,0,0,1122,58,195,24,1
7.8613,22834,Rest,HAZIRLANIYOR...,0,0,997,31,265,21,0
7.8613,22835,Rest,HAZIRLANIYOR...,0,0,833,3,338,6,0
7.8613,22836,Rest,HAZIRLANIYOR...,0,0,630,0,421,0,2
7.8614,22837,Rest,HAZIRLANIYOR...,0,0,391,0,520,1,6
7.8614,22838,Rest,HAZIRLANIYOR...,0,31,124,0,622,6,11
7.8614,22839,Rest,HAZIRLANIYOR...,0,137,0,0,706,5,13
7.8614,22840,Rest,HAZIRLANIYOR...,0,242,0,0,757,1,7
7.8614,22841,Rest,HAZIRLANIYOR...,0,337,0,0,775,0,0
7.8614,22842,Rest,HAZIRLANIYOR...,0,419,0,0,767,0,3
7.8614,22843,Rest,HAZIRLANIYOR...,0,492,0,0,748,0,10
7.8615,22844,Rest,HAZIRLANIYOR...,0,553,0,0,734,0,4
7.8615,22845,Rest,HAZIRLANIYOR...,0,595,0,0,708,0,0
7.8762,22846,Rest,HAZIRLANIYOR...,0,615,0,0,632,0,0
7.8763,22847,Rest,HAZIRLANIYOR...,0,614,0,0,490,0,0
7.8763,22848,Rest,HAZIRLANIYOR...,0,594,0,0,300,0,0
7.8763,22849,Rest,HAZIRLANIYOR...,0,554,0,0,105,0,0
7.8764,22850,Rest,HAZIRLANIYOR...,0,494,0,0,0,0,0
7.8764,22851,Rest,HAZIRLANIYOR...,0,418,0,0,0,0,0
7.8764,22852,Rest,HAZIRLANIYOR...,0,332,0,0,0,0,0
7.8764,22853,Rest,HAZIRLANIYOR...,0,239,0,14,0,0,0
7.8765,22854,Rest,HAZIRLANIYOR...,0,142,0,41,0,0,0
7.8765,22855,Rest,HAZIRLANIYOR...,0,42,0,66,0,0,2
7.8765,22856,Rest,HAZIRLANIYOR...,0,0,15,89,0,0,5
7.8765,22857,Rest,HAZIRLANIYOR...,0,0,239,111,0,0,0
7.8765,22858,Rest,HAZIRLANIYOR...,0,0,456,132,0,3,0
7.8765,22859,Rest,HAZIRLANIYOR...,0,0,660,150,0,1,0
7.8769,22860,Rest,HAZIRLANIYOR...,0,0,840,166,0,0,0
7.8770,22861,Rest,HAZIRLANIYOR...,0,0,990,179,0,0,0
7.8770,22862,Rest,HAZIRLANIYOR...,0,0,1110,185,0,1,0
7.8770,22863,Rest,HAZIRLANIYOR...,0,0,1202,182,0,5,0
7.8770,22864,Rest,HAZIRLANIYOR...,0,0,1264,170,0,6,0
7.8770,22865,Rest,HAZIRLANIYOR...,0,0,1293,150,0,11,1
7.8770,22866,Rest,HAZIRLANIYOR...,0,0,1291,123,0,17,2
7.8770,22867,Rest,HAZIRLANIYOR...,0,0,1254,93,81,17,1
7.8770,22868,Rest,HAZIRLANIYOR...,0,0,1179,62,164,10,1
7.8770,22869,Rest,HAZIRLANIYOR...,0,0,1065,30,238,2,1
7.8770,22870,Rest,HAZIRLANIYOR...,0,0,916,0,309,0,1
7.8771,22871,Rest,HAZIRLANIYOR...,0,0,733,0,382,0,0
7.8771,22872,Rest,HAZIRLANIYOR...,0,0,514,0,468,1,1
7.8919,22873,Rest,HAZIRLANIYOR...,0,0,262,0,563,3,1
7.8921,22874,Rest,HAZIRLANIYOR...,0,60,0,0,651,3,1
7.8921,22875,Rest,HAZIRLANIYOR...,0,155,0,0,716,2,1
7.8921,22876,Rest,HAZIRLANIYOR...,0,249,0,0,752,1,0
7.8922,22877,Rest,HAZIRLANIYOR...,0,333,0,0,759,0,0
7.8922,22878,Rest,HAZIRLANIYOR...,0,404,0,0,733,0,0
7.8922,22879,Rest,HAZIRLANIYOR...,0,459,0,0,681,0,0
7.8922,22880,Rest,HAZIRLANIYOR...,0,499,0,0,629,0,0
7.8922,22881,Rest,HAZIRLANIYOR...,0,522,0,0,583,0,0
7.8922,22882,Rest,HAZIRLANIYOR...,0,526,0,0,519,0,0
7.8922,22883,Rest,HAZIRLANIYOR...,0,512,0,0,414,0,0
7.8923,22884,Rest,HAZIRLANIYOR...,0,483,0,0,266,0,0
7.8923,22885,Rest,HAZIRLANIYOR...,0,439,0,0,89,0,0
7.8923,22886,Rest,HAZIRLANIYOR...,0,382,0,0,0,0,0
7.8923,22887,Rest,HAZIRLANIYOR...,0,315,0,0,0,0,0
7.8923,22888,Rest,HAZIRLANIYOR...,0,235,0,0,0,0,0
7.8923,22889,Rest,HAZIRLANIYOR...,0,142,0,27,0,0,0
7.8923,22890,Rest,HAZIRLANIYOR...,0,43,0,53,0,0,0
7.8923,22891,Rest,HAZIRLANIYOR...,0,0,0,79,0,0,0
7.8924,22892,Rest,HAZIRLANIYOR...,0,0,103,102,0,0,0
7.8924,22893,Rest,HAZIRLANIYOR...,0,0,329,122,0,0,0
7.8924,22894,Rest,HAZIRLANIYOR...,0,0,542,141,0,0,1
7.8924,22895,Rest,HAZIRLANIYOR...,0,0,737,160,0,0,3
7.8924,22896,Rest,HAZIRLANIYOR...,0,0,906,177,0,2,4
7.8924,22897,Rest,HAZIRLANIYOR...,0,0,1044,187,0,5,3
7.8924,22898,Rest,HAZIRLANIYOR...,0,0,1151,189,0,7,2
7.8926,22899,Rest,HAZIRLANIYOR...,0,0,1229,182,0,9,3
7.8926,22900,Rest,HAZIRLANIYOR...,0,0,1277,165,0,10,4
7.9072,22901,Rest,HAZIRLANIYOR...,0,0,1293,141,0,11,4
7.9073,22902,Rest,HAZIRLANIYOR...,0,0,1278,113,21,11,2
7.9074,22903,Rest,HAZIRLANIYOR...,0,0,1225,80,113,10,0
7.9074,22904,Rest,HAZIRLANIYOR...,0,0,1132,44,199,9,1
7.9074,22905,Rest,HAZIRLANIYOR...,0,0,1001,12,279,8,3
7.9074,22906,Rest,HAZIRLANIYOR...,0,0,836,0,351,8,5
7.9074,22907,Rest,HAZIRLANIYOR...,0,0,635,0,428,8,5
7.9075,22908,Rest,HAZIRLANIYOR...,0,0,397,0,530,8,3
7.9075,22909,Rest,HAZIRLANIYOR...,0,71,129,0,641,8,1
7.9075,22910,Rest,HAZIRLANIYOR...,0,176,0,0,729,8,0
7.9075,22911,Rest,HAZIRLANIYOR...,0,282,0,0,781,9,0
7.9075,22912,Rest,HAZIRLANIYOR...,0,378,0,0,799,13,2
7.9076,22913,Rest,HAZIRLANIYOR...,0,460,0,0,791,18,7
7.9076,22914,Rest,HAZIRLANIYOR...,0,527,0,0,773,13,10
7.9076,22915,Rest,HAZIRLANIYOR...,0,579,0,0,757,0,4
7.9076,22916,Rest,HAZIRLANIYOR...,0,613,0,0,719,0,0
7.9076,22917,Rest,HAZIRLANIYOR...,0,628,0,0,619,0,0
7.9076,22918,Rest,HAZIRLANIYOR...,0,626,0,0,450,0,1
7.9076,22919,Rest,HAZIRLANIYOR...,0,608,0,0,247,0,0
7.9076,22920,Rest,HAZIRLANIYOR...,0,565,0,0,49,0,0
7.9077,22921,Rest,HAZIRLANIYOR...,0,497,0,0,0,0,0
7.9077,22922,Rest,HAZIRLANIYOR...,0,410,0,0,0,0,0
7.9077,22923,Rest,HAZIRLANIYOR...,0,314,0,0,0,0,0
7.9077,22924,Rest,HAZIRLANIYOR...,0,215,0,7,0,0,0
7.9077,22925,Rest,HAZIRLANIYOR...,0,113,0,34,0,0,0
7.9078,22926,Rest,HAZIRLANIYOR...,0,9,0,60,0,0,0
7.9078,22927,Rest,HAZIRLANIYOR...,0,0,47,81,0,0,0
7.9226,22928,Rest,HAZIRLANIYOR...,0,0,269,99,0,0,4
7.9228,22929,Rest,HAZIRLANIYOR...,0,0,485,118,0,0,0
7.9228,22930,Rest,HAZIRLANIYOR...,0,0,686,140,0,0,0
7.9228,22931,Rest,HAZIRLANIYOR...,0,0,863,158,0,2,0
7.9228,22932,Rest,HAZIRLANIYOR...,0,0,1010,169,0,5,0
7.9228,22933,Rest,HAZIRLANIYOR...,0,0,1125,175,0,8,0
7.9228,22934,Rest,HAZIRLANIYOR...,0,0,1209,176,0,8,0
7.9228,22935,Rest,HAZIRLANIYOR...,0,0,1266,167,0,9,1
7.9228,22936,Rest,HAZIRLANIYOR...,0,0,1293,150,0,10,2
7.9228,22937,Rest,HAZIRLANIYOR...,0,0,1288,127,0,12,3
7.9229,22938,Rest,HAZIRLANIYOR...,0,0,1246,101,74,13,6
7.9229,22939,Rest,HAZIRLANIYOR...,0,0,1166,70,161,11,10
7.9229,22940,Rest,HAZIRLANIYOR...,0,0,1048,36,240,7,11
7.9229,22941,Rest,HAZIRLANIYOR...,0,0,893,7,318,5,9
7.9229,22942,Rest,HAZIRLANIYOR...,0,0,701,0,402,5,2
7.9229,22943,Rest,HAZIRLANIYOR...,0,0,474,0,505,6,0
7.9229,22944,Rest,HAZIRLANIYOR...,0,33,218,0,623,8,0
7.9230,22945,Rest,HAZIRLANIYOR...,0,149,0,0,734,9,0
7.9230,22946,Rest,HAZIRLANIYOR...,0,265,0,0,811,8,0
7.9230,22947,Rest,HAZIRLANIYOR...,0,377,0,0,847,5,0
7.9230,22948,Rest,HAZIRLANIYOR...,0,480,0,0,848,2,0
7.9230,22949,Rest,HAZIRLANIYOR...,0,568,0,0,834,1,0
7.9230,22950,Rest,HAZIRLANIYOR...,0,638,0,0,818,0,1
7.9230,22951,Rest,HAZIRLANIYOR...,0,691,0,0,785,0,1
7.9230,22952,Rest,HAZIRLANIYOR...,0,722,0,0,694,0,0
7.9231,22953,Rest,HAZIRLANIYOR...,0,730,0,0,531,0,0
7.9231,22954,Rest,HAZIRLANIYOR...,0,714,0,0,332,0,0
7.9382,22955,Rest,HAZIRLANIYOR...,0,672,0,0,137,0,0
7.9383,22956,Rest,HAZIRLANIYOR...,0,605,0,0,0,0,0
7.9384,22957,Rest,HAZIRLANIYOR...,0,519,0,0,0,0,0
7.9384,22958,Rest,HAZIRLANIYOR...,0,426,0,0,0,0,0
7.9384,22959,Rest,HAZIRLANIYOR...,0,327,0,0,0,0,0
7.9384,22960,Rest,HAZIRLANIYOR...,0,218,0,19,0,0,0
7.9385,22961,Rest,HAZIRLANIYOR...,0,101,0,43,0,0,2
7.9385,22962,Rest,HAZIRLANIYOR...,0,0,0,65,0,0,0
7.9385,22963,Rest,HAZIRLANIYOR...,0,0,162,89,0,0,0
7.9385,22964,Rest,HAZIRLANIYOR...,0,0,386,112,0,0,2
7.9386,22965,Rest,HAZIRLANIYOR...,0,0,594,135,0,2,5
7.9386,22966,Rest,HAZIRLANIYOR...,0,0,781,157,0,0,4
7.9386,22967,Rest,HAZIRLANIYOR...,0,0,943,175,0,0,0
7.9386,22968,Rest,HAZIRLANIYOR...,0,0,1075,184,0,0,0
7.9386,22969,Rest,HAZIRLANIYOR...,0,0,1177,186,0,6,0
7.9386,22970,Rest,HAZIRLANIYOR...,0,0,1250,180,0,8,1
7.9387,22971,Rest,HAZIRLANIYOR...,0,0,1292,166,0,8,2
7.9387,22972,Rest,HAZIRLANIYOR...,0,0,1301,145,0,9,4
7.9387,22973,Rest,HAZIRLANIYOR...,0,0,1274,119,29,11,7
7.9387,22974,Rest,HAZIRLANIYOR...,0,0,1212,91,118,16,12
7.9387,22975,Rest,HAZIRLANIYOR...,0,0,1115,62,200,17,13
7.9388,22976,Rest,HAZIRLANIYOR...,0,0,983,33,283,10,6
7.9388,22977,Rest,HAZIRLANIYOR...,0,0,813,3,370,1,0
7.9388,22978,Rest,HAZIRLANIYOR...,0,0,604,0,459,0,0
7.9388,22979,Rest,HAZIRLANIYOR...,0,0,356,0,558,3,2
7.9388,22980,Rest,HAZIRLANIYOR...,0,0,82,0,668,6,1
7.9390,22981,Rest,HAZIRLANIYOR...,0,81,0,0,765,5,0
7.9390,22982,Rest,HAZIRLANIYOR...,0,183,0,0,827,3,0
7.9539,22983,Rest,HAZIRLANIYOR...,0,282,0,0,848,2,2
7.9541,22984,Rest,HAZIRLANIYOR...,0,371,0,0,838,0,3
7.9542,22985,Rest,HAZIRLANIYOR...,0,444,0,0,817,0,2
7.9542,22986,Rest,HAZIRLANIYOR...,0,500,0,0,792,0,2
7.9542,22987,Rest,HAZIRLANIYOR...,0,540,0,0,732,0,3
7.9542,22988,Rest,HAZIRLANIYOR...,0,562,0,0,602,0,2
7.9543,22989,Rest,HAZIRLANIYOR...,0,562,0,0,416,0,1
7.9543,22990,Rest,HAZIRLANIYOR...,0,539,0,0,225,0,1
7.9543,22991,Rest,HAZIRLANIYOR...,0,493,0,0,51,0,0
7.9543,22992,Rest,HAZIRLANIYOR...,0,429,0,0,0,0,0
7.9544,22993,Rest,HAZIRLANIYOR...,0,352,0,0,0,0,0
7.9544,22994,Rest,HAZIRLANIYOR...,0,263,0,0,0,0,0
7.9544,22995,Rest,HAZIRLANIYOR...,0,165,0,0,0,0,0
7.9544,22996,Rest,HAZIRLANIYOR...,0,61,0,22,0,0,0
7.9545,22997,Rest,HAZIRLANIYOR...,0,0,0,47,0,0,0
7.9545,22998,Rest,HAZIRLANIYOR...,0,0,67,73,0,0,0
7.9545,22999,Rest,HAZIRLANIYOR...,0,0,292,99,0,0,0
7.9546,23000,Rest,HAZIRLANIYOR...,0,0,509,122,0,0,0
7.9546,23001,Rest,HAZIRLANIYOR...,0,0,706,142,0,1,0
7.9546,23002,Rest,HAZIRLANIYOR...,0,0,877,159,0,5,0
7.9546,23003,Rest,HAZIRLANIYOR...,0,0,1019,172,0,6,0
7.9547,23004,Rest,HAZIRLANIYOR...,0,0,1134,179,0,8,0
7.9547,23005,Rest,HAZIRLANIYOR...,0,0,1220,179,0,10,1
7.9547,23006,Rest,HAZIRLANIYOR...,0,0,1275,168,0,13,0
7.9548,23007,Rest,HAZIRLANIYOR...,0,0,1297,148,0,14,3
7.9548,23008,Rest,HAZIRLANIYOR...,0,0,1290,121,0,13,10
7.9550,23009,Rest,HAZIRLANIYOR...,0,0,1249,92,70,11,13
7.9550,23010,Rest,HAZIRLANIYOR...,0,0,1170,62,153,9,7
7.9696,23011,Rest,HAZIRLANIYOR...,0,0,1053,31,228,10,0
7.9697,23012,Rest,HAZIRLANIYOR...,0,0,901,2,303,13,0
7.9697,23013,Rest,HAZIRLANIYOR...,0,0,711,0,385,14,0
7.9698,23014,Rest,HAZIRLANIYOR...,0,0,480,0,485,8,0
7.9698,23015,Rest,HAZIRLANIYOR...,0,28,218,0,605,1,1
7.9698,23016,Rest,HAZIRLANIYOR...,0,137,0,0,717,0,2
7.9698,23017,Rest,HAZIRLANIYOR...,0,244,0,0,793,2,2
7.9699,23018,Rest,HAZIRLANIYOR...,0,345,0,0,828,2,0
7.9699,23019,Rest,HAZIRLANIYOR...,0,437,0,0,830,0,0
7.9699,23020,Rest,HAZIRLANIYOR...,0,516,0,0,811,0,0
7.9699,23021,Rest,HAZIRLANIYOR...,0,578,0,0,790,0,0
7.9699,23022,Rest,HAZIRLANIYOR...,0,620,0,0,756,0,1
7.9699,23023,Rest,HAZIRLANIYOR...,0,643,0,0,667,0,0
7.9700,23024,Rest,HAZIRLANIYOR...,0,649,0,0,508,0,0
7.9700,23025,Rest,HAZIRLANIYOR...,0,636,0,0,314,0,0
7.9700,23026,Rest,HAZIRLANIYOR...,0,599,0,0,126,0,0
7.9700,23027,Rest,HAZIRLANIYOR...,0,540,0,0,0,0,0
7.9700,23028,Rest,HAZIRLANIYOR...,0,463,0,0,0,0,0
7.9700,23029,Rest,HAZIRLANIYOR...,0,374,0,0,0,0,0
7.9700,23030,Rest,HAZIRLANIYOR...,0,278,0,0,0,0,0
7.9703,23031,Rest,HAZIRLANIYOR...,0,180,0,27,0,0,0
7.9703,23032,Rest,HAZIRLANIYOR...,0,79,0,53,0,0,0
7.9703,23033,Rest,HAZIRLANIYOR...,0,0,0,80,0,0,0
7.9703,23034,Rest,HAZIRLANIYOR...,0,0,172,106,0,0,0
7.9703,23035,Rest,HAZIRLANIYOR...,0,0,392,127,0,0,0
7.9703,23036,Rest,HAZIRLANIYOR...,0,0,600,147,0,0,0
7.9705,23037,Rest,HAZIRLANIYOR...,0,0,788,164,0,7,3
7.9706,23038,Rest,HAZIRLANIYOR...,0,0,949,177,0,11,0
7.9858,23039,Rest,HAZIRLANIYOR...,0,0,1078,184,0,4,0
7.9859,23040,Rest,HAZIRLANIYOR...,0,0,1177,184,0,0,0
7.9859,23041,Rest,HAZIRLANIYOR...,0,0,1245,177,0,0,1
7.9860,23042,Rest,HAZIRLANIYOR...,0,0,1286,160,0,7,4
7.9860,23043,Rest,HAZIRLANIYOR...,0,0,1298,134,0,12,5
7.9860,23044,Rest,HAZIRLANIYOR...,0,0,1275,107,36,11,3
7.9861,23045,Rest,HAZIRLANIYOR...,0,0,1213,80,122,10,2
7.9861,23046,Rest,HAZIRLANIYOR...,0,0,1116,49,197,9,3
7.9861,23047,Rest,HAZIRLANIYOR...,0,0,983,17,269,8,5
7.9861,23048,Rest,HAZIRLANIYOR...,0,0,813,0,344,7,4
7.9861,23049,Rest,HAZIRLANIYOR...,0,0,603,0,433,6,1
7.9861,23050,Rest,HAZIRLANIYOR...,0,2,358,0,543,6,0
7.9862,23051,Rest,HAZIRLANIYOR...,0,112,86,0,656,8,3
7.9862,23052,Rest,HAZIRLANIYOR...,0,221,0,0,743,13,6
7.9862,23053,Rest,HAZIRLANIYOR...,0,326,0,0,792,15,9
7.9862,23054,Rest,HAZIRLANIYOR...,0,424,0,0,808,5,10
7.9862,23055,Rest,HAZIRLANIYOR...,0,510,0,0,799,0,4
7.9862,23056,Rest,HAZIRLANIYOR...,0,579,0,0,782,0,0
7.9863,23057,Rest,HAZIRLANIYOR...,0,629,0,0,768,0,0
7.9863,23058,Rest,HAZIRLANIYOR...,0,660,0,0,722,0,0
7.9863,23059,Rest,HAZIRLANIYOR...,0,671,0,0,600,0,0
7.9863,23060,Rest,HAZIRLANIYOR...,0,661,0,0,414,0,0
7.9863,23061,Rest,HAZIRLANIYOR...,0,631,0,0,219,0,0
7.9863,23062,Rest,HAZIRLANIYOR...,0,580,0,0,42,0,0
7.9864,23063,Rest,HAZIRLANIYOR...,0,510,0,0,0,0,0
7.9864,23064,Rest,HAZIRLANIYOR...,0,424,0,0,0,0,0
7.9864,23065,Rest,HAZIRLANIYOR...,0,325,0,0,0,0,0
7.9866,23066,Rest,HAZIRLANIYOR...,0,217,0,13,0,0,0
8.0015,23067,Rest,HAZIRLANIYOR...,0,105,0,39,0,0,5
8.0016,23068,Rest,HAZIRLANIYOR...,0,0,0,64,0,0,7
8.0016,23069,Rest,HAZIRLANIYOR...,0,0,46,88,0,0,3
8.0017,23070,Rest,HAZIRLANIYOR...,0,0,269,111,0,0,0
8.0017,23071,Rest,HAZIRLANIYOR...,0,0,483,133,0,2,0
8.0017,23072,Rest,HAZIRLANIYOR...,0,0,681,153,0,11,0
8.0017,23073,Rest,HAZIRLANIYOR...,0,0,854,169,0,9,0
8.0017,23074,Rest,HAZIRLANIYOR...,0,0,998,178,0,4,0
8.0018,23075,Rest,HAZIRLANIYOR...,0,0,1110,183,0,4,0
8.0018,23076,Rest,HAZIRLANIYOR...,0,0,1191,181,0,9,0
8.0018,23077,Rest,HAZIRLANIYOR...,0,0,1244,170,0,11,0
8.0018,23078,Rest,HAZIRLANIYOR...,0,0,1272,149,0,11,1
8.0018,23079,Rest,HAZIRLANIYOR...,0,0,1269,123,0,11,2
8.0019,23080,Rest,HAZIRLANIYOR...,0,0,1226,94,89,12,2
8.0019,23081,Rest,HAZIRLANIYOR...,0,0,1146,60,169,13,1
8.0019,23082,Rest,HAZIRLANIYOR...,0,0,1032,26,242,16,0
8.0019,23083,Rest,HAZIRLANIYOR...,0,0,880,0,312,17,0
8.0019,23084,Rest,HAZIRLANIYOR...,0,0,691,0,387,11,0
8.0019,23085,Rest,HAZIRLANIYOR...,0,0,469,0,475,3,1
8.0020,23086,Rest,HAZIRLANIYOR...,0,0,218,0,572,1,11
8.0020,23087,Rest,HAZIRLANIYOR...,0,55,0,0,660,3,16
8.0020,23088,Rest,HAZIRLANIYOR...,0,164,0,0,723,4,8
8.0020,23089,Rest,HAZIRLANIYOR...,0,267,0,0,754,1,0
8.0020,23090,Rest,HAZIRLANIYOR...,0,361,0,0,752,0,0
8.0020,23091,Rest,HAZIRLANIYOR...,0,441,0,0,723,0,0
8.0021,23092,Rest,HAZIRLANIYOR...,0,503,0,0,680,0,0
8.0022,23093,Rest,HAZIRLANIYOR...,0,545,0,0,635,1,0
8.0022,23094,Rest,HAZIRLANIYOR...,0,568,0,0,587,0,0
